trajectory_id,timestamp,x,y,label
0,0,25.337053741172856,94.74857052369846,linear
0,1,26.088318605054518,94.91384932036708,linear
0,2,26.839583468936183,95.0791281170357,linear
0,3,27.590848332817846,95.24440691370432,linear
0,4,28.342113196699508,95.40968571037294,linear
0,5,29.093378060581173,95.57496450704156,linear
0,6,29.844642924462836,95.74024330371017,linear
0,7,30.595907788344498,95.9055221003788,linear
0,8,31.347172652226163,96.07080089704742,linear
0,9,32.09843751610782,96.23607969371604,linear
0,10,32.84970237998949,96.40135849038465,linear
0,11,33.60096724387115,96.56663728705327,linear
0,12,34.35223210775282,96.7319160837219,linear
0,13,35.10349697163448,96.89719488039051,linear
1,0,31.779434632515095,49.11871092456855,circular
1,1,30.51741520989982,54.647979290235085,circular
1,2,26.981315366355446,59.08210824405502,circular
1,3,21.871503043314533,61.54286416570146,circular
1,4,16.2000392390909,61.54286416570146,circular
1,5,11.090226916049986,59.08210824405502,circular
1,6,7.554127072505613,54.647979290235085,circular
1,7,6.292107649890337,49.11871092456855,circular
1,8,7.5541270725056116,43.58944255890202,circular
1,9,11.090226916049982,39.155313605082085,circular
1,10,16.200039239090895,36.69455768343565,circular
1,11,21.87150304331453,36.69455768343565,circular
1,12,26.981315366355446,39.155313605082085,circular
1,13,30.517415209899816,43.58944255890202,circular
1,14,31.779434632515095,49.11871092456855,circular
2,0,63.95939562137717,13.880732654239402,sinuous
2,1,62.076161112751066,10.22501659691914,sinuous
2,2,60.52528092705475,7.663225496141516,sinuous
2,3,59.54517802055882,6.980114668996796,sinuous
2,4,59.212959891318455,8.429478968265993,sinuous
2,5,59.42262613607182,11.66242422127973,sinuous
2,6,59.91502672686804,15.825973157981307,sinuous
2,7,60.35110407417802,19.804137409026062,sinuous
2,8,60.4077188987528,22.53332279909673,sinuous
2,9,59.86897720415561,23.302926774304453,sinuous
2,10,58.68724713960889,21.95617186344751,sinuous
2,11,56.99662091257179,18.934414781625577,sinuous
2,12,55.0750170890986,15.15240835231115,sinuous
2,13,53.26563408811157,11.739770244368867,sinuous
2,14,51.87995401104739,9.721725709193832,sinuous
2,15,51.10971026959884,9.729354138818229,sinuous
2,16,50.972699088222825,11.821230772745526,sinuous
2,17,51.30774986086722,15.466871919151599,sinuous
3,0,34.45327498036114,23.216026498723775,linear
3,1,34.35151688344241,22.669869685143535,linear
3,2,34.24975878652368,22.123712871563296,linear
3,3,34.14800068960495,21.577556057983056,linear
3,4,34.04624259268622,21.031399244402817,linear
3,5,33.94448449576749,20.485242430822577,linear
3,6,33.84272639884876,19.939085617242338,linear
3,7,33.74096830193003,19.392928803662098,linear
3,8,33.6392102050113,18.84677199008186,linear
3,9,33.53745210809257,18.30061517650162,linear
3,10,33.435694011173844,17.75445836292138,linear
3,11,33.333935914255115,17.20830154934114,linear
3,12,33.232177817336385,16.6621447357609,linear
3,13,33.13041972041765,16.11598792218066,linear
3,14,33.02866162349892,15.569831108600422,linear
3,15,32.92690352658019,15.023674295020182,linear
3,16,32.82514542966146,14.477517481439943,linear
3,17,32.72338733274273,13.931360667859703,linear
3,18,32.621629235824,13.385203854279464,linear
4,0,37.06138964498679,12.312066904533935,circular
4,1,36.27589658574648,15.243566910611474,circular
4,2,34.129889638909255,17.389573857448703,circular
4,3,31.198389632831713,18.175066916689012,circular
4,4,28.266889626754175,17.389573857448706,circular
4,5,26.120882679916946,15.243566910611476,circular
4,6,25.335389620676636,12.312066904533935,circular
4,7,26.120882679916942,9.380566898456399,circular
4,8,28.26688962675417,7.2345599516191665,circular
4,9,31.198389632831713,6.449066892378858,circular
4,10,34.12988963890925,7.234559951619164,circular
4,11,36.27589658574648,9.380566898456394,circular
4,12,37.06138964498679,12.312066904533934,circular
5,0,3.7533134629336606,2.176917738431472,sinuous
5,1,6.762660571737862,5.867376162741564,sinuous
5,2,4.218588781616512,-4.088109277282571,sinuous
5,3,8.539155750696015,2.8242981720828313,sinuous
5,4,9.927690376505058,2.532071954713312,sinuous
5,5,8.075901864385585,-5.722324674657869,sinuous
5,6,13.161542768907537,3.070033876025113,sinuous
5,7,12.912078281752443,-1.247108226883392,sinuous
5,8,12.31996354421213,-6.406215642864433,sinuous
5,9,17.486507730408068,2.5849396599197165,sinuous
6,0,47.546637097309905,3.4262091733567757,linear
6,1,47.74012936726142,3.9817103009116046,linear
6,2,47.93362163721293,4.537211428466433,linear
6,3,48.12711390716444,5.092712556021262,linear
6,4,48.32060617711595,5.64821368357609,linear
6,5,48.51409844706746,6.2037148111309195,linear
6,6,48.707590717018974,6.759215938685748,linear
6,7,48.901082986970486,7.314717066240577,linear
6,8,49.094575256922,7.870218193795406,linear
6,9,49.28806752687351,8.425719321350234,linear
6,10,49.48155979682502,8.981220448905063,linear
6,11,49.67505206677653,9.536721576459891,linear
6,12,49.86854433672804,10.09222270401472,linear
6,13,50.062036606679555,10.64772383156955,linear
6,14,50.25552887663107,11.203224959124379,linear
6,15,50.44902114658258,11.758726086679207,linear
6,16,50.642513416534086,12.314227214234036,linear
6,17,50.8360056864856,12.869728341788864,linear
7,0,43.783354648817166,82.37933977055516,circular
7,1,40.83256106596508,90.48657850891287,circular
7,2,33.36088942924304,94.80035013967084,circular
7,3,24.864417935853915,93.302192974566,circular
7,4,19.318740025316878,86.69311140131313,circular
7,5,19.318740025316878,78.0655681397972,circular
7,6,24.864417935853908,71.45648656654434,circular
7,7,33.36088942924303,69.95832940143949,circular
7,8,40.83256106596508,74.27210103219745,circular
7,9,43.783354648817166,82.37933977055516,circular
8,0,82.940578574932,2.6103076770044753,sinuous
8,1,86.49420812578167,6.384676819996539,sinuous
8,2,84.65467158068279,2.3296789245165543,sinuous
8,3,82.0349649295533,-2.857907510586914,sinuous
8,4,84.69556573373063,-0.3799660520410568,sinuous
8,5,88.90018072995245,4.339451676113377,sinuous
8,6,88.04784384614355,1.717591264439215,sinuous
8,7,84.9199590822402,-4.207727496174033,sinuous
8,8,86.51984767886589,-3.2696431544613462,sinuous
8,9,91.07919920258291,1.9647526823404946,sinuous
8,10,91.3388903636919,0.9572456144799251,sinuous
8,11,88.01713395616264,-5.249520486952155,sinuous
8,12,88.47694922647672,-5.9665033847169875,sinuous
8,13,93.06525050711207,-0.6900806070504188,sinuous
8,14,94.46920283791125,-0.03644085947990039,sinuous
8,15,91.2840243694778,-6.044934036341291,sinuous
8,16,90.61933570051703,-8.394381783168416,sinuous
9,0,52.06456314519527,17.12088683312587,linear
9,1,52.73119578864719,17.127622048694082,linear
9,2,53.39782843209911,17.134357264262295,linear
9,3,54.06446107555103,17.141092479830508,linear
9,4,54.73109371900295,17.14782769539872,linear
9,5,55.39772636245487,17.15456291096693,linear
9,6,56.06435900590679,17.161298126535144,linear
9,7,56.73099164935871,17.168033342103357,linear
9,8,57.397624292810626,17.17476855767157,linear
9,9,58.06425693626255,17.181503773239783,linear
9,10,58.73088957971447,17.188238988807996,linear
9,11,59.39752222316639,17.19497420437621,linear
9,12,60.06415486661831,17.20170941994442,linear
9,13,60.73078751007023,17.208444635512635,linear
9,14,61.39742015352215,17.215179851080844,linear
9,15,62.06405279697407,17.221915066649057,linear
10,0,91.11962361831803,21.981078337153882,circular
10,1,88.91355982460357,29.49424164758286,circular
10,2,82.99577811066257,34.622028692425864,circular
10,3,75.24513235762382,35.736403316157165,circular
10,4,68.12239782863111,32.483559449536905,circular
10,5,63.88899240980235,25.896252036720544,circular
10,6,63.88899240980235,18.065904637587224,circular
10,7,68.1223978286311,11.478597224770859,circular
10,8,75.24513235762382,8.225753358150598,circular
10,9,82.99577811066257,9.340127981881894,circular
10,10,88.91355982460357,14.467915026724903,circular
10,11,91.11962361831803,21.98107833715388,circular
11,0,39.046465060032446,53.064851019223944,sinuous
11,1,37.92017783026433,60.450369790039296,sinuous
11,2,38.44620336459703,61.54001334709291,sinuous
11,3,40.829242234082656,55.55380269395608,sinuous
11,4,43.647042047218164,47.91100455417198,sinuous
11,5,45.096450829344775,45.482242983034205,sinuous
11,6,44.57318136336369,50.57005839225214,sinuous
11,7,43.20123489363864,58.891622658496445,sinuous
11,8,42.8481493636815,63.330979223921176,sinuous
11,9,44.488825710576485,60.17342299212053,sinuous
11,10,47.35140477509064,52.36000063095963,sinuous
11,11,49.59350291184296,46.9108222425998,sinuous
11,12,49.91634769488826,48.77465376438782,sinuous
11,13,48.70264893139108,56.493240293655795,sinuous
11,14,47.68130174006969,63.478901724297714,sinuous
11,15,48.412679584854246,63.78608293550964,sinuous
11,16,50.921571270126805,57.320330127455016,sinuous
12,0,23.577411053289808,18.720948299453333,linear
12,1,23.326695503147363,18.148439161607683,linear
12,2,23.075979953004918,17.57593002376203,linear
12,3,22.825264402862473,17.00342088591638,linear
12,4,22.574548852720028,16.430911748070727,linear
12,5,22.32383330257758,15.858402610225077,linear
12,6,22.073117752435135,15.285893472379426,linear
12,7,21.82240220229269,14.713384334533774,linear
12,8,21.571686652150245,14.140875196688123,linear
12,9,21.3209711020078,13.568366058842471,linear
12,10,21.070255551865355,12.99585692099682,linear
12,11,20.819540001722906,12.423347783151168,linear
12,12,20.56882445158046,11.850838645305519,linear
12,13,20.318108901438016,11.278329507459866,linear
12,14,20.06739335129557,10.705820369614216,linear
12,15,19.816677801153126,10.133311231768564,linear
12,16,19.56596225101068,9.560802093922913,linear
13,0,8.332845592767981,82.50579451732011,circular
13,1,6.702054072870839,86.9863573940756,circular
13,2,2.5727449895681795,89.37041510488756,circular
13,3,-2.1229320449041245,88.54244055101697,circular
13,4,-5.187817559479287,84.88985222813207,circular
13,5,-5.187817559479289,80.12173680650815,circular
13,6,-2.122932044904129,76.46914848362326,circular
13,7,2.572744989568176,75.64117392975267,circular
13,8,6.702054072870837,78.02523164056463,circular
13,9,8.332845592767981,82.50579451732011,circular
14,0,58.59706595531158,16.583750922705175,sinuous
14,1,65.60726424672835,10.91702401143414,sinuous
14,2,67.06374408780613,8.889494386933215,sinuous
14,3,61.52410925590188,11.446324189996455,sinuous
14,4,52.72506686602657,16.138953142316566,sinuous
14,5,46.81620737649223,18.937725597725475,sinuous
14,6,47.80756856455024,17.21497529454437,sinuous
14,7,54.60107354491244,11.690241485138788,sinuous
14,8,61.80341819762011,5.897606405687226,sinuous
14,9,63.71864142658076,3.569474993854934,sinuous
14,10,58.56474717090311,5.873539722319318,sinuous
14,11,49.79288543294548,10.548357949159572,sinuous
14,12,43.53252530199627,13.57745900188094,sinuous
14,13,44.05391443325093,12.162668320576614,sinuous
14,14,50.60688817010364,6.795547947392269,sinuous
15,0,85.59172394718621,84.83987092567895,linear
15,1,85.35936631334408,84.03958699204057,linear
15,2,85.12700867950196,83.23930305840217,linear
15,3,84.89465104565983,82.43901912476379,linear
15,4,84.6622934118177,81.63873519112539,linear
15,5,84.42993577797559,80.83845125748701,linear
15,6,84.19757814413346,80.03816732384863,linear
15,7,83.96522051029133,79.23788339021023,linear
15,8,83.7328628764492,78.43759945657185,linear
15,9,83.50050524260708,77.63731552293345,linear
15,10,83.26814760876495,76.83703158929507,linear
15,11,83.03578997492282,76.03674765565667,linear
15,12,82.8034323410807,75.23646372201829,linear
16,0,99.845165573012,40.14835301724099,circular
16,1,98.6897829693712,44.835924507143574,circular
16,2,95.48831938907307,48.44962986006986,circular
16,3,90.97419155654536,50.161612729534966,circular
16,4,86.18153175708241,49.57967847177458,circular
16,5,82.2082805929294,46.83714121217354,circular
16,6,79.96466202292649,42.56228318574957,circular
16,7,79.96466202292649,37.73442284873242,circular
16,8,82.20828059292938,33.45956482230845,circular
16,9,86.18153175708241,30.717027562707408,circular
16,10,90.97419155654535,30.135093304947013,circular
16,11,95.48831938907307,31.847076174412116,circular
16,12,98.68978296937118,35.460781527338405,circular
16,13,99.845165573012,40.14835301724099,circular
17,0,84.92498298637021,19.62402973611692,sinuous
17,1,92.14404900377643,12.945740021181646,sinuous
17,2,78.53587550309204,21.085167723864693,sinuous
17,3,77.85277565251437,20.028941399386298,sinuous
17,4,89.97580773562677,9.861683147641031,sinuous
17,5,81.22647203624607,14.544249202613974,sinuous
17,6,72.62408397987622,19.122268102049155,sinuous
17,7,84.80287019439774,8.915343097378344,sinuous
17,8,83.93822251991945,7.9882805226136995,sinuous
17,9,70.38696075470158,16.08721788507876,sinuous
17,10,77.75225602333724,9.304892120573603,sinuous
18,0,73.31812754233678,0.015051624950901399,linear
18,1,72.7177586789431,0.5929804028395127,linear
18,2,72.11738981554942,1.170909180728124,linear
18,3,71.51702095215573,1.7488379586167353,linear
18,4,70.91665208876206,2.3267667365053466,linear
18,5,70.31628322536838,2.904695514393958,linear
18,6,69.7159143619747,3.482624292282569,linear
18,7,69.11554549858101,4.0605530701711805,linear
18,8,68.51517663518733,4.638481848059792,linear
18,9,67.91480777179365,5.216410625948403,linear
18,10,67.31443890839996,5.794339403837014,linear
18,11,66.71407004500628,6.372268181725626,linear
18,12,66.11370118161261,6.950196959614237,linear
19,0,12.494413160210392,19.335118644442396,circular
19,1,9.888770461159265,26.49406312325217,circular
19,2,3.2910515413848267,30.30325791762143,circular
19,3,-4.2115975910723495,28.980338448780273,circular
19,4,-9.1086040244784,23.144313438811658,circular
19,5,-9.1086040244784,15.525923850073138,circular
19,6,-4.2115975910723575,9.689898840104522,circular
19,7,3.291051541384822,8.366979371263362,circular
19,8,9.888770461159261,12.176174165632617,circular
19,9,12.494413160210392,19.335118644442392,circular
20,0,94.38116789914336,80.70348955396199,sinuous
20,1,96.51235176902534,86.69128491889475,sinuous
20,2,98.17278806217384,90.46770400489287,sinuous
20,3,99.06066169375613,90.61494510205688,sinuous
20,4,99.1513994427712,87.01757344087459,sinuous
20,5,98.70648829900021,80.9039461176577,sinuous
20,6,98.1796382326805,74.40540382386774,sinuous
20,7,98.05396381866973,69.79141785080922,sinuous
20,8,98.66861372316438,68.65516754241733,sinuous
20,9,100.09706380145104,71.34181190000346,sinuous
20,10,102.12074954990051,76.8246258109362,sinuous
20,11,104.30750017140772,83.07345065857844,sinuous
20,12,106.16662740280162,87.78323711467335,sinuous
20,13,107.32501392218052,89.2012352221453,sinuous
20,14,107.66101024413892,86.75598630618389,sinuous
20,15,107.3480898583677,81.26239665433353,sinuous
21,0,73.81808431193019,78.9312040741167,linear
21,1,73.2015013670104,78.1439141198851,linear
21,2,72.58491842209058,77.35662416565347,linear
21,3,71.96833547717078,76.56933421142186,linear
21,4,71.35175253225097,75.78204425719024,linear
21,5,70.73516958733117,74.99475430295863,linear
21,6,70.11858664241137,74.207464348727,linear
21,7,69.50200369749156,73.42017439449539,linear
21,8,68.88542075257176,72.63288444026377,linear
21,9,68.26883780765195,71.84559448603216,linear
21,10,67.65225486273215,71.05830453180054,linear
22,0,46.24118101755173,46.88062122949675,circular
22,1,45.82806316693592,49.090606534383134,circular
22,2,44.64450346997917,51.0021210778933,circular
22,3,42.850348222086176,52.35700422885846,circular
22,4,40.68790803124232,52.972271510074044,circular
22,5,38.44923242771581,52.7648276658982,circular
22,6,36.43666695669266,51.762689136972895,circular
22,7,34.92201973704479,50.10120028467078,circular
22,8,34.10985226873563,48.00475438512281,circular
22,9,34.10985226873563,45.756488073870685,circular
22,10,34.92201973704479,43.66004217432271,circular
22,11,36.43666695669266,41.9985533220206,circular
22,12,38.44923242771581,40.99641479309529,circular
22,13,40.68790803124232,40.78897094891945,circular
22,14,42.85034822208618,41.404238230135036,circular
22,15,44.64450346997917,42.759121381100194,circular
22,16,45.82806316693592,44.67063592461036,circular
22,17,46.24118101755173,46.88062122949675,circular
23,0,93.58170389688668,43.18015347503796,sinuous
23,1,102.28603211474443,42.7897967177352,sinuous
23,2,103.5834142532592,42.137166633259405,sinuous
23,3,96.38778328216236,41.18380656072628,sinuous
23,4,86.86077021745203,40.147894336192365,sinuous
23,5,83.1535418531721,39.31805547583069,sinuous
23,6,88.45082472728501,38.80705829418011,sinuous
23,7,98.25314924290561,38.455580602440016,sinuous
23,8,104.2165702227974,37.96817077453657,sinuous
23,9,101.27315458303157,37.16537783869621,sinuous
23,10,91.95581260746522,36.1368898796521,sinuous
23,11,84.23678369140458,35.164996754631396,sinuous
23,12,84.72435190721023,34.48369188440385,sinuous
23,13,93.02352260489943,34.07898886216199,sinuous
23,14,102.07309971510297,33.70085705893996,sinuous
23,15,104.17151148320391,33.076590716263446,sinuous
23,16,97.54911476684879,32.14352835531486,sinuous
23,17,87.87835862334515,31.10252631709398,sinuous
23,18,83.43307613935752,30.24655362133834,sinuous
24,0,79.77924596494674,51.537907185072115,linear
24,1,79.36410942050593,51.16871397714653,linear
24,2,78.94897287606511,50.79952076922094,linear
24,3,78.53383633162431,50.43032756129536,linear
24,4,78.1186997871835,50.061134353369766,linear
24,5,77.70356324274269,49.69194114544418,linear
24,6,77.28842669830188,49.32274793751859,linear
24,7,76.87329015386108,48.95355472959301,linear
24,8,76.45815360942026,48.58436152166742,linear
24,9,76.04301706497945,48.215168313741835,linear
24,10,75.62788052053864,47.845975105816244,linear
24,11,75.21274397609783,47.47678189789066,linear
24,12,74.79760743165703,47.10758868996507,linear
24,13,74.38247088721621,46.738395482039486,linear
24,14,73.9673343427754,46.369202274113896,linear
24,15,73.55219779833459,46.00000906618831,linear
24,16,73.13706125389379,45.63081585826272,linear
24,17,72.72192470945298,45.26162265033714,linear
24,18,72.30678816501216,44.892429442411554,linear
25,0,34.85055949899929,33.68630795402056,circular
25,1,33.137245946892435,40.63749428382321,circular
25,2,28.389804777692955,45.99624759634451,circular
25,3,21.695817550396203,48.534942087664035,circular
25,4,14.588796067484617,47.6719934444057,circular
25,5,8.696873301799625,43.60509280108147,circular
25,6,5.369817753593001,37.26591808361108,circular
25,7,5.369817753592997,30.10669782443005,circular
25,8,8.696873301799618,23.767523106959665,circular
25,9,14.588796067484612,19.700622463635426,circular
25,10,21.69581755039619,18.83767382037709,circular
25,11,28.38980477769295,21.376368311696613,circular
25,12,33.137245946892435,26.735121624217907,circular
25,13,34.85055949899929,33.686307954020556,circular
26,0,84.33389683903313,42.9047585161282,sinuous
26,1,77.30460720216885,45.593665861439206,sinuous
26,2,83.52711345743197,44.845012101858714,sinuous
26,3,91.99648333702844,43.513514245834486,sinuous
26,4,87.59501671954459,45.520755326776964,sinuous
26,5,78.76441514066192,48.676929140728475,sinuous
26,6,82.0536829965052,48.68916743799063,sinuous
26,7,91.82702945959183,47.019413603562896,sinuous
26,8,90.57989259973135,48.208410774391304,sinuous
26,9,80.9801361965562,51.56410597617209,sinuous
26,10,80.98466283883076,52.42841736053227,sinuous
26,11,90.97023089178684,50.70361252102628,sinuous
26,12,93.04381776246545,51.03120261698623,sinuous
26,13,83.79487389833021,54.29589584823196,sinuous
26,14,80.538157648689,56.00618477481445,sinuous
26,15,89.61996410697459,54.51581877901112,sinuous
27,0,85.74892090510178,91.20227431306252,linear
27,1,85.22742004318188,91.39379148285529,linear
27,2,84.70591918126196,91.58530865264805,linear
27,3,84.18441831934206,91.77682582244083,linear
27,4,83.66291745742214,91.96834299223359,linear
27,5,83.14141659550224,92.15986016202636,linear
27,6,82.61991573358232,92.35137733181914,linear
27,7,82.09841487166241,92.5428945016119,linear
27,8,81.5769140097425,92.73441167140467,linear
27,9,81.05541314782259,92.92592884119743,linear
27,10,80.53391228590267,93.11744601099021,linear
27,11,80.01241142398277,93.30896318078297,linear
27,12,79.49091056206285,93.50048035057574,linear
27,13,78.96940970014295,93.69199752036852,linear
27,14,78.44790883822303,93.88351469016128,linear
27,15,77.92640797630312,94.07503185995405,linear
27,16,77.4049071143832,94.26654902974681,linear
27,17,76.8834062524633,94.45806619953959,linear
27,18,76.3619053905434,94.64958336933236,linear
28,0,104.6220344160744,25.028919810400176,circular
28,1,103.9038613330311,28.639419712965545,circular
28,2,101.85867742553933,31.700253734628454,circular
28,3,98.79784340387641,33.74543764212022,circular
28,4,95.18734350131105,34.46361072516353,circular
28,5,91.57684359874568,33.74543764212022,circular
28,6,88.51600957708277,31.700253734628454,circular
28,7,86.470825669591,28.639419712965545,circular
28,8,85.7526525865477,25.028919810400176,circular
28,9,86.470825669591,21.41841990783481,circular
28,10,88.51600957708277,18.3575858861719,circular
28,11,91.57684359874567,16.31240197868013,circular
28,12,95.18734350131105,15.594228895636824,circular
28,13,98.79784340387641,16.31240197868013,circular
28,14,101.85867742553933,18.357585886171897,circular
28,15,103.9038613330311,21.418419907834803,circular
28,16,104.6220344160744,25.028919810400172,circular
29,0,10.20570405168575,14.30780428727596,sinuous
29,1,1.0885712507722172,12.784617127307481,sinuous
29,2,5.695225332359122,15.064134620017994,sinuous
29,3,16.48948488868496,19.058166942285865,sinuous
29,4,16.349745967038793,20.02251312613174,sinuous
29,5,5.0926202047425315,17.90635835010919,sinuous
29,6,-0.24297224455108868,17.430992845527594,sinuous
29,7,8.208647338648374,20.775906378526102,sinuous
29,8,16.954935403877535,24.202469183493484,sinuous
29,9,12.046867792388504,23.845565930167652,sinuous
29,10,0.6878304780291202,21.701172626651914,sinuous
29,11,0.07461814163791658,22.534324733193472,sinuous
29,12,10.757315613464115,26.497444475615737,sinuous
29,13,15.787143424240345,28.894218577063867,sinuous
30,0,42.536597087884964,7.226710004263914,linear
30,1,42.139667773362596,6.8380081975001135,linear
30,2,41.74273845884022,6.449306390736312,linear
30,3,41.345809144317855,6.060604583972511,linear
30,4,40.94887982979548,5.671902777208709,linear
30,5,40.55195051527311,5.283200970444909,linear
30,6,40.155021200750745,4.8944991636811075,linear
30,7,39.75809188622837,4.505797356917306,linear
30,8,39.361162571706004,4.117095550153505,linear
30,9,38.964233257183636,3.728393743389704,linear
30,10,38.56730394266126,3.3396919366259032,linear
30,11,38.170374628138894,2.9509901298621015,linear
30,12,37.77344531361652,2.5622883230983007,linear
30,13,37.37651599909415,2.1735865163345,linear
30,14,36.979586684571785,1.7848847095706981,linear
30,15,36.58265737004941,1.3961829028068973,linear
30,16,36.18572805552704,1.0074810960430955,linear
30,17,35.78879874100467,0.6187792892792947,linear
30,18,35.3918694264823,0.23007748251549387,linear
31,0,58.216521750206454,55.50248999118433,circular
31,1,57.732452643965836,57.779856083472275,circular
31,2,56.36394527134275,59.663444889182195,circular
31,3,54.34762698956292,60.827566791939745,circular
31,4,52.0321375472226,61.070934539042675,circular
31,5,49.817846104463634,60.351467636090305,circular
31,6,48.08762376794529,58.79356844675473,circular
31,7,47.14064169822805,56.666611893941884,circular
31,8,47.14064169822805,54.33836808842678,circular
31,9,48.08762376794529,52.21141153561394,circular
31,10,49.817846104463634,50.65351234627836,circular
31,11,52.03213754722259,49.934045443326,circular
31,12,54.34762698956292,50.17741319042892,circular
31,13,56.36394527134275,51.34153509318647,circular
31,14,57.732452643965836,53.225123898896385,circular
31,15,58.216521750206454,55.50248999118433,circular
32,0,45.42258745171582,90.62549474061514,sinuous
32,1,48.3832796065774,95.66075490745763,sinuous
32,2,50.79779530016203,99.4453226576195,sinuous
32,3,52.24848924204862,101.02282979396024,sinuous
32,4,52.54453136917405,99.95629352855502,sinuous
32,5,51.766814697377434,96.43095121351504,sinuous
32,6,50.24891884733541,91.21066861662537,sinuous
32,7,48.49860907965605,85.45818013953271,sinuous
32,8,47.078344394196606,80.46146367160006,sinuous
32,9,46.472914605376054,77.33064201665573,sinuous
32,10,46.975355230706555,76.73673878255292,sinuous
32,11,48.61798772991298,78.7537670537798,sinuous
32,12,51.164813327521884,82.84131196489075,sinuous
32,13,54.1670503731887,87.97170600066717,sinuous
32,14,57.068745687237055,92.87186898437456,sinuous
32,15,59.33760647706515,96.32290078691479,sinuous
32,16,60.59026427787149,97.4469238985162,sinuous
32,17,60.68249267740814,95.91367348194689,sinuous
32,18,59.74314797609489,92.01821827268425,sinuous
33,0,40.908529318347,30.516299850558916,linear
33,1,41.28606747930925,29.909942679701757,linear
33,2,41.6636056402715,29.303585508844602,linear
33,3,42.04114380123375,28.697228337987443,linear
33,4,42.418681962196,28.090871167130288,linear
33,5,42.79622012315825,27.48451399627313,linear
33,6,43.173758284120495,26.878156825415974,linear
33,7,43.55129644508275,26.271799654558816,linear
33,8,43.928834606045,25.66544248370166,linear
33,9,44.30637276700725,25.059085312844502,linear
33,10,44.6839109279695,24.452728141987347,linear
33,11,45.061449088931745,23.846370971130188,linear
33,12,45.438987249894,23.240013800273033,linear
33,13,45.816525410856244,22.633656629415874,linear
33,14,46.194063571818496,22.027299458558716,linear
34,0,32.50662440928244,36.717098197450284,circular
34,1,31.236271600011158,42.693638273608464,circular
34,2,27.6448687137133,47.63678027543683,circular
34,3,22.353401936300706,50.69181004378395,circular
34,4,16.276813945054556,51.330485177628475,circular
34,5,10.465802007730147,49.44237294414724,circular
34,6,5.925142879677011,45.35394510147029,circular
34,7,3.4399577747287147,39.77212796579741,circular
34,8,3.4399577747287147,33.662068429103165,circular
34,9,5.92514287967701,28.08025129343028,circular
34,10,10.465802007730137,23.991823450753337,circular
34,11,16.276813945054542,22.103711217272096,circular
34,12,22.353401936300703,22.742386351116615,circular
34,13,27.644868713713294,25.797416119463733,circular
34,14,31.236271600011154,30.74055812129209,circular
34,15,32.50662440928244,36.71709819745028,circular
35,0,59.53770579454641,19.28012500697284,sinuous
35,1,59.22232671848753,27.596353636013475,sinuous
35,2,59.5715771280849,30.701006315577086,sinuous
35,3,60.828842863913216,26.68561551517181,sinuous
35,4,62.66200763480874,18.15441308549501,sinuous
35,5,64.37394906130406,10.573762323816306,sinuous
35,6,65.34437638901939,8.807564767722065,sinuous
35,7,65.42297214732268,14.034508591058154,sinuous
35,8,65.02466369628172,23.001013419829764,sinuous
35,9,64.86664134371867,30.083356803996537,sinuous
35,10,65.5138015342285,30.852002004469128,sinuous
35,11,67.02071422716891,24.87904822254667,sinuous
35,12,68.89703633514308,16.009435077100207,sinuous
35,13,70.4182922625303,9.924011329138128,sinuous
35,14,71.08504814806496,10.539000311960645,sinuous
35,15,70.93945415604853,17.523888879099086,sinuous
35,16,70.53852960854078,26.510907371080272,sinuous
35,17,70.6011229011185,31.863331732532025,sinuous
36,0,85.84284051021811,5.802604232958064,linear
36,1,85.387611076677,5.430063061966841,linear
36,2,84.93238164313588,5.057521890975617,linear
36,3,84.47715220959478,4.684980719984394,linear
36,4,84.02192277605366,4.31243954899317,linear
36,5,83.56669334251255,3.9398983780019474,linear
36,6,83.11146390897143,3.567357207010724,linear
36,7,82.65623447543032,3.1948160360195,linear
36,8,82.2010050418892,2.822274865028277,linear
36,9,81.7457756083481,2.4497336940370538,linear
36,10,81.29054617480698,2.0771925230458304,linear
36,11,80.83531674126587,1.704651352054607,linear
36,12,80.38008730772475,1.332110181063384,linear
36,13,79.92485787418364,0.9595690100721601,linear
36,14,79.46962844064252,0.5870278390809363,linear
36,15,79.01439900710142,0.21448666808971328,linear
36,16,78.5591695735603,-0.15805450290150969,linear
36,17,78.10394014001919,-0.5305956738927335,linear
37,0,12.693342602082815,2.9405315568037826,circular
37,1,11.753874468051997,6.446674365098721,circular
37,2,9.187199793787878,9.013349039362842,circular
37,3,5.681056985492939,9.952817173393658,circular
37,4,2.1749141771980023,9.013349039362842,circular
37,5,-0.3917604970661195,6.446674365098723,circular
37,6,-1.3312286310969377,2.9405315568037835,circular
37,7,-0.39176049706612126,-0.5656112514911538,circular
37,8,2.1749141771979974,-3.1322859257552755,circular
37,9,5.681056985492938,-4.071754059786094,circular
37,10,9.187199793787872,-3.132285925755279,circular
37,11,11.753874468051997,-0.5656112514911587,circular
37,12,12.693342602082815,2.940531556803781,circular
38,0,93.67311722036756,43.46962582801589,sinuous
38,1,90.91095326573547,40.700453392403176,sinuous
38,2,88.57126339047774,38.55683796132777,sinuous
38,3,86.99348954664151,37.54139094008915,sinuous
38,4,86.36732838349165,37.93499599345702,sinuous
38,5,86.69544868485349,39.74160478733718,sinuous
38,6,87.79296685220355,42.6874603370367,sinuous
38,7,89.32378352090888,46.27490060355415,sinuous
38,8,90.86663979089592,49.880167897293674,sinuous
38,9,91.9979105253079,52.87600084389757,sinuous
38,10,92.3748627041405,54.754914956583974,sinuous
38,11,91.80301541896239,55.228942522166406,sinuous
38,12,90.27436272335736,54.28622914269923,sinuous
38,13,87.96894710404273,52.1933635728041,sinuous
38,14,85.2194743261078,49.44298295156847,sinuous
38,15,82.44592417294312,46.65695098162015,sinuous
38,16,80.07300854236561,44.46413820333209,sinuous
38,17,78.44669950337148,43.37682516053166,sinuous
39,0,12.050734942993435,94.91202525188987,linear
39,1,11.572929948986244,95.44297390226431,linear
39,2,11.095124954979054,95.97392255263875,linear
39,3,10.617319960971864,96.5048712030132,linear
39,4,10.139514966964674,97.03581985338764,linear
39,5,9.661709972957485,97.56676850376209,linear
39,6,9.183904978950295,98.09771715413653,linear
39,7,8.706099984943105,98.62866580451097,linear
39,8,8.228294990935915,99.15961445488541,linear
39,9,7.750489996928724,99.69056310525986,linear
39,10,7.272685002921534,100.2215117556343,linear
39,11,6.794880008914344,100.75246040600874,linear
39,12,6.317075014907155,101.28340905638318,linear
39,13,5.8392700208999635,101.81435770675763,linear
39,14,5.361465026892774,102.34530635713207,linear
40,0,83.81681678924339,16.834689582843353,circular
40,1,83.14170934075892,19.792528575998872,circular
40,2,81.25010030512733,22.164531281045274,circular
40,3,78.51664605091787,23.480893471544015,circular
40,4,75.48274071679313,23.480893471544015,circular
40,5,72.74928646258367,22.164531281045274,circular
40,6,70.85767742695208,19.792528575998872,circular
40,7,70.18256997846761,16.834689582843353,circular
40,8,70.85767742695208,13.876850589687834,circular
40,9,72.74928646258367,11.504847884641434,circular
40,10,75.48274071679313,10.188485694142692,circular
40,11,78.51664605091787,10.188485694142692,circular
40,12,81.25010030512733,11.504847884641432,circular
40,13,83.14170934075892,13.876850589687832,circular
40,14,83.81681678924339,16.834689582843353,circular
41,0,55.914422506488435,87.65775887293064,sinuous
41,1,55.7767030253124,93.09530547833921,sinuous
41,2,57.390870111988185,88.90315866983238,sinuous
41,3,59.31830121629034,82.98907591940416,sinuous
41,4,59.549862133333015,86.39677819363817,sinuous
41,5,59.16491159767989,93.19329363909716,sinuous
41,6,60.365589605718526,91.27399550147234,sinuous
41,7,62.46631361553568,84.40736389226586,sinuous
41,8,63.14235102375921,85.37188724252836,sinuous
41,9,62.66358675317373,92.68407392035519,sinuous
41,10,63.40301294447522,93.30016458203875,sinuous
41,11,65.51507183477143,86.37122789789215,sinuous
41,12,66.65438790910885,84.78922135189832,sinuous
41,13,66.24713004405601,91.70835474930948,sinuous
41,14,66.53606400433262,94.80069139045716,sinuous
41,15,68.49606161254768,88.70759850661089,sinuous
42,0,41.30264462765443,30.695875378950856,linear
42,1,42.28537997087369,30.510858500835038,linear
42,2,43.26811531409295,30.32584162271922,linear
42,3,44.25085065731221,30.140824744603403,linear
42,4,45.233586000531474,29.955807866487586,linear
42,5,46.21632134375073,29.77079098837177,linear
42,6,47.19905668696999,29.585774110255954,linear
42,7,48.18179203018925,29.400757232140137,linear
42,8,49.16452737340851,29.21574035402432,linear
42,9,50.14726271662777,29.030723475908502,linear
42,10,51.12999805984703,28.845706597792685,linear
43,0,80.45838751266362,94.57884565368717,circular
43,1,79.87947693620603,97.67574370567753,circular
43,2,78.22093028803812,100.3543885152421,circular
43,3,75.70674348331919,102.25301425796587,circular
43,4,72.67647138161657,103.1152010066456,circular
43,5,69.53936902158253,102.82450566333037,circular
43,6,66.719119460224,101.42018824493341,circular
43,7,64.59661302834468,99.09190960040068,circular
43,8,63.45850598078407,96.15411666211367,circular
43,9,63.45850598078407,93.00357464526067,circular
43,10,64.59661302834468,90.06578170697365,circular
43,11,66.71911946022398,87.73750306244092,circular
43,12,69.53936902158253,86.33318564404397,circular
43,13,72.67647138161655,86.04249030072873,circular
43,14,75.70674348331919,86.90467704940846,circular
43,15,78.22093028803812,88.80330279213224,circular
43,16,79.87947693620603,91.4819476016968,circular
43,17,80.45838751266362,94.57884565368717,circular
44,0,94.87046185882679,5.75995022328758,sinuous
44,1,85.74253048544136,8.370274691521178,sinuous
44,2,93.21196432566613,7.894316773105117,sinuous
44,3,104.23001004688359,6.758493978281891,sinuous
44,4,99.40940412859455,8.567870674713092,sinuous
44,5,87.65379176225422,11.66681279170703,sinuous
44,6,90.25408687936992,12.096271900986569,sinuous
44,7,102.85876380638345,10.665414811169242,sinuous
44,8,103.2465274635212,11.506294455392403,sinuous
44,9,91.01786318051224,14.693200642562257,sinuous
44,10,88.30864750911026,16.109964026793286,sinuous
44,11,100.25117249218556,14.802234183714289,sinuous
44,12,105.80687505428956,14.682134864565617,sinuous
44,13,95.3452976951016,17.540450990693998,sinuous
44,14,87.84595643861358,19.847938898536043,sinuous
45,0,35.547724083156716,20.20614506977143,linear
45,1,36.077792475126,19.563127228432997,linear
45,2,36.60786086709529,18.920109387094563,linear
45,3,37.13792925906458,18.277091545756132,linear
45,4,37.667997651033865,17.6340737044177,linear
45,5,38.19806604300315,16.991055863079264,linear
45,6,38.72813443497244,16.34803802174083,linear
45,7,39.25820282694173,15.705020180402398,linear
45,8,39.788271218911014,15.062002339063966,linear
45,9,40.3183396108803,14.418984497725532,linear
45,10,40.84840800284959,13.775966656387098,linear
45,11,41.378476394818875,13.132948815048664,linear
45,12,41.90854478678816,12.489930973710234,linear
46,0,103.68699552179858,92.46165561575954,circular
46,1,101.83030844605685,98.78495109622379,circular
46,2,96.84973224665563,103.10064493991152,circular
46,3,90.32656467583504,104.03853484468743,circular
46,4,84.33186534683101,101.3008473925986,circular
46,5,80.76890894008092,95.75677900610799,circular
46,6,80.7689089400809,89.16653222541109,circular
46,7,84.33186534683101,83.6224638389205,circular
46,8,90.32656467583503,80.88477638683165,circular
46,9,96.84973224665562,81.82266629160756,circular
46,10,101.83030844605685,86.13836013529529,circular
46,11,103.68699552179858,92.46165561575954,circular
47,0,24.31059171342528,44.222246791546304,sinuous
47,1,13.063912059858662,46.61243392907504,sinuous
47,2,21.89092051463057,46.352467792546285,sinuous
47,3,35.40708608371061,45.47343330086601,sinuous
47,4,29.944937464979112,47.09993945570141,sinuous
47,5,15.360350886334201,49.93080121755695,sinuous
47,6,17.623102631539226,50.53745641721335,sinuous
47,7,32.943783210684984,49.420187609237956,sinuous
47,8,34.467420935320476,50.124421561286184,sinuous
47,9,19.710179399144423,52.97807744540335,sinuous
47,10,14.946813088241974,54.51232949073222,sinuous
47,11,28.7988671976619,53.588950576138934,sinuous
47,12,37.005555963434375,53.41087981657786,sinuous
47,13,25.278082833916724,55.86454190686866,sinuous
47,14,14.53941086489371,58.18766123796473,sinuous
48,0,42.813625797104805,68.85283255177666,linear
48,1,43.558389584046544,69.22669261397192,linear
48,2,44.303153370988284,69.60055267616717,linear
48,3,45.04791715793003,69.97441273836243,linear
48,4,45.79268094487177,70.3482728005577,linear
48,5,46.53744473181351,70.72213286275294,linear
48,6,47.28220851875525,71.0959929249482,linear
48,7,48.02697230569699,71.46985298714347,linear
48,8,48.77173609263873,71.84371304933872,linear
48,9,49.51649987958047,72.21757311153398,linear
48,10,50.26126366652221,72.59143317372924,linear
48,11,51.00602745346395,72.96529323592449,linear
48,12,51.75079124040569,73.33915329811975,linear
49,0,60.54681310467281,44.54452768089049,circular
49,1,58.36414852725837,51.97800057896642,circular
49,2,52.5091353763732,57.05139835431292,circular
49,3,44.84069895787728,58.153953060173194,circular
49,4,37.79351365206048,54.93561136771588,circular
49,5,33.60501100048768,48.41817402458041,circular
49,6,33.60501100048767,40.67088133720057,circular
49,7,37.79351365206048,34.1534439940651,circular
49,8,44.84069895787728,30.935102301607785,circular
49,9,52.509135376373195,32.03765700746805,circular
49,10,58.36414852725837,37.111054782814556,circular
49,11,60.54681310467281,44.54452768089049,circular
50,0,57.19968479930021,90.8337167386562,sinuous
50,1,66.49428275821346,90.644943183553,sinuous
50,2,71.8239728317097,90.17844894167796,sinuous
50,3,70.92592497078192,89.27573481622262,sinuous
50,4,64.21078730435013,87.96556452217887,sinuous
50,5,54.58640081334782,86.45161683786543,sinuous
50,6,46.20950508821109,85.02504923960949,sinuous
50,7,42.7013099050478,83.93950819159862,sinuous
50,8,45.59296203620984,83.30224237285765,sinuous
50,9,53.66824599875278,83.02806236437682,sinuous
50,10,63.48568784036045,82.87591123944671,sinuous
50,11,70.85593032890847,82.55234682960798,sinuous
50,12,72.64016365997938,81.8375122202183,sinuous
50,13,68.09757128793866,80.67951715663081,sinuous
50,14,59.2033517967096,79.21671378297867,sinuous
50,15,49.800794602573355,77.71830405981142,sinuous
51,0,96.03766305307055,84.79012396532364,linear
51,1,96.49984862337023,84.30967735741471,linear
51,2,96.96203419366991,83.82923074950578,linear
51,3,97.4242197639696,83.34878414159685,linear
51,4,97.88640533426928,82.8683375336879,linear
51,5,98.34859090456897,82.38789092577898,linear
51,6,98.81077647486865,81.90744431787004,linear
51,7,99.27296204516834,81.42699770996111,linear
51,8,99.73514761546802,80.94655110205218,linear
51,9,100.1973331857677,80.46610449414325,linear
51,10,100.65951875606738,79.98565788623432,linear
51,11,101.12170432636708,79.50521127832538,linear
51,12,101.58388989666676,79.02476467041645,linear
51,13,102.04607546696644,78.54431806250751,linear
51,14,102.50826103726612,78.06387145459858,linear
51,15,102.9704466075658,77.58342484668965,linear
52,0,73.58495209583229,87.96422007902466,circular
52,1,72.74032125185053,91.11642530240432,circular
52,2,70.43274687245261,93.42399968180224,circular
52,3,67.28054164907294,94.268630525784,circular
52,4,64.12833642569328,93.42399968180224,circular
52,5,61.82076204629535,91.11642530240432,circular
52,6,60.9761312023136,87.96422007902466,circular
52,7,61.82076204629535,84.81201485564499,circular
52,8,64.12833642569328,82.50444047624707,circular
52,9,67.28054164907294,81.65980963226531,circular
52,10,70.43274687245261,82.50444047624705,circular
52,11,72.74032125185053,84.81201485564499,circular
52,12,73.58495209583229,87.96422007902466,circular
53,0,85.90376075803832,3.487550864029454,sinuous
53,1,96.68547140374999,1.2653351072262793,sinuous
53,2,95.88310044798783,0.38518362691175057,sinuous
53,3,84.23162302458469,0.7619464815403001,sinuous
53,4,74.00346390733871,0.9738119607461138,sinuous
53,5,75.95742429856695,-0.22567202793843633,sinuous
53,6,87.89726705191954,-2.5820622305536647,sinuous
53,7,97.00729845959962,-4.610606959795665,sinuous
53,8,93.48117917757097,-5.175200810892274,sinuous
53,9,80.95044630446687,-4.696572537014478,sinuous
53,10,72.62256617735585,-4.704862322227517,sinuous
53,11,77.23549402234866,-6.212398805258222,sinuous
53,12,89.76532175230264,-8.637141233626156,sinuous
53,13,96.76893791067113,-10.421648951147489,sinuous
54,0,33.21868885532702,82.20614104530337,linear
54,1,34.12710734161876,82.6242030667349,linear
54,2,35.0355258279105,83.04226508816645,linear
54,3,35.94394431420224,83.46032710959797,linear
54,4,36.85236280049398,83.87838913102951,linear
54,5,37.76078128678572,84.29645115246105,linear
54,6,38.669199773077466,84.71451317389258,linear
54,7,39.5776182593692,85.13257519532412,linear
54,8,40.48603674566095,85.55063721675565,linear
54,9,41.39445523195269,85.96869923818718,linear
54,10,42.30287371824443,86.38676125961872,linear
55,0,96.6190281559166,81.728907132591,circular
55,1,93.75751448723997,90.535740642079,circular
55,2,86.26597444337216,95.97866308420411,circular
55,3,77.0059216929898,95.97866308420411,circular
55,4,69.51438164912199,90.53574064207902,circular
55,5,66.65286798044536,81.728907132591,circular
55,6,69.51438164912199,72.922073623103,circular
55,7,77.0059216929898,67.4791511809779,circular
55,8,86.26597444337216,67.4791511809779,circular
55,9,93.75751448723997,72.92207362310299,circular
55,10,96.6190281559166,81.728907132591,circular
56,0,16.58202581093112,3.0193309465770812,sinuous
56,1,15.450797347480478,-1.642738518954237,sinuous
56,2,14.448388052950731,-2.6425372642501572,sinuous
56,3,13.603155924125144,0.8261397357165956,sinuous
56,4,12.820882462128885,6.0847031636550035,sinuous
56,5,11.958250097514938,9.058699328566613,sinuous
56,6,10.934610113742991,7.455321688658524,sinuous
56,7,9.79487751494566,2.5514835008012993,sinuous
56,8,8.674503521873568,-1.8019982802725756,sinuous
56,9,7.693842314686256,-2.1835087369347668,sinuous
56,10,6.864291383710729,1.730977626852329,sinuous
56,11,6.079403060067909,6.915201720622671,sinuous
56,12,5.197899005491916,9.352684273714567,sinuous
56,13,4.153847816942333,7.1690253119500955,sinuous
57,0,71.96803508097383,68.62401772388156,linear
57,1,71.70736829132247,69.5894465533521,linear
57,2,71.4467015016711,70.55487538282264,linear
57,3,71.18603471201975,71.52030421229318,linear
57,4,70.92536792236838,72.48573304176371,linear
57,5,70.66470113271701,73.45116187123425,linear
57,6,70.40403434306565,74.41659070070479,linear
57,7,70.1433675534143,75.38201953017533,linear
57,8,69.88270076376293,76.34744835964587,linear
57,9,69.62203397411156,77.31287718911639,linear
57,10,69.36136718446019,78.27830601858693,linear
58,0,49.24294792169266,14.413096716428386,circular
58,1,47.06082690888202,20.408424925643068,circular
58,2,41.535502543917886,23.598472435115113,circular
58,3,35.25233550430718,22.490580561733616,circular
58,4,31.15128947750712,17.60314422590043,circular
58,5,31.15128947750712,11.223049206956347,circular
58,6,35.252335504307176,6.3356128711231605,circular
58,7,41.535502543917886,5.22772099774166,circular
58,8,47.06082690888202,8.4177685072137,circular
58,9,49.24294792169266,14.413096716428385,circular
59,0,22.361388934182436,97.39744761051345,sinuous
59,1,23.897300740030104,103.30836690117185,sinuous
59,2,24.839747720835604,96.59571992238584,sinuous
59,3,25.850160906017503,91.32877932555287,sinuous
59,4,27.446255127308493,98.51983633886405,sinuous
59,5,28.907308373621905,102.8384422400158,sinuous
59,6,29.79814607077208,95.02801627779091,sinuous
59,7,30.889328337852206,91.47911155240482,sinuous
59,8,32.527781811969476,99.57119051784059,sinuous
59,9,33.90321480827269,102.06857154701562,sinuous
59,10,34.76149886055412,93.56569832259044,sinuous
60,0,37.306241417172195,33.34210805964114,linear
60,1,36.66205518741911,33.51377210899611,linear
60,2,36.01786895766602,33.68543615835107,linear
60,3,35.37368272791292,33.85710020770603,linear
60,4,34.72949649815983,34.02876425706099,linear
60,5,34.085310268406744,34.20042830641596,linear
60,6,33.441124038653655,34.37209235577092,linear
60,7,32.796937808900566,34.54375640512588,linear
60,8,32.15275157914748,34.71542045448084,linear
60,9,31.50856534939438,34.88708450383581,linear
60,10,30.864379119641292,35.058748553190775,linear
60,11,30.220192889888203,35.230412602545734,linear
60,12,29.57600666013511,35.4020766519007,linear
60,13,28.93182043038202,35.57374070125566,linear
60,14,28.287634200628933,35.745404750610625,linear
60,15,27.64344797087584,35.917068799965584,linear
61,0,54.76840328409374,1.0589942269819796,circular
61,1,54.210555214049315,3.863485860122511,circular
61,2,52.62193831567495,6.241019064897358,circular
61,3,50.244405110900104,7.82963596327172,circular
61,4,47.439913477759575,8.387484033316147,circular
61,5,44.635421844619046,7.82963596327172,circular
61,6,42.2578886398442,6.241019064897358,circular
61,7,40.669271741469835,3.8634858601225117,circular
61,8,40.111423671425406,1.0589942269819805,circular
61,9,40.669271741469835,-1.7454974061585506,circular
61,10,42.2578886398442,-4.123030610933398,circular
61,11,44.63542184461904,-5.71164750930776,circular
61,12,47.439913477759575,-6.269495579352187,circular
61,13,50.244405110900104,-5.71164750930776,circular
61,14,52.62193831567495,-4.1230306109334,circular
61,15,54.210555214049315,-1.745497406158556,circular
61,16,54.76840328409374,1.0589942269819779,circular
62,0,99.37216749505595,66.89264673831164,sinuous
62,1,90.8239212400734,63.49766929894673,sinuous
62,2,86.215648806749,62.10040124453368,sinuous
62,3,87.58713381558816,63.735086726532316,sinuous
62,4,94.0942126805417,67.97370424159789,sinuous
62,5,102.41590202837163,73.13239497434503,sinuous
62,6,108.3560591029232,77.08356261474542,sinuous
62,7,108.86711839607722,78.28198110485965,sinuous
62,8,103.51988672203878,76.51003395939364,sinuous
62,9,94.71053664494971,72.98266742825312,sinuous
62,10,86.50496843844692,69.76144016704977,sinuous
62,11,82.67788744796363,68.7602644592988,sinuous
62,12,84.89232039355296,70.82235506643173,sinuous
62,13,91.89756255919947,75.31355941229357,sinuous
62,14,100.13237389347424,80.42819984651562,sinuous
62,15,105.4425116013709,84.05992485647279,sinuous
63,0,62.400862645697245,7.320857111906564,linear
63,1,61.587897125876786,8.07825724711755,linear
63,2,60.77493160605633,8.835657382328534,linear
63,3,59.96196608623587,9.59305751753952,linear
63,4,59.14900056641541,10.350457652750507,linear
63,5,58.33603504659495,11.107857787961493,linear
63,6,57.52306952677449,11.865257923172479,linear
63,7,56.71010400695403,12.622658058383465,linear
63,8,55.897138487133574,13.380058193594449,linear
63,9,55.084172967313116,14.137458328805433,linear
64,0,45.16229199298248,11.12055616274963,circular
64,1,41.94941017287752,19.947876414864275,circular
64,2,33.814107823393776,24.644795416277717,circular
64,3,24.562983327669155,23.013572565788472,circular
64,4,18.52474065204949,15.817475164163067,circular
64,5,18.524740652049488,6.423637161336194,circular
64,6,24.562983327669144,-0.7724602402892096,circular
64,7,33.81410782339377,-2.403683090778456,circular
64,8,41.94941017287752,2.2932359106349782,circular
64,9,45.16229199298248,11.120556162749626,circular
65,0,58.14010177695869,9.623943878891161,sinuous
65,1,55.3884904696366,16.28376813704748,sinuous
65,2,54.95000189744337,19.064042484212884,sinuous
65,3,57.672286480662684,16.543094796110868,sinuous
65,4,62.400495817350816,10.657827056768287,sinuous
65,5,66.7089335962734,5.4765966280421345,sinuous
65,6,68.43784857997987,4.621720040640454,sinuous
65,7,67.06173884450916,8.974564682193522,sinuous
65,8,64.02228202527218,16.117161001325833,sinuous
65,9,61.81496456091315,21.8641002240486,sinuous
65,10,62.40807337396469,22.914188151217648,sinuous
65,11,65.99569330205293,18.941907332720145,sinuous
65,12,70.8747452022952,12.803647720044246,sinuous
66,0,89.45676154443406,72.27881584182757,linear
66,1,89.90930962393544,72.83144982320427,linear
66,2,90.36185770343684,73.38408380458095,linear
66,3,90.81440578293822,73.93671778595765,linear
66,4,91.26695386243962,74.48935176733434,linear
66,5,91.719501941941,75.04198574871104,linear
66,6,92.1720500214424,75.59461973008773,linear
66,7,92.62459810094379,76.14725371146443,linear
66,8,93.07714618044517,76.69988769284113,linear
66,9,93.52969425994657,77.25252167421782,linear
66,10,93.98224233944795,77.80515565559452,linear
66,11,94.43479041894935,78.3577896369712,linear
66,12,94.88733849845073,78.9104236183479,linear
66,13,95.33988657795211,79.4630575997246,linear
66,14,95.79243465745351,80.0156915811013,linear
67,0,33.19753259287867,57.53470372320072,circular
67,1,32.70752816333265,60.313656936017246,circular
67,2,31.296616640593,62.75742737838668,circular
67,3,29.13497477713852,64.5712602687487,circular
67,4,26.483328484138013,65.5363805912032,circular
67,5,23.661505438658722,65.5363805912032,circular
67,6,21.00985914565822,64.5712602687487,circular
67,7,18.848217282203738,62.75742737838668,circular
67,8,17.437305759464092,60.313656936017246,circular
67,9,16.947301329918066,57.53470372320072,circular
67,10,17.437305759464092,54.755750510384196,circular
67,11,18.848217282203734,52.31198006801476,circular
67,12,21.00985914565821,50.49814717765274,circular
67,13,23.661505438658722,49.53302685519824,circular
67,14,26.48332848413801,49.53302685519824,circular
67,15,29.13497477713852,50.49814717765274,circular
67,16,31.296616640592998,52.31198006801476,circular
67,17,32.70752816333264,54.75575051038419,circular
67,18,33.19753259287867,57.53470372320072,circular
68,0,4.89339395458318,59.85804432530908,sinuous
68,1,1.1807372648267722,50.28629790810675,sinuous
68,2,2.736705683721779,59.336651066867894,sinuous
68,3,4.853937562286271,70.37080527785275,sinuous
68,4,1.7623353905236305,62.99419304417601,sinuous
68,5,-2.445424195145284,51.67249189724902,sinuous
68,6,-1.5632533075580755,58.34128924907899,sinuous
68,7,0.9773022217193392,70.87169248402492,sinuous
68,8,-1.3954060051818225,66.03603056465025,sinuous
68,9,-5.949905902588595,53.488766300396854,sinuous
68,10,-5.823566996439672,57.48605483716059,sinuous
68,11,-3.0167894811891793,70.95742696434384,sinuous
68,12,-4.605305258824885,68.89351470940449,sinuous
68,13,-9.342487592883094,55.700554375313715,sinuous
69,0,87.27980996726909,35.246906721618465,linear
69,1,87.18392303477,34.53908627983357,linear
69,2,87.0880361022709,33.83126583804867,linear
69,3,86.99214916977182,33.12344539626377,linear
69,4,86.89626223727274,32.41562495447887,linear
69,5,86.80037530477365,31.707804512693976,linear
69,6,86.70448837227455,30.999984070909075,linear
69,7,86.60860143977547,30.29216362912418,linear
69,8,86.51271450727639,29.58434318733928,linear
69,9,86.4168275747773,28.876522745554382,linear
69,10,86.3209406422782,28.168702303769486,linear
69,11,86.22505370977912,27.460881861984586,linear
69,12,86.12916677728003,26.753061420199685,linear
69,13,86.03327984478095,26.04524097841479,linear
69,14,85.93739291228185,25.337420536629892,linear
70,0,15.501458470735756,65.86620847388201,circular
70,1,14.707334255883989,69.08809706494279,circular
70,2,12.506885898716979,71.57188980775818,circular
70,3,9.404209599584274,72.74857971789665,circular
70,4,6.110091107314376,72.34860131759612,circular
70,5,3.3791732700549844,70.46358483810317,circular
70,6,1.8370764531945598,67.52536483795846,circular
70,7,1.837076453194559,64.20705210980557,circular
70,8,3.379173270054981,61.26883210966085,circular
70,9,6.110091107314373,59.3838156301679,circular
70,10,9.404209599584268,58.98383722986737,circular
70,11,12.506885898716977,60.16052714000583,circular
70,12,14.707334255883985,62.644319882821236,circular
70,13,15.501458470735756,65.86620847388201,circular
71,0,89.63385384800901,9.519163286913013,sinuous
71,1,84.07919078789318,11.534306039775483,sinuous
71,2,80.90215561632652,13.141672388436303,sinuous
71,3,81.49408326552488,14.102640655200853,sinuous
71,4,85.68285902080781,14.446729470718019,sinuous
71,5,91.8043155342307,14.459352789123724,sinuous
71,6,97.39256647239506,14.563423828691494,sinuous
71,7,100.20291103967635,15.143921258016476,sinuous
71,8,99.14298581845225,16.38819147754457,sinuous
71,9,94.72590142254855,18.208233163741816,sinuous
71,10,88.85739279663072,20.277202176345654,sinuous
71,11,84.04527795379086,22.16499378084491,sinuous
71,12,82.35915925849834,23.51665966326034,sinuous
72,0,74.64681804237857,53.43602984657028,linear
72,1,74.27727934392004,53.893699936905286,linear
72,2,73.90774064546153,54.3513700272403,linear
72,3,73.538201947003,54.80904011757531,linear
72,4,73.16866324854448,55.266710207910315,linear
72,5,72.79912455008595,55.72438029824532,linear
72,6,72.42958585162744,56.182050388580336,linear
72,7,72.06004715316891,56.63972047891534,linear
72,8,71.69050845471038,57.09739056925035,linear
72,9,71.32096975625186,57.55506065958536,linear
72,10,70.95143105779334,58.01273074992037,linear
72,11,70.58189235933482,58.47040084025538,linear
72,12,70.21235366087629,58.92807093059039,linear
72,13,69.84281496241776,59.385741020925394,linear
72,14,69.47327626395925,59.84341111126041,linear
72,15,69.10373756550072,60.301081201595416,linear
72,16,68.7341988670422,60.75875129193042,linear
72,17,68.36466016858367,61.21642138226544,linear
73,0,91.0730166692492,36.316230722060695,circular
73,1,90.03769335930444,41.521152485264416,circular
73,2,87.08934201818009,45.93367209275364,circular
73,3,82.67682241069086,48.88202343387799,circular
73,4,77.47190064748715,49.91734674382275,circular
73,5,72.26697888428343,48.88202343387799,circular
73,6,67.8544592767942,45.93367209275364,circular
73,7,64.90610793566985,41.521152485264416,circular
73,8,63.87078462572509,36.316230722060695,circular
73,9,64.90610793566985,31.111308958856977,circular
73,10,67.8544592767942,26.69878935136775,circular
73,11,72.26697888428342,23.7504380102434,circular
73,12,77.47190064748715,22.715114700298642,circular
73,13,82.67682241069087,23.7504380102434,circular
73,14,87.08934201818009,26.698789351367743,circular
73,15,90.03769335930444,31.111308958856966,circular
73,16,91.0730166692492,36.316230722060695,circular
74,0,51.034139209291276,79.25551151769051,sinuous
74,1,46.7880020849296,81.01881149485354,sinuous
74,2,45.02519690074594,82.57041376510975,sinuous
74,3,46.81615476320675,83.81906680989471,sinuous
74,4,51.2093802331643,84.84588318582682,sinuous
74,5,55.772808152744865,85.85819023752718,sinuous
74,6,57.977536054860636,87.07157044296092,sinuous
74,7,56.63665251568026,88.58720497032442,sinuous
74,8,52.580534771166114,90.33430628055503,sinuous
74,9,48.18440253700291,92.1103929578279,sinuous
75,0,48.32991009177131,56.455151808860904,linear
75,1,48.128141083917214,55.90260314248368,linear
75,2,47.92637207606312,55.35005447610646,linear
75,3,47.72460306820902,54.79750580972923,linear
75,4,47.522834060354924,54.24495714335201,linear
75,5,47.32106505250083,53.692408476974784,linear
75,6,47.11929604464673,53.139859810597564,linear
75,7,46.917527036792634,52.58731114422034,linear
75,8,46.71575802893854,52.03476247784312,linear
75,9,46.51398902108444,51.4822138114659,linear
75,10,46.312220013230345,50.92966514508867,linear
75,11,46.11045100537625,50.37711647871144,linear
75,12,45.90868199752215,49.82456781233422,linear
75,13,45.706912989668055,49.272019145956996,linear
75,14,45.50514398181396,48.719470479579776,linear
75,15,45.30337497395986,48.16692181320255,linear
75,16,45.101605966105765,47.61437314682533,linear
75,17,44.89983695825167,47.06182448044811,linear
76,0,44.37220004841909,11.069951872622298,circular
76,1,42.36602913694567,18.55708364290786,circular
76,2,36.88506827813353,24.03804450172,circular
76,3,29.397936507847966,26.044215413193424,circular
76,4,21.910804737562408,24.038044501720005,circular
76,5,16.429843878750262,18.557083642907866,circular
76,6,14.42367296727684,11.0699518726223,circular
76,7,16.429843878750255,3.582820102336739,circular
76,8,21.910804737562398,-1.8981407564754083,circular
76,9,29.397936507847962,-3.9043116679488286,circular
76,10,36.88506827813352,-1.8981407564754154,circular
76,11,42.36602913694567,3.5828201023367283,circular
76,12,44.37220004841909,11.069951872622294,circular
77,0,46.60112050833142,0.5993590709983398,sinuous
77,1,45.00775846769437,5.9255339569950465,sinuous
77,2,49.646224877442705,0.9620213887787716,sinuous
77,3,52.81709818233699,-1.5782739039407216,sinuous
77,4,50.10176062541766,5.60045155942465,sinuous
77,5,50.24021647448238,8.067134250711817,sinuous
77,6,55.59281598090466,1.9244803720459935,sinuous
77,7,56.863693337767934,2.5213645805210767,sinuous
77,8,53.881670969181364,10.140426837925101,sinuous
77,9,55.98292693264466,9.366230889331561,sinuous
78,0,73.0360464954869,49.12168772971442,linear
78,1,72.48629717203434,48.49541292916126,linear
78,2,71.93654784858177,47.869138128608114,linear
78,3,71.38679852512921,47.24286332805496,linear
78,4,70.83704920167663,46.616588527501804,linear
78,5,70.28729987822408,45.99031372694865,linear
78,6,69.7375505547715,45.3640389263955,linear
78,7,69.18780123131894,44.73776412584235,linear
78,8,68.63805190786638,44.11148932528919,linear
78,9,68.08830258441381,43.485214524736044,linear
78,10,67.53855326096125,42.85893972418289,linear
78,11,66.98880393750868,42.232664923629734,linear
78,12,66.43905461405612,41.60639012307659,linear
79,0,97.639738432018,76.10207771883394,circular
79,1,96.7180058407452,80.73594037611923,circular
79,2,94.09313349842131,84.66433944990244,circular
79,3,90.1647344246381,87.28921179222633,circular
79,4,85.5308717673528,88.21094438349914,circular
79,5,80.89700911006751,87.28921179222633,circular
79,6,76.9686100362843,84.66433944990244,circular
79,7,74.3437376939604,80.73594037611923,circular
79,8,73.4220051026876,76.10207771883394,circular
79,9,74.3437376939604,71.46821506154865,circular
79,10,76.9686100362843,67.53981598776544,circular
79,11,80.8970091100675,64.91494364544155,circular
79,12,85.5308717673528,63.99321105416874,circular
79,13,90.16473442463811,64.91494364544155,circular
79,14,94.09313349842131,67.53981598776544,circular
79,15,96.71800584074519,71.46821506154863,circular
79,16,97.639738432018,76.10207771883394,circular
80,0,53.697103993540594,46.12086490413472,sinuous
80,1,49.44562281733143,52.93645043881017,sinuous
80,2,49.313514321735994,54.33190734717554,sinuous
80,3,53.91411092363551,49.5002339695299,sinuous
80,4,59.83269127670638,42.93440298765627,sinuous
80,5,62.53278457012558,40.60334637507509,sinuous
80,6,60.21720728128884,44.871736282825864,sinuous
80,7,55.35766447195469,52.48738836155836,sinuous
80,8,52.591056304190545,57.34922915801583,sinuous
80,9,54.77296483858731,55.699982195557546,sinuous
80,10,60.54723890626176,49.32402445145007,sinuous
80,11,65.5002282533389,44.02868484257705,sinuous
80,12,65.91728646018133,44.70156712726056,sinuous
80,13,61.94434454070677,51.15066030593159,sinuous
80,14,57.46370756236118,58.26776114872422,sinuous
80,15,56.789785055116255,60.37611826359379,sinuous
80,16,60.997052888407886,56.0619733262167,sinuous
80,17,67.00555585788194,49.37782526426595,sinuous
81,0,59.176836398025145,91.47604405307884,linear
81,1,59.33026173482921,92.17365766222018,linear
81,2,59.48368707163326,92.87127127136152,linear
81,3,59.637112408437325,93.56888488050288,linear
81,4,59.79053774524138,94.26649848964422,linear
81,5,59.94396308204544,94.96411209878556,linear
81,6,60.0973884188495,95.6617257079269,linear
81,7,60.25081375565356,96.35933931706826,linear
81,8,60.404239092457615,97.0569529262096,linear
81,9,60.55766442926168,97.75456653535095,linear
81,10,60.71108976606574,98.45218014449229,linear
81,11,60.864515102869795,99.14979375363365,linear
81,12,61.01794043967386,99.84740736277499,linear
81,13,61.17136577647791,100.54502097191633,linear
81,14,61.324791113281975,101.24263458105767,linear
82,0,37.64632996725598,88.56536983710242,circular
82,1,36.573281326436366,92.21983789984924,circular
82,2,33.694820765638354,94.71403817391139,circular
82,3,29.92483917468487,95.25607969545113,circular
82,4,26.460279071286607,93.673868111262,circular
82,5,24.40111380886059,90.46974441995117,circular
82,6,24.40111380886059,86.66099525425368,circular
82,7,26.460279071286607,83.45687156294285,circular
82,8,29.92483917468487,81.87465997875371,circular
82,9,33.694820765638354,82.41670150029346,circular
82,10,36.573281326436366,84.91090177435561,circular
82,11,37.64632996725598,88.56536983710242,circular
83,0,37.48598531971689,1.460003386552311,sinuous
83,1,44.28287872222697,0.18774403644350723,sinuous
83,2,33.54879539809991,-0.2987557445206872,sinuous
83,3,32.68364061526034,-1.2275928327233534,sinuous
83,4,43.79382512528889,-2.6931791043772244,sinuous
83,5,38.29365592520776,-3.4142692433789947,sinuous
83,6,30.16881832565527,-4.017718571895719,sinuous
83,7,40.13187132892882,-5.431889022711127,sinuous
83,8,42.53715380625524,-6.507311062370487,sinuous
83,9,31.10913448177153,-6.962707792936714,sinuous
83,10,35.02623655939548,-8.10589141463897,sinuous
83,11,44.1382223440363,-9.481916003905786,sinuous
83,12,34.980666890511515,-10.039077669810291,sinuous
83,13,30.912925483723996,-10.824370954092549,sinuous
84,0,13.618529481302676,71.37293485021316,linear
84,1,13.072169652892391,70.99091995214775,linear
84,2,12.525809824482105,70.60890505408233,linear
84,3,11.97944999607182,70.22689015601692,linear
84,4,11.433090167661533,69.8448752579515,linear
84,5,10.886730339251248,69.4628603598861,linear
84,6,10.340370510840962,69.08084546182069,linear
84,7,9.794010682430677,68.69883056375527,linear
84,8,9.24765085402039,68.31681566568986,linear
84,9,8.701291025610104,67.93480076762444,linear
84,10,8.154931197199819,67.55278586955903,linear
84,11,7.6085713687895336,67.17077097149362,linear
84,12,7.062211540379248,66.7887560734282,linear
84,13,6.5158517119689625,66.4067411753628,linear
84,14,5.969491883558677,66.02472627729738,linear
84,15,5.42313205514839,65.64271137923197,linear
85,0,77.84992955158751,97.6301911393473,circular
85,1,76.97289555990994,102.32190860109345,circular
85,2,74.46024188526643,106.37998362192687,circular
85,3,70.6513163295122,109.25635068371403,circular
85,4,66.060535394937,110.56254047626048,circular
85,5,61.307909485150525,110.12214483023533,circular
85,6,57.035307064478715,107.99464161795078,circular
85,7,53.81976676514062,104.46736193712812,circular
85,8,52.09556512248574,100.0166844539939,circular
85,9,52.09556512248574,95.2436978247007,circular
85,10,53.81976676514062,90.79302034156649,circular
85,11,57.035307064478715,87.26574066074383,circular
85,12,61.30790948515052,85.13823744845928,circular
85,13,66.06053539493699,84.69784180243413,circular
85,14,70.65131632951221,86.00403159498057,circular
85,15,74.46024188526643,88.88039865676774,circular
85,16,76.97289555990994,92.93847367760114,circular
85,17,77.84992955158751,97.6301911393473,circular
86,0,78.52730527899351,7.115665641934077,sinuous
86,1,84.53665955200059,10.146757655184562,sinuous
86,2,75.14367731366045,1.3477412342994919,sinuous
86,3,80.18567417044747,3.6358327865473585,sinuous
86,4,87.10163011849036,7.363260457335331,sinuous
86,5,77.8263435442648,-1.3453571810223384,sinuous
86,6,81.85143504255672,0.16167750693823102,sinuous
86,7,89.60273304130091,4.530708289832548,sinuous
86,8,80.56147417384078,-3.998159143380116,sinuous
86,9,83.53189423252013,-3.3011884014845148,sinuous
86,10,92.03759638818524,1.6472793371575225,sinuous
87,0,97.32955673381643,89.88346151635433,linear
87,1,97.85359683083156,90.29556152990057,linear
87,2,98.37763692784671,90.7076615434468,linear
87,3,98.90167702486184,91.11976155699304,linear
87,4,99.42571712187699,91.53186157053928,linear
87,5,99.94975721889212,91.94396158408551,linear
87,6,100.47379731590726,92.35606159763175,linear
87,7,100.9978374129224,92.76816161117799,linear
87,8,101.52187750993754,93.18026162472424,linear
87,9,102.04591760695267,93.59236163827048,linear
87,10,102.56995770396782,94.00446165181671,linear
87,11,103.09399780098295,94.41656166536295,linear
87,12,103.6180378979981,94.82866167890919,linear
87,13,104.14207799501322,95.24076169245542,linear
87,14,104.66611809202837,95.65286170600166,linear
87,15,105.1901581890435,96.0649617195479,linear
88,0,33.22334050631039,19.401042937807155,circular
88,1,32.356230692297444,24.039670738166848,circular
88,2,29.87200923546242,28.05182615056401,circular
88,3,26.10618400909717,30.895645354433782,circular
88,4,21.567350577180264,32.18705480814735,circular
88,5,16.868503545236354,31.751642509033893,circular
88,6,12.6442482421397,29.64821330079151,circular
88,7,9.465093753980192,26.16084695349694,circular
88,8,7.760402510686928,21.760531616516346,circular
88,9,7.760402510686928,17.041554259097968,circular
88,10,9.465093753980193,12.641238922117369,circular
88,11,12.644248242139698,9.153872574822804,circular
88,12,16.86850354523635,7.050443366580419,circular
88,13,21.56735057718026,6.615031067466957,circular
88,14,26.106184009097174,7.90644052118053,circular
88,15,29.87200923546242,10.7502597250503,circular
88,16,32.356230692297444,14.762415137447459,circular
88,17,33.22334050631039,19.40104293780715,circular
89,0,44.974873464020604,80.40676588811228,sinuous
89,1,48.10942209855894,90.0433752489971,sinuous
89,2,48.75970339326816,85.73152849766502,sinuous
89,3,47.94819684173963,73.21215782500572,sinuous
89,4,48.760815215755834,69.81178770495066,sinuous
89,5,51.99088592463782,79.98472640542342,sinuous
89,6,55.019304396525975,89.0254450213088,sinuous
89,7,55.511614709161684,83.82663603562729,sinuous
89,8,54.713285336539975,71.38125148302754,sinuous
89,9,55.691628383090006,68.91137836886578,sinuous
90,0,10.802075286883806,24.360888164361327,linear
90,1,10.353732692892159,24.688959640904905,linear
90,2,9.905390098900511,25.017031117448482,linear
90,3,9.457047504908862,25.345102593992056,linear
90,4,9.008704910917215,25.673174070535634,linear
90,5,8.560362316925568,26.00124554707921,linear
90,6,8.112019722933919,26.32931702362279,linear
90,7,7.663677128942272,26.657388500166363,linear
90,8,7.215334534950625,26.98545997670994,linear
90,9,6.766991940958977,27.313531453253518,linear
90,10,6.31864934696733,27.641602929797095,linear
90,11,5.870306752975682,27.969674406340673,linear
90,12,5.421964158984034,28.297745882884247,linear
90,13,4.973621564992387,28.625817359427824,linear
90,14,4.525278971000739,28.9538888359714,linear
90,15,4.076936377009091,29.281960312514975,linear
90,16,3.6285937830174433,29.610031789058553,linear
90,17,3.180251189025796,29.93810326560213,linear
90,18,2.731908595034149,30.266174742145708,linear
91,0,77.19777494733201,69.70421089100387,circular
91,1,76.79084943261003,71.8810701247028,circular
91,2,75.62503043405943,73.76393245649726,circular
91,3,73.85776826746053,75.09850689517808,circular
91,4,71.72774148115023,75.70455176766913,circular
91,5,69.52262199550565,75.50021735572996,circular
91,6,67.54022341605192,74.51310015394898,circular
91,7,66.04827965579403,72.876515810232,circular
91,8,65.24828598670058,70.81149410882486,circular
91,9,65.24828598670058,68.59692767318288,circular
91,10,66.04827965579403,66.53190597177574,circular
91,11,67.54022341605192,64.89532162805875,circular
91,12,69.52262199550563,63.90820442627778,circular
91,13,71.72774148115023,63.703870014338605,circular
91,14,73.85776826746053,64.30991488682966,circular
91,15,75.62503043405943,65.64448932551048,circular
91,16,76.79084943261003,67.52735165730493,circular
91,17,77.19777494733201,69.70421089100387,circular
92,0,23.941076756596257,21.572621194088704,sinuous
92,1,30.18300800822422,20.74694884366668,sinuous
92,2,27.065296963473916,20.050836336276447,sinuous
92,3,19.23991783432708,19.419889218625116,sinuous
92,4,18.406340640669796,18.69215883377329,sinuous
92,5,25.7971346042244,17.850583474677535,sinuous
92,6,30.332781472829616,17.048530182530587,sinuous
92,7,25.207988963928702,16.380200484697937,sinuous
92,8,18.07938198941297,15.739608373346595,sinuous
92,9,19.603345383298453,14.979243986169564,sinuous
92,10,27.48315167310315,14.130899526479645,sinuous
92,11,29.907219033474675,13.358075546839839,sinuous
92,12,23.231342043875642,12.711216569306623,sinuous
92,13,17.43415752941121,12.052194385579543,sinuous
92,14,21.17887790039545,11.261089408510951,sinuous
92,15,28.844247445333036,10.415713266426074,sinuous
92,16,28.93970146102613,9.675122866859624,sinuous
92,17,21.30702642157511,9.041508263547838,sinuous
93,0,96.27931729456085,45.55531756000205,linear
93,1,96.31925502301142,46.10943573616563,linear
93,2,96.35919275146199,46.663553912329206,linear
93,3,96.39913047991257,47.21767208849279,linear
93,4,96.43906820836314,47.77179026465637,linear
93,5,96.4790059368137,48.325908440819944,linear
93,6,96.51894366526427,48.88002661698352,linear
93,7,96.55888139371484,49.4341447931471,linear
93,8,96.59881912216542,49.98826296931068,linear
93,9,96.63875685061599,50.54238114547426,linear
93,10,96.67869457906656,51.096499321637836,linear
93,11,96.71863230751713,51.65061749780141,linear
93,12,96.75857003596771,52.20473567396499,linear
93,13,96.79850776441828,52.758853850128574,linear
93,14,96.83844549286884,53.31297202629215,linear
93,15,96.87838322131941,53.86709020245573,linear
93,16,96.91832094976998,54.421208378619305,linear
93,17,96.95825867822056,54.97532655478288,linear
93,18,96.99819640667113,55.529444730946466,linear
94,0,21.11312059263222,51.41539408143632,circular
94,1,20.287619233248783,56.097044932977305,circular
94,2,17.910682802142645,60.21401959801457,circular
94,3,14.269004912750825,63.26975017186971,circular
94,4,9.801825663975563,64.89567044955555,circular
94,5,5.047952801763289,64.89567044955555,circular
94,6,0.5807735529880302,63.26975017186971,circular
94,7,-3.0609043364037944,60.21401959801457,circular
94,8,-5.437840767509934,56.097044932977305,circular
94,9,-6.26334212689337,51.41539408143632,circular
94,10,-5.437840767509934,46.73374322989533,circular
94,11,-3.060904336403796,42.61676856485806,circular
94,12,0.5807735529880214,39.561037991002934,circular
94,13,5.047952801763288,37.93511771331708,circular
94,14,9.801825663975558,37.93511771331708,circular
94,15,14.269004912750825,39.56103799100293,circular
94,16,17.910682802142645,42.61676856485806,circular
94,17,20.287619233248783,46.733743229895325,circular
94,18,21.11312059263222,51.41539408143632,circular
95,0,28.298853358786324,26.808856535113033,sinuous
95,1,30.895664524545502,20.970999198436566,sinuous
95,2,32.474992751618245,16.7925635975299,sinuous
95,3,32.33203106213018,15.423025536003948,sinuous
95,4,30.291238015723213,17.148677069069592,sinuous
95,5,26.760282190037138,21.304647983178903,sinuous
95,6,22.60476424300683,26.479222669490152,sinuous
95,7,18.88221489247582,30.9476651224057,sinuous
95,8,16.517112136910697,33.20223616855232,sinuous
95,9,16.016786028415495,32.41552683264291,sinuous
95,10,17.31551442563419,28.69472392414704,sinuous
95,11,19.794719630877253,23.04867116690507,sinuous
95,12,22.473059416327644,17.077848098363283,sinuous
95,13,24.307996821726306,12.48253727503384,sinuous
95,14,24.51617530105709,10.540321671423374,sinuous
95,15,22.814146848170363,11.713479095327394,sinuous
96,0,88.3353896462791,29.862801750518752,linear
96,1,89.11282691440894,30.16286130888552,linear
96,2,89.89026418253877,30.46292086725229,linear
96,3,90.6677014506686,30.762980425619055,linear
96,4,91.44513871879845,31.063039983985824,linear
96,5,92.22257598692829,31.363099542352593,linear
96,6,93.00001325505812,31.663159100719362,linear
96,7,93.77745052318795,31.96321865908613,linear
96,8,94.5548877913178,32.2632782174529,linear
96,9,95.33232505944763,32.56333777581966,linear
96,10,96.10976232757747,32.86339733418643,linear
96,11,96.8871995957073,33.1634568925532,linear
96,12,97.66463686383715,33.46351645091997,linear
97,0,68.6609776906161,17.68804943238731,circular
97,1,66.9631772096567,22.3527179165624,circular
97,2,62.66419548077001,24.83473617497642,circular
97,3,57.77557383276204,23.972740279957137,circular
97,4,54.58475266571345,20.17006769080133,circular
97,5,54.58475266571345,15.20603117397329,circular
97,6,57.77557383276204,11.403358584817486,circular
97,7,62.66419548077001,10.541362689798198,circular
97,8,66.9631772096567,13.023380948212218,circular
97,9,68.6609776906161,17.688049432387306,circular
98,0,32.081400385175854,12.970700452748273,sinuous
98,1,28.865798956500523,19.213700762086,sinuous
98,2,28.737014548789606,20.756403527467405,sinuous
98,3,32.29627368340499,16.68332087820692,sinuous
98,4,37.1750881468641,10.600950788468065,sinuous
98,5,39.94242725335825,7.733725090853231,sinuous
98,6,38.867478714143715,10.717152367367644,sinuous
98,7,35.31334659640312,17.475633495801723,sinuous
98,8,32.63944220150357,22.893791509618737,sinuous
98,9,33.49639310617888,22.935514710506084,sinuous
98,10,37.69168447590571,17.89394551595716,sinuous
98,11,42.34467733792516,12.155434071356739,sinuous
98,12,44.20617881000789,10.667527711211733,sinuous
98,13,42.27478213764944,14.955068911357623,sinuous
98,14,38.6032271288901,21.892349924109837,sinuous
98,15,36.64547724687716,26.220019167406036,sinuous
98,16,38.47549263344664,24.78005668258684,sinuous
98,17,43.117220001594724,19.058699210125177,sinuous
99,0,10.831281671313997,90.0145378436395,linear
99,1,10.75477819250157,91.01160715804528,linear
99,2,10.678274713689143,92.00867647245104,linear
99,3,10.601771234876718,93.00574578685682,linear
99,4,10.525267756064292,94.00281510126258,linear
99,5,10.448764277251865,94.99988441566836,linear
99,6,10.372260798439438,95.99695373007414,linear
99,7,10.295757319627013,96.9940230444799,linear
99,8,10.219253840814586,97.99109235888568,linear
99,9,10.14275036200216,98.98816167329144,linear
99,10,10.066246883189732,99.98523098769722,linear
100,0,73.84654955581385,51.183307774603605,circular
100,1,73.53998984563303,52.92189428557931,circular
100,2,72.65728634047788,54.45078160452719,circular
100,3,71.30490611038637,55.585563356808414,circular
100,4,69.64596617011405,56.18936811550289,circular
100,5,67.88055915980372,56.18936811550289,circular
100,6,66.2216192195314,55.585563356808414,circular
100,7,64.86923898943989,54.45078160452719,circular
100,8,63.98653548428474,52.92189428557931,circular
100,9,63.67997577410393,51.183307774603605,circular
100,10,63.98653548428474,49.4447212636279,circular
100,11,64.86923898943989,47.915833944680024,circular
100,12,66.2216192195314,46.781052192398796,circular
100,13,67.88055915980372,46.17724743370432,circular
100,14,69.64596617011405,46.17724743370432,circular
100,15,71.30490611038637,46.781052192398796,circular
100,16,72.65728634047787,47.915833944680024,circular
100,17,73.53998984563303,49.4447212636279,circular
100,18,73.84654955581385,51.183307774603605,circular
101,0,54.65996086784347,96.3636555586289,sinuous
101,1,59.78328200836737,106.47018515968982,sinuous
101,2,55.80029636703738,94.41552671908904,sinuous
101,3,52.920610956094286,85.04586939449888,sinuous
101,4,59.01355888204741,97.51209124367824,sinuous
101,5,62.91610192971166,104.64772457239809,sinuous
101,6,58.111396309012086,90.5933211839676,sinuous
101,7,56.55204678798844,84.43684485971077,sinuous
101,8,63.30674568211562,98.51350966823347,sinuous
101,9,65.80877653862927,102.24084424684143,sinuous
101,10,60.51200294640531,86.98893992774154,sinuous
101,11,60.412783496684355,84.38584894955103,sinuous
101,12,67.48264419360535,99.22949428514983,sinuous
101,13,68.48636066348833,99.31051783305368,sinuous
101,14,63.055957765405054,83.73341206335849,sinuous
102,0,46.93944813444867,91.80238708808183,linear
102,1,47.034328722647,91.03903025781534,linear
102,2,47.12920931084532,90.27567342754885,linear
102,3,47.22408989904365,89.51231659728236,linear
102,4,47.31897048724197,88.74895976701588,linear
102,5,47.4138510754403,87.98560293674939,linear
102,6,47.50873166363862,87.2222461064829,linear
102,7,47.60361225183695,86.45888927621641,linear
102,8,47.69849284003527,85.69553244594992,linear
102,9,47.7933734282336,84.93217561568343,linear
102,10,47.88825401643192,84.16881878541695,linear
102,11,47.98313460463025,83.40546195515046,linear
102,12,48.07801519282857,82.64210512488397,linear
102,13,48.1728957810269,81.87874829461748,linear
103,0,51.20979988574316,80.67854700669783,circular
103,1,49.08713005811254,86.51053442707058,circular
103,2,43.712341378416426,89.61367011813049,circular
103,3,37.60035720400703,88.53596240251896,circular
103,4,33.611042857228256,83.78168269775773,circular
103,5,33.611042857228256,77.57541131563792,circular
103,6,37.600357204007025,72.82113161087669,circular
103,7,43.71234137841642,71.74342389526517,circular
103,8,49.08713005811254,74.84655958632507,circular
103,9,51.20979988574316,80.67854700669783,circular
104,0,86.9245784643206,25.71408888337986,sinuous
104,1,96.29484306578786,19.98963130259188,sinuous
104,2,85.64110143872759,24.0094505420803,sinuous
104,3,75.73513186478513,27.665381666428928,sinuous
104,4,85.82524388545615,21.590624927668763,sinuous
104,5,94.4208546112349,16.24313695618178,sinuous
104,6,83.07619406771242,20.59917788405449,sinuous
104,7,73.97067989243067,23.865583610846933,sinuous
104,8,84.72181880046368,17.469151533865777,sinuous
104,9,92.49228888592293,12.52320153251178,sinuous
104,10,80.5174153243352,17.18592285359277,sinuous
104,11,72.26057632472225,20.03933800558046,sinuous
104,12,83.61023551304885,13.351648163935742,sinuous
105,0,64.83028852094766,83.20004568787823,linear
105,1,64.48750057786859,82.7220109743633,linear
105,2,64.14471263478951,82.24397626084838,linear
105,3,63.80192469171045,81.76594154733345,linear
105,4,63.45913674863138,81.28790683381854,linear
105,5,63.116348805552306,80.80987212030361,linear
105,6,62.77356086247324,80.3318374067887,linear
105,7,62.430772919394165,79.85380269327376,linear
105,8,62.0879849763151,79.37576797975885,linear
105,9,61.745197033236025,78.89773326624392,linear
105,10,61.40240909015696,78.419698552729,linear
105,11,61.059621147077884,77.94166383921407,linear
105,12,60.71683320399882,77.46362912569916,linear
105,13,60.37404526091974,76.98559441218423,linear
105,14,60.03125731784068,76.50755969866931,linear
105,15,59.6884693747616,76.02952498515438,linear
105,16,59.345681431682536,75.55149027163947,linear
105,17,59.00289348860346,75.07345555812454,linear
106,0,67.33977597196133,49.923912537676586,circular
106,1,65.53733984288144,54.876065102332774,circular
106,2,60.9734113522845,57.51105044494112,circular
106,3,55.78350336333604,56.5959296390951,circular
106,4,52.39603150346746,52.55889788028493,circular
106,5,52.39603150346746,47.28892719506824,circular
106,6,55.78350336333603,43.251895436258074,circular
106,7,60.973411352284494,42.33677463041205,circular
106,8,65.53733984288144,44.9717599730204,circular
106,9,67.33977597196133,49.923912537676586,circular
107,0,29.833841381306037,82.63810836242358,sinuous
107,1,23.894477627087284,83.75782770393376,sinuous
107,2,19.39359313278591,84.78575122129143,sinuous
107,3,17.42401553015347,85.65214067362753,sinuous
107,4,18.470325691413663,86.32607277843543,sinuous
107,5,22.292417977832237,86.82286975523228,sinuous
107,6,27.983195131310403,87.20041755532363,sinuous
107,7,34.18653432568862,87.54525646882567,sinuous
107,8,39.42314939911678,87.95178639163419,sinuous
107,9,42.446047956992274,88.49958351074336,sinuous
107,10,42.54017069489991,89.23427897287581,sinuous
107,11,39.69421272387763,90.15659419378507,sinuous
107,12,34.60334001783764,91.22216750954159,sinuous
107,13,28.502148249036864,92.35221382369812,sinuous
107,14,22.86800226878198,93.45245584781645,sinuous
107,15,19.066040675462986,94.4357779548497,sinuous
107,16,18.021147185740976,95.24315915966318,sinuous
107,17,19.99571068195658,95.85785524885455,sinuous
108,0,95.78151350428887,54.975823688963374,linear
108,1,95.21825596148777,55.145416441530664,linear
108,2,94.65499841868669,55.31500919409796,linear
108,3,94.09174087588559,55.48460194666525,linear
108,4,93.5284833330845,55.65419469923255,linear
108,5,92.96522579028341,55.82378745179984,linear
108,6,92.40196824748232,55.99338020436713,linear
108,7,91.83871070468122,56.162972956934425,linear
108,8,91.27545316188014,56.332565709501715,linear
108,9,90.71219561907904,56.50215846206901,linear
108,10,90.14893807627794,56.6717512146363,linear
108,11,89.58568053347686,56.8413439672036,linear
108,12,89.02242299067576,57.01093671977089,linear
108,13,88.45916544787467,57.18052947233818,linear
108,14,87.89590790507359,57.350122224905476,linear
108,15,87.33265036227249,57.519714977472766,linear
108,16,86.76939281947139,57.68930773004006,linear
108,17,86.20613527667031,57.85890048260735,linear
109,0,54.40052970595246,7.23751991453736,circular
109,1,52.51782708759157,13.64941619651243,circular
109,2,47.467464011297444,18.025580713254644,circular
109,3,40.85289506963317,18.97661215119927,circular
109,4,34.77419916526634,16.200564748465922,circular
109,5,31.161319297820548,10.578813940808793,circular
109,6,31.161319297820548,3.8962258882659304,circular
109,7,34.77419916526633,-1.7255249193912015,circular
109,8,40.85289506963317,-4.501572322124549,circular
109,9,47.46746401129744,-3.5505408841799255,circular
109,10,52.51782708759157,0.8256236325622934,circular
109,11,54.40052970595246,7.237519914537358,circular
110,0,34.905142318691176,37.650861266919534,sinuous
110,1,39.20815890725704,44.73182744116782,sinuous
110,2,41.901251321888935,48.20123913352833,sinuous
110,3,42.14898208031929,46.184953429525955,sinuous
110,4,40.29230454508129,39.44783346029963,sinuous
110,5,37.68454039000307,31.025795473138665,sinuous
110,6,36.04033674806997,24.765319717393755,sinuous
110,7,36.610800415319304,23.473023069627295,sinuous
110,8,39.58162753975822,27.565479034643406,sinuous
110,9,43.98377072130934,34.86881660809578,sinuous
110,10,48.15961892705469,41.66450503425761,sinuous
110,11,50.56042491405488,44.478228480674936,sinuous
110,12,50.49136151698805,41.751276168489404,sinuous
111,0,83.93221504695919,63.226905502898624,linear
111,1,84.45032178375584,62.47990370217946,linear
111,2,84.96842852055248,61.73290190146031,linear
111,3,85.48653525734913,60.98590010074115,linear
111,4,86.00464199414577,60.23889830002199,linear
111,5,86.52274873094242,59.49189649930283,linear
111,6,87.04085546773906,58.74489469858367,linear
111,7,87.55896220453572,57.99789289786452,linear
111,8,88.07706894133236,57.250891097145356,linear
111,9,88.59517567812901,56.503889296426195,linear
111,10,89.11328241492565,55.75688749570704,linear
111,11,89.6313891517223,55.00988569498788,linear
112,0,39.274673026999054,4.972547158437701,circular
112,1,38.72733354934869,7.54757694509778,circular
112,2,37.17995508450642,9.677360688233122,circular
112,3,34.9000934265355,10.99363943017774,circular
112,4,32.28195736799205,11.268816618432442,circular
112,5,29.778246418417616,10.455311617241719,circular
112,6,27.82187494649354,8.693786831772364,circular
112,7,26.75111735279236,6.288825900382321,circular
112,8,26.751117352792356,3.656268416493085,circular
112,9,27.82187494649354,1.2513074851030388,circular
112,10,29.778246418417613,-0.5102173003663149,circular
112,11,32.28195736799204,-1.3237223015570407,circular
112,12,34.9000934265355,-1.0485451133023398,circular
112,13,37.17995508450642,0.2677336286422758,circular
112,14,38.72733354934869,2.397517371777617,circular
112,15,39.274673026999054,4.972547158437699,circular
113,0,35.06059989646844,19.397871240018127,sinuous
113,1,34.408127397420806,8.562645211882444,sinuous
113,2,33.19909825053828,22.305702901477158,sinuous
113,3,32.14180336504166,29.347973275798164,sinuous
113,4,31.59969775504167,13.638798256829729,sinuous
113,5,30.76540162552727,10.83314620572736,sinuous
113,6,29.495576238656287,27.26104692292831,sinuous
113,7,28.636679886838138,25.541773492318423,sinuous
113,8,28.101281045278895,9.536418635759087,sinuous
113,9,27.066757913124963,15.573058017109592,sinuous
113,10,25.84481372558473,29.886461123915474,sinuous
113,11,25.17309050589179,19.90137258965718,sinuous
113,12,24.538781379166977,8.26402781950723,sinuous
113,13,23.34405106547247,21.37562996851146,sinuous
113,14,22.26469451104495,29.392173061305844,sinuous
114,0,74.16436291790002,0.8845295932706665,linear
114,1,73.72849192261536,0.4365993805482361,linear
114,2,73.2926209273307,-0.011330832174194283,linear
114,3,72.85674993204604,-0.45926104489662456,linear
114,4,72.42087893676138,-0.9071912576190551,linear
114,5,71.98500794147674,-1.3551214703414853,linear
114,6,71.54913694619208,-1.8030516830639156,linear
114,7,71.11326595090742,-2.250981895786346,linear
114,8,70.67739495562276,-2.6989121085087766,linear
114,9,70.2415239603381,-3.146842321231207,linear
114,10,69.80565296505344,-3.594772533953637,linear
114,11,69.36978196976878,-4.042702746676067,linear
114,12,68.93391097448412,-4.490632959398498,linear
114,13,68.49803997919946,-4.9385631721209275,linear
114,14,68.06216898391482,-5.386493384843359,linear
114,15,67.62629798863016,-5.834423597565788,linear
114,16,67.1904269933455,-6.282353810288219,linear
115,0,78.37984613361755,56.437614593164874,circular
115,1,76.92524598328916,61.39152776282463,circular
115,2,73.02327080231973,64.77260850379525,circular
115,3,67.91277014062788,65.50738757039349,circular
115,4,63.216291849228604,63.3625778006752,circular
115,5,60.424934601911254,59.019141142024274,circular
115,6,60.424934601911254,53.85608804430547,circular
115,7,63.216291849228604,49.51265138565455,circular
115,8,67.91277014062788,47.367841615936264,circular
115,9,73.02327080231973,48.10262068253449,circular
115,10,76.92524598328916,51.48370142350512,circular
115,11,78.37984613361755,56.437614593164874,circular
116,0,60.74402729893753,92.37815164240499,sinuous
116,1,53.115466625358806,99.46493109729235,sinuous
116,2,66.92883367304229,90.06025068252968,sinuous
116,3,67.68021870091309,90.70182893900699,sinuous
116,4,54.94676720304531,101.71489260033842,sinuous
116,5,63.489983201457356,96.36360167862352,sinuous
116,6,72.55672684094299,90.60965409302777,sinuous
116,7,60.02788069677457,101.46535126084649,sinuous
116,8,60.131096704031634,102.60545061725279,sinuous
116,9,74.13470965407429,93.05444787994026,sinuous
116,10,67.0384241044288,99.73184278880781,sinuous
116,11,58.89536645420362,107.21433322424323,sinuous
116,12,72.48987937001976,97.97797835277667,sinuous
116,13,73.88908281711318,98.12130516459324,sinuous
117,0,73.06218810817764,31.628736122137724,linear
117,1,71.98364478143212,31.361692692023304,linear
117,2,70.9051014546866,31.094649261908884,linear
117,3,69.82655812794107,30.827605831794468,linear
117,4,68.74801480119555,30.56056240168005,linear
117,5,67.66947147445003,30.29351897156563,linear
117,6,66.59092814770452,30.02647554145121,linear
117,7,65.512384820959,29.759432111336793,linear
117,8,64.43384149421348,29.492388681222373,linear
117,9,63.35529816746796,29.225345251107953,linear
118,0,39.143537542805824,95.20903234358123,circular
118,1,38.08115323907538,99.17390454226694,circular
118,2,35.178665344120105,102.07639243722221,circular
118,3,31.213793145434387,103.13877674095266,circular
118,4,27.248920946748672,102.07639243722221,circular
118,5,24.3464330517934,99.17390454226695,circular
118,6,23.28404874806295,95.20903234358123,circular
118,7,24.346433051793397,91.24416014489552,circular
118,8,27.248920946748665,88.34167224994025,circular
118,9,31.213793145434387,87.27928794620979,circular
118,10,35.1786653441201,88.34167224994023,circular
118,11,38.08115323907537,91.2441601448955,circular
118,12,39.143537542805824,95.20903234358123,circular
119,0,12.663587517674735,29.819558586168537,sinuous
119,1,20.648811451715975,24.731814431609187,sinuous
119,2,16.906910022018685,25.527681453260158,sinuous
119,3,6.046468249329287,29.894988382071844,sinuous
119,4,2.5920914745112356,30.546601529016712,sinuous
119,5,10.75184717076007,25.371293116817256,sinuous
119,6,18.555489837740716,20.374650024038285,sinuous
119,7,14.528834103225396,21.31338100922134,sinuous
119,8,3.677123479275565,25.676307437039654,sinuous
119,9,0.5128009470365402,26.182397590888357,sinuous
119,10,8.839892754288702,20.923135048214007,sinuous
119,11,16.455056698697966,16.02105353674359,sinuous
119,12,12.146655452000015,17.10113894536025,sinuous
119,13,1.3123998143928404,21.45530803925905,sinuous
120,0,74.99954380040775,69.11529096386074,linear
120,1,76.09453268260147,68.9266981508834,linear
120,2,77.1895215647952,68.73810533790603,linear
120,3,78.28451044698892,68.54951252492869,linear
120,4,79.37949932918264,68.36091971195133,linear
120,5,80.47448821137635,68.17232689897398,linear
120,6,81.56947709357009,67.98373408599662,linear
120,7,82.6644659757638,67.79514127301927,linear
120,8,83.75945485795752,67.6065484600419,linear
120,9,84.85444374015125,67.41795564706456,linear
121,0,17.9188580938655,15.182650737942648,circular
121,1,15.901152291695979,21.392510668142773,circular
121,2,10.618729922318302,25.230415170382496,circular
121,3,4.08929678790199,25.2304151703825,circular
121,4,-1.1931255814756883,21.392510668142773,circular
121,5,-3.2108313836452096,15.18265073794265,circular
121,6,-1.1931255814756883,8.972790807742527,circular
121,7,4.089296787901987,5.1348863055028,circular
121,8,10.618729922318298,5.134886305502798,circular
121,9,15.901152291695979,8.972790807742523,circular
121,10,17.9188580938655,15.182650737942646,circular
122,0,33.25151201326521,72.52847713922289,sinuous
122,1,29.011960530388826,72.58842341061923,sinuous
122,2,27.99403790024312,73.20859613264548,sinuous
122,3,30.891015259332814,74.5095519696111,sinuous
122,4,35.32372180608945,76.07756405397969,sinuous
122,5,37.70773532136433,77.28931783612812,sinuous
122,6,36.06646275290199,77.80109286884654,sinuous
122,7,31.5823847950108,77.81851711010074,sinuous
122,8,27.66903645354679,77.93518860853335,sinuous
122,9,27.29203998726318,78.6668154447081,sinuous
122,10,30.641663025430045,80.04648428487005,sinuous
122,11,34.9834951508289,81.59869372503051,sinuous
122,12,36.80443305004184,82.71253124548566,sinuous
122,13,34.56978950285304,83.1211217921833,sinuous
122,14,29.927727056207633,83.1110732569523,sinuous
122,15,26.415768089878767,83.29754452290373,sinuous
122,16,26.68452156648101,84.14146430622874,sinuous
123,0,88.88054310134996,4.782824962880083,linear
123,1,89.4359426263673,4.79599093869502,linear
123,2,89.99134215138463,4.809156914509956,linear
123,3,90.54674167640196,4.822322890324894,linear
123,4,91.1021412014193,4.83548886613983,linear
123,5,91.65754072643664,4.848654841954767,linear
123,6,92.21294025145397,4.861820817769704,linear
123,7,92.76833977647131,4.8749867935846405,linear
123,8,93.32373930148864,4.888152769399578,linear
123,9,93.87913882650598,4.901318745214514,linear
123,10,94.43453835152332,4.914484721029451,linear
123,11,94.98993787654065,4.927650696844388,linear
123,12,95.54533740155799,4.940816672659325,linear
123,13,96.10073692657532,4.953982648474262,linear
123,14,96.65613645159266,4.967148624289199,linear
123,15,97.21153597661,4.980314600104135,linear
123,16,97.76693550162733,4.993480575919072,linear
123,17,98.32233502664467,5.006646551734009,linear
123,18,98.877734551662,5.019812527548946,linear
124,0,65.75901285279922,69.2643290700076,circular
124,1,65.10837938529127,72.53528439610905,circular
124,2,63.25553203018847,75.30826642509543,circular
124,3,60.4825500012021,77.16111378019824,circular
124,4,57.21159467510065,77.81174724770617,circular
124,5,53.9406393489992,77.16111378019824,circular
124,6,51.16765732001283,75.30826642509543,circular
124,7,49.314809964910026,72.53528439610905,circular
124,8,48.66417649740208,69.2643290700076,circular
124,9,49.314809964910026,65.99337374390616,circular
124,10,51.16765732001283,63.220391714919785,circular
124,11,53.9406393489992,61.36754435981698,circular
124,12,57.21159467510065,60.71691089230904,circular
124,13,60.4825500012021,61.36754435981698,circular
124,14,63.25553203018846,63.220391714919785,circular
124,15,65.10837938529127,65.99337374390615,circular
124,16,65.75901285279922,69.2643290700076,circular
125,0,0.6622873808256657,5.553561771898297,sinuous
125,1,6.949680921176045,-7.144483222628573,sinuous
125,2,0.9992313423123993,0.18252281708339346,sinuous
125,3,-9.077462595188864,14.261392976684911,sinuous
125,4,-8.307562863345025,10.591744082690536,sinuous
125,5,0.2457367816394087,-5.814052755202383,sinuous
125,6,0.5767785711766087,-8.765588775395196,sinuous
125,7,-9.647885485817609,5.555408135262363,sinuous
125,8,-15.209368338077981,12.245939391389134,sinuous
125,9,-8.642856423945902,-0.9088331183643996,sinuous
125,10,-2.650319021920327,-13.124398548461945,sinuous
126,0,28.764134954761623,23.325254638315084,linear
126,1,29.213066534795733,23.70536146237084,linear
126,2,29.661998114829842,24.085468286426593,linear
126,3,30.11092969486395,24.465575110482348,linear
126,4,30.55986127489806,24.845681934538103,linear
126,5,31.008792854932175,25.225788758593858,linear
126,6,31.45772443496628,25.60589558264961,linear
126,7,31.906656015000394,25.986002406705367,linear
126,8,32.3555875950345,26.36610923076112,linear
126,9,32.80451917506861,26.746216054816873,linear
126,10,33.25345075510272,27.126322878872628,linear
126,11,33.70238233513683,27.506429702928383,linear
126,12,34.151313915170945,27.886536526984138,linear
126,13,34.60024549520505,28.266643351039892,linear
126,14,35.049177075239164,28.646750175095647,linear
126,15,35.49810865527327,29.026856999151402,linear
126,16,35.947040235307384,29.406963823207157,linear
126,17,36.39597181534149,29.78707064726291,linear
127,0,24.910063138649303,42.17751095659952,circular
127,1,24.21117093841731,45.4655402450906,circular
127,2,22.235339148377754,48.18503939879324,circular
127,3,19.324207034896776,49.865782308158046,circular
127,4,15.981135787200232,50.21715325508586,circular
127,5,12.784172794863686,49.17839701074803,circular
127,6,10.286102002759131,46.92912396659478,circular
127,7,8.91886254510214,43.85825386596433,circular
127,8,8.91886254510214,40.49676804723472,circular
127,9,10.28610200275913,37.42589794660426,circular
127,10,12.78417279486368,35.17662490245101,circular
127,11,15.981135787200225,34.13786865811318,circular
127,12,19.324207034896776,34.48923960504099,circular
127,13,22.23533914837775,36.169982514405795,circular
127,14,24.211170938417304,38.88948166810843,circular
127,15,24.910063138649303,42.17751095659952,circular
128,0,20.842592141837258,36.80766537878755,sinuous
128,1,26.598949190249925,29.15236759094756,sinuous
128,2,22.126537618920917,32.166798944269686,sinuous
128,3,13.095003809566636,39.93689554035561,sinuous
128,4,12.260166495344617,39.15693741269095,sinuous
128,5,19.637847312489047,29.81042085692335,sinuous
128,6,22.479279478695783,25.195709880280255,sinuous
128,7,15.086316504627401,31.256597123701223,sinuous
128,8,7.667972115223455,37.34395997106997,sinuous
128,9,10.472709972100168,32.76752518935592,sinuous
128,10,17.85941697670332,23.411593328682905,sinuous
128,11,17.065297084807362,22.58916245735808,sinuous
129,0,72.02967684635985,65.256930881677,linear
129,1,71.49929125619647,65.99526509241002,linear
129,2,70.96890566603308,66.73359930314307,linear
129,3,70.4385200758697,67.4719335138761,linear
129,4,69.90813448570631,68.21026772460914,linear
129,5,69.37774889554294,68.94860193534217,linear
129,6,68.84736330537955,69.68693614607521,linear
129,7,68.31697771521617,70.42527035680824,linear
129,8,67.78659212505278,71.16360456754128,linear
129,9,67.2562065348894,71.90193877827431,linear
129,10,66.72582094472601,72.64027298900736,linear
129,11,66.19543535456263,73.37860719974039,linear
130,0,76.43982058639784,79.69935587329677,circular
130,1,74.78155425074739,84.80297487478009,circular
130,2,70.44015662161476,87.95718488332658,circular
130,3,65.07389403465044,87.95718488332659,circular
130,4,60.732496405517814,84.80297487478009,circular
130,5,59.07423006986736,79.69935587329677,circular
130,6,60.73249640551781,74.59573687181344,circular
130,7,65.07389403465042,71.44152686326696,circular
130,8,70.44015662161476,71.44152686326694,circular
130,9,74.78155425074739,74.59573687181344,circular
130,10,76.43982058639784,79.69935587329677,circular
131,0,27.724325103579407,0.27322116384030926,sinuous
131,1,18.214351910935832,2.0908711989124877,sinuous
131,2,18.185589108454103,2.8839500716516846,sinuous
131,3,27.749846691430665,2.640375221696178,sinuous
131,4,37.539042817646234,2.372492763828182,sinuous
131,5,37.962809756359206,3.1166697660417335,sinuous
131,6,28.685764353324966,4.909148848638548,sinuous
131,7,18.95893607937829,6.750232965812636,sinuous
131,8,18.47783307789807,7.592193226516677,sinuous
131,9,27.801271186758363,7.37464213073962,sinuous
131,10,37.799148102535646,7.0842089319514905,sinuous
131,11,38.67487623524449,7.779545502742673,sinuous
131,12,29.646441123535972,9.545158929513958,sinuous
131,13,19.719193757770295,11.40790100104288,sinuous
131,14,18.78669787135693,12.298640279799793,sinuous
131,15,27.853839002165245,12.108785488808634,sinuous
131,16,38.043789366431675,11.79759619367061,sinuous
132,0,95.75788077295417,21.79900775660607,linear
132,1,94.87616627361233,21.577590000673727,linear
132,2,93.9944517742705,21.356172244741384,linear
132,3,93.11273727492866,21.13475448880904,linear
132,4,92.23102277558684,20.9133367328767,linear
132,5,91.349308276245,20.691918976944358,linear
132,6,90.46759377690316,20.470501221012015,linear
132,7,89.58587927756133,20.24908346507967,linear
132,8,88.70416477821949,20.02766570914733,linear
132,9,87.82245027887765,19.806247953214985,linear
132,10,86.94073577953583,19.584830197282642,linear
132,11,86.05902128019399,19.3634124413503,linear
133,0,19.01613529852063,33.005478233205146,circular
133,1,17.317001070171273,39.34673350228428,circular
133,2,12.674880029441495,43.988854543014064,circular
133,3,6.333624760362356,45.68798877136342,circular
133,4,-0.007630508716780504,43.988854543014064,circular
133,5,-4.649751549446563,39.34673350228429,circular
133,6,-6.348885777795921,33.005478233205146,circular
133,7,-4.649751549446567,26.66422296412601,circular
133,8,-0.007630508716788498,22.022101923396228,circular
133,9,6.333624760362352,20.32296769504687,circular
133,10,12.674880029441484,22.02210192339622,circular
133,11,17.317001070171273,26.664222964126004,circular
133,12,19.01613529852063,33.005478233205146,circular
134,0,40.46538034586059,7.871714099056748,sinuous
134,1,41.09044525967153,3.3999766228412227,sinuous
134,2,41.079943487881394,1.0264613900227149,sinuous
134,3,40.11066510472519,1.8181945221567384,sinuous
134,4,38.33060228253042,5.2866034196072,sinuous
134,5,36.28621678940601,9.627631540411326,sinuous
134,6,34.65387489429973,12.608363311205643,sinuous
134,7,33.90743916968818,12.66441687811211,sinuous
134,8,34.08538312942727,9.668778059325756,sinuous
134,9,34.77188296562296,4.994222966030234,sinuous
134,10,35.30117907392681,0.8386509567766849,sinuous
134,11,35.08477148016124,-0.855098980752274,sinuous
134,12,33.90064510851284,0.6459205860177875,sinuous
134,13,32.00238171468895,4.504549855607325,sinuous
134,14,29.99453413481905,8.724953871884296,sinuous
134,15,28.53551164851538,11.133499203393901,sinuous
134,16,28.013996956217852,10.447011784907517,sinuous
134,17,28.3579234719561,6.903407978491353,sinuous
134,18,29.069893298828916,2.1447677652727624,sinuous
135,0,20.868520221853647,32.791921294042815,linear
135,1,21.019123395623133,33.36055073866931,linear
135,2,21.16972656939262,33.9291801832958,linear
135,3,21.320329743162105,34.497809627922294,linear
135,4,21.47093291693159,35.06643907254878,linear
135,5,21.621536090701078,35.63506851717528,linear
135,6,21.772139264470564,36.203697961801765,linear
135,7,21.92274243824005,36.77232740642826,linear
135,8,22.07334561200954,37.34095685105475,linear
135,9,22.223948785779022,37.909586295681244,linear
135,10,22.374551959548512,38.47821574030773,linear
135,11,22.525155133318,39.04684518493423,linear
135,12,22.675758307087484,39.615474629560715,linear
135,13,22.82636148085697,40.18410407418721,linear
135,14,22.976964654626457,40.752733518813706,linear
135,15,23.127567828395943,41.321362963440194,linear
135,16,23.27817100216543,41.88999240806669,linear
135,17,23.428774175934915,42.45862185269318,linear
136,0,97.14064789722669,40.97637736045356,circular
136,1,96.64363565311429,43.635158030907974,circular
136,2,95.21972317838438,45.934855639005235,circular
136,3,93.06121774292066,47.564883279707445,circular
136,4,90.459637466474,48.30509668784282,circular
136,5,87.7663401812325,48.055525940978576,circular
136,6,85.34507060964344,46.849876951397995,circular
136,7,83.52283462406784,44.8509792958756,circular
136,8,82.5457352917158,42.32879517906396,circular
136,9,82.5457352917158,39.62395954184316,circular
136,10,83.52283462406784,37.101775425031526,circular
136,11,85.34507060964344,35.10287776950913,circular
136,12,87.7663401812325,33.89722877992855,circular
136,13,90.45963746647399,33.6476580330643,circular
136,14,93.06121774292066,34.38787144119968,circular
136,15,95.21972317838438,36.01789908190189,circular
136,16,96.64363565311429,38.31759668999915,circular
136,17,97.14064789722669,40.97637736045356,circular
137,0,26.340604240200527,24.030335991311922,sinuous
137,1,38.273040906374064,19.785292114300773,sinuous
137,2,25.406281485076967,22.426660782711746,sinuous
137,3,13.464445528098867,24.811190296910798,sinuous
137,4,26.287309241375674,20.318886469765488,sinuous
137,5,37.26161262198338,16.339903680163562,sinuous
137,6,23.540161181228225,19.218609148707422,sinuous
137,7,12.588335539247662,21.328225741162978,sinuous
137,8,26.228967342391048,16.608838406413636,sinuous
137,9,36.18276051227795,12.913237960862359,sinuous
137,10,21.68160245091287,16.008457764587817,sinuous
137,11,11.779367355408478,17.826616783930277,sinuous
137,12,26.1605597148725,12.901585464283063,sinuous
137,13,35.0371420141052,9.505112394779516,sinuous
137,14,19.8355996024051,12.794819776237432,sinuous
138,0,72.58452570926572,69.43231706066445,linear
138,1,71.9375061967983,69.73492213682655,linear
138,2,71.29048668433087,70.03752721298865,linear
138,3,70.64346717186345,70.34013228915076,linear
138,4,69.99644765939603,70.64273736531285,linear
138,5,69.3494281469286,70.94534244147496,linear
138,6,68.70240863446118,71.24794751763706,linear
138,7,68.05538912199376,71.55055259379917,linear
138,8,67.40836960952635,71.85315766996126,linear
138,9,66.76135009705892,72.15576274612337,linear
138,10,66.1143305845915,72.45836782228548,linear
138,11,65.46731107212408,72.76097289844758,linear
138,12,64.82029155965665,73.06357797460969,linear
138,13,64.17327204718923,73.36618305077178,linear
138,14,63.526252534721806,73.66878812693389,linear
139,0,74.90699998890402,70.37006365287829,circular
139,1,74.09453812535646,74.19239619892707,circular
139,2,71.79763457190549,77.35381272296299,circular
139,3,68.41344481965648,79.30767558741273,circular
139,4,64.527126021172,79.71614415272606,circular
139,5,60.81065800280791,78.50859049313989,circular
139,6,57.906651847991384,75.89381160667727,circular
139,7,56.31723660295788,72.32392651732803,circular
139,8,56.31723660295788,68.41620078842855,circular
139,9,57.906651847991384,64.8463156990793,circular
139,10,60.81065800280791,62.23153681261668,circular
139,11,64.527126021172,61.023983153030514,circular
139,12,68.41344481965648,61.43245171834384,circular
139,13,71.79763457190549,63.38631458279358,circular
139,14,74.09453812535646,66.54773110682949,circular
139,15,74.90699998890402,70.37006365287829,circular
140,0,35.87030236335178,41.29391598707309,sinuous
140,1,33.76023562840185,36.501937939068874,sinuous
140,2,32.62572083791629,35.08912838377525,sinuous
140,3,32.78109711515738,38.14431182447106,sinuous
140,4,33.66643695230276,43.72798170451255,sinuous
140,5,34.22705572730584,48.186865571531186,sinuous
140,6,33.62835933284986,48.63005215457954,sinuous
140,7,31.82151812881031,44.88840276006427,sinuous
140,8,29.57656285712467,39.62919065450773,sinuous
140,9,27.960470660504257,36.548267774397054,sinuous
140,10,27.613985788196143,37.865077985563524,sinuous
140,11,28.31733384101368,42.81835508434672,sinuous
140,12,29.139181189990488,48.18209632116168,sinuous
140,13,29.067877361559,50.45209320632905,sinuous
140,14,27.697134839116863,48.221025521920176,sinuous
140,15,25.501403958844833,43.132319470379095,sinuous
140,16,23.514298392751062,38.76626083136518,sinuous
140,17,22.62802905787536,38.2133370328633,sinuous
140,18,22.988678452104182,41.97955636791768,sinuous
141,0,70.33573372683207,78.38081818606847,linear
141,1,70.93640139227638,79.18031700138322,linear
141,2,71.53706905772069,79.97981581669796,linear
141,3,72.13773672316499,80.77931463201271,linear
141,4,72.73840438860928,81.57881344732748,linear
141,5,73.33907205405359,82.37831226264223,linear
141,6,73.9397397194979,83.17781107795697,linear
141,7,74.5404073849422,83.97730989327172,linear
141,8,75.1410750503865,84.77680870858647,linear
141,9,75.74174271583081,85.57630752390122,linear
141,10,76.3424103812751,86.37580633921598,linear
142,0,32.44816511139341,6.177640578097787,circular
142,1,31.739284511425968,9.969816845745862,circular
142,2,29.708380964592266,13.249838695273967,circular
142,3,26.62973924851723,15.574721000674831,circular
142,4,22.919146986299452,16.63047552398649,circular
142,5,19.07774022405296,16.274516766697943,circular
142,6,15.624322230988831,14.554918931416566,circular
142,7,13.02529624312007,11.703923234417655,circular
142,8,11.63167512180852,8.106572442493436,circular
142,9,11.63167512180852,4.2487087137021415,circular
142,10,13.02529624312007,0.651357921777918,circular
142,11,15.624322230988827,-2.1996377752209906,circular
142,12,19.077740224052956,-3.919235610502369,circular
142,13,22.919146986299445,-4.2751943677909185,circular
142,14,26.629739248517232,-3.2194398444792576,circular
142,15,29.708380964592266,-0.8945575390783915,circular
142,16,31.739284511425968,2.3854643104497106,circular
142,17,32.44816511139341,6.177640578097784,circular
143,0,51.8102429114794,8.064316780988667,sinuous
143,1,54.75692521128107,12.544919412449588,sinuous
143,2,56.95315446146449,15.366815213599313,sinuous
143,3,57.90641359671668,15.44140654239341,sinuous
143,4,57.551403110797665,12.624363600890113,sinuous
143,5,56.27248495549623,7.76523160056949,sinuous
143,6,54.7715746380575,2.4154361059769833,sinuous
143,7,53.82688793111704,-1.7049528289604226,sinuous
143,8,54.02546264549033,-3.2984208201705183,sinuous
143,9,55.56138961126591,-1.93597396092931,sinuous
143,10,58.169102296217964,1.7954129591622747,sinuous
143,11,61.214653888260735,6.494543812251149,sinuous
143,12,63.91360926757886,10.427602083319318,sinuous
143,13,65.60066086714802,12.124075784651716,sinuous
143,14,65.9582995566143,10.882182754829842,sinuous
143,15,65.12594476056796,7.010078116900414,sinuous
144,0,57.378548276408395,46.851050493007065,linear
144,1,56.479594920381345,46.19801851452342,linear
144,2,55.580641564354295,45.544986536039765,linear
144,3,54.681688208327245,44.89195455755612,linear
144,4,53.782734852300194,44.238922579072465,linear
144,5,52.88378149627314,43.58589060058882,linear
144,6,51.98482814024609,42.932858622105165,linear
144,7,51.08587478421904,42.27982664362152,linear
144,8,50.18692142819199,41.626794665137865,linear
144,9,49.28796807216494,40.97376268665422,linear
145,0,70.67875111135642,33.78123771404711,circular
145,1,70.23650956904736,35.861820589656496,circular
145,2,68.9862525224237,37.58265178457098,circular
145,3,67.14416077307537,38.646183951929224,circular
145,4,65.02874871934287,38.86852271810857,circular
145,5,63.005790323231736,38.21122369055234,circular
145,6,61.42507346942966,36.787939842499185,circular
145,7,60.559918462320816,34.844769881405355,circular
145,8,60.559918462320816,32.71770554668886,circular
145,9,61.42507346942966,30.774535585595032,circular
145,10,63.005790323231736,29.351251737541883,circular
145,11,65.02874871934287,28.693952709985645,circular
145,12,67.14416077307537,28.916291476164993,circular
145,13,68.9862525224237,29.979823643523236,circular
145,14,70.23650956904736,31.70065483843772,circular
145,15,70.67875111135642,33.78123771404711,circular
146,0,42.41553883333905,40.215982395384295,sinuous
146,1,37.79792181510362,50.50368711007543,sinuous
146,2,43.85413123754192,43.22601742894403,sinuous
146,3,51.65146997607687,33.083059607822065,sinuous
146,4,49.05899769354612,40.038086422408945,sinuous
146,5,43.03059576646783,52.6474482535556,sinuous
146,6,46.831531269712684,49.08116838899559,sinuous
146,7,55.671771519476614,37.22196048600047,sinuous
146,8,55.50469269153694,40.18564039946793,sinuous
146,9,48.82902278449691,53.86017829148167,sinuous
147,0,48.96143969757285,61.2693340128013,linear
147,1,48.02180671516185,61.862341398590026,linear
147,2,47.08217373275085,62.45534878437876,linear
147,3,46.142540750339855,63.04835617016748,linear
147,4,45.202907767928856,63.64136355595621,linear
147,5,44.26327478551786,64.23437094174494,linear
147,6,43.32364180310686,64.82737832753367,linear
147,7,42.38400882069586,65.42038571332239,linear
147,8,41.44437583828486,66.01339309911111,linear
147,9,40.504742855873864,66.60640048489985,linear
148,0,59.10973138764773,48.558516725671616,circular
148,1,58.41110511485136,51.619398420813354,circular
148,2,56.45359779787855,54.07403495698179,circular
148,3,53.62491776810752,55.43625546404724,circular
148,4,50.48531979691836,55.43625546404724,circular
148,5,47.65663976714733,54.07403495698179,circular
148,6,45.699132450174524,51.619398420813354,circular
148,7,45.000506177378156,48.558516725671616,circular
148,8,45.699132450174524,45.49763503052988,circular
148,9,47.65663976714733,43.04299849436144,circular
148,10,50.48531979691836,41.68077798729599,circular
148,11,53.62491776810752,41.68077798729599,circular
148,12,56.45359779787855,43.04299849436144,circular
148,13,58.41110511485136,45.49763503052988,circular
148,14,59.10973138764773,48.558516725671616,circular
149,0,49.148158905977176,41.937866854422786,sinuous
149,1,43.02918824644981,45.46454336615593,sinuous
149,2,43.18758959896947,46.30791965201325,sinuous
149,3,49.78971615472193,44.396887045083275,sinuous
149,4,56.72895752748467,42.341752692567134,sinuous
149,5,57.570522208809564,42.89310672596351,sinuous
149,6,51.81570419759001,46.26412400934721,sinuous
149,7,45.38737306708098,49.923038505394345,sinuous
149,8,44.86406310822126,51.05781637017607,sinuous
149,9,51.07577316618026,49.31366963120237,sinuous
149,10,58.29596313914933,47.138442118531565,sinuous
149,11,59.81633818316663,47.39963460087701,sinuous
149,12,54.477370715379536,50.59289408131682,sinuous
149,13,47.79709999267751,54.359501663474056,sinuous
149,14,46.59932338530334,55.78258433269166,sinuous
149,15,52.370632716380435,54.22668951946814,sinuous
