user_id,timestamp,trajectory_id,ftid,x,y,w,h
47,0,ckz3x1hsf001j3867igiqk5mn,0,0.15625,0.1333333333333333,0.0375,0.0583333333333333
47,0,cl3143jm20003396cuges2p86,0,0.0234375,0.2666666666666666,0.0375,0.0583333333333333
47,0,cl31445hf0007396cqok6byk7,0,0.06484375,0.5510416666666667,0.0390625,0.05625
47,0,cl3144hts000b396c4ihaxgzt,0,0.1765625,0.7770833333333333,0.04375,0.0541666666666666
47,0,cl3144p8j000g396ci3uqwj2m,0,0.14296875,0.775,0.0421875,0.05
47,0,cl31452bd000n396cl5uyjaty,0,0.79765625,0.65,0.0515625,0.0708333333333333
47,0,cl31459ks000r396cqrqm7umg,0,0.7765625,0.3239583333333333,0.05,0.0604166666666666
47,0,cl3145kma000v396c716tkhxm,0,0.9890625,0.45625,0.021875,0.0791666666666666
47,1000,cl31b33wl002d396cl7y99mp1,0,0.69765625,0.790798611111111,0.046875,0.0625
47,1000,cl31b41i8002l396cg1a5d10o,0,0.2013020833333333,0.7201388888888889,0.046875,0.0583333333333333
47,1000,cl31binjb0031396cc23hv73o,0,0.5748697916666667,0.1196180555555555,0.05,0.05625
47,1001,cl31b33wl002d396cl7y99mp1,0,0.7,0.7916666666666666,0.046875,0.0625
47,1001,cl31b41i8002l396cg1a5d10o,0,0.2,0.71875,0.046875,0.0583333333333333
47,1001,cl31binjb0031396cc23hv73o,0,0.5734375,0.121875,0.05,0.05625
47,1001,cl31bo6340035396c2qhutocv,0,0.98984375,0.8072916666666666,0.0203125,0.06875
47,1002,cl31b33wl002d396cl7y99mp1,0,0.7018229166666667,0.7928819444444444,0.046875,0.0625
47,1002,cl31b41i8002l396cg1a5d10o,0,0.2016927083333333,0.7168402777777777,0.046875,0.0583333333333333
47,1002,cl31binjb0031396cc23hv73o,0,0.5712239583333333,0.125,0.05,0.05625
47,1002,cl31bo6340035396c2qhutocv,0,0.9891927083333332,0.8072916666666666,0.0216145833333333,0.06875
47,1003,cl31b33wl002d396cl7y99mp1,0,0.7036458333333333,0.7940972222222222,0.046875,0.0625
47,1003,cl31b41i8002l396cg1a5d10o,0,0.2033854166666666,0.7149305555555556,0.0468749999999999,0.0583333333333333
47,1003,cl31binjb0031396cc23hv73o,0,0.5690104166666667,0.128125,0.05,0.05625
47,1003,cl31bo6340035396c2qhutocv,0,0.9885416666666668,0.8072916666666666,0.0229166666666666,0.06875
47,1004,cl31b33wl002d396cl7y99mp1,0,0.70546875,0.7953125,0.046875,0.0625
47,1004,cl31b41i8002l396cg1a5d10o,0,0.205078125,0.7130208333333333,0.046875,0.0583333333333333
47,1004,cl31binjb0031396cc23hv73o,0,0.566796875,0.13125,0.05,0.05625
47,1004,cl31bo6340035396c2qhutocv,0,0.987890625,0.8072916666666666,0.02421875,0.06875
47,1005,cl31b33wl002d396cl7y99mp1,0,0.7072916666666667,0.7965277777777777,0.046875,0.0625
47,1005,cl31b41i8002l396cg1a5d10o,0,0.2067708333333333,0.711111111111111,0.046875,0.0583333333333333
47,1005,cl31binjb0031396cc23hv73o,0,0.5645833333333333,0.134375,0.05,0.05625
47,1005,cl31bo6340035396c2qhutocv,0,0.9872395833333332,0.8072916666666666,0.0255208333333333,0.06875
47,1006,cl31b33wl002d396cl7y99mp1,0,0.7091145833333333,0.7977430555555556,0.046875,0.0625
47,1006,cl31b41i8002l396cg1a5d10o,0,0.2084635416666666,0.709201388888889,0.0468749999999999,0.0583333333333333
47,1006,cl31binjb0031396cc23hv73o,0,0.5623697916666667,0.1375,0.05,0.05625
47,1006,cl31bo6340035396c2qhutocv,0,0.9865885416666668,0.8072916666666666,0.0268229166666666,0.06875
47,1007,cl31b33wl002d396cl7y99mp1,0,0.7109375,0.7989583333333333,0.046875,0.0625
47,1007,cl31b41i8002l396cg1a5d10o,0,0.21015625,0.7072916666666667,0.046875,0.0583333333333333
47,1007,cl31binjb0031396cc23hv73o,0,0.56015625,0.140625,0.05,0.05625
47,1007,cl31bo6340035396c2qhutocv,0,0.9859375,0.8072916666666666,0.028125,0.06875
47,1008,cl31b33wl002d396cl7y99mp1,0,0.7127604166666667,0.8001736111111111,0.046875,0.0625
47,1008,cl31b41i8002l396cg1a5d10o,0,0.2118489583333333,0.7053819444444444,0.046875,0.0583333333333333
47,1008,cl31binjb0031396cc23hv73o,0,0.5579427083333333,0.14375,0.05,0.05625
47,1008,cl31bo6340035396c2qhutocv,0,0.9852864583333332,0.8072916666666666,0.0294270833333333,0.06875
47,1009,cl31b33wl002d396cl7y99mp1,0,0.7145833333333333,0.8013888888888889,0.046875,0.0625
47,1009,cl31b41i8002l396cg1a5d10o,0,0.2135416666666666,0.7034722222222223,0.0468749999999999,0.0583333333333333
47,1009,cl31binjb0031396cc23hv73o,0,0.5557291666666667,0.146875,0.05,0.05625
47,1009,cl31bo6340035396c2qhutocv,0,0.9846354166666668,0.8072916666666666,0.0307291666666666,0.06875
47,100,cl31445hf0007396cqok6byk7,0,0.2145833333333333,0.3836805555555555,0.0390625,0.05625
47,100,cl3144hts000b396c4ihaxgzt,0,0.1893949468085106,0.7820921985815603,0.04375,0.0541666666666666
47,100,cl3144p8j000g396ci3uqwj2m,0,0.2783854166666666,0.7388888888888889,0.0421875,0.05
47,100,cl31452bd000n396cl5uyjaty,0,0.8169193097014926,0.6425995024875621,0.0515625,0.0708333333333333
47,100,cl31459ks000r396cqrqm7umg,0,0.6111979166666667,0.190625,0.05,0.0604166666666666
47,1010,cl31b33wl002d396cl7y99mp1,0,0.71640625,0.8026041666666667,0.046875,0.0625
47,1010,cl31b41i8002l396cg1a5d10o,0,0.215234375,0.7015625,0.046875,0.0583333333333333
47,1010,cl31binjb0031396cc23hv73o,0,0.553515625,0.15,0.05,0.05625
47,1010,cl31bo6340035396c2qhutocv,0,0.983984375,0.8072916666666666,0.03203125,0.06875
47,1011,cl31b33wl002d396cl7y99mp1,0,0.7182291666666667,0.8038194444444444,0.046875,0.0625
47,1011,cl31b41i8002l396cg1a5d10o,0,0.2169270833333333,0.6996527777777778,0.046875,0.0583333333333333
47,1011,cl31binjb0031396cc23hv73o,0,0.5513020833333333,0.153125,0.05,0.05625
47,1011,cl31bo6340035396c2qhutocv,0,0.9833333333333332,0.8072916666666666,0.0333333333333333,0.06875
47,1012,cl31b33wl002d396cl7y99mp1,0,0.7200520833333333,0.8050347222222223,0.046875,0.0625
47,1012,cl31b41i8002l396cg1a5d10o,0,0.2186197916666666,0.6977430555555556,0.0468749999999999,0.0583333333333333
47,1012,cl31binjb0031396cc23hv73o,0,0.5490885416666667,0.15625,0.05,0.05625
47,1012,cl31bo6340035396c2qhutocv,0,0.9826822916666668,0.8072916666666666,0.0346354166666666,0.06875
47,1013,cl31b33wl002d396cl7y99mp1,0,0.721875,0.80625,0.046875,0.0625
47,1013,cl31b41i8002l396cg1a5d10o,0,0.2203125,0.6958333333333333,0.046875,0.0583333333333333
47,1013,cl31binjb0031396cc23hv73o,0,0.546875,0.159375,0.05,0.05625
47,1013,cl31bo6340035396c2qhutocv,0,0.98203125,0.8072916666666666,0.0359375,0.06875
47,1014,cl31b33wl002d396cl7y99mp1,0,0.72375,0.8061111111111111,0.046875,0.0625
47,1014,cl31b41i8002l396cg1a5d10o,0,0.2184375,0.6966666666666667,0.046875,0.0583333333333333
47,1014,cl31binjb0031396cc23hv73o,0,0.5442708333333333,0.1588194444444444,0.05,0.05625
47,1014,cl31bo6340035396c2qhutocv,0,0.9818229166666668,0.8072916666666666,0.0363541666666666,0.06875
47,1015,cl31b33wl002d396cl7y99mp1,0,0.725625,0.8059722222222222,0.046875,0.0625
47,1015,cl31b41i8002l396cg1a5d10o,0,0.2165625,0.6975,0.046875,0.0583333333333333
47,1015,cl31binjb0031396cc23hv73o,0,0.5416666666666667,0.1582638888888889,0.05,0.05625
47,1015,cl31bo6340035396c2qhutocv,0,0.9816145833333334,0.8072916666666666,0.0367708333333332,0.06875
47,1016,cl31b33wl002d396cl7y99mp1,0,0.7275,0.8058333333333334,0.046875,0.0625
47,1016,cl31b41i8002l396cg1a5d10o,0,0.2146875,0.6983333333333334,0.046875,0.0583333333333333
47,1016,cl31binjb0031396cc23hv73o,0,0.5390625,0.1577083333333333,0.05,0.05625
47,1016,cl31bo6340035396c2qhutocv,0,0.98140625,0.8072916666666666,0.0371874999999999,0.06875
47,1017,cl31b33wl002d396cl7y99mp1,0,0.729375,0.8056944444444445,0.046875,0.0625
47,1017,cl31b41i8002l396cg1a5d10o,0,0.2128125,0.6991666666666667,0.0468749999999999,0.0583333333333333
47,1017,cl31binjb0031396cc23hv73o,0,0.5364583333333333,0.1571527777777777,0.05,0.05625
47,1017,cl31bo6340035396c2qhutocv,0,0.9811979166666668,0.8072916666666666,0.0376041666666667,0.06875
47,1018,cl31b33wl002d396cl7y99mp1,0,0.73125,0.8055555555555556,0.046875,0.0625
47,1018,cl31b41i8002l396cg1a5d10o,0,0.2109375,0.7,0.046875,0.0583333333333333
47,1018,cl31binjb0031396cc23hv73o,0,0.5338541666666667,0.1565972222222222,0.05,0.05625
47,1018,cl31bo6340035396c2qhutocv,0,0.9809895833333332,0.8072916666666666,0.0380208333333333,0.06875
47,1019,cl31b33wl002d396cl7y99mp1,0,0.733125,0.8054166666666667,0.046875,0.0625
47,1019,cl31b41i8002l396cg1a5d10o,0,0.2090625,0.7008333333333333,0.046875,0.0583333333333333
47,1019,cl31binjb0031396cc23hv73o,0,0.53125,0.1560416666666667,0.05,0.05625
47,1019,cl31bo6340035396c2qhutocv,0,0.98078125,0.8072916666666666,0.0384375,0.06875
47,101,cl31445hf0007396cqok6byk7,0,0.214453125,0.3822916666666666,0.0390625,0.05625
47,101,cl3144hts000b396c4ihaxgzt,0,0.1894614361702127,0.7821217494089834,0.04375,0.0541666666666666
47,101,cl3144p8j000g396ci3uqwj2m,0,0.28125,0.7395833333333334,0.0421875,0.05
47,101,cl31452bd000n396cl5uyjaty,0,0.8169892723880597,0.6425373134328358,0.0515625,0.0708333333333333
47,101,cl31459ks000r396cqrqm7umg,0,0.609765625,0.190625,0.05,0.0604166666666666
47,1020,cl31b33wl002d396cl7y99mp1,0,0.735,0.8052777777777779,0.046875,0.0625
47,1020,cl31b41i8002l396cg1a5d10o,0,0.2071875,0.7016666666666667,0.046875,0.0583333333333333
47,1020,cl31binjb0031396cc23hv73o,0,0.5286458333333333,0.1554861111111111,0.05,0.05625
47,1020,cl31bo6340035396c2qhutocv,0,0.9805729166666666,0.8072916666666666,0.0388541666666666,0.06875
47,1021,cl31b33wl002d396cl7y99mp1,0,0.7368750000000001,0.8051388888888888,0.046875,0.0625
47,1021,cl31b41i8002l396cg1a5d10o,0,0.2053125,0.7025,0.046875,0.0583333333333333
47,1021,cl31binjb0031396cc23hv73o,0,0.5260416666666667,0.1549305555555555,0.05,0.0562499999999999
47,1021,cl31bo6340035396c2qhutocv,0,0.9803645833333334,0.8072916666666666,0.0392708333333333,0.06875
47,1022,cl31b33wl002d396cl7y99mp1,0,0.73875,0.8049999999999999,0.046875,0.0625
47,1022,cl31b41i8002l396cg1a5d10o,0,0.2034375,0.7033333333333334,0.0468749999999999,0.0583333333333333
47,1022,cl31binjb0031396cc23hv73o,0,0.5234375,0.1543749999999999,0.05,0.0562499999999999
47,1022,cl31bo6340035396c2qhutocv,0,0.98015625,0.8072916666666666,0.0396874999999999,0.06875
47,1023,cl31b33wl002d396cl7y99mp1,0,0.740625,0.804861111111111,0.046875,0.0625
47,1023,cl31b41i8002l396cg1a5d10o,0,0.2015625,0.7041666666666667,0.046875,0.0583333333333333
47,1023,cl31binjb0031396cc23hv73o,0,0.5208333333333333,0.1538194444444444,0.05,0.0562499999999999
47,1023,cl31bo6340035396c2qhutocv,0,0.9799479166666668,0.8072916666666666,0.0401041666666666,0.06875
47,1024,cl31b33wl002d396cl7y99mp1,0,0.7424999999999999,0.8047222222222222,0.046875,0.0625
47,1024,cl31b41i8002l396cg1a5d10o,0,0.1996875,0.705,0.046875,0.0583333333333333
47,1024,cl31binjb0031396cc23hv73o,0,0.5182291666666667,0.1532638888888889,0.05,0.0562499999999999
47,1024,cl31bo6340035396c2qhutocv,0,0.9797395833333332,0.8072916666666666,0.0405208333333332,0.06875
47,1025,cl31b33wl002d396cl7y99mp1,0,0.744375,0.8045833333333333,0.046875,0.0625
47,1025,cl31b41i8002l396cg1a5d10o,0,0.1978125,0.7058333333333333,0.046875,0.0583333333333333
47,1025,cl31binjb0031396cc23hv73o,0,0.515625,0.1527083333333333,0.05,0.05625
47,1025,cl31bo6340035396c2qhutocv,0,0.97953125,0.8072916666666666,0.0409375,0.06875
47,1026,cl31b33wl002d396cl7y99mp1,0,0.7462500000000001,0.8044444444444444,0.046875,0.0625
47,1026,cl31b41i8002l396cg1a5d10o,0,0.1959375,0.7066666666666667,0.046875,0.0583333333333333
47,1026,cl31binjb0031396cc23hv73o,0,0.5130208333333333,0.1521527777777777,0.05,0.05625
47,1026,cl31bo6340035396c2qhutocv,0,0.9793229166666666,0.8072916666666666,0.0413541666666667,0.06875
47,1027,cl31b33wl002d396cl7y99mp1,0,0.748125,0.8043055555555555,0.046875,0.0625
47,1027,cl31b41i8002l396cg1a5d10o,0,0.1940624999999999,0.7075,0.0468749999999999,0.0583333333333333
47,1027,cl31binjb0031396cc23hv73o,0,0.5104166666666667,0.1515972222222222,0.05,0.05625
47,1027,cl31bo6340035396c2qhutocv,0,0.9791145833333332,0.8072916666666666,0.0417708333333333,0.06875
47,1028,cl31b33wl002d396cl7y99mp1,0,0.75,0.8041666666666667,0.046875,0.0625
47,1028,cl31b41i8002l396cg1a5d10o,0,0.1921875,0.7083333333333334,0.046875,0.0583333333333333
47,1028,cl31binjb0031396cc23hv73o,0,0.5078125,0.1510416666666666,0.05,0.05625
47,1028,cl31bo6340035396c2qhutocv,0,0.97890625,0.8072916666666666,0.0421875,0.06875
47,1029,cl31b33wl002d396cl7y99mp1,0,0.7511160714285714,0.8047619047619048,0.046875,0.0625
47,1029,cl31b41i8002l396cg1a5d10o,0,0.1919642857142857,0.7065476190476191,0.046875,0.0583333333333333
47,1029,cl31binjb0031396cc23hv73o,0,0.5095982142857143,0.1584821428571428,0.05,0.05625
47,1029,cl31bo6340035396c2qhutocv,0,0.9783203125,0.8076822916666667,0.042578125,0.06875
47,102,cl31445hf0007396cqok6byk7,0,0.2143229166666666,0.3809027777777778,0.0390624999999999,0.05625
47,102,cl3144hts000b396c4ihaxgzt,0,0.1895279255319149,0.7821513002364067,0.04375,0.0541666666666666
47,102,cl3144p8j000g396ci3uqwj2m,0,0.2841145833333333,0.7402777777777777,0.0421875,0.05
47,102,cl31452bd000n396cl5uyjaty,0,0.8170592350746269,0.6424751243781094,0.0515625,0.0708333333333333
47,102,cl31459ks000r396cqrqm7umg,0,0.6083333333333333,0.190625,0.05,0.0604166666666666
47,1030,cl31b33wl002d396cl7y99mp1,0,0.7522321428571429,0.8053571428571428,0.046875,0.0625
47,1030,cl31b41i8002l396cg1a5d10o,0,0.1917410714285714,0.7047619047619047,0.046875,0.0583333333333333
47,1030,cl31binjb0031396cc23hv73o,0,0.5113839285714286,0.165922619047619,0.05,0.05625
47,1030,cl31bo6340035396c2qhutocv,0,0.977734375,0.8080729166666667,0.04296875,0.06875
47,1031,cl31b33wl002d396cl7y99mp1,0,0.7533482142857143,0.8059523809523809,0.046875,0.0625
47,1031,cl31b41i8002l396cg1a5d10o,0,0.1915178571428571,0.7029761904761905,0.046875,0.0583333333333333
47,1031,cl31binjb0031396cc23hv73o,0,0.5131696428571428,0.1733630952380952,0.05,0.05625
47,1031,cl31bo6340035396c2qhutocv,0,0.9771484375,0.8084635416666667,0.043359375,0.06875
47,1032,cl31b33wl002d396cl7y99mp1,0,0.7544642857142857,0.8065476190476191,0.046875,0.0625
47,1032,cl31b41i8002l396cg1a5d10o,0,0.1912946428571428,0.7011904761904761,0.0468749999999999,0.0583333333333333
47,1032,cl31binjb0031396cc23hv73o,0,0.5149553571428571,0.1808035714285714,0.05,0.05625
47,1032,cl31bo6340035396c2qhutocv,0,0.9765625,0.8088541666666667,0.04375,0.06875
47,1033,cl31b33wl002d396cl7y99mp1,0,0.7555803571428571,0.8071428571428572,0.046875,0.0625
47,1033,cl31b41i8002l396cg1a5d10o,0,0.1910714285714285,0.699404761904762,0.0468749999999999,0.0583333333333333
47,1033,cl31binjb0031396cc23hv73o,0,0.5167410714285714,0.1882440476190476,0.05,0.05625
47,1033,cl31bo6340035396c2qhutocv,0,0.9759765625,0.8092447916666666,0.044140625,0.06875
47,1034,cl31b33wl002d396cl7y99mp1,0,0.7566964285714286,0.8077380952380953,0.046875,0.0625
47,1034,cl31b41i8002l396cg1a5d10o,0,0.1908482142857142,0.6976190476190476,0.046875,0.0583333333333333
47,1034,cl31binjb0031396cc23hv73o,0,0.5185267857142857,0.1956845238095238,0.05,0.05625
47,1034,cl31bo6340035396c2qhutocv,0,0.975390625,0.8096354166666667,0.04453125,0.06875
47,1035,cl31b33wl002d396cl7y99mp1,0,0.7578125,0.8083333333333333,0.046875,0.0625
47,1035,cl31b41i8002l396cg1a5d10o,0,0.190625,0.6958333333333333,0.046875,0.0583333333333333
47,1035,cl31binjb0031396cc23hv73o,0,0.5203125,0.203125,0.05,0.05625
47,1035,cl31bo6340035396c2qhutocv,0,0.9748046875,0.8100260416666667,0.044921875,0.06875
47,1036,cl31b33wl002d396cl7y99mp1,0,0.7600694444444445,0.806712962962963,0.046875,0.0625
47,1036,cl31b41i8002l396cg1a5d10o,0,0.1928819444444444,0.6916666666666667,0.046875,0.0583333333333333
47,1036,cl31binjb0031396cc23hv73o,0,0.5208333333333333,0.2040509259259259,0.05,0.05625
47,1036,cl31bo6340035396c2qhutocv,0,0.97421875,0.8104166666666667,0.0453125,0.06875
47,1037,cl31b33wl002d396cl7y99mp1,0,0.7623263888888889,0.8050925925925926,0.046875,0.0625
47,1037,cl31b41i8002l396cg1a5d10o,0,0.1951388888888889,0.6875,0.046875,0.0583333333333333
47,1037,cl31binjb0031396cc23hv73o,0,0.5213541666666667,0.2049768518518518,0.05,0.05625
47,1037,cl31bo6340035396c2qhutocv,0,0.9736328125,0.8108072916666667,0.045703125,0.06875
47,1038,cl31b33wl002d396cl7y99mp1,0,0.7645833333333333,0.8034722222222223,0.046875,0.0625
47,1038,cl31b41i8002l396cg1a5d10o,0,0.1973958333333333,0.6833333333333333,0.046875,0.0583333333333333
47,1038,cl31binjb0031396cc23hv73o,0,0.521875,0.2059027777777777,0.05,0.05625
47,1038,cl31bo6340035396c2qhutocv,0,0.973046875,0.8111979166666666,0.04609375,0.06875
47,1039,cl31b33wl002d396cl7y99mp1,0,0.7668402777777777,0.8018518518518519,0.046875,0.0625
47,1039,cl31b41i8002l396cg1a5d10o,0,0.1996527777777777,0.6791666666666667,0.046875,0.0583333333333333
47,1039,cl31binjb0031396cc23hv73o,0,0.5223958333333333,0.2068287037037036,0.05,0.05625
47,1039,cl31bo6340035396c2qhutocv,0,0.9724609375,0.8115885416666667,0.046484375,0.06875
47,103,cl31445hf0007396cqok6byk7,0,0.2141927083333333,0.3795138888888889,0.0390625,0.05625
47,103,cl3144hts000b396c4ihaxgzt,0,0.189594414893617,0.7821808510638297,0.04375,0.0541666666666666
47,103,cl3144p8j000g396ci3uqwj2m,0,0.2869791666666667,0.7409722222222223,0.0421875,0.05
47,103,cl31452bd000n396cl5uyjaty,0,0.817129197761194,0.6424129353233831,0.0515625,0.0708333333333333
47,103,cl31459ks000r396cqrqm7umg,0,0.6069010416666667,0.190625,0.05,0.0604166666666666
47,1040,cl31b33wl002d396cl7y99mp1,0,0.7690972222222222,0.8002314814814814,0.046875,0.0625
47,1040,cl31b41i8002l396cg1a5d10o,0,0.2019097222222222,0.675,0.046875,0.0583333333333333
47,1040,cl31binjb0031396cc23hv73o,0,0.5229166666666667,0.2077546296296296,0.05,0.05625
47,1040,cl31bo6340035396c2qhutocv,0,0.971875,0.8119791666666667,0.046875,0.06875
47,1041,cl31b33wl002d396cl7y99mp1,0,0.7713541666666667,0.798611111111111,0.046875,0.0625
47,1041,cl31b41i8002l396cg1a5d10o,0,0.2041666666666666,0.6708333333333333,0.0468749999999999,0.0583333333333333
47,1041,cl31binjb0031396cc23hv73o,0,0.5234375,0.2086805555555555,0.05,0.05625
47,1041,cl31bo6340035396c2qhutocv,0,0.9712890625,0.8123697916666667,0.047265625,0.06875
47,1042,cl31b33wl002d396cl7y99mp1,0,0.773611111111111,0.7969907407407407,0.046875,0.0625
47,1042,cl31b41i8002l396cg1a5d10o,0,0.2064236111111111,0.6666666666666666,0.046875,0.0583333333333333
47,1042,cl31binjb0031396cc23hv73o,0,0.5239583333333333,0.2096064814814814,0.05,0.05625
47,1042,cl31bo6340035396c2qhutocv,0,0.970703125,0.8127604166666667,0.04765625,0.06875
47,1043,cl31b33wl002d396cl7y99mp1,0,0.7758680555555555,0.7953703703703704,0.046875,0.0625
47,1043,cl31b41i8002l396cg1a5d10o,0,0.2086805555555555,0.6625,0.0468749999999999,0.0583333333333333
47,1043,cl31binjb0031396cc23hv73o,0,0.5244791666666667,0.2105324074074074,0.05,0.05625
47,1043,cl31bo6340035396c2qhutocv,0,0.9701171875,0.8131510416666666,0.048046875,0.06875
47,1044,cl31b33wl002d396cl7y99mp1,0,0.778125,0.79375,0.046875,0.0625
47,1044,cl31b41i8002l396cg1a5d10o,0,0.2109375,0.6583333333333333,0.046875,0.0583333333333333
47,1044,cl31binjb0031396cc23hv73o,0,0.525,0.2114583333333333,0.05,0.05625
47,1044,cl31bo6340035396c2qhutocv,0,0.96953125,0.8135416666666667,0.0484375,0.06875
47,1045,cl31b33wl002d396cl7y99mp1,0,0.7810546875,0.79375,0.046875,0.0625
47,1045,cl31b41i8002l396cg1a5d10o,0,0.2091796875,0.65859375,0.046875,0.0583333333333333
47,1045,cl31binjb0031396cc23hv73o,0,0.521484375,0.21171875,0.05,0.05625
47,1045,cl31bo6340035396c2qhutocv,0,0.9701171875,0.8127604166666667,0.0484375,0.06875
47,1046,cl31b33wl002d396cl7y99mp1,0,0.783984375,0.79375,0.046875,0.0625
47,1046,cl31b41i8002l396cg1a5d10o,0,0.207421875,0.6588541666666666,0.046875,0.0583333333333333
47,1046,cl31binjb0031396cc23hv73o,0,0.51796875,0.2119791666666666,0.05,0.05625
47,1046,cl31bo6340035396c2qhutocv,0,0.970703125,0.8119791666666667,0.0484375,0.06875
47,1047,cl31b33wl002d396cl7y99mp1,0,0.7869140625,0.79375,0.046875,0.0625
47,1047,cl31b41i8002l396cg1a5d10o,0,0.2056640625,0.6591145833333333,0.046875,0.0583333333333333
47,1047,cl31binjb0031396cc23hv73o,0,0.514453125,0.2122395833333333,0.05,0.05625
47,1047,cl31bo6340035396c2qhutocv,0,0.9712890625,0.8111979166666666,0.0484375,0.06875
47,1048,cl31b33wl002d396cl7y99mp1,0,0.78984375,0.79375,0.046875,0.0625
47,1048,cl31b41i8002l396cg1a5d10o,0,0.20390625,0.659375,0.046875,0.0583333333333333
47,1048,cl31binjb0031396cc23hv73o,0,0.5109375,0.2125,0.05,0.05625
47,1048,cl31bo6340035396c2qhutocv,0,0.971875,0.8104166666666667,0.0484375,0.06875
47,1049,cl31b33wl002d396cl7y99mp1,0,0.7927734375,0.79375,0.046875,0.0625
47,1049,cl31b41i8002l396cg1a5d10o,0,0.2021484375,0.6596354166666667,0.046875,0.0583333333333333
47,1049,cl31binjb0031396cc23hv73o,0,0.507421875,0.2127604166666666,0.05,0.05625
47,1049,cl31bo6340035396c2qhutocv,0,0.9724609375,0.8096354166666667,0.0484375,0.06875
47,104,cl31445hf0007396cqok6byk7,0,0.2140625,0.378125,0.0390625,0.05625
47,104,cl3144hts000b396c4ihaxgzt,0,0.1896609042553191,0.782210401891253,0.04375,0.0541666666666666
47,104,cl3144p8j000g396ci3uqwj2m,0,0.28984375,0.7416666666666667,0.0421875,0.05
47,104,cl31452bd000n396cl5uyjaty,0,0.8171991604477611,0.6423507462686567,0.0515624999999999,0.0708333333333333
47,104,cl31459ks000r396cqrqm7umg,0,0.60546875,0.190625,0.05,0.0604166666666666
47,1050,cl31b33wl002d396cl7y99mp1,0,0.795703125,0.79375,0.046875,0.0625
47,1050,cl31b41i8002l396cg1a5d10o,0,0.200390625,0.6598958333333333,0.046875,0.0583333333333333
47,1050,cl31binjb0031396cc23hv73o,0,0.50390625,0.2130208333333333,0.05,0.05625
47,1050,cl31bo6340035396c2qhutocv,0,0.973046875,0.8088541666666667,0.0484375,0.06875
47,1051,cl31b33wl002d396cl7y99mp1,0,0.7986328125,0.79375,0.046875,0.0625
47,1051,cl31b41i8002l396cg1a5d10o,0,0.1986328125,0.66015625,0.046875,0.0583333333333333
47,1051,cl31binjb0031396cc23hv73o,0,0.500390625,0.21328125,0.05,0.05625
47,1051,cl31bo6340035396c2qhutocv,0,0.9736328125,0.8080729166666667,0.0484375,0.06875
47,1052,cl31b33wl002d396cl7y99mp1,0,0.8015625,0.79375,0.046875,0.0625
47,1052,cl31b41i8002l396cg1a5d10o,0,0.196875,0.6604166666666667,0.046875,0.0583333333333333
47,1052,cl31binjb0031396cc23hv73o,0,0.496875,0.2135416666666666,0.05,0.05625
47,1052,cl31bo6340035396c2qhutocv,0,0.97421875,0.8072916666666666,0.0484375,0.06875
47,1053,cl31b33wl002d396cl7y99mp1,0,0.803485576923077,0.7942307692307692,0.046875,0.0625
47,1053,cl31b41i8002l396cg1a5d10o,0,0.1967548076923077,0.6586538461538461,0.046875,0.0583333333333333
47,1053,cl31binjb0031396cc23hv73o,0,0.4969951923076923,0.2175480769230769,0.05,0.05625
47,1053,cl31bo6340035396c2qhutocv,0,0.9740985576923076,0.806650641025641,0.0484375,0.06875
47,1054,cl31b33wl002d396cl7y99mp1,0,0.8054086538461538,0.7947115384615384,0.046875,0.0625
47,1054,cl31b41i8002l396cg1a5d10o,0,0.1966346153846153,0.6568910256410256,0.046875,0.0583333333333333
47,1054,cl31binjb0031396cc23hv73o,0,0.4971153846153845,0.2215544871794871,0.05,0.05625
47,1054,cl31bo6340035396c2qhutocv,0,0.9739783653846154,0.8060096153846154,0.0484375,0.06875
47,1055,cl31b33wl002d396cl7y99mp1,0,0.8073317307692308,0.7951923076923076,0.046875,0.0625
47,1055,cl31b41i8002l396cg1a5d10o,0,0.196514423076923,0.6551282051282051,0.046875,0.0583333333333333
47,1055,cl31binjb0031396cc23hv73o,0,0.4972355769230769,0.2255608974358974,0.05,0.05625
47,1055,cl31bo6340035396c2qhutocv,0,0.973858173076923,0.8053685897435898,0.0484375,0.06875
47,1056,cl31b33wl002d396cl7y99mp1,0,0.8092548076923076,0.7956730769230769,0.046875,0.0625
47,1056,cl31b41i8002l396cg1a5d10o,0,0.1963942307692307,0.6533653846153846,0.0468749999999999,0.0583333333333333
47,1056,cl31binjb0031396cc23hv73o,0,0.4973557692307692,0.2295673076923076,0.05,0.05625
47,1056,cl31bo6340035396c2qhutocv,0,0.9737379807692308,0.8047275641025641,0.0484375,0.06875
47,1057,cl31b33wl002d396cl7y99mp1,0,0.8111778846153846,0.7961538461538461,0.046875,0.0625
47,1057,cl31b41i8002l396cg1a5d10o,0,0.1962740384615384,0.6516025641025641,0.046875,0.0583333333333333
47,1057,cl31binjb0031396cc23hv73o,0,0.4974759615384615,0.2335737179487179,0.05,0.05625
47,1057,cl31bo6340035396c2qhutocv,0,0.9736177884615383,0.8040865384615384,0.0484375,0.06875
47,1058,cl31b33wl002d396cl7y99mp1,0,0.8131009615384615,0.7966346153846153,0.046875,0.0625
47,1058,cl31b41i8002l396cg1a5d10o,0,0.1961538461538461,0.6498397435897435,0.046875,0.0583333333333333
47,1058,cl31binjb0031396cc23hv73o,0,0.4975961538461538,0.2375801282051282,0.05,0.05625
47,1058,cl31bo6340035396c2qhutocv,0,0.973497596153846,0.8034455128205128,0.0484375,0.06875
47,1059,cl31b33wl002d396cl7y99mp1,0,0.8150240384615385,0.7971153846153847,0.046875,0.0625
47,1059,cl31b41i8002l396cg1a5d10o,0,0.1960336538461538,0.6480769230769231,0.0468749999999999,0.0583333333333333
47,1059,cl31binjb0031396cc23hv73o,0,0.4977163461538462,0.2415865384615384,0.05,0.0562499999999999
47,1059,cl31bo6340035396c2qhutocv,0,0.9733774038461538,0.8028044871794873,0.0484375,0.06875
47,105,cl31445hf0007396cqok6byk7,0,0.2139322916666666,0.3767361111111111,0.0390624999999999,0.05625
47,105,cl3144hts000b396c4ihaxgzt,0,0.1897273936170212,0.7822399527186761,0.04375,0.0541666666666666
47,105,cl3144p8j000g396ci3uqwj2m,0,0.2927083333333333,0.742361111111111,0.0421875,0.05
47,105,cl31452bd000n396cl5uyjaty,0,0.8172691231343284,0.6422885572139304,0.0515625,0.0708333333333333
47,105,cl31459ks000r396cqrqm7umg,0,0.6040364583333333,0.190625,0.05,0.0604166666666666
47,105,cl314jqvw0018396c8dtr2qtj,0,0.6734375,0.01875,0.05,0.0375
47,1060,cl31b33wl002d396cl7y99mp1,0,0.8169471153846153,0.7975961538461539,0.0468749999999999,0.0625
47,1060,cl31b41i8002l396cg1a5d10o,0,0.1959134615384615,0.6463141025641026,0.046875,0.0583333333333333
47,1060,cl31binjb0031396cc23hv73o,0,0.4978365384615385,0.2455929487179487,0.05,0.05625
47,1060,cl31bo6340035396c2qhutocv,0,0.9732572115384616,0.8021634615384615,0.0484375,0.06875
47,1061,cl31b33wl002d396cl7y99mp1,0,0.8188701923076923,0.7980769230769231,0.046875,0.0625
47,1061,cl31b41i8002l396cg1a5d10o,0,0.1957932692307692,0.644551282051282,0.046875,0.0583333333333333
47,1061,cl31binjb0031396cc23hv73o,0,0.4979567307692307,0.249599358974359,0.05,0.05625
47,1061,cl31bo6340035396c2qhutocv,0,0.9731370192307692,0.8015224358974359,0.0484375,0.06875
47,1062,cl31b33wl002d396cl7y99mp1,0,0.8207932692307691,0.7985576923076924,0.0468749999999999,0.0625
47,1062,cl31b41i8002l396cg1a5d10o,0,0.1956730769230769,0.6427884615384616,0.046875,0.0583333333333333
47,1062,cl31binjb0031396cc23hv73o,0,0.4980769230769231,0.2536057692307692,0.05,0.05625
47,1062,cl31bo6340035396c2qhutocv,0,0.973016826923077,0.8008814102564102,0.0484375,0.06875
47,1063,cl31b33wl002d396cl7y99mp1,0,0.8227163461538461,0.7990384615384616,0.046875,0.0625
47,1063,cl31b41i8002l396cg1a5d10o,0,0.1955528846153846,0.641025641025641,0.046875,0.0583333333333333
47,1063,cl31binjb0031396cc23hv73o,0,0.4981971153846154,0.2576121794871795,0.05,0.05625
47,1063,cl31bo6340035396c2qhutocv,0,0.9728966346153848,0.8002403846153847,0.0484375,0.06875
47,1064,cl31b33wl002d396cl7y99mp1,0,0.824639423076923,0.7995192307692308,0.046875,0.0625
47,1064,cl31b41i8002l396cg1a5d10o,0,0.1954326923076922,0.6392628205128206,0.0468749999999999,0.0583333333333333
47,1064,cl31binjb0031396cc23hv73o,0,0.4983173076923076,0.2616185897435897,0.05,0.0562499999999999
47,1064,cl31bo6340035396c2qhutocv,0,0.9727764423076924,0.799599358974359,0.0484375,0.06875
47,1065,cl31b33wl002d396cl7y99mp1,0,0.8265625,0.8,0.046875,0.0625
47,1065,cl31b41i8002l396cg1a5d10o,0,0.1953125,0.6375,0.046875,0.0583333333333333
47,1065,cl31binjb0031396cc23hv73o,0,0.4984375,0.265625,0.05,0.05625
47,1065,cl31bo6340035396c2qhutocv,0,0.97265625,0.7989583333333333,0.0484375,0.06875
47,1066,cl31b33wl002d396cl7y99mp1,0,0.8284090909090909,0.7996212121212121,0.046875,0.0625
47,1066,cl31b41i8002l396cg1a5d10o,0,0.1964488636363636,0.6354166666666666,0.0468749999999999,0.0583333333333333
47,1066,cl31binjb0031396cc23hv73o,0,0.4990056818181818,0.2692234848484848,0.05,0.0562499999999999
47,1066,cl31bo6340035396c2qhutocv,0,0.9719460227272728,0.7983901515151516,0.0484375,0.06875
47,1067,cl31b33wl002d396cl7y99mp1,0,0.8302556818181819,0.7992424242424242,0.046875,0.0625
47,1067,cl31b41i8002l396cg1a5d10o,0,0.1975852272727273,0.6333333333333333,0.046875,0.0583333333333333
47,1067,cl31binjb0031396cc23hv73o,0,0.4995738636363637,0.2728219696969697,0.05,0.05625
47,1067,cl31bo6340035396c2qhutocv,0,0.9712357954545456,0.7978219696969696,0.0484375,0.06875
47,1068,cl31b33wl002d396cl7y99mp1,0,0.8321022727272727,0.7988636363636363,0.046875,0.0625
47,1068,cl31b41i8002l396cg1a5d10o,0,0.1987215909090909,0.63125,0.046875,0.0583333333333333
47,1068,cl31binjb0031396cc23hv73o,0,0.5001420454545454,0.2764204545454545,0.05,0.05625
47,1068,cl31bo6340035396c2qhutocv,0,0.970525568181818,0.7972537878787879,0.0484375,0.06875
47,1069,cl31b33wl002d396cl7y99mp1,0,0.8339488636363637,0.7984848484848485,0.046875,0.0625
47,1069,cl31b41i8002l396cg1a5d10o,0,0.1998579545454545,0.6291666666666667,0.046875,0.0583333333333333
47,1069,cl31binjb0031396cc23hv73o,0,0.5007102272727273,0.2800189393939394,0.05,0.05625
47,1069,cl31bo6340035396c2qhutocv,0,0.9698153409090908,0.7966856060606061,0.0484375,0.06875
47,106,cl31445hf0007396cqok6byk7,0,0.2138020833333333,0.3753472222222222,0.0390625,0.05625
47,106,cl3144hts000b396c4ihaxgzt,0,0.1897938829787234,0.7822695035460993,0.04375,0.0541666666666666
47,106,cl3144p8j000g396ci3uqwj2m,0,0.2955729166666666,0.7430555555555556,0.0421875,0.05
47,106,cl31452bd000n396cl5uyjaty,0,0.8173390858208955,0.642226368159204,0.0515625,0.0708333333333333
47,106,cl31459ks000r396cqrqm7umg,0,0.6026041666666667,0.190625,0.05,0.0604166666666666
47,106,cl314jqvw0018396c8dtr2qtj,0,0.6746875,0.0194791666666666,0.05,0.0389583333333333
47,1070,cl31b33wl002d396cl7y99mp1,0,0.8357954545454545,0.7981060606060606,0.046875,0.0625
47,1070,cl31b41i8002l396cg1a5d10o,0,0.2009943181818181,0.6270833333333333,0.0468749999999999,0.0583333333333333
47,1070,cl31binjb0031396cc23hv73o,0,0.501278409090909,0.2836174242424242,0.05,0.0562499999999999
47,1070,cl31bo6340035396c2qhutocv,0,0.9691051136363636,0.7961174242424243,0.0484375,0.06875
47,1071,cl31b33wl002d396cl7y99mp1,0,0.8376420454545455,0.7977272727272727,0.046875,0.0625
47,1071,cl31b41i8002l396cg1a5d10o,0,0.2021306818181818,0.625,0.046875,0.0583333333333333
47,1071,cl31binjb0031396cc23hv73o,0,0.5018465909090909,0.2872159090909091,0.05,0.05625
47,1071,cl31bo6340035396c2qhutocv,0,0.9683948863636364,0.7955492424242424,0.0484375,0.06875
47,1072,cl31b33wl002d396cl7y99mp1,0,0.8394886363636364,0.7973484848484849,0.046875,0.0625
47,1072,cl31b41i8002l396cg1a5d10o,0,0.2032670454545454,0.6229166666666667,0.046875,0.0583333333333333
47,1072,cl31binjb0031396cc23hv73o,0,0.5024147727272728,0.2908143939393939,0.05,0.05625
47,1072,cl31bo6340035396c2qhutocv,0,0.9676846590909092,0.7949810606060606,0.0484375,0.06875
47,1073,cl31b33wl002d396cl7y99mp1,0,0.8413352272727274,0.796969696969697,0.046875,0.0625
47,1073,cl31b41i8002l396cg1a5d10o,0,0.2044034090909091,0.6208333333333333,0.046875,0.0583333333333333
47,1073,cl31binjb0031396cc23hv73o,0,0.5029829545454546,0.2944128787878787,0.05,0.05625
47,1073,cl31bo6340035396c2qhutocv,0,0.966974431818182,0.7944128787878788,0.0484375,0.06875
47,1074,cl31b33wl002d396cl7y99mp1,0,0.8431818181818181,0.7965909090909091,0.046875,0.0625
47,1074,cl31b41i8002l396cg1a5d10o,0,0.2055397727272727,0.61875,0.0468749999999999,0.0583333333333333
47,1074,cl31binjb0031396cc23hv73o,0,0.5035511363636364,0.2980113636363636,0.05,0.05625
47,1074,cl31bo6340035396c2qhutocv,0,0.9662642045454544,0.793844696969697,0.0484375,0.06875
47,1075,cl31b33wl002d396cl7y99mp1,0,0.8450284090909091,0.7962121212121213,0.046875,0.0625
47,1075,cl31b41i8002l396cg1a5d10o,0,0.2066761363636363,0.6166666666666667,0.046875,0.0583333333333333
47,1075,cl31binjb0031396cc23hv73o,0,0.5041193181818182,0.3016098484848485,0.05,0.05625
47,1075,cl31bo6340035396c2qhutocv,0,0.9655539772727272,0.7932765151515151,0.0484375,0.06875
47,1076,cl31b33wl002d396cl7y99mp1,0,0.846875,0.7958333333333333,0.046875,0.0625
47,1076,cl31b41i8002l396cg1a5d10o,0,0.2078125,0.6145833333333334,0.046875,0.0583333333333333
47,1076,cl31binjb0031396cc23hv73o,0,0.5046875,0.3052083333333333,0.05,0.05625
47,1076,cl31bo6340035396c2qhutocv,0,0.96484375,0.7927083333333333,0.0484375,0.06875
47,1077,cl31b33wl002d396cl7y99mp1,0,0.84921875,0.7956597222222223,0.046875,0.0625
47,1077,cl31b41i8002l396cg1a5d10o,0,0.2052083333333333,0.6140625,0.046875,0.0583333333333333
47,1077,cl31binjb0031396cc23hv73o,0,0.5014322916666667,0.3059895833333333,0.05,0.0567708333333333
47,1077,cl31bo6340035396c2qhutocv,0,0.9638020833333334,0.7947916666666667,0.0484375,0.06875
47,1078,cl31b33wl002d396cl7y99mp1,0,0.8515625,0.7954861111111111,0.046875,0.0625
47,1078,cl31b41i8002l396cg1a5d10o,0,0.2026041666666666,0.6135416666666667,0.0468749999999999,0.0583333333333333
47,1078,cl31binjb0031396cc23hv73o,0,0.4981770833333333,0.3067708333333333,0.05,0.0572916666666666
47,1078,cl31bo6340035396c2qhutocv,0,0.9627604166666666,0.796875,0.0484375,0.06875
47,1079,cl31b33wl002d396cl7y99mp1,0,0.85390625,0.7953125,0.046875,0.0625
47,1079,cl31b41i8002l396cg1a5d10o,0,0.2,0.6130208333333333,0.046875,0.0583333333333333
47,1079,cl31binjb0031396cc23hv73o,0,0.494921875,0.3075520833333333,0.05,0.0578125
47,1079,cl31bo6340035396c2qhutocv,0,0.96171875,0.7989583333333333,0.0484375,0.06875
47,107,cl31445hf0007396cqok6byk7,0,0.213671875,0.3739583333333333,0.0390625,0.05625
47,107,cl3144hts000b396c4ihaxgzt,0,0.1898603723404255,0.7822990543735224,0.04375,0.0541666666666666
47,107,cl3144p8j000g396ci3uqwj2m,0,0.2984375,0.74375,0.0421875,0.05
47,107,cl31452bd000n396cl5uyjaty,0,0.8174090485074628,0.6421641791044777,0.0515625,0.0708333333333333
47,107,cl31459ks000r396cqrqm7umg,0,0.601171875,0.190625,0.05,0.0604166666666666
47,107,cl314jqvw0018396c8dtr2qtj,0,0.6759375000000001,0.0202083333333333,0.05,0.0404166666666666
47,1080,cl31b33wl002d396cl7y99mp1,0,0.85625,0.795138888888889,0.046875,0.0625
47,1080,cl31b41i8002l396cg1a5d10o,0,0.1973958333333333,0.6125,0.046875,0.0583333333333333
47,1080,cl31binjb0031396cc23hv73o,0,0.4916666666666667,0.3083333333333333,0.05,0.0583333333333333
47,1080,cl31bo6340035396c2qhutocv,0,0.9606770833333332,0.8010416666666667,0.0484375,0.06875
47,1081,cl31b33wl002d396cl7y99mp1,0,0.85859375,0.7949652777777777,0.046875,0.0625
47,1081,cl31b41i8002l396cg1a5d10o,0,0.1947916666666666,0.6119791666666666,0.0468749999999999,0.0583333333333333
47,1081,cl31binjb0031396cc23hv73o,0,0.4884114583333333,0.3091145833333333,0.05,0.0588541666666666
47,1081,cl31bo6340035396c2qhutocv,0,0.9596354166666666,0.803125,0.0484375,0.06875
47,1082,cl31b33wl002d396cl7y99mp1,0,0.8609375,0.7947916666666667,0.046875,0.0625
47,1082,cl31b41i8002l396cg1a5d10o,0,0.1921875,0.6114583333333333,0.046875,0.0583333333333333
47,1082,cl31binjb0031396cc23hv73o,0,0.48515625,0.3098958333333333,0.05,0.059375
47,1082,cl31bo6340035396c2qhutocv,0,0.95859375,0.8052083333333333,0.0484375,0.06875
47,1083,cl31b33wl002d396cl7y99mp1,0,0.86328125,0.7946180555555556,0.046875,0.0625
47,1083,cl31b41i8002l396cg1a5d10o,0,0.1895833333333333,0.6109375,0.046875,0.0583333333333333
47,1083,cl31binjb0031396cc23hv73o,0,0.4819010416666667,0.3106770833333333,0.05,0.0598958333333333
47,1083,cl31bo6340035396c2qhutocv,0,0.9575520833333334,0.8072916666666666,0.0484375,0.06875
47,1084,cl31b33wl002d396cl7y99mp1,0,0.865625,0.7944444444444444,0.046875,0.0625
47,1084,cl31b41i8002l396cg1a5d10o,0,0.1869791666666666,0.6104166666666667,0.0468749999999999,0.0583333333333333
47,1084,cl31binjb0031396cc23hv73o,0,0.4786458333333333,0.3114583333333333,0.05,0.0604166666666666
47,1084,cl31bo6340035396c2qhutocv,0,0.9565104166666666,0.809375,0.0484375,0.06875
47,1085,cl31b33wl002d396cl7y99mp1,0,0.86796875,0.7942708333333334,0.046875,0.0625
47,1085,cl31b41i8002l396cg1a5d10o,0,0.184375,0.6098958333333333,0.046875,0.0583333333333333
47,1085,cl31binjb0031396cc23hv73o,0,0.475390625,0.3122395833333333,0.05,0.0609375
47,1085,cl31bo6340035396c2qhutocv,0,0.95546875,0.8114583333333333,0.0484375,0.06875
47,1086,cl31b33wl002d396cl7y99mp1,0,0.8703125,0.7940972222222222,0.046875,0.0625
47,1086,cl31b41i8002l396cg1a5d10o,0,0.1817708333333333,0.609375,0.046875,0.0583333333333333
47,1086,cl31binjb0031396cc23hv73o,0,0.4721354166666667,0.3130208333333333,0.05,0.0614583333333333
47,1086,cl31bo6340035396c2qhutocv,0,0.9544270833333334,0.8135416666666667,0.0484375,0.06875
47,1087,cl31b33wl002d396cl7y99mp1,0,0.87265625,0.7939236111111111,0.046875,0.0625
47,1087,cl31b41i8002l396cg1a5d10o,0,0.1791666666666666,0.6088541666666667,0.0468749999999999,0.0583333333333333
47,1087,cl31binjb0031396cc23hv73o,0,0.4688802083333333,0.3138020833333333,0.05,0.0619791666666666
47,1087,cl31bo6340035396c2qhutocv,0,0.9533854166666668,0.815625,0.0484375,0.06875
47,1088,cl31b33wl002d396cl7y99mp1,0,0.875,0.79375,0.046875,0.0625
47,1088,cl31b41i8002l396cg1a5d10o,0,0.1765625,0.6083333333333333,0.046875,0.0583333333333333
47,1088,cl31binjb0031396cc23hv73o,0,0.465625,0.3145833333333333,0.05,0.0625
47,1088,cl31bo6340035396c2qhutocv,0,0.95234375,0.8177083333333334,0.0484375,0.06875
47,1089,cl31b33wl002d396cl7y99mp1,0,0.87763671875,0.7936197916666666,0.046875,0.0625
47,1089,cl31b41i8002l396cg1a5d10o,0,0.17822265625,0.60625,0.046875,0.0583333333333333
47,1089,cl31binjb0031396cc23hv73o,0,0.46455078125,0.3166666666666666,0.05,0.0625
47,1089,cl31bo6340035396c2qhutocv,0,0.95283203125,0.81875,0.0484375,0.06875
47,108,cl31445hf0007396cqok6byk7,0,0.2135416666666666,0.3725694444444444,0.0390624999999999,0.05625
47,108,cl3144hts000b396c4ihaxgzt,0,0.1899268617021276,0.7823286052009456,0.0437499999999999,0.0541666666666666
47,108,cl3144p8j000g396ci3uqwj2m,0,0.3013020833333333,0.7444444444444444,0.0421875,0.05
47,108,cl31452bd000n396cl5uyjaty,0,0.8174790111940299,0.6421019900497512,0.0515625,0.0708333333333333
47,108,cl31459ks000r396cqrqm7umg,0,0.5997395833333333,0.190625,0.05,0.0604166666666666
47,108,cl314jqvw0018396c8dtr2qtj,0,0.6771874999999999,0.0209375,0.05,0.041875
47,1090,cl31b33wl002d396cl7y99mp1,0,0.8802734375,0.7934895833333333,0.046875,0.0625
47,1090,cl31b41i8002l396cg1a5d10o,0,0.1798828125,0.6041666666666666,0.046875,0.0583333333333333
47,1090,cl31binjb0031396cc23hv73o,0,0.4634765625,0.31875,0.05,0.0625
47,1090,cl31bo6340035396c2qhutocv,0,0.9533203125,0.8197916666666667,0.0484375,0.06875
47,1091,cl31b33wl002d396cl7y99mp1,0,0.88291015625,0.793359375,0.046875,0.0625
47,1091,cl31b41i8002l396cg1a5d10o,0,0.18154296875,0.6020833333333333,0.046875,0.0583333333333333
47,1091,cl31binjb0031396cc23hv73o,0,0.46240234375,0.3208333333333333,0.05,0.0625
47,1091,cl31bo6340035396c2qhutocv,0,0.95380859375,0.8208333333333333,0.0484375,0.06875
47,1092,cl31b33wl002d396cl7y99mp1,0,0.885546875,0.7932291666666667,0.046875,0.0625
47,1092,cl31b41i8002l396cg1a5d10o,0,0.183203125,0.6,0.046875,0.0583333333333333
47,1092,cl31binjb0031396cc23hv73o,0,0.461328125,0.3229166666666667,0.05,0.0625
47,1092,cl31bo6340035396c2qhutocv,0,0.954296875,0.821875,0.0484375,0.06875
47,1093,cl31b33wl002d396cl7y99mp1,0,0.88818359375,0.7930989583333333,0.046875,0.0625
47,1093,cl31b41i8002l396cg1a5d10o,0,0.18486328125,0.5979166666666667,0.046875,0.0583333333333333
47,1093,cl31binjb0031396cc23hv73o,0,0.46025390625,0.325,0.05,0.0625
47,1093,cl31bo6340035396c2qhutocv,0,0.95478515625,0.8229166666666666,0.0484375,0.06875
47,1094,cl31b33wl002d396cl7y99mp1,0,0.8908203125,0.79296875,0.046875,0.0625
47,1094,cl31b41i8002l396cg1a5d10o,0,0.1865234375,0.5958333333333333,0.046875,0.0583333333333333
47,1094,cl31binjb0031396cc23hv73o,0,0.4591796875,0.3270833333333333,0.05,0.0625
47,1094,cl31bo6340035396c2qhutocv,0,0.9552734375,0.8239583333333333,0.0484375,0.06875
47,1095,cl31b33wl002d396cl7y99mp1,0,0.89345703125,0.7928385416666667,0.046875,0.0625
47,1095,cl31b41i8002l396cg1a5d10o,0,0.18818359375,0.59375,0.046875,0.0583333333333333
47,1095,cl31binjb0031396cc23hv73o,0,0.45810546875,0.3291666666666666,0.05,0.0625
47,1095,cl31bo6340035396c2qhutocv,0,0.95576171875,0.825,0.0484375,0.06875
47,1096,cl31b33wl002d396cl7y99mp1,0,0.89609375,0.7927083333333333,0.046875,0.0625
47,1096,cl31b41i8002l396cg1a5d10o,0,0.18984375,0.5916666666666667,0.046875,0.0583333333333333
47,1096,cl31binjb0031396cc23hv73o,0,0.45703125,0.33125,0.05,0.0625
47,1096,cl31bo6340035396c2qhutocv,0,0.95625,0.8260416666666667,0.0484375,0.06875
47,1097,cl31b33wl002d396cl7y99mp1,0,0.89873046875,0.792578125,0.046875,0.0625
47,1097,cl31b41i8002l396cg1a5d10o,0,0.19150390625,0.5895833333333333,0.046875,0.0583333333333333
47,1097,cl31binjb0031396cc23hv73o,0,0.45595703125,0.3333333333333333,0.05,0.0625
47,1097,cl31bo6340035396c2qhutocv,0,0.95673828125,0.8270833333333333,0.0484375,0.06875
47,1098,cl31b33wl002d396cl7y99mp1,0,0.9013671875,0.7924479166666667,0.046875,0.0625
47,1098,cl31b41i8002l396cg1a5d10o,0,0.1931640625,0.5875,0.046875,0.0583333333333333
47,1098,cl31binjb0031396cc23hv73o,0,0.4548828125,0.3354166666666666,0.05,0.0625
47,1098,cl31bo6340035396c2qhutocv,0,0.9572265625,0.828125,0.0484375,0.06875
47,1099,cl31b33wl002d396cl7y99mp1,0,0.90400390625,0.7923177083333334,0.046875,0.0625
47,1099,cl31b41i8002l396cg1a5d10o,0,0.19482421875,0.5854166666666667,0.046875,0.0583333333333333
47,1099,cl31binjb0031396cc23hv73o,0,0.45380859375,0.3375,0.05,0.0625
47,1099,cl31bo6340035396c2qhutocv,0,0.95771484375,0.8291666666666667,0.0484375,0.06875
47,109,cl31445hf0007396cqok6byk7,0,0.2134114583333333,0.3711805555555555,0.0390625,0.05625
47,109,cl3144hts000b396c4ihaxgzt,0,0.1899933510638297,0.7823581560283688,0.0437499999999999,0.0541666666666666
47,109,cl3144p8j000g396ci3uqwj2m,0,0.3041666666666666,0.7451388888888889,0.0421875,0.05
47,109,cl31452bd000n396cl5uyjaty,0,0.817548973880597,0.6420398009950249,0.0515625,0.0708333333333333
47,109,cl31459ks000r396cqrqm7umg,0,0.5983072916666667,0.190625,0.05,0.0604166666666666
47,109,cl314jqvw0018396c8dtr2qtj,0,0.6784375,0.0216666666666666,0.05,0.0433333333333333
47,10,ckz3x1hsf001j3867igiqk5mn,0,0.2173828125,0.0296875,0.0421875,0.053125
47,10,cl3143jm20003396cuges2p86,0,0.01875,0.4239583333333333,0.0375,0.0583333333333333
47,10,cl31445hf0007396cqok6byk7,0,0.1197265625,0.5111979166666667,0.0390625,0.05625
47,10,cl3144hts000b396c4ihaxgzt,0,0.1834109042553191,0.7794326241134752,0.04375,0.0541666666666666
47,10,cl3144p8j000g396ci3uqwj2m,0,0.22109375,0.8364583333333333,0.0421875,0.05
47,10,cl31452bd000n396cl5uyjaty,0,0.804306891025641,0.649198717948718,0.0515625,0.0708333333333333
47,10,cl31459ks000r396cqrqm7umg,0,0.7421875,0.2421875,0.05,0.0604166666666666
47,10,cl3146m3g000z396ce2oi4n9l,0,0.6743303571428572,0.0404761904761904,0.0375,0.05
47,1100,cl31b33wl002d396cl7y99mp1,0,0.906640625,0.7921875,0.046875,0.0625
47,1100,cl31b41i8002l396cg1a5d10o,0,0.196484375,0.5833333333333334,0.046875,0.0583333333333333
47,1100,cl31binjb0031396cc23hv73o,0,0.452734375,0.3395833333333333,0.05,0.0625
47,1100,cl31bo6340035396c2qhutocv,0,0.958203125,0.8302083333333333,0.0484375,0.06875
47,1101,cl31b33wl002d396cl7y99mp1,0,0.90927734375,0.7920572916666667,0.046875,0.0625
47,1101,cl31b41i8002l396cg1a5d10o,0,0.19814453125,0.58125,0.046875,0.0583333333333333
47,1101,cl31binjb0031396cc23hv73o,0,0.45166015625,0.3416666666666667,0.05,0.0625
47,1101,cl31bo6340035396c2qhutocv,0,0.95869140625,0.83125,0.0484375,0.06875
47,1102,cl31b33wl002d396cl7y99mp1,0,0.9119140625,0.7919270833333333,0.046875,0.0625
47,1102,cl31b41i8002l396cg1a5d10o,0,0.1998046875,0.5791666666666667,0.046875,0.0583333333333333
47,1102,cl31binjb0031396cc23hv73o,0,0.4505859375,0.34375,0.05,0.0625
47,1102,cl31bo6340035396c2qhutocv,0,0.9591796875,0.8322916666666667,0.0484375,0.06875
47,1103,cl31b33wl002d396cl7y99mp1,0,0.91455078125,0.791796875,0.046875,0.0625
47,1103,cl31b41i8002l396cg1a5d10o,0,0.20146484375,0.5770833333333333,0.046875,0.0583333333333333
47,1103,cl31binjb0031396cc23hv73o,0,0.44951171875,0.3458333333333333,0.05,0.0625
47,1103,cl31bo6340035396c2qhutocv,0,0.95966796875,0.8333333333333334,0.0484375,0.06875
47,1104,cl31b33wl002d396cl7y99mp1,0,0.9171875,0.7916666666666666,0.046875,0.0625
47,1104,cl31b41i8002l396cg1a5d10o,0,0.203125,0.575,0.046875,0.0583333333333333
47,1104,cl31binjb0031396cc23hv73o,0,0.4484375,0.3479166666666666,0.05,0.0625
47,1104,cl31bo6340035396c2qhutocv,0,0.96015625,0.834375,0.0484375,0.06875
47,1105,cl31b33wl002d396cl7y99mp1,0,0.9188920454545456,0.7922348484848485,0.046875,0.0625
47,1105,cl31b41i8002l396cg1a5d10o,0,0.202840909090909,0.5729166666666666,0.046875,0.0583333333333333
47,1105,cl31binjb0031396cc23hv73o,0,0.4473011363636363,0.3488636363636364,0.05,0.0625
47,1105,cl31bo6340035396c2qhutocv,0,0.9610085227272728,0.8345643939393939,0.0484375,0.06875
47,1106,cl31b33wl002d396cl7y99mp1,0,0.9205965909090909,0.7928030303030303,0.046875,0.0625
47,1106,cl31b41i8002l396cg1a5d10o,0,0.2025568181818181,0.5708333333333333,0.0468749999999999,0.0583333333333333
47,1106,cl31binjb0031396cc23hv73o,0,0.4461647727272727,0.349810606060606,0.05,0.0625
47,1106,cl31bo6340035396c2qhutocv,0,0.9618607954545456,0.8347537878787878,0.0484375,0.06875
47,1107,cl31b33wl002d396cl7y99mp1,0,0.9223011363636364,0.7933712121212121,0.046875,0.0625
47,1107,cl31b41i8002l396cg1a5d10o,0,0.2022727272727273,0.56875,0.046875,0.0583333333333333
47,1107,cl31binjb0031396cc23hv73o,0,0.445028409090909,0.3507575757575757,0.05,0.0625
47,1107,cl31bo6340035396c2qhutocv,0,0.962713068181818,0.8349431818181817,0.0484375,0.06875
47,1108,cl31b33wl002d396cl7y99mp1,0,0.924005681818182,0.7939393939393938,0.046875,0.0625
47,1108,cl31b41i8002l396cg1a5d10o,0,0.2019886363636363,0.5666666666666667,0.046875,0.0583333333333333
47,1108,cl31binjb0031396cc23hv73o,0,0.4438920454545454,0.3517045454545454,0.05,0.0625
47,1108,cl31bo6340035396c2qhutocv,0,0.9635653409090909,0.8351325757575758,0.0484375,0.06875
47,1109,cl31b33wl002d396cl7y99mp1,0,0.9257102272727272,0.7945075757575758,0.046875,0.0625
47,1109,cl31b41i8002l396cg1a5d10o,0,0.2017045454545454,0.5645833333333333,0.046875,0.0583333333333333
47,1109,cl31binjb0031396cc23hv73o,0,0.4427556818181818,0.3526515151515151,0.05,0.0625
47,1109,cl31bo6340035396c2qhutocv,0,0.9644176136363636,0.8353219696969697,0.0484375,0.06875
47,110,cl31445hf0007396cqok6byk7,0,0.21328125,0.3697916666666667,0.0390625,0.05625
47,110,cl3144hts000b396c4ihaxgzt,0,0.1900598404255319,0.782387706855792,0.0437499999999999,0.0541666666666666
47,110,cl3144p8j000g396ci3uqwj2m,0,0.30703125,0.7458333333333333,0.0421875,0.05
47,110,cl31452bd000n396cl5uyjaty,0,0.8176189365671641,0.6419776119402985,0.0515624999999999,0.0708333333333333
47,110,cl31459ks000r396cqrqm7umg,0,0.596875,0.190625,0.05,0.0604166666666666
47,110,cl314jqvw0018396c8dtr2qtj,0,0.6796875,0.0223958333333333,0.05,0.0447916666666666
47,1110,cl31b33wl002d396cl7y99mp1,0,0.9274147727272728,0.7950757575757575,0.046875,0.0625
47,1110,cl31b41i8002l396cg1a5d10o,0,0.2014204545454545,0.5625,0.046875,0.0583333333333333
47,1110,cl31binjb0031396cc23hv73o,0,0.4416193181818181,0.3535984848484848,0.05,0.0625
47,1110,cl31bo6340035396c2qhutocv,0,0.9652698863636364,0.8355113636363637,0.0484375,0.06875
47,1111,cl31b33wl002d396cl7y99mp1,0,0.929119318181818,0.7956439393939394,0.046875,0.0625
47,1111,cl31b41i8002l396cg1a5d10o,0,0.2011363636363636,0.5604166666666667,0.0468749999999999,0.0583333333333333
47,1111,cl31binjb0031396cc23hv73o,0,0.4404829545454546,0.3545454545454545,0.05,0.0625
47,1111,cl31bo6340035396c2qhutocv,0,0.9661221590909091,0.8357007575757576,0.0484375,0.06875
47,1112,cl31b33wl002d396cl7y99mp1,0,0.9308238636363636,0.7962121212121213,0.046875,0.0625
47,1112,cl31b41i8002l396cg1a5d10o,0,0.2008522727272727,0.5583333333333333,0.0468749999999999,0.0583333333333333
47,1112,cl31binjb0031396cc23hv73o,0,0.4393465909090909,0.3554924242424242,0.05,0.0625
47,1112,cl31bo6340035396c2qhutocv,0,0.966974431818182,0.8358901515151516,0.0484375,0.06875
47,1113,cl31b33wl002d396cl7y99mp1,0,0.9325284090909092,0.796780303030303,0.046875,0.0625
47,1113,cl31b41i8002l396cg1a5d10o,0,0.2005681818181818,0.55625,0.046875,0.0583333333333333
47,1113,cl31binjb0031396cc23hv73o,0,0.4382102272727272,0.3564393939393939,0.05,0.0625
47,1113,cl31bo6340035396c2qhutocv,0,0.9678267045454544,0.8360795454545454,0.0484375,0.06875
47,1114,cl31b33wl002d396cl7y99mp1,0,0.9342329545454544,0.7973484848484849,0.046875,0.0625
47,1114,cl31b41i8002l396cg1a5d10o,0,0.2002840909090909,0.5541666666666667,0.046875,0.0583333333333333
47,1114,cl31binjb0031396cc23hv73o,0,0.4370738636363637,0.3573863636363636,0.05,0.0625
47,1114,cl31bo6340035396c2qhutocv,0,0.9686789772727272,0.8362689393939394,0.0484375,0.06875
47,1115,cl31b33wl002d396cl7y99mp1,0,0.9359375,0.7979166666666667,0.046875,0.0625
47,1115,cl31b41i8002l396cg1a5d10o,0,0.2,0.5520833333333334,0.046875,0.0583333333333333
47,1115,cl31binjb0031396cc23hv73o,0,0.4359375,0.3583333333333333,0.05,0.0625
47,1115,cl31bo6340035396c2qhutocv,0,0.96953125,0.8364583333333333,0.0484375,0.06875
47,1116,cl31b33wl002d396cl7y99mp1,0,0.937890625,0.7979166666666667,0.046875,0.0625
47,1116,cl31b41i8002l396cg1a5d10o,0,0.198046875,0.5517361111111111,0.046875,0.0583333333333332
47,1116,cl31binjb0031396cc23hv73o,0,0.436328125,0.3555555555555555,0.05,0.0625
47,1116,cl31bo6340035396c2qhutocv,0,0.9700520833333334,0.8373263888888889,0.0484375,0.06875
47,1117,cl31b33wl002d396cl7y99mp1,0,0.93984375,0.7979166666666667,0.046875,0.0625
47,1117,cl31b41i8002l396cg1a5d10o,0,0.19609375,0.5513888888888889,0.046875,0.0583333333333333
47,1117,cl31binjb0031396cc23hv73o,0,0.43671875,0.3527777777777778,0.05,0.0625
47,1117,cl31bo6340035396c2qhutocv,0,0.9705729166666666,0.8381944444444444,0.0484375,0.06875
47,1118,cl31b33wl002d396cl7y99mp1,0,0.941796875,0.7979166666666667,0.046875,0.0625
47,1118,cl31b41i8002l396cg1a5d10o,0,0.194140625,0.5510416666666667,0.046875,0.0583333333333333
47,1118,cl31binjb0031396cc23hv73o,0,0.437109375,0.35,0.05,0.0625
47,1118,cl31bo6340035396c2qhutocv,0,0.97109375,0.8390625,0.0484375,0.06875
47,1119,cl31b33wl002d396cl7y99mp1,0,0.94375,0.7979166666666667,0.046875,0.0625
47,1119,cl31b41i8002l396cg1a5d10o,0,0.1921875,0.5506944444444444,0.046875,0.0583333333333332
47,1119,cl31binjb0031396cc23hv73o,0,0.4375,0.3472222222222222,0.05,0.0625
47,1119,cl31bo6340035396c2qhutocv,0,0.9716145833333334,0.8399305555555556,0.0484375,0.06875
47,111,cl31445hf0007396cqok6byk7,0,0.21515625,0.3660416666666666,0.0390624999999999,0.05625
47,111,cl3144hts000b396c4ihaxgzt,0,0.190126329787234,0.7824172576832151,0.0437499999999999,0.0541666666666666
47,111,cl3144p8j000g396ci3uqwj2m,0,0.30203125,0.7458333333333333,0.0421875,0.05
47,111,cl31452bd000n396cl5uyjaty,0,0.8176888992537312,0.6419154228855721,0.0515624999999999,0.0708333333333333
47,111,cl31459ks000r396cqrqm7umg,0,0.596875,0.1922916666666666,0.05,0.0604166666666666
47,111,cl314jqvw0018396c8dtr2qtj,0,0.6809375,0.023125,0.05,0.04625
47,111,cl316iucr001c396cncmtn8ds,0,0.98984375,0.3416666666666667,0.0203125,0.0541666666666666
47,1120,cl31b33wl002d396cl7y99mp1,0,0.945703125,0.7979166666666667,0.046875,0.0625
47,1120,cl31b41i8002l396cg1a5d10o,0,0.190234375,0.5503472222222222,0.046875,0.0583333333333333
47,1120,cl31binjb0031396cc23hv73o,0,0.437890625,0.3444444444444444,0.05,0.0625
47,1120,cl31bo6340035396c2qhutocv,0,0.9721354166666666,0.8407986111111111,0.0484375,0.06875
47,1121,cl31b33wl002d396cl7y99mp1,0,0.94765625,0.7979166666666667,0.046875,0.0625
47,1121,cl31b41i8002l396cg1a5d10o,0,0.18828125,0.55,0.046875,0.0583333333333333
47,1121,cl31binjb0031396cc23hv73o,0,0.43828125,0.3416666666666667,0.05,0.0625
47,1121,cl31bo6340035396c2qhutocv,0,0.97265625,0.8416666666666667,0.0484375,0.06875
47,1122,cl31b33wl002d396cl7y99mp1,0,0.949609375,0.7979166666666667,0.046875,0.0625
47,1122,cl31b41i8002l396cg1a5d10o,0,0.186328125,0.5496527777777778,0.046875,0.0583333333333332
47,1122,cl31binjb0031396cc23hv73o,0,0.438671875,0.3388888888888888,0.05,0.0625
47,1122,cl31bo6340035396c2qhutocv,0,0.9731770833333334,0.8425347222222223,0.0484375,0.06875
47,1123,cl31b33wl002d396cl7y99mp1,0,0.9515625,0.7979166666666667,0.046875,0.0625
47,1123,cl31b41i8002l396cg1a5d10o,0,0.184375,0.5493055555555556,0.046875,0.0583333333333333
47,1123,cl31binjb0031396cc23hv73o,0,0.4390625,0.3361111111111111,0.05,0.0625
47,1123,cl31bo6340035396c2qhutocv,0,0.9736979166666666,0.8434027777777777,0.0484375,0.06875
47,1124,cl31b33wl002d396cl7y99mp1,0,0.953515625,0.7979166666666667,0.046875,0.0625
47,1124,cl31b41i8002l396cg1a5d10o,0,0.182421875,0.5489583333333333,0.046875,0.0583333333333333
47,1124,cl31binjb0031396cc23hv73o,0,0.439453125,0.3333333333333333,0.05,0.0625
47,1124,cl31bo6340035396c2qhutocv,0,0.97421875,0.8442708333333333,0.0484375,0.06875
47,1125,cl31b33wl002d396cl7y99mp1,0,0.95546875,0.7979166666666667,0.046875,0.0625
47,1125,cl31b41i8002l396cg1a5d10o,0,0.18046875,0.548611111111111,0.046875,0.0583333333333332
47,1125,cl31binjb0031396cc23hv73o,0,0.43984375,0.3305555555555555,0.05,0.0625
47,1125,cl31bo6340035396c2qhutocv,0,0.9747395833333334,0.8451388888888889,0.0484375,0.06875
47,1126,cl31b33wl002d396cl7y99mp1,0,0.957421875,0.7979166666666667,0.046875,0.0625
47,1126,cl31b41i8002l396cg1a5d10o,0,0.178515625,0.5482638888888889,0.046875,0.0583333333333333
47,1126,cl31binjb0031396cc23hv73o,0,0.440234375,0.3277777777777778,0.05,0.0625
47,1126,cl31bo6340035396c2qhutocv,0,0.9752604166666666,0.8460069444444444,0.0484375,0.06875
47,1127,cl31b33wl002d396cl7y99mp1,0,0.959375,0.7979166666666667,0.046875,0.0625
47,1127,cl31b41i8002l396cg1a5d10o,0,0.1765625,0.5479166666666667,0.046875,0.0583333333333333
47,1127,cl31binjb0031396cc23hv73o,0,0.440625,0.325,0.05,0.0625
47,1127,cl31bo6340035396c2qhutocv,0,0.97578125,0.846875,0.0484375,0.06875
47,1128,cl31b33wl002d396cl7y99mp1,0,0.9609375,0.8,0.046875,0.0625
47,1128,cl31b41i8002l396cg1a5d10o,0,0.1771306818181818,0.546780303030303,0.046875,0.0583333333333332
47,1128,cl31binjb0031396cc23hv73o,0,0.4390625,0.3214015151515151,0.05,0.0625
47,1128,cl31bo6340035396c2qhutocv,0,0.97578125,0.8475694444444444,0.0484375,0.06875
47,1129,cl31b33wl002d396cl7y99mp1,0,0.9625,0.8020833333333334,0.046875,0.0625
47,1129,cl31b41i8002l396cg1a5d10o,0,0.1776988636363636,0.5456439393939394,0.0468749999999999,0.0583333333333333
47,1129,cl31binjb0031396cc23hv73o,0,0.4375,0.3178030303030302,0.05,0.0625
47,1129,cl31bo6340035396c2qhutocv,0,0.97578125,0.8482638888888889,0.0484375,0.06875
47,112,cl31445hf0007396cqok6byk7,0,0.21703125,0.3622916666666667,0.0390625,0.05625
47,112,cl3144hts000b396c4ihaxgzt,0,0.1901928191489361,0.7824468085106383,0.0437499999999999,0.0541666666666666
47,112,cl3144p8j000g396ci3uqwj2m,0,0.2970312499999999,0.7458333333333333,0.0421875,0.05
47,112,cl31452bd000n396cl5uyjaty,0,0.8177588619402986,0.6418532338308458,0.0515625,0.0708333333333333
47,112,cl31459ks000r396cqrqm7umg,0,0.596875,0.1939583333333333,0.05,0.0604166666666666
47,112,cl314jqvw0018396c8dtr2qtj,0,0.6821875000000001,0.0238541666666666,0.05,0.0477083333333333
47,112,cl316iucr001c396cncmtn8ds,0,0.9894649621212122,0.342550505050505,0.0207859848484847,0.0541666666666666
47,1130,cl31b33wl002d396cl7y99mp1,0,0.9640625,0.8041666666666667,0.046875,0.0625
47,1130,cl31b41i8002l396cg1a5d10o,0,0.1782670454545454,0.5445075757575758,0.046875,0.0583333333333333
47,1130,cl31binjb0031396cc23hv73o,0,0.4359375,0.3142045454545454,0.05,0.0625
47,1130,cl31bo6340035396c2qhutocv,0,0.97578125,0.8489583333333334,0.0484375,0.06875
47,1131,cl31b33wl002d396cl7y99mp1,0,0.965625,0.80625,0.046875,0.0625
47,1131,cl31b41i8002l396cg1a5d10o,0,0.1788352272727273,0.5433712121212121,0.046875,0.0583333333333333
47,1131,cl31binjb0031396cc23hv73o,0,0.434375,0.3106060606060606,0.05,0.0625
47,1131,cl31bo6340035396c2qhutocv,0,0.97578125,0.8496527777777777,0.0484375,0.06875
47,1132,cl31b33wl002d396cl7y99mp1,0,0.9671875,0.8083333333333333,0.046875,0.0625
47,1132,cl31b41i8002l396cg1a5d10o,0,0.179403409090909,0.5422348484848485,0.046875,0.0583333333333332
47,1132,cl31binjb0031396cc23hv73o,0,0.4328125,0.3070075757575757,0.05,0.0625
47,1132,cl31bo6340035396c2qhutocv,0,0.97578125,0.8503472222222223,0.0484375,0.06875
47,1133,cl31b33wl002d396cl7y99mp1,0,0.96875,0.8104166666666667,0.046875,0.0625
47,1133,cl31b41i8002l396cg1a5d10o,0,0.1799715909090909,0.5410984848484849,0.046875,0.0583333333333333
47,1133,cl31binjb0031396cc23hv73o,0,0.43125,0.3034090909090909,0.05,0.0625
47,1133,cl31bo6340035396c2qhutocv,0,0.97578125,0.8510416666666667,0.0484375,0.06875
47,1134,cl31b33wl002d396cl7y99mp1,0,0.9703125,0.8125,0.046875,0.0625
47,1134,cl31b41i8002l396cg1a5d10o,0,0.1805397727272727,0.5399621212121212,0.0468749999999999,0.0583333333333333
47,1134,cl31binjb0031396cc23hv73o,0,0.4296875,0.299810606060606,0.05,0.0625
47,1134,cl31bo6340035396c2qhutocv,0,0.97578125,0.851736111111111,0.0484375,0.06875
47,1135,cl31b33wl002d396cl7y99mp1,0,0.971875,0.8145833333333333,0.046875,0.0625
47,1135,cl31b41i8002l396cg1a5d10o,0,0.1811079545454545,0.5388257575757576,0.046875,0.0583333333333333
47,1135,cl31binjb0031396cc23hv73o,0,0.428125,0.2962121212121212,0.05,0.0625
47,1135,cl31bo6340035396c2qhutocv,0,0.97578125,0.8524305555555556,0.0484375,0.06875
47,1136,cl31b33wl002d396cl7y99mp1,0,0.9734375,0.8166666666666667,0.046875,0.0625
47,1136,cl31b41i8002l396cg1a5d10o,0,0.1816761363636364,0.5376893939393939,0.046875,0.0583333333333332
47,1136,cl31binjb0031396cc23hv73o,0,0.4265625,0.2926136363636363,0.05,0.0624999999999999
47,1136,cl31bo6340035396c2qhutocv,0,0.97578125,0.853125,0.0484375,0.06875
47,1137,cl31b33wl002d396cl7y99mp1,0,0.975,0.81875,0.046875,0.0625
47,1137,cl31b41i8002l396cg1a5d10o,0,0.1822443181818181,0.5365530303030304,0.0468749999999999,0.0583333333333333
47,1137,cl31binjb0031396cc23hv73o,0,0.425,0.2890151515151515,0.05,0.0625
47,1137,cl31bo6340035396c2qhutocv,0,0.97578125,0.8538194444444444,0.0484375,0.06875
47,1138,cl31b33wl002d396cl7y99mp1,0,0.9765625,0.8208333333333333,0.046875,0.0625
47,1138,cl31b41i8002l396cg1a5d10o,0,0.1828125,0.5354166666666667,0.046875,0.0583333333333333
47,1138,cl31binjb0031396cc23hv73o,0,0.4234375,0.2854166666666666,0.05,0.0625
47,1138,cl31bo6340035396c2qhutocv,0,0.97578125,0.8545138888888889,0.0484375,0.06875
47,1139,cl31b33wl002d396cl7y99mp1,0,0.9765625,0.8217261904761906,0.046875,0.0625
47,1139,cl31b41i8002l396cg1a5d10o,0,0.184765625,0.5322916666666667,0.046875,0.0583333333333333
47,1139,cl31binjb0031396cc23hv73o,0,0.4232421875,0.2828125,0.05,0.0625
47,1139,cl31bo6340035396c2qhutocv,0,0.97578125,0.8552083333333333,0.0484375,0.06875
47,113,cl31445hf0007396cqok6byk7,0,0.21890625,0.3585416666666666,0.0390625,0.05625
47,113,cl3144hts000b396c4ihaxgzt,0,0.1902593085106382,0.7824763593380614,0.0437499999999999,0.0541666666666666
47,113,cl3144p8j000g396ci3uqwj2m,0,0.29203125,0.7458333333333333,0.0421875,0.05
47,113,cl31452bd000n396cl5uyjaty,0,0.8178288246268657,0.6417910447761195,0.0515625,0.0708333333333333
47,113,cl31459ks000r396cqrqm7umg,0,0.596875,0.195625,0.05,0.0604166666666666
47,113,cl314jqvw0018396c8dtr2qtj,0,0.6834374999999999,0.0245833333333333,0.05,0.0491666666666666
47,113,cl316iucr001c396cncmtn8ds,0,0.9890861742424242,0.3434343434343434,0.0212594696969697,0.0541666666666666
47,1140,cl31b33wl002d396cl7y99mp1,0,0.9765625,0.8226190476190476,0.046875,0.0625
47,1140,cl31b41i8002l396cg1a5d10o,0,0.18671875,0.5291666666666667,0.046875,0.0583333333333333
47,1140,cl31binjb0031396cc23hv73o,0,0.423046875,0.2802083333333333,0.05,0.0625
47,1140,cl31bo6340035396c2qhutocv,0,0.97578125,0.8559027777777778,0.0484375,0.06875
47,1141,cl31b33wl002d396cl7y99mp1,0,0.9765625,0.8235119047619047,0.046875,0.0625
47,1141,cl31b41i8002l396cg1a5d10o,0,0.188671875,0.5260416666666666,0.046875,0.0583333333333333
47,1141,cl31binjb0031396cc23hv73o,0,0.4228515625,0.2776041666666666,0.05,0.0625
47,1141,cl31bo6340035396c2qhutocv,0,0.97578125,0.8565972222222222,0.0484375,0.06875
47,1142,cl31b33wl002d396cl7y99mp1,0,0.9765625,0.824404761904762,0.046875,0.0625
47,1142,cl31b41i8002l396cg1a5d10o,0,0.190625,0.5229166666666667,0.046875,0.0583333333333333
47,1142,cl31binjb0031396cc23hv73o,0,0.42265625,0.275,0.05,0.0625
47,1142,cl31bo6340035396c2qhutocv,0,0.97578125,0.8572916666666667,0.0484375,0.06875
47,1143,cl31b33wl002d396cl7y99mp1,0,0.9765625,0.8252976190476191,0.046875,0.0625
47,1143,cl31b41i8002l396cg1a5d10o,0,0.192578125,0.5197916666666667,0.046875,0.0583333333333333
47,1143,cl31binjb0031396cc23hv73o,0,0.4224609375,0.2723958333333333,0.05,0.0625
47,1143,cl31bo6340035396c2qhutocv,0,0.97578125,0.8579861111111111,0.0484375,0.06875
47,1144,cl31b33wl002d396cl7y99mp1,0,0.9765625,0.8261904761904761,0.046875,0.0625
47,1144,cl31b41i8002l396cg1a5d10o,0,0.19453125,0.5166666666666667,0.046875,0.0583333333333333
47,1144,cl31binjb0031396cc23hv73o,0,0.422265625,0.2697916666666666,0.05,0.0625
47,1144,cl31bo6340035396c2qhutocv,0,0.97578125,0.8586805555555556,0.0484375,0.06875
47,1145,cl31b33wl002d396cl7y99mp1,0,0.9765625,0.8270833333333333,0.046875,0.0625
47,1145,cl31b41i8002l396cg1a5d10o,0,0.196484375,0.5135416666666667,0.046875,0.0583333333333333
47,1145,cl31binjb0031396cc23hv73o,0,0.4220703125,0.2671875,0.05,0.0625
47,1145,cl31bo6340035396c2qhutocv,0,0.97578125,0.859375,0.0484375,0.06875
47,1146,cl31b41i8002l396cg1a5d10o,0,0.1984375,0.5104166666666666,0.046875,0.0583333333333333
47,1146,cl31binjb0031396cc23hv73o,0,0.421875,0.2645833333333333,0.05,0.0625
47,1146,cl31bo6340035396c2qhutocv,0,0.97578125,0.8602430555555556,0.0484375,0.06875
47,1147,cl31b41i8002l396cg1a5d10o,0,0.1970170454545454,0.509280303030303,0.046875,0.0583333333333332
47,1147,cl31binjb0031396cc23hv73o,0,0.4234375,0.2623106060606061,0.05,0.0625
47,1147,cl31bo6340035396c2qhutocv,0,0.97578125,0.861111111111111,0.0484375,0.06875
47,1148,cl31b41i8002l396cg1a5d10o,0,0.1955965909090909,0.5081439393939394,0.046875,0.0583333333333333
47,1148,cl31binjb0031396cc23hv73o,0,0.425,0.2600378787878787,0.05,0.0625
47,1148,cl31bo6340035396c2qhutocv,0,0.97578125,0.8619791666666666,0.0484375,0.06875
47,1149,cl31b41i8002l396cg1a5d10o,0,0.1941761363636363,0.5070075757575758,0.046875,0.0583333333333333
47,1149,cl31binjb0031396cc23hv73o,0,0.4265625,0.2577651515151515,0.05,0.0624999999999999
47,1149,cl31bo6340035396c2qhutocv,0,0.97578125,0.8628472222222222,0.0484375,0.06875
47,114,cl31445hf0007396cqok6byk7,0,0.22078125,0.3547916666666666,0.0390625,0.05625
47,114,cl3144hts000b396c4ihaxgzt,0,0.1903257978723404,0.7825059101654847,0.0437499999999999,0.0541666666666666
47,114,cl3144p8j000g396ci3uqwj2m,0,0.2870312499999999,0.7458333333333333,0.0421875,0.05
47,114,cl31452bd000n396cl5uyjaty,0,0.8178987873134329,0.641728855721393,0.0515625,0.0708333333333333
47,114,cl31459ks000r396cqrqm7umg,0,0.596875,0.1972916666666666,0.05,0.0604166666666666
47,114,cl314jqvw0018396c8dtr2qtj,0,0.6846875,0.0253125,0.05,0.050625
47,114,cl316iucr001c396cncmtn8ds,0,0.9887073863636364,0.3443181818181818,0.0217329545454544,0.0541666666666666
47,1150,cl31b41i8002l396cg1a5d10o,0,0.1927556818181818,0.5058712121212121,0.046875,0.0583333333333333
47,1150,cl31binjb0031396cc23hv73o,0,0.428125,0.2554924242424242,0.05,0.0624999999999999
47,1150,cl31bo6340035396c2qhutocv,0,0.97578125,0.8637152777777778,0.0484375,0.06875
47,1151,cl31b41i8002l396cg1a5d10o,0,0.1913352272727272,0.5047348484848484,0.046875,0.0583333333333332
47,1151,cl31binjb0031396cc23hv73o,0,0.4296875,0.2532196969696969,0.05,0.0624999999999999
47,1151,cl31bo6340035396c2qhutocv,0,0.97578125,0.8645833333333334,0.0484375,0.06875
47,1152,cl31b41i8002l396cg1a5d10o,0,0.1899147727272727,0.5035984848484848,0.0468749999999999,0.0583333333333333
47,1152,cl31binjb0031396cc23hv73o,0,0.43125,0.2509469696969697,0.05,0.0625
47,1152,cl31bo6340035396c2qhutocv,0,0.97578125,0.865451388888889,0.0484375,0.06875
47,1153,cl31b41i8002l396cg1a5d10o,0,0.1884943181818181,0.5024621212121212,0.0468749999999999,0.0583333333333333
47,1153,cl31binjb0031396cc23hv73o,0,0.4328125,0.2486742424242424,0.05,0.0625
47,1153,cl31bo6340035396c2qhutocv,0,0.97578125,0.8663194444444444,0.0484375,0.06875
47,1154,cl31b41i8002l396cg1a5d10o,0,0.1870738636363636,0.5013257575757576,0.046875,0.0583333333333333
47,1154,cl31binjb0031396cc23hv73o,0,0.434375,0.2464015151515151,0.05,0.0625
47,1154,cl31bo6340035396c2qhutocv,0,0.97578125,0.8671875,0.0484375,0.06875
47,1155,cl31b41i8002l396cg1a5d10o,0,0.185653409090909,0.500189393939394,0.046875,0.0583333333333333
47,1155,cl31binjb0031396cc23hv73o,0,0.4359375,0.2441287878787879,0.05,0.0625
47,1155,cl31bo6340035396c2qhutocv,0,0.97578125,0.8680555555555556,0.0484375,0.06875
47,1156,cl31b41i8002l396cg1a5d10o,0,0.1842329545454545,0.4990530303030303,0.046875,0.0583333333333333
47,1156,cl31binjb0031396cc23hv73o,0,0.4375,0.2418560606060606,0.05,0.0625
47,1156,cl31bo6340035396c2qhutocv,0,0.97578125,0.868923611111111,0.0484375,0.06875
47,1157,cl31b41i8002l396cg1a5d10o,0,0.1828125,0.4979166666666667,0.046875,0.0583333333333333
47,1157,cl31binjb0031396cc23hv73o,0,0.4390625,0.2395833333333333,0.05,0.0625
47,1157,cl31bo6340035396c2qhutocv,0,0.97578125,0.8697916666666666,0.0484375,0.06875
47,1158,cl31b41i8002l396cg1a5d10o,0,0.1815848214285714,0.4974702380952381,0.046875,0.0583333333333333
47,1158,cl31binjb0031396cc23hv73o,0,0.4411830357142857,0.2386904761904762,0.05,0.0625
47,1158,cl31bo6340035396c2qhutocv,0,0.97578125,0.8697916666666666,0.0484375,0.06875
47,1159,cl31b41i8002l396cg1a5d10o,0,0.1803571428571428,0.4970238095238095,0.0468749999999999,0.0583333333333333
47,1159,cl31binjb0031396cc23hv73o,0,0.4433035714285714,0.237797619047619,0.05,0.0625
47,1159,cl31bo6340035396c2qhutocv,0,0.97578125,0.8697916666666666,0.0484375,0.06875
47,115,cl31445hf0007396cqok6byk7,0,0.22265625,0.3510416666666666,0.0390625,0.05625
47,115,cl3144hts000b396c4ihaxgzt,0,0.1903922872340425,0.7825354609929077,0.0437499999999999,0.0541666666666666
47,115,cl3144p8j000g396ci3uqwj2m,0,0.28203125,0.7458333333333333,0.0421875,0.05
47,115,cl31452bd000n396cl5uyjaty,0,0.81796875,0.6416666666666667,0.0515625,0.0708333333333333
47,115,cl31459ks000r396cqrqm7umg,0,0.596875,0.1989583333333333,0.05,0.0604166666666666
47,115,cl314jqvw0018396c8dtr2qtj,0,0.6859375,0.0260416666666666,0.05,0.0520833333333333
47,115,cl316iucr001c396cncmtn8ds,0,0.9883285984848484,0.3452020202020202,0.0222064393939394,0.0541666666666666
47,1160,cl31b41i8002l396cg1a5d10o,0,0.1791294642857142,0.4965773809523809,0.046875,0.0583333333333333
47,1160,cl31binjb0031396cc23hv73o,0,0.4454241071428571,0.2369047619047619,0.05,0.0625
47,1160,cl31bo6340035396c2qhutocv,0,0.97578125,0.8697916666666666,0.0484375,0.06875
47,1161,cl31b41i8002l396cg1a5d10o,0,0.1779017857142857,0.4961309523809524,0.046875,0.0583333333333333
47,1161,cl31binjb0031396cc23hv73o,0,0.4475446428571429,0.2360119047619047,0.05,0.0624999999999999
47,1161,cl31bo6340035396c2qhutocv,0,0.97578125,0.8697916666666666,0.0484375,0.06875
47,1162,cl31b41i8002l396cg1a5d10o,0,0.1766741071428571,0.4956845238095237,0.046875,0.0583333333333333
47,1162,cl31binjb0031396cc23hv73o,0,0.4496651785714285,0.2351190476190476,0.05,0.0625
47,1162,cl31bo6340035396c2qhutocv,0,0.97578125,0.8697916666666666,0.0484375,0.06875
47,1163,cl31b41i8002l396cg1a5d10o,0,0.1754464285714286,0.4952380952380952,0.046875,0.0583333333333333
47,1163,cl31binjb0031396cc23hv73o,0,0.4517857142857143,0.2342261904761904,0.05,0.0625
47,1163,cl31bo6340035396c2qhutocv,0,0.97578125,0.8697916666666666,0.0484375,0.06875
47,1164,cl31b41i8002l396cg1a5d10o,0,0.17421875,0.4947916666666667,0.046875,0.0583333333333333
47,1164,cl31binjb0031396cc23hv73o,0,0.45390625,0.2333333333333333,0.05,0.0625
47,1164,cl31bo6340035396c2qhutocv,0,0.97578125,0.8697916666666666,0.0484375,0.06875
47,1165,cl31b41i8002l396cg1a5d10o,0,0.1729910714285714,0.494345238095238,0.046875,0.0583333333333333
47,1165,cl31binjb0031396cc23hv73o,0,0.4560267857142857,0.2324404761904762,0.05,0.0625
47,1165,cl31bo6340035396c2qhutocv,0,0.97578125,0.8697916666666666,0.0484375,0.06875
47,1166,cl31b41i8002l396cg1a5d10o,0,0.1717633928571428,0.4938988095238095,0.046875,0.0583333333333333
47,1166,cl31binjb0031396cc23hv73o,0,0.4581473214285714,0.231547619047619,0.05,0.0625
47,1166,cl31bo6340035396c2qhutocv,0,0.97578125,0.8697916666666666,0.0484375,0.06875
47,1167,cl31b41i8002l396cg1a5d10o,0,0.1705357142857143,0.493452380952381,0.046875,0.0583333333333333
47,1167,cl31binjb0031396cc23hv73o,0,0.4602678571428571,0.2306547619047619,0.05,0.0625
47,1167,cl31bo6340035396c2qhutocv,0,0.97578125,0.8697916666666666,0.0484375,0.06875
47,1168,cl31b41i8002l396cg1a5d10o,0,0.1693080357142857,0.4930059523809523,0.046875,0.0583333333333333
47,1168,cl31binjb0031396cc23hv73o,0,0.4623883928571429,0.2297619047619047,0.05,0.0625
47,1168,cl31bo6340035396c2qhutocv,0,0.97578125,0.8697916666666666,0.0484375,0.06875
47,1169,cl31b41i8002l396cg1a5d10o,0,0.1680803571428571,0.4925595238095238,0.046875,0.0583333333333333
47,1169,cl31binjb0031396cc23hv73o,0,0.4645089285714285,0.2288690476190476,0.05,0.0625
47,1169,cl31bo6340035396c2qhutocv,0,0.97578125,0.8697916666666666,0.0484375,0.06875
47,116,cl31445hf0007396cqok6byk7,0,0.2248883928571428,0.3507440476190476,0.0390625,0.05625
47,116,cl3144hts000b396c4ihaxgzt,0,0.1904587765957446,0.782565011820331,0.0437499999999999,0.0541666666666666
47,116,cl3144p8j000g396ci3uqwj2m,0,0.2806919642857143,0.7520833333333333,0.0421875,0.05
47,116,cl31452bd000n396cl5uyjaty,0,0.8182499999999999,0.6417083333333333,0.0515624999999999,0.0708333333333333
47,116,cl31459ks000r396cqrqm7umg,0,0.5944196428571429,0.2001488095238095,0.05,0.0604166666666666
47,116,cl314jqvw0018396c8dtr2qtj,0,0.6852272727272728,0.0275568181818181,0.05,0.0520833333333333
47,116,cl316iucr001c396cncmtn8ds,0,0.9879498106060606,0.3460858585858586,0.0226799242424242,0.0541666666666666
47,1170,cl31b41i8002l396cg1a5d10o,0,0.1668526785714285,0.4921130952380952,0.046875,0.0583333333333333
47,1170,cl31binjb0031396cc23hv73o,0,0.4666294642857143,0.2279761904761904,0.05,0.0625
47,1170,cl31bo6340035396c2qhutocv,0,0.97578125,0.8697916666666666,0.0484375,0.06875
47,1171,cl31b41i8002l396cg1a5d10o,0,0.165625,0.4916666666666666,0.046875,0.0583333333333333
47,1171,cl31binjb0031396cc23hv73o,0,0.46875,0.2270833333333333,0.05,0.0625
47,1171,cl31bo6340035396c2qhutocv,0,0.97578125,0.8697916666666666,0.0484375,0.06875
47,1172,cl31b41i8002l396cg1a5d10o,0,0.1678571428571428,0.4910714285714286,0.046875,0.0583333333333333
47,1172,cl31binjb0031396cc23hv73o,0,0.4716517857142857,0.2273809523809523,0.05,0.0625
47,1172,cl31bo6340035396c2qhutocv,0,0.97578125,0.8697916666666666,0.0484375,0.06875
47,1173,cl31b41i8002l396cg1a5d10o,0,0.1700892857142857,0.4904761904761904,0.046875,0.0583333333333333
47,1173,cl31binjb0031396cc23hv73o,0,0.4745535714285714,0.2276785714285714,0.05,0.0625
47,1173,cl31bo6340035396c2qhutocv,0,0.97578125,0.8697916666666666,0.0484375,0.06875
47,1174,cl31b41i8002l396cg1a5d10o,0,0.1723214285714285,0.4898809523809523,0.046875,0.0583333333333333
47,1174,cl31binjb0031396cc23hv73o,0,0.4774553571428571,0.2279761904761904,0.05,0.0625
47,1174,cl31bo6340035396c2qhutocv,0,0.97578125,0.8697916666666666,0.0484375,0.06875
47,1175,cl31b41i8002l396cg1a5d10o,0,0.1745535714285714,0.4892857142857142,0.046875,0.0583333333333333
47,1175,cl31binjb0031396cc23hv73o,0,0.4803571428571428,0.2282738095238095,0.05,0.0625
47,1175,cl31bo6340035396c2qhutocv,0,0.97578125,0.8697916666666666,0.0484375,0.06875
47,1176,cl31b41i8002l396cg1a5d10o,0,0.1767857142857142,0.4886904761904762,0.046875,0.0583333333333333
47,1176,cl31binjb0031396cc23hv73o,0,0.4832589285714285,0.2285714285714285,0.05,0.0625
47,1176,cl31bo6340035396c2qhutocv,0,0.97578125,0.8697916666666666,0.0484375,0.06875
47,1177,cl31b41i8002l396cg1a5d10o,0,0.1790178571428571,0.4880952380952381,0.046875,0.0583333333333333
47,1177,cl31binjb0031396cc23hv73o,0,0.4861607142857143,0.2288690476190476,0.05,0.0625
47,1177,cl31bo6340035396c2qhutocv,0,0.97578125,0.8697916666666666,0.0484375,0.06875
47,1178,cl31b41i8002l396cg1a5d10o,0,0.18125,0.4875,0.046875,0.0583333333333333
47,1178,cl31binjb0031396cc23hv73o,0,0.4890625,0.2291666666666666,0.05,0.0625
47,1178,cl31bo6340035396c2qhutocv,0,0.97578125,0.8697916666666666,0.0484375,0.06875
47,1179,cl31b41i8002l396cg1a5d10o,0,0.1809895833333333,0.4829861111111111,0.046875,0.0583333333333333
47,1179,cl31binjb0031396cc23hv73o,0,0.4919270833333333,0.2329861111111111,0.05,0.0625
47,1179,cl31bo6340035396c2qhutocv,0,0.97578125,0.8697916666666666,0.0484375,0.06875
47,117,cl31445hf0007396cqok6byk7,0,0.2271205357142857,0.3504464285714286,0.0390625,0.05625
47,117,cl3144hts000b396c4ihaxgzt,0,0.1905252659574468,0.7825945626477541,0.0437499999999999,0.0541666666666666
47,117,cl3144p8j000g396ci3uqwj2m,0,0.2793526785714285,0.7583333333333333,0.0421875,0.05
47,117,cl31452bd000n396cl5uyjaty,0,0.81853125,0.64175,0.0515625,0.0708333333333333
47,117,cl31459ks000r396cqrqm7umg,0,0.5919642857142857,0.2013392857142857,0.05,0.0604166666666666
47,117,cl314jqvw0018396c8dtr2qtj,0,0.6845170454545454,0.0290719696969696,0.05,0.0520833333333333
47,117,cl316iucr001c396cncmtn8ds,0,0.9875710227272728,0.3469696969696969,0.0231534090909091,0.0541666666666666
47,1180,cl31b41i8002l396cg1a5d10o,0,0.1807291666666666,0.4784722222222222,0.0468749999999999,0.0583333333333333
47,1180,cl31binjb0031396cc23hv73o,0,0.4947916666666667,0.2368055555555555,0.05,0.0624999999999999
47,1180,cl31bo6340035396c2qhutocv,0,0.97578125,0.8697916666666666,0.0484375,0.06875
47,1181,cl31b41i8002l396cg1a5d10o,0,0.18046875,0.4739583333333333,0.046875,0.0583333333333333
47,1181,cl31binjb0031396cc23hv73o,0,0.49765625,0.240625,0.05,0.0625
47,1181,cl31bo6340035396c2qhutocv,0,0.97578125,0.8697916666666666,0.0484375,0.06875
47,1182,cl31b41i8002l396cg1a5d10o,0,0.1802083333333333,0.4694444444444444,0.046875,0.0583333333333333
47,1182,cl31binjb0031396cc23hv73o,0,0.5005208333333333,0.2444444444444444,0.05,0.0625
47,1182,cl31bo6340035396c2qhutocv,0,0.97578125,0.8697916666666666,0.0484375,0.06875
47,1183,cl31b41i8002l396cg1a5d10o,0,0.1799479166666666,0.4649305555555555,0.0468749999999999,0.0583333333333333
47,1183,cl31binjb0031396cc23hv73o,0,0.5033854166666667,0.2482638888888888,0.05,0.0624999999999999
47,1183,cl31bo6340035396c2qhutocv,0,0.97578125,0.8697916666666666,0.0484375,0.06875
47,1184,cl31b41i8002l396cg1a5d10o,0,0.1796875,0.4604166666666666,0.046875,0.0583333333333333
47,1184,cl31binjb0031396cc23hv73o,0,0.50625,0.2520833333333333,0.05,0.0625
47,1185,cl31b41i8002l396cg1a5d10o,0,0.1806640625,0.4596354166666667,0.046875,0.0583333333333333
47,1185,cl31binjb0031396cc23hv73o,0,0.50625,0.2470052083333333,0.05,0.0625
47,1186,cl31b41i8002l396cg1a5d10o,0,0.181640625,0.4588541666666667,0.046875,0.0583333333333333
47,1186,cl31binjb0031396cc23hv73o,0,0.50625,0.2419270833333333,0.05,0.0625
47,1187,cl31b41i8002l396cg1a5d10o,0,0.1826171875,0.4580729166666666,0.046875,0.0583333333333333
47,1187,cl31binjb0031396cc23hv73o,0,0.50625,0.2368489583333333,0.05,0.0625
47,1188,cl31b41i8002l396cg1a5d10o,0,0.18359375,0.4572916666666666,0.046875,0.0583333333333333
47,1188,cl31binjb0031396cc23hv73o,0,0.50625,0.2317708333333333,0.05,0.0625
47,1189,cl31b41i8002l396cg1a5d10o,0,0.1845703125,0.4565104166666666,0.046875,0.0583333333333333
47,1189,cl31binjb0031396cc23hv73o,0,0.50625,0.2266927083333333,0.05,0.0625
47,118,cl31445hf0007396cqok6byk7,0,0.2293526785714285,0.3501488095238095,0.0390625,0.05625
47,118,cl3144hts000b396c4ihaxgzt,0,0.1905917553191489,0.7826241134751774,0.04375,0.0541666666666666
47,118,cl3144p8j000g396ci3uqwj2m,0,0.2780133928571428,0.7645833333333333,0.0421875,0.05
47,118,cl31452bd000n396cl5uyjaty,0,0.8188124999999999,0.6417916666666666,0.0515624999999999,0.0708333333333333
47,118,cl31459ks000r396cqrqm7umg,0,0.5895089285714286,0.2025297619047618,0.05,0.0604166666666666
47,118,cl314jqvw0018396c8dtr2qtj,0,0.6838068181818182,0.0305871212121212,0.05,0.0520833333333333
47,118,cl316iucr001c396cncmtn8ds,0,0.9871922348484848,0.3478535353535353,0.0236268939393939,0.0541666666666666
47,1190,cl31b41i8002l396cg1a5d10o,0,0.185546875,0.4557291666666667,0.046875,0.0583333333333333
47,1190,cl31binjb0031396cc23hv73o,0,0.50625,0.2216145833333333,0.05,0.0625
47,1191,cl31b41i8002l396cg1a5d10o,0,0.1865234375,0.4549479166666667,0.046875,0.0583333333333333
47,1191,cl31binjb0031396cc23hv73o,0,0.50625,0.2165364583333333,0.05,0.0625
47,1192,cl31b41i8002l396cg1a5d10o,0,0.1875,0.4541666666666666,0.046875,0.0583333333333333
47,1192,cl31binjb0031396cc23hv73o,0,0.50625,0.2114583333333333,0.05,0.0625
47,1193,cl31b41i8002l396cg1a5d10o,0,0.1884765625,0.4533854166666666,0.046875,0.0583333333333333
47,1193,cl31binjb0031396cc23hv73o,0,0.50625,0.2063802083333333,0.05,0.0625
47,1194,cl31b41i8002l396cg1a5d10o,0,0.189453125,0.4526041666666666,0.046875,0.0583333333333333
47,1194,cl31binjb0031396cc23hv73o,0,0.50625,0.2013020833333333,0.05,0.0625
47,1195,cl31b41i8002l396cg1a5d10o,0,0.1904296875,0.4518229166666667,0.046875,0.0583333333333333
47,1195,cl31binjb0031396cc23hv73o,0,0.50625,0.1962239583333333,0.05,0.0625
47,1196,cl31b41i8002l396cg1a5d10o,0,0.19140625,0.4510416666666667,0.046875,0.0583333333333333
47,1196,cl31binjb0031396cc23hv73o,0,0.50625,0.1911458333333333,0.05,0.0625
47,1197,cl31b41i8002l396cg1a5d10o,0,0.1923828125,0.4502604166666666,0.046875,0.0583333333333333
47,1197,cl31binjb0031396cc23hv73o,0,0.50625,0.1860677083333333,0.05,0.0625
47,1198,cl31b41i8002l396cg1a5d10o,0,0.193359375,0.4494791666666666,0.046875,0.0583333333333333
47,1198,cl31binjb0031396cc23hv73o,0,0.50625,0.1809895833333333,0.05,0.0625
47,1199,cl31b41i8002l396cg1a5d10o,0,0.1943359375,0.4486979166666666,0.046875,0.0583333333333333
47,1199,cl31binjb0031396cc23hv73o,0,0.50625,0.1759114583333333,0.05,0.0625
47,119,cl31445hf0007396cqok6byk7,0,0.2315848214285714,0.3498511904761904,0.0390625,0.05625
47,119,cl3144hts000b396c4ihaxgzt,0,0.190658244680851,0.7826536643026004,0.0437499999999999,0.0541666666666666
47,119,cl3144p8j000g396ci3uqwj2m,0,0.2766741071428572,0.7708333333333334,0.0421875,0.05
47,119,cl31452bd000n396cl5uyjaty,0,0.8190937500000001,0.6418333333333333,0.0515625,0.0708333333333333
47,119,cl31459ks000r396cqrqm7umg,0,0.5870535714285714,0.2037202380952381,0.05,0.0604166666666666
47,119,cl314jqvw0018396c8dtr2qtj,0,0.6830965909090909,0.0321022727272727,0.05,0.0520833333333333
47,119,cl316iucr001c396cncmtn8ds,0,0.9868134469696968,0.3487373737373737,0.0241003787878787,0.0541666666666666
47,11,ckz3x1hsf001j3867igiqk5mn,0,0.219140625,0.028125,0.0421875,0.0520833333333333
47,11,cl3143jm20003396cuges2p86,0,0.01875,0.4291666666666666,0.0375,0.0583333333333333
47,11,cl31445hf0007396cqok6byk7,0,0.120703125,0.5140625,0.0390625,0.05625
47,11,cl3144hts000b396c4ihaxgzt,0,0.1834773936170212,0.7794621749408983,0.04375,0.0541666666666666
47,11,cl3144p8j000g396ci3uqwj2m,0,0.2221354166666666,0.8381944444444444,0.0421875,0.05
47,11,cl31452bd000n396cl5uyjaty,0,0.8043870192307692,0.6490384615384616,0.0515624999999999,0.0708333333333333
47,11,cl31459ks000r396cqrqm7umg,0,0.740625,0.2402777777777777,0.05,0.0604166666666666
47,11,cl3146m3g000z396ce2oi4n9l,0,0.6738839285714285,0.0431547619047619,0.0375,0.05
47,1200,cl31b41i8002l396cg1a5d10o,0,0.1953125,0.4479166666666667,0.046875,0.0583333333333333
47,1200,cl31binjb0031396cc23hv73o,0,0.50625,0.1708333333333333,0.05,0.0625
47,1201,cl31b41i8002l396cg1a5d10o,0,0.1940848214285714,0.4470238095238095,0.046875,0.0583333333333333
47,1201,cl31binjb0031396cc23hv73o,0,0.5097098214285715,0.1735119047619047,0.05,0.0625
47,1202,cl31b41i8002l396cg1a5d10o,0,0.1928571428571428,0.4461309523809523,0.0468749999999999,0.0583333333333333
47,1202,cl31binjb0031396cc23hv73o,0,0.5131696428571428,0.1761904761904761,0.05,0.0625
47,1203,cl31b41i8002l396cg1a5d10o,0,0.1916294642857142,0.4452380952380952,0.046875,0.0583333333333333
47,1203,cl31binjb0031396cc23hv73o,0,0.5166294642857143,0.1788690476190476,0.05,0.0625
47,1204,cl31b41i8002l396cg1a5d10o,0,0.1904017857142857,0.444345238095238,0.046875,0.0583333333333333
47,1204,cl31binjb0031396cc23hv73o,0,0.5200892857142857,0.181547619047619,0.05,0.0625
47,1205,cl31b41i8002l396cg1a5d10o,0,0.1891741071428571,0.443452380952381,0.046875,0.0583333333333333
47,1205,cl31binjb0031396cc23hv73o,0,0.5235491071428571,0.1842261904761905,0.05,0.0625
47,1206,cl31b41i8002l396cg1a5d10o,0,0.1879464285714285,0.4425595238095238,0.0468749999999999,0.0583333333333333
47,1206,cl31binjb0031396cc23hv73o,0,0.5270089285714286,0.1869047619047618,0.05,0.0625
47,1207,cl31b41i8002l396cg1a5d10o,0,0.18671875,0.4416666666666666,0.046875,0.0583333333333333
47,1207,cl31binjb0031396cc23hv73o,0,0.53046875,0.1895833333333333,0.05,0.0625
47,1208,cl31b41i8002l396cg1a5d10o,0,0.1854910714285714,0.4407738095238095,0.046875,0.0583333333333333
47,1208,cl31binjb0031396cc23hv73o,0,0.5339285714285714,0.1922619047619047,0.05,0.0625
47,1209,cl31b41i8002l396cg1a5d10o,0,0.1842633928571428,0.4398809523809524,0.0468749999999999,0.0583333333333333
47,1209,cl31binjb0031396cc23hv73o,0,0.5373883928571429,0.1949404761904762,0.05,0.0625
47,120,cl31445hf0007396cqok6byk7,0,0.2338169642857142,0.3495535714285714,0.0390625,0.05625
47,120,cl3144hts000b396c4ihaxgzt,0,0.1907247340425532,0.7826832151300237,0.04375,0.0541666666666666
47,120,cl3144p8j000g396ci3uqwj2m,0,0.2753348214285714,0.7770833333333333,0.0421875,0.05
47,120,cl31452bd000n396cl5uyjaty,0,0.819375,0.6418750000000001,0.0515625,0.0708333333333333
47,120,cl31459ks000r396cqrqm7umg,0,0.5845982142857143,0.2049107142857143,0.05,0.0604166666666666
47,120,cl314jqvw0018396c8dtr2qtj,0,0.6823863636363636,0.0336174242424242,0.05,0.0520833333333333
47,120,cl316iucr001c396cncmtn8ds,0,0.986434659090909,0.3496212121212121,0.0245738636363634,0.0541666666666666
47,1210,cl31b41i8002l396cg1a5d10o,0,0.1830357142857142,0.4389880952380952,0.046875,0.0583333333333333
47,1210,cl31binjb0031396cc23hv73o,0,0.5408482142857143,0.1976190476190476,0.05,0.0625
47,1211,cl31b41i8002l396cg1a5d10o,0,0.1818080357142857,0.4380952380952381,0.046875,0.0583333333333333
47,1211,cl31binjb0031396cc23hv73o,0,0.5443080357142857,0.200297619047619,0.05,0.0625
47,1212,cl31b41i8002l396cg1a5d10o,0,0.1805803571428571,0.4372023809523809,0.046875,0.0583333333333333
47,1212,cl31binjb0031396cc23hv73o,0,0.5477678571428571,0.2029761904761904,0.05,0.0625
47,1213,cl31b41i8002l396cg1a5d10o,0,0.1793526785714285,0.4363095238095237,0.046875,0.0583333333333333
47,1213,cl31binjb0031396cc23hv73o,0,0.5512276785714285,0.2056547619047619,0.05,0.0625
47,1214,cl31b41i8002l396cg1a5d10o,0,0.178125,0.4354166666666667,0.046875,0.0583333333333333
47,1214,cl31binjb0031396cc23hv73o,0,0.5546875,0.2083333333333333,0.05,0.0625
47,1215,cl31b41i8002l396cg1a5d10o,0,0.1768229166666666,0.4355902777777778,0.0468749999999999,0.0583333333333333
47,1215,cl31binjb0031396cc23hv73o,0,0.55546875,0.2119791666666666,0.05,0.0625
47,1216,cl31b41i8002l396cg1a5d10o,0,0.1755208333333333,0.4357638888888889,0.046875,0.0583333333333333
47,1216,cl31binjb0031396cc23hv73o,0,0.55625,0.215625,0.05,0.0625
47,1217,cl31b41i8002l396cg1a5d10o,0,0.17421875,0.4359375,0.046875,0.0583333333333333
47,1217,cl31binjb0031396cc23hv73o,0,0.55703125,0.2192708333333333,0.05,0.0625
47,1218,cl31b41i8002l396cg1a5d10o,0,0.1729166666666666,0.4361111111111111,0.046875,0.0583333333333333
47,1218,cl31binjb0031396cc23hv73o,0,0.5578125,0.2229166666666666,0.05,0.0625
47,1219,cl31b41i8002l396cg1a5d10o,0,0.1716145833333333,0.4362847222222222,0.046875,0.0583333333333333
47,1219,cl31binjb0031396cc23hv73o,0,0.55859375,0.2265625,0.05,0.0625
47,121,cl31445hf0007396cqok6byk7,0,0.2360491071428571,0.3492559523809523,0.0390625,0.05625
47,121,cl3144hts000b396c4ihaxgzt,0,0.1907912234042553,0.7827127659574468,0.04375,0.0541666666666666
47,121,cl3144p8j000g396ci3uqwj2m,0,0.2739955357142857,0.7833333333333333,0.0421875,0.05
47,121,cl31452bd000n396cl5uyjaty,0,0.8196562500000001,0.6419166666666667,0.0515625,0.0708333333333333
47,121,cl31459ks000r396cqrqm7umg,0,0.5821428571428571,0.2061011904761905,0.05,0.0604166666666666
47,121,cl314jqvw0018396c8dtr2qtj,0,0.6816761363636363,0.0351325757575757,0.05,0.0520833333333333
47,121,cl316iucr001c396cncmtn8ds,0,0.9860558712121212,0.3505050505050505,0.0250473484848486,0.0541666666666666
47,1220,cl31b41i8002l396cg1a5d10o,0,0.1703125,0.4364583333333333,0.046875,0.0583333333333333
47,1220,cl31binjb0031396cc23hv73o,0,0.559375,0.2302083333333333,0.05,0.0625
47,1221,cl31b41i8002l396cg1a5d10o,0,0.1690104166666666,0.4366319444444445,0.046875,0.0583333333333333
47,1221,cl31binjb0031396cc23hv73o,0,0.56015625,0.2338541666666666,0.05,0.0625
47,1222,cl31b41i8002l396cg1a5d10o,0,0.1677083333333333,0.4368055555555555,0.046875,0.0583333333333333
47,1222,cl31binjb0031396cc23hv73o,0,0.5609375,0.2375,0.05,0.0625
47,1223,cl31b41i8002l396cg1a5d10o,0,0.16640625,0.4369791666666666,0.046875,0.0583333333333333
47,1223,cl31binjb0031396cc23hv73o,0,0.56171875,0.2411458333333333,0.05,0.0625
47,1224,cl31b41i8002l396cg1a5d10o,0,0.1651041666666666,0.4371527777777778,0.046875,0.0583333333333333
47,1224,cl31binjb0031396cc23hv73o,0,0.5625,0.2447916666666666,0.05,0.0625
47,1225,cl31b41i8002l396cg1a5d10o,0,0.1638020833333333,0.4373263888888888,0.046875,0.0583333333333333
47,1225,cl31binjb0031396cc23hv73o,0,0.56328125,0.2484375,0.05,0.0625
47,1226,cl31b41i8002l396cg1a5d10o,0,0.1625,0.4375,0.046875,0.0583333333333333
47,1226,cl31binjb0031396cc23hv73o,0,0.5640625,0.2520833333333333,0.05,0.0625
47,1227,cl31b41i8002l396cg1a5d10o,0,0.16296875,0.4337499999999999,0.046875,0.0583333333333333
47,1227,cl31binjb0031396cc23hv73o,0,0.566875,0.2504166666666666,0.05,0.0624999999999999
47,1228,cl31b41i8002l396cg1a5d10o,0,0.1634374999999999,0.43,0.046875,0.0583333333333333
47,1228,cl31binjb0031396cc23hv73o,0,0.5696875,0.24875,0.05,0.0625
47,1229,cl31b41i8002l396cg1a5d10o,0,0.16390625,0.4262499999999999,0.046875,0.0583333333333333
47,1229,cl31binjb0031396cc23hv73o,0,0.5725,0.2470833333333333,0.05,0.0625
47,122,cl31445hf0007396cqok6byk7,0,0.23828125,0.3489583333333333,0.0390625,0.05625
47,122,cl3144hts000b396c4ihaxgzt,0,0.1908577127659574,0.7827423167848699,0.04375,0.0541666666666666
47,122,cl3144p8j000g396ci3uqwj2m,0,0.27265625,0.7895833333333333,0.0421875,0.05
47,122,cl31452bd000n396cl5uyjaty,0,0.8199375,0.6419583333333333,0.0515625,0.0708333333333333
47,122,cl31459ks000r396cqrqm7umg,0,0.5796875,0.2072916666666666,0.05,0.0604166666666666
47,122,cl314jqvw0018396c8dtr2qtj,0,0.680965909090909,0.0366477272727272,0.05,0.0520833333333333
47,122,cl316iucr001c396cncmtn8ds,0,0.9856770833333331,0.3513888888888888,0.0255208333333333,0.0541666666666666
47,1230,cl31b41i8002l396cg1a5d10o,0,0.164375,0.4225,0.046875,0.0583333333333333
47,1230,cl31binjb0031396cc23hv73o,0,0.5753125,0.2454166666666667,0.05,0.0625
47,1231,cl31b41i8002l396cg1a5d10o,0,0.16484375,0.41875,0.046875,0.0583333333333333
47,1231,cl31binjb0031396cc23hv73o,0,0.578125,0.24375,0.05,0.0625
47,1232,cl31b41i8002l396cg1a5d10o,0,0.1653125,0.415,0.046875,0.0583333333333333
47,1232,cl31binjb0031396cc23hv73o,0,0.5809375,0.2420833333333333,0.05,0.0624999999999999
47,1233,cl31b41i8002l396cg1a5d10o,0,0.16578125,0.41125,0.046875,0.0583333333333333
47,1233,cl31binjb0031396cc23hv73o,0,0.58375,0.2404166666666666,0.05,0.0625
47,1234,cl31b41i8002l396cg1a5d10o,0,0.16625,0.4075,0.046875,0.0583333333333333
47,1234,cl31binjb0031396cc23hv73o,0,0.5865625,0.23875,0.05,0.0625
47,1235,cl31b41i8002l396cg1a5d10o,0,0.16671875,0.40375,0.046875,0.0583333333333333
47,1235,cl31binjb0031396cc23hv73o,0,0.589375,0.2370833333333333,0.05,0.0625
47,1236,cl31b41i8002l396cg1a5d10o,0,0.1671875,0.4,0.046875,0.0583333333333333
47,1236,cl31binjb0031396cc23hv73o,0,0.5921875,0.2354166666666666,0.05,0.0625
47,1237,cl31b41i8002l396cg1a5d10o,0,0.1662946428571428,0.4004464285714286,0.046875,0.0583333333333333
47,1237,cl31binjb0031396cc23hv73o,0,0.5949776785714286,0.2328869047619047,0.05,0.0625
47,1238,cl31b41i8002l396cg1a5d10o,0,0.1654017857142857,0.4008928571428571,0.046875,0.0583333333333333
47,1238,cl31binjb0031396cc23hv73o,0,0.5977678571428571,0.2303571428571428,0.05,0.0625
47,1239,cl31b41i8002l396cg1a5d10o,0,0.1645089285714285,0.4013392857142857,0.046875,0.0583333333333333
47,1239,cl31binjb0031396cc23hv73o,0,0.6005580357142857,0.2278273809523809,0.05,0.0625
47,123,cl31445hf0007396cqok6byk7,0,0.240625,0.3484375,0.0390625,0.05625
47,123,cl3144hts000b396c4ihaxgzt,0,0.1909242021276596,0.7827718676122931,0.04375,0.0541666666666666
47,123,cl3144p8j000g396ci3uqwj2m,0,0.273046875,0.7953125,0.0421875,0.05
47,123,cl31452bd000n396cl5uyjaty,0,0.8202187500000001,0.642,0.0515625,0.0708333333333333
47,123,cl31459ks000r396cqrqm7umg,0,0.5784598214285714,0.2077380952380952,0.05,0.0604166666666666
47,123,cl314jqvw0018396c8dtr2qtj,0,0.6802556818181819,0.0381628787878787,0.05,0.0520833333333333
47,123,cl316iucr001c396cncmtn8ds,0,0.9852982954545452,0.3522727272727273,0.0259943181818181,0.0541666666666666
47,1240,cl31b41i8002l396cg1a5d10o,0,0.1636160714285714,0.4017857142857143,0.046875,0.0583333333333333
47,1240,cl31binjb0031396cc23hv73o,0,0.6033482142857143,0.225297619047619,0.05,0.0625
47,1241,cl31b41i8002l396cg1a5d10o,0,0.1627232142857143,0.4022321428571428,0.046875,0.0583333333333333
47,1241,cl31binjb0031396cc23hv73o,0,0.6061383928571429,0.2227678571428571,0.05,0.0625
47,1242,cl31b41i8002l396cg1a5d10o,0,0.1618303571428571,0.4026785714285714,0.046875,0.0583333333333333
47,1242,cl31binjb0031396cc23hv73o,0,0.6089285714285715,0.2202380952380952,0.05,0.0625
47,1243,cl31b41i8002l396cg1a5d10o,0,0.1609375,0.403125,0.046875,0.0583333333333333
47,1243,cl31binjb0031396cc23hv73o,0,0.61171875,0.2177083333333333,0.05,0.0625
47,1244,cl31b41i8002l396cg1a5d10o,0,0.1600446428571428,0.4035714285714286,0.046875,0.0583333333333333
47,1244,cl31binjb0031396cc23hv73o,0,0.6145089285714286,0.2151785714285714,0.05,0.0625
47,1245,cl31b41i8002l396cg1a5d10o,0,0.1591517857142857,0.4040178571428571,0.046875,0.0583333333333333
47,1245,cl31binjb0031396cc23hv73o,0,0.6172991071428571,0.2126488095238095,0.05,0.0625
47,1246,cl31b41i8002l396cg1a5d10o,0,0.1582589285714286,0.4044642857142857,0.046875,0.0583333333333333
47,1246,cl31binjb0031396cc23hv73o,0,0.6200892857142857,0.2101190476190476,0.05,0.0625
47,1247,cl31b41i8002l396cg1a5d10o,0,0.1573660714285714,0.4049107142857143,0.046875,0.0583333333333333
47,1247,cl31binjb0031396cc23hv73o,0,0.6228794642857143,0.2075892857142857,0.05,0.0625
47,1248,cl31b41i8002l396cg1a5d10o,0,0.1564732142857142,0.4053571428571428,0.046875,0.0583333333333333
47,1248,cl31binjb0031396cc23hv73o,0,0.6256696428571429,0.2050595238095238,0.05,0.0625
47,1249,cl31b41i8002l396cg1a5d10o,0,0.1555803571428571,0.4058035714285714,0.046875,0.0583333333333333
47,1249,cl31binjb0031396cc23hv73o,0,0.6284598214285715,0.2025297619047618,0.05,0.0625
47,124,cl31445hf0007396cqok6byk7,0,0.24296875,0.3479166666666666,0.0390625,0.05625
47,124,cl3144hts000b396c4ihaxgzt,0,0.1909906914893617,0.7828014184397163,0.04375,0.0541666666666666
47,124,cl3144p8j000g396ci3uqwj2m,0,0.2734375,0.8010416666666667,0.0421875,0.05
47,124,cl31452bd000n396cl5uyjaty,0,0.8205,0.6420416666666667,0.0515625,0.0708333333333333
47,124,cl31459ks000r396cqrqm7umg,0,0.5772321428571429,0.2081845238095238,0.05,0.0604166666666666
47,124,cl314jqvw0018396c8dtr2qtj,0,0.6795454545454546,0.0396780303030303,0.05,0.0520833333333333
47,124,cl316iucr001c396cncmtn8ds,0,0.9849195075757576,0.3531565656565656,0.0264678030303031,0.0541666666666666
47,1250,cl31b41i8002l396cg1a5d10o,0,0.1546875,0.40625,0.046875,0.0583333333333333
47,1250,cl31binjb0031396cc23hv73o,0,0.63125,0.2,0.05,0.0625
47,1251,cl31b41i8002l396cg1a5d10o,0,0.15234375,0.4054166666666666,0.046875,0.0583333333333333
47,1251,cl31binjb0031396cc23hv73o,0,0.63171875,0.1964583333333333,0.05,0.0625
47,1252,cl31b41i8002l396cg1a5d10o,0,0.15,0.4045833333333333,0.046875,0.0583333333333333
47,1252,cl31binjb0031396cc23hv73o,0,0.6321875,0.1929166666666666,0.05,0.0625
47,1253,cl31b41i8002l396cg1a5d10o,0,0.14765625,0.40375,0.046875,0.0583333333333333
47,1253,cl31binjb0031396cc23hv73o,0,0.6326562499999999,0.189375,0.05,0.0625
47,1254,cl31b41i8002l396cg1a5d10o,0,0.1453125,0.4029166666666667,0.046875,0.0583333333333333
47,1254,cl31binjb0031396cc23hv73o,0,0.6331249999999999,0.1858333333333333,0.05,0.0625
47,1255,cl31b41i8002l396cg1a5d10o,0,0.14296875,0.4020833333333333,0.046875,0.0583333333333333
47,1255,cl31binjb0031396cc23hv73o,0,0.63359375,0.1822916666666666,0.05,0.0625
47,1256,cl31b41i8002l396cg1a5d10o,0,0.140625,0.40125,0.046875,0.0583333333333333
47,1256,cl31binjb0031396cc23hv73o,0,0.6340625,0.17875,0.05,0.0625
47,1257,cl31b41i8002l396cg1a5d10o,0,0.13828125,0.4004166666666666,0.046875,0.0583333333333333
47,1257,cl31binjb0031396cc23hv73o,0,0.63453125,0.1752083333333333,0.05,0.0625
47,1258,cl31b41i8002l396cg1a5d10o,0,0.1359375,0.3995833333333333,0.046875,0.0583333333333333
47,1258,cl31binjb0031396cc23hv73o,0,0.635,0.1716666666666667,0.05,0.0625
47,1259,cl31b41i8002l396cg1a5d10o,0,0.13359375,0.39875,0.046875,0.0583333333333333
47,1259,cl31binjb0031396cc23hv73o,0,0.63546875,0.168125,0.05,0.0625
47,125,cl31445hf0007396cqok6byk7,0,0.2453125,0.3473958333333333,0.0390625,0.05625
47,125,cl3144hts000b396c4ihaxgzt,0,0.1910571808510638,0.7828309692671395,0.04375,0.0541666666666666
47,125,cl3144p8j000g396ci3uqwj2m,0,0.273828125,0.8067708333333333,0.0421875,0.05
47,125,cl31452bd000n396cl5uyjaty,0,0.8207812499999999,0.6420833333333333,0.0515624999999999,0.0708333333333333
47,125,cl31459ks000r396cqrqm7umg,0,0.5760044642857143,0.2086309523809523,0.05,0.0604166666666666
47,125,cl314jqvw0018396c8dtr2qtj,0,0.6788352272727273,0.0411931818181818,0.05,0.0520833333333333
47,125,cl316iucr001c396cncmtn8ds,0,0.9845407196969698,0.354040404040404,0.0269412878787878,0.0541666666666666
47,1260,cl31b41i8002l396cg1a5d10o,0,0.13125,0.3979166666666666,0.046875,0.0583333333333333
47,1260,cl31binjb0031396cc23hv73o,0,0.6359375,0.1645833333333333,0.05,0.0625
47,1261,cl31b41i8002l396cg1a5d10o,0,0.1311298076923077,0.3958333333333333,0.046875,0.0583333333333333
47,1261,cl31binjb0031396cc23hv73o,0,0.6354567307692307,0.1610576923076923,0.05,0.0625
47,1262,cl31b41i8002l396cg1a5d10o,0,0.1310096153846153,0.39375,0.046875,0.0583333333333333
47,1262,cl31binjb0031396cc23hv73o,0,0.6349759615384615,0.1575320512820512,0.05,0.0625
47,1263,cl31b41i8002l396cg1a5d10o,0,0.130889423076923,0.3916666666666666,0.046875,0.0583333333333333
47,1263,cl31binjb0031396cc23hv73o,0,0.6344951923076924,0.1540064102564102,0.05,0.0625
47,1264,cl31b41i8002l396cg1a5d10o,0,0.1307692307692307,0.3895833333333333,0.046875,0.0583333333333333
47,1264,cl31binjb0031396cc23hv73o,0,0.6340144230769231,0.1504807692307692,0.05,0.0625
47,1265,cl31b41i8002l396cg1a5d10o,0,0.1306490384615384,0.3875,0.046875,0.0583333333333333
47,1265,cl31binjb0031396cc23hv73o,0,0.6335336538461538,0.1469551282051281,0.05,0.0624999999999999
47,1266,cl31b41i8002l396cg1a5d10o,0,0.1305288461538461,0.3854166666666667,0.046875,0.0583333333333333
47,1266,cl31binjb0031396cc23hv73o,0,0.6330528846153846,0.1434294871794871,0.05,0.0624999999999999
47,1267,cl31b41i8002l396cg1a5d10o,0,0.1304086538461538,0.3833333333333333,0.046875,0.0583333333333333
47,1267,cl31binjb0031396cc23hv73o,0,0.6325721153846154,0.1399038461538461,0.05,0.0625
47,1268,cl31b41i8002l396cg1a5d10o,0,0.1302884615384615,0.38125,0.046875,0.0583333333333333
47,1268,cl31binjb0031396cc23hv73o,0,0.6320913461538462,0.1363782051282051,0.05,0.0624999999999999
47,1269,cl31b41i8002l396cg1a5d10o,0,0.1301682692307692,0.3791666666666666,0.046875,0.0583333333333333
47,1269,cl31binjb0031396cc23hv73o,0,0.6316105769230769,0.1328525641025641,0.05,0.0625
47,126,cl31445hf0007396cqok6byk7,0,0.24765625,0.346875,0.0390625,0.05625
47,126,cl3144hts000b396c4ihaxgzt,0,0.1911236702127659,0.7828605200945626,0.04375,0.0541666666666666
47,126,cl3144p8j000g396ci3uqwj2m,0,0.27421875,0.8125,0.0421875,0.05
47,126,cl31452bd000n396cl5uyjaty,0,0.8210625,0.6421250000000001,0.0515625,0.0708333333333333
47,126,cl31459ks000r396cqrqm7umg,0,0.5747767857142857,0.2090773809523809,0.05,0.0604166666666666
47,126,cl314etiv0013396cef6ngytu,0,0.021875,0.7572916666666667,0.04375,0.06875
47,126,cl314jqvw0018396c8dtr2qtj,0,0.678125,0.0427083333333333,0.05,0.0520833333333333
47,126,cl316iucr001c396cncmtn8ds,0,0.9841619318181818,0.3549242424242424,0.0274147727272726,0.0541666666666666
47,1270,cl31b41i8002l396cg1a5d10o,0,0.1300480769230769,0.3770833333333333,0.046875,0.0583333333333333
47,1270,cl31binjb0031396cc23hv73o,0,0.6311298076923076,0.1293269230769231,0.05,0.0625
47,1271,cl31b41i8002l396cg1a5d10o,0,0.1299278846153846,0.375,0.046875,0.0583333333333333
47,1271,cl31binjb0031396cc23hv73o,0,0.6306490384615385,0.125801282051282,0.05,0.0625
47,1272,cl31b41i8002l396cg1a5d10o,0,0.1298076923076923,0.3729166666666667,0.046875,0.0583333333333333
47,1272,cl31binjb0031396cc23hv73o,0,0.6301682692307693,0.122275641025641,0.05,0.0625
47,1273,cl31b41i8002l396cg1a5d10o,0,0.1296875,0.3708333333333333,0.046875,0.0583333333333333
47,1273,cl31binjb0031396cc23hv73o,0,0.6296875,0.11875,0.05,0.0625
47,1274,cl31b41i8002l396cg1a5d10o,0,0.13125,0.3695075757575757,0.046875,0.0583333333333333
47,1274,cl31binjb0031396cc23hv73o,0,0.6288352272727272,0.1159090909090909,0.05,0.0625
47,1275,cl31b41i8002l396cg1a5d10o,0,0.1328125,0.3681818181818181,0.046875,0.0583333333333333
47,1275,cl31binjb0031396cc23hv73o,0,0.6279829545454546,0.1130681818181818,0.05,0.0624999999999999
47,1276,cl31b41i8002l396cg1a5d10o,0,0.134375,0.3668560606060606,0.046875,0.0583333333333333
47,1276,cl31binjb0031396cc23hv73o,0,0.6271306818181819,0.1102272727272727,0.05,0.0625
47,1277,cl31b41i8002l396cg1a5d10o,0,0.1359375,0.365530303030303,0.046875,0.0583333333333333
47,1277,cl31binjb0031396cc23hv73o,0,0.626278409090909,0.1073863636363636,0.05,0.0625
47,1278,cl31b41i8002l396cg1a5d10o,0,0.1375,0.3642045454545454,0.046875,0.0583333333333333
47,1278,cl31binjb0031396cc23hv73o,0,0.6254261363636363,0.1045454545454545,0.05,0.0625
47,1279,cl31b41i8002l396cg1a5d10o,0,0.1390625,0.3628787878787879,0.046875,0.0583333333333333
47,1279,cl31binjb0031396cc23hv73o,0,0.6245738636363637,0.1017045454545454,0.05,0.0625
47,127,cl31445hf0007396cqok6byk7,0,0.24859375,0.3454166666666667,0.0390625,0.05625
47,127,cl3144hts000b396c4ihaxgzt,0,0.1911901595744681,0.7828900709219858,0.04375,0.0541666666666666
47,127,cl3144p8j000g396ci3uqwj2m,0,0.27625,0.8145833333333333,0.0421875,0.05
47,127,cl31452bd000n396cl5uyjaty,0,0.8213437499999999,0.6421666666666667,0.0515624999999999,0.0708333333333333
47,127,cl31459ks000r396cqrqm7umg,0,0.5735491071428571,0.2095238095238095,0.05,0.0604166666666666
47,127,cl314etiv0013396cef6ngytu,0,0.021875,0.7604166666666666,0.04375,0.06875
47,127,cl314jqvw0018396c8dtr2qtj,0,0.67578125,0.0422916666666666,0.05,0.0520833333333333
47,127,cl316iucr001c396cncmtn8ds,0,0.983783143939394,0.3558080808080808,0.0278882575757574,0.0541666666666666
47,1280,cl31b41i8002l396cg1a5d10o,0,0.140625,0.3615530303030302,0.046875,0.0583333333333333
47,1280,cl31binjb0031396cc23hv73o,0,0.623721590909091,0.0988636363636363,0.05,0.0625
47,1281,cl31b41i8002l396cg1a5d10o,0,0.1421875,0.3602272727272727,0.046875,0.0583333333333333
47,1281,cl31binjb0031396cc23hv73o,0,0.6228693181818181,0.0960227272727272,0.05,0.0625
47,1282,cl31b41i8002l396cg1a5d10o,0,0.14375,0.3589015151515152,0.046875,0.0583333333333333
47,1282,cl31binjb0031396cc23hv73o,0,0.6220170454545454,0.0931818181818181,0.05,0.0625
47,1283,cl31b41i8002l396cg1a5d10o,0,0.1453125,0.3575757575757575,0.046875,0.0583333333333333
47,1283,cl31binjb0031396cc23hv73o,0,0.6211647727272728,0.090340909090909,0.05,0.0624999999999999
47,1284,cl31b41i8002l396cg1a5d10o,0,0.146875,0.35625,0.046875,0.0583333333333333
47,1284,cl31binjb0031396cc23hv73o,0,0.6203125,0.0875,0.05,0.0625
47,1285,cl31b41i8002l396cg1a5d10o,0,0.1490885416666666,0.35625,0.046875,0.0583333333333333
47,1285,cl31binjb0031396cc23hv73o,0,0.61796875,0.0852430555555555,0.05,0.0624999999999999
47,1286,cl31b41i8002l396cg1a5d10o,0,0.1513020833333333,0.35625,0.046875,0.0583333333333333
47,1286,cl31binjb0031396cc23hv73o,0,0.615625,0.0829861111111111,0.05,0.0625
47,1287,cl31b41i8002l396cg1a5d10o,0,0.153515625,0.35625,0.046875,0.0583333333333333
47,1287,cl31binjb0031396cc23hv73o,0,0.61328125,0.0807291666666666,0.05,0.0625
47,1288,cl31b41i8002l396cg1a5d10o,0,0.1557291666666666,0.35625,0.046875,0.0583333333333333
47,1288,cl31binjb0031396cc23hv73o,0,0.6109375,0.0784722222222222,0.05,0.0624999999999999
47,1289,cl31b41i8002l396cg1a5d10o,0,0.1579427083333333,0.35625,0.046875,0.0583333333333333
47,1289,cl31binjb0031396cc23hv73o,0,0.60859375,0.0762152777777777,0.05,0.0625
47,128,cl31445hf0007396cqok6byk7,0,0.2495312499999999,0.3439583333333333,0.0390625,0.05625
47,128,cl3144hts000b396c4ihaxgzt,0,0.1912566489361702,0.782919621749409,0.04375,0.0541666666666666
47,128,cl3144p8j000g396ci3uqwj2m,0,0.27828125,0.8166666666666667,0.0421875,0.05
47,128,cl31452bd000n396cl5uyjaty,0,0.821625,0.6422083333333333,0.0515625,0.0708333333333333
47,128,cl31459ks000r396cqrqm7umg,0,0.5723214285714285,0.2099702380952381,0.05,0.0604166666666666
47,128,cl314etiv0013396cef6ngytu,0,0.021875,0.7635416666666667,0.04375,0.06875
47,128,cl314jqvw0018396c8dtr2qtj,0,0.6734375,0.041875,0.05,0.0520833333333333
47,128,cl316iucr001c396cncmtn8ds,0,0.983404356060606,0.3566919191919192,0.0283617424242425,0.0541666666666666
47,1290,cl31b41i8002l396cg1a5d10o,0,0.16015625,0.35625,0.046875,0.0583333333333333
47,1290,cl31binjb0031396cc23hv73o,0,0.60625,0.0739583333333333,0.05,0.0625
47,1291,cl31b41i8002l396cg1a5d10o,0,0.1623697916666666,0.35625,0.046875,0.0583333333333333
47,1291,cl31binjb0031396cc23hv73o,0,0.60390625,0.0717013888888888,0.05,0.0625
47,1292,cl31b41i8002l396cg1a5d10o,0,0.1645833333333333,0.35625,0.046875,0.0583333333333333
47,1292,cl31binjb0031396cc23hv73o,0,0.6015625,0.0694444444444444,0.05,0.0625
47,1293,cl31b41i8002l396cg1a5d10o,0,0.166796875,0.35625,0.046875,0.0583333333333333
47,1293,cl31binjb0031396cc23hv73o,0,0.59921875,0.0671875,0.05,0.0625
47,1294,cl31b41i8002l396cg1a5d10o,0,0.1690104166666666,0.35625,0.046875,0.0583333333333333
47,1294,cl31binjb0031396cc23hv73o,0,0.596875,0.0649305555555555,0.05,0.0625
47,1295,cl31b41i8002l396cg1a5d10o,0,0.1712239583333333,0.35625,0.046875,0.0583333333333333
47,1295,cl31binjb0031396cc23hv73o,0,0.59453125,0.0626736111111111,0.05,0.0625
47,1296,cl31b41i8002l396cg1a5d10o,0,0.1734375,0.35625,0.046875,0.0583333333333333
47,1296,cl31binjb0031396cc23hv73o,0,0.5921875,0.0604166666666666,0.05,0.0625
47,1297,cl31b41i8002l396cg1a5d10o,0,0.1747596153846153,0.3572115384615384,0.046875,0.0583333333333333
47,1297,cl31binjb0031396cc23hv73o,0,0.5899038461538462,0.0613782051282051,0.05,0.0625
47,1298,cl31b41i8002l396cg1a5d10o,0,0.1760817307692307,0.3581730769230769,0.046875,0.0583333333333333
47,1298,cl31binjb0031396cc23hv73o,0,0.5876201923076924,0.0623397435897435,0.05,0.0624999999999999
47,1299,cl31b41i8002l396cg1a5d10o,0,0.1774038461538461,0.3591346153846154,0.046875,0.0583333333333333
47,1299,cl31binjb0031396cc23hv73o,0,0.5853365384615385,0.063301282051282,0.05,0.0625
47,129,cl31445hf0007396cqok6byk7,0,0.25046875,0.3425,0.0390625,0.05625
47,129,cl3144hts000b396c4ihaxgzt,0,0.1913231382978723,0.782949172576832,0.04375,0.0541666666666666
47,129,cl3144p8j000g396ci3uqwj2m,0,0.2803125,0.81875,0.0421875,0.05
47,129,cl31452bd000n396cl5uyjaty,0,0.82190625,0.64225,0.0515625,0.0708333333333333
47,129,cl31459ks000r396cqrqm7umg,0,0.57109375,0.2104166666666666,0.05,0.0604166666666666
47,129,cl314etiv0013396cef6ngytu,0,0.021875,0.7666666666666667,0.04375,0.06875
47,129,cl314jqvw0018396c8dtr2qtj,0,0.67109375,0.0414583333333333,0.05,0.0520833333333333
47,129,cl316iucr001c396cncmtn8ds,0,0.9830255681818182,0.3575757575757575,0.0288352272727273,0.0541666666666666
47,12,ckz3x1hsf001j3867igiqk5mn,0,0.2208984375,0.0265625,0.0421875,0.0510416666666666
47,12,cl3143jm20003396cuges2p86,0,0.01875,0.434375,0.0375,0.0583333333333333
47,12,cl31445hf0007396cqok6byk7,0,0.1216796875,0.5169270833333334,0.0390625,0.05625
47,12,cl3144hts000b396c4ihaxgzt,0,0.1835438829787234,0.7794917257683216,0.04375,0.0541666666666666
47,12,cl3144p8j000g396ci3uqwj2m,0,0.2231770833333333,0.8399305555555556,0.0421875,0.05
47,12,cl31452bd000n396cl5uyjaty,0,0.8044671474358974,0.6488782051282052,0.0515625,0.0708333333333333
47,12,cl31459ks000r396cqrqm7umg,0,0.7390625,0.2383680555555555,0.05,0.0604166666666666
47,12,cl3146m3g000z396ce2oi4n9l,0,0.6734375,0.0458333333333333,0.0375,0.05
47,1300,cl31b41i8002l396cg1a5d10o,0,0.1787259615384615,0.3600961538461538,0.046875,0.0583333333333333
47,1300,cl31binjb0031396cc23hv73o,0,0.5830528846153846,0.0642628205128205,0.05,0.0625
47,1301,cl31b41i8002l396cg1a5d10o,0,0.1800480769230769,0.3610576923076923,0.046875,0.0583333333333333
47,1301,cl31binjb0031396cc23hv73o,0,0.5807692307692307,0.0652243589743589,0.05,0.0625
47,1302,cl31b41i8002l396cg1a5d10o,0,0.1813701923076923,0.3620192307692307,0.0468749999999999,0.0583333333333333
47,1302,cl31binjb0031396cc23hv73o,0,0.5784855769230769,0.0661858974358974,0.05,0.0624999999999999
47,1303,cl31b41i8002l396cg1a5d10o,0,0.1826923076923077,0.3629807692307692,0.046875,0.0583333333333333
47,1303,cl31binjb0031396cc23hv73o,0,0.5762019230769231,0.0671474358974359,0.05,0.0625
47,1304,cl31b41i8002l396cg1a5d10o,0,0.1840144230769231,0.3639423076923077,0.046875,0.0583333333333333
47,1304,cl31binjb0031396cc23hv73o,0,0.5739182692307693,0.0681089743589743,0.05,0.0625
47,1305,cl31b41i8002l396cg1a5d10o,0,0.1853365384615384,0.3649038461538462,0.046875,0.0583333333333333
47,1305,cl31binjb0031396cc23hv73o,0,0.5716346153846155,0.0690705128205128,0.05,0.0625
47,1306,cl31b41i8002l396cg1a5d10o,0,0.1866586538461538,0.3658653846153846,0.0468749999999999,0.0583333333333333
47,1306,cl31binjb0031396cc23hv73o,0,0.5693509615384615,0.0700320512820512,0.05,0.0624999999999999
47,1307,cl31b41i8002l396cg1a5d10o,0,0.1879807692307692,0.366826923076923,0.046875,0.0583333333333333
47,1307,cl31binjb0031396cc23hv73o,0,0.5670673076923076,0.0709935897435897,0.05,0.0625
47,1308,cl31b41i8002l396cg1a5d10o,0,0.1893028846153846,0.3677884615384615,0.046875,0.0583333333333333
47,1308,cl31binjb0031396cc23hv73o,0,0.5647836538461538,0.0719551282051282,0.05,0.0625
47,1309,cl31b41i8002l396cg1a5d10o,0,0.190625,0.36875,0.046875,0.0583333333333333
47,1309,cl31binjb0031396cc23hv73o,0,0.5625,0.0729166666666666,0.05,0.0625
47,130,cl31445hf0007396cqok6byk7,0,0.25140625,0.3410416666666666,0.0390625,0.05625
47,130,cl3144hts000b396c4ihaxgzt,0,0.1913896276595744,0.7829787234042553,0.04375,0.0541666666666666
47,130,cl3144p8j000g396ci3uqwj2m,0,0.28234375,0.8208333333333333,0.0421875,0.05
47,130,cl31452bd000n396cl5uyjaty,0,0.8221875000000001,0.6422916666666667,0.0515625,0.0708333333333333
47,130,cl31459ks000r396cqrqm7umg,0,0.5698660714285715,0.2108630952380952,0.05,0.0604166666666666
47,130,cl314etiv0013396cef6ngytu,0,0.021875,0.7697916666666667,0.04375,0.06875
47,130,cl314jqvw0018396c8dtr2qtj,0,0.66875,0.0410416666666666,0.05,0.0520833333333333
47,130,cl316iucr001c396cncmtn8ds,0,0.9826467803030304,0.358459595959596,0.0293087121212121,0.0541666666666666
47,1310,cl31b41i8002l396cg1a5d10o,0,0.1917613636363636,0.3719696969696969,0.0468749999999999,0.0583333333333333
47,1310,cl31binjb0031396cc23hv73o,0,0.5603693181818181,0.0753787878787878,0.05,0.0624999999999999
47,1311,cl31b41i8002l396cg1a5d10o,0,0.1928977272727273,0.3751893939393939,0.046875,0.0583333333333333
47,1311,cl31binjb0031396cc23hv73o,0,0.5582386363636364,0.0778409090909091,0.05,0.0625
47,1312,cl31b41i8002l396cg1a5d10o,0,0.1940340909090909,0.3784090909090908,0.046875,0.0583333333333333
47,1312,cl31binjb0031396cc23hv73o,0,0.5561079545454546,0.0803030303030303,0.05,0.0625
47,1313,cl31b41i8002l396cg1a5d10o,0,0.1951704545454545,0.3816287878787879,0.046875,0.0583333333333333
47,1313,cl31binjb0031396cc23hv73o,0,0.5539772727272727,0.0827651515151515,0.05,0.0625
47,1314,cl31b41i8002l396cg1a5d10o,0,0.1963068181818181,0.3848484848484848,0.0468749999999999,0.0583333333333333
47,1314,cl31binjb0031396cc23hv73o,0,0.5518465909090909,0.0852272727272727,0.05,0.0624999999999999
47,1315,cl31b41i8002l396cg1a5d10o,0,0.1974431818181818,0.3880681818181818,0.046875,0.0583333333333333
47,1315,cl31binjb0031396cc23hv73o,0,0.5497159090909091,0.0876893939393939,0.05,0.0625
47,1316,cl31b41i8002l396cg1a5d10o,0,0.1985795454545454,0.3912878787878788,0.046875,0.0583333333333333
47,1316,cl31binjb0031396cc23hv73o,0,0.5475852272727273,0.0901515151515151,0.05,0.0625
47,1317,cl31b41i8002l396cg1a5d10o,0,0.199715909090909,0.3945075757575758,0.046875,0.0583333333333333
47,1317,cl31binjb0031396cc23hv73o,0,0.5454545454545454,0.0926136363636363,0.05,0.0625
47,1318,cl31b41i8002l396cg1a5d10o,0,0.2008522727272727,0.3977272727272727,0.0468749999999999,0.0583333333333333
47,1318,cl31binjb0031396cc23hv73o,0,0.5433238636363636,0.0950757575757575,0.05,0.0625
47,1319,cl31b41i8002l396cg1a5d10o,0,0.2019886363636363,0.4009469696969697,0.046875,0.0583333333333333
47,1319,cl31binjb0031396cc23hv73o,0,0.5411931818181819,0.0975378787878788,0.05,0.0625
47,131,cl31445hf0007396cqok6byk7,0,0.25234375,0.3395833333333333,0.0390625,0.05625
47,131,cl3144hts000b396c4ihaxgzt,0,0.1914561170212766,0.7830082742316784,0.04375,0.0541666666666666
47,131,cl3144p8j000g396ci3uqwj2m,0,0.284375,0.8229166666666666,0.0421875,0.05
47,131,cl31452bd000n396cl5uyjaty,0,0.82246875,0.6423333333333333,0.0515625,0.0708333333333333
47,131,cl31459ks000r396cqrqm7umg,0,0.5686383928571429,0.2113095238095238,0.05,0.0604166666666666
47,131,cl314etiv0013396cef6ngytu,0,0.021875,0.7729166666666667,0.04375,0.06875
47,131,cl314jqvw0018396c8dtr2qtj,0,0.66640625,0.040625,0.05,0.0520833333333333
47,131,cl316iucr001c396cncmtn8ds,0,0.9822679924242425,0.3593434343434343,0.0297821969696968,0.0541666666666666
47,1320,cl31b41i8002l396cg1a5d10o,0,0.203125,0.4041666666666667,0.046875,0.0583333333333333
47,1320,cl31binjb0031396cc23hv73o,0,0.5390625,0.1,0.05,0.0625
47,1321,cl31b41i8002l396cg1a5d10o,0,0.2029411764705882,0.4009803921568627,0.046875,0.0583333333333333
47,1321,cl31binjb0031396cc23hv73o,0,0.5370404411764705,0.1026960784313725,0.05,0.0625
47,1322,cl31b41i8002l396cg1a5d10o,0,0.2027573529411764,0.3977941176470588,0.0468749999999999,0.0583333333333333
47,1322,cl31binjb0031396cc23hv73o,0,0.5350183823529412,0.1053921568627451,0.05,0.0625
47,1323,cl31b41i8002l396cg1a5d10o,0,0.2025735294117647,0.3946078431372549,0.046875,0.0583333333333333
47,1323,cl31binjb0031396cc23hv73o,0,0.5329963235294117,0.1080882352941176,0.05,0.0624999999999999
47,1324,cl31b41i8002l396cg1a5d10o,0,0.2023897058823529,0.391421568627451,0.046875,0.0583333333333333
47,1324,cl31binjb0031396cc23hv73o,0,0.5309742647058824,0.1107843137254901,0.05,0.0624999999999999
47,1325,cl31b41i8002l396cg1a5d10o,0,0.2022058823529411,0.388235294117647,0.046875,0.0583333333333333
47,1325,cl31binjb0031396cc23hv73o,0,0.5289522058823529,0.1134803921568627,0.05,0.0625
47,1326,cl31b41i8002l396cg1a5d10o,0,0.2020220588235294,0.3850490196078431,0.0468749999999999,0.0583333333333333
47,1326,cl31binjb0031396cc23hv73o,0,0.5269301470588236,0.1161764705882353,0.05,0.0625
47,1327,cl31b41i8002l396cg1a5d10o,0,0.2018382352941176,0.3818627450980392,0.046875,0.0583333333333333
47,1327,cl31binjb0031396cc23hv73o,0,0.5249080882352941,0.1188725490196078,0.05,0.0625
47,1328,cl31b41i8002l396cg1a5d10o,0,0.2016544117647059,0.3786764705882353,0.046875,0.0583333333333333
47,1328,cl31binjb0031396cc23hv73o,0,0.5228860294117647,0.1215686274509804,0.05,0.0625
47,1329,cl31b41i8002l396cg1a5d10o,0,0.2014705882352941,0.3754901960784314,0.046875,0.0583333333333333
47,1329,cl31binjb0031396cc23hv73o,0,0.5208639705882353,0.1242647058823529,0.05,0.0624999999999999
47,132,cl31445hf0007396cqok6byk7,0,0.25328125,0.338125,0.0390625,0.05625
47,132,cl3144hts000b396c4ihaxgzt,0,0.1915226063829787,0.7830378250591017,0.04375,0.0541666666666666
47,132,cl3144p8j000g396ci3uqwj2m,0,0.28640625,0.825,0.0421875,0.05
47,132,cl31452bd000n396cl5uyjaty,0,0.8227499999999999,0.6423749999999999,0.0515624999999999,0.0708333333333333
47,132,cl31459ks000r396cqrqm7umg,0,0.5674107142857143,0.2117559523809523,0.05,0.0604166666666666
47,132,cl314etiv0013396cef6ngytu,0,0.021875,0.7760416666666666,0.04375,0.06875
47,132,cl314jqvw0018396c8dtr2qtj,0,0.6640625,0.0402083333333333,0.05,0.0520833333333333
47,132,cl316iucr001c396cncmtn8ds,0,0.9818892045454548,0.3602272727272727,0.0302556818181818,0.0541666666666666
47,1330,cl31b41i8002l396cg1a5d10o,0,0.2012867647058823,0.3723039215686274,0.0468749999999999,0.0583333333333333
47,1330,cl31binjb0031396cc23hv73o,0,0.5188419117647058,0.1269607843137254,0.05,0.0625
47,1331,cl31b41i8002l396cg1a5d10o,0,0.2011029411764706,0.3691176470588235,0.046875,0.0583333333333333
47,1331,cl31binjb0031396cc23hv73o,0,0.5168198529411765,0.129656862745098,0.05,0.0625
47,1332,cl31b41i8002l396cg1a5d10o,0,0.2009191176470588,0.3659313725490196,0.046875,0.0583333333333333
47,1332,cl31binjb0031396cc23hv73o,0,0.5147977941176471,0.1323529411764706,0.05,0.0625
47,1333,cl31b41i8002l396cg1a5d10o,0,0.200735294117647,0.3627450980392157,0.046875,0.0583333333333333
47,1333,cl31binjb0031396cc23hv73o,0,0.5127757352941177,0.1350490196078431,0.05,0.0624999999999999
47,1334,cl31b41i8002l396cg1a5d10o,0,0.2005514705882352,0.3595588235294117,0.0468749999999999,0.0583333333333333
47,1334,cl31binjb0031396cc23hv73o,0,0.5107536764705882,0.1377450980392157,0.05,0.0625
47,1335,cl31b41i8002l396cg1a5d10o,0,0.2003676470588235,0.3563725490196078,0.046875,0.0583333333333333
47,1335,cl31binjb0031396cc23hv73o,0,0.5087316176470588,0.1404411764705882,0.05,0.0625
47,1336,cl31b41i8002l396cg1a5d10o,0,0.2001838235294117,0.3531862745098039,0.046875,0.0583333333333333
47,1336,cl31binjb0031396cc23hv73o,0,0.5067095588235294,0.1431372549019607,0.05,0.0625
47,1337,cl31b41i8002l396cg1a5d10o,0,0.2,0.35,0.046875,0.0583333333333333
47,1337,cl31binjb0031396cc23hv73o,0,0.5046875,0.1458333333333333,0.05,0.0625
47,1338,cl31b41i8002l396cg1a5d10o,0,0.2006696428571428,0.3497767857142857,0.0468749999999999,0.0584821428571428
47,1338,cl31binjb0031396cc23hv73o,0,0.5042410714285714,0.1486607142857142,0.05,0.0625
47,1339,cl31b41i8002l396cg1a5d10o,0,0.2013392857142857,0.3495535714285714,0.046875,0.0586309523809523
47,1339,cl31binjb0031396cc23hv73o,0,0.5037946428571429,0.1514880952380952,0.05,0.0624999999999999
47,133,cl31445hf0007396cqok6byk7,0,0.25421875,0.3366666666666666,0.0390625,0.05625
47,133,cl3144hts000b396c4ihaxgzt,0,0.1915890957446808,0.7830673758865248,0.04375,0.0541666666666666
47,133,cl3144p8j000g396ci3uqwj2m,0,0.2884375,0.8270833333333333,0.0421875,0.05
47,133,cl31452bd000n396cl5uyjaty,0,0.82303125,0.6424166666666667,0.0515625,0.0708333333333333
47,133,cl31459ks000r396cqrqm7umg,0,0.5661830357142856,0.2122023809523809,0.05,0.0604166666666666
47,133,cl314etiv0013396cef6ngytu,0,0.021875,0.7791666666666667,0.04375,0.06875
47,133,cl314jqvw0018396c8dtr2qtj,0,0.66171875,0.0397916666666666,0.05,0.0520833333333333
47,133,cl316iucr001c396cncmtn8ds,0,0.9815104166666668,0.3611111111111111,0.0307291666666666,0.0541666666666666
47,1340,cl31b41i8002l396cg1a5d10o,0,0.2020089285714285,0.3493303571428571,0.0468749999999999,0.0587797619047618
47,1340,cl31binjb0031396cc23hv73o,0,0.5033482142857143,0.1543154761904762,0.05,0.0625
47,1341,cl31b41i8002l396cg1a5d10o,0,0.2026785714285714,0.3491071428571428,0.046875,0.0589285714285714
47,1341,cl31binjb0031396cc23hv73o,0,0.5029017857142857,0.1571428571428571,0.05,0.0625
47,1342,cl31b41i8002l396cg1a5d10o,0,0.2033482142857142,0.3488839285714286,0.046875,0.0590773809523809
47,1342,cl31binjb0031396cc23hv73o,0,0.5024553571428572,0.1599702380952381,0.05,0.0625
47,1343,cl31b41i8002l396cg1a5d10o,0,0.2040178571428571,0.3486607142857142,0.046875,0.0592261904761905
47,1343,cl31binjb0031396cc23hv73o,0,0.5020089285714285,0.162797619047619,0.05,0.0625
47,1344,cl31b41i8002l396cg1a5d10o,0,0.2046875,0.3484375,0.046875,0.059375
47,1344,cl31binjb0031396cc23hv73o,0,0.5015625,0.165625,0.05,0.0625
47,1345,cl31b41i8002l396cg1a5d10o,0,0.2053571428571428,0.3482142857142857,0.0468749999999999,0.0595238095238094
47,1345,cl31binjb0031396cc23hv73o,0,0.5011160714285714,0.1684523809523809,0.05,0.0625
47,1346,cl31b41i8002l396cg1a5d10o,0,0.2060267857142857,0.3479910714285714,0.046875,0.059672619047619
47,1346,cl31binjb0031396cc23hv73o,0,0.5006696428571429,0.1712797619047619,0.05,0.0625
47,1347,cl31b41i8002l396cg1a5d10o,0,0.2066964285714285,0.3477678571428572,0.0468749999999999,0.0598214285714285
47,1347,cl31binjb0031396cc23hv73o,0,0.5002232142857144,0.1741071428571428,0.05,0.0625
47,1348,cl31b41i8002l396cg1a5d10o,0,0.2073660714285714,0.3475446428571428,0.046875,0.0599702380952381
47,1348,cl31binjb0031396cc23hv73o,0,0.4997767857142857,0.1769345238095238,0.05,0.0625
47,1349,cl31b41i8002l396cg1a5d10o,0,0.2080357142857142,0.3473214285714286,0.046875,0.0601190476190476
47,1349,cl31binjb0031396cc23hv73o,0,0.4993303571428571,0.1797619047619047,0.05,0.0625
47,134,cl31445hf0007396cqok6byk7,0,0.25515625,0.3352083333333333,0.0390625,0.05625
47,134,cl3144hts000b396c4ihaxgzt,0,0.1916555851063829,0.783096926713948,0.04375,0.0541666666666666
47,134,cl3144p8j000g396ci3uqwj2m,0,0.29046875,0.8291666666666667,0.0421875,0.05
47,134,cl31452bd000n396cl5uyjaty,0,0.8233124999999999,0.6424583333333334,0.0515624999999999,0.0708333333333333
47,134,cl31459ks000r396cqrqm7umg,0,0.5649553571428572,0.2126488095238095,0.05,0.0604166666666666
47,134,cl314etiv0013396cef6ngytu,0,0.021875,0.7822916666666667,0.04375,0.06875
47,134,cl314jqvw0018396c8dtr2qtj,0,0.659375,0.039375,0.05,0.0520833333333333
47,134,cl316iucr001c396cncmtn8ds,0,0.9811316287878789,0.3619949494949495,0.0312026515151513,0.0541666666666666
47,1350,cl31b41i8002l396cg1a5d10o,0,0.2087053571428571,0.3470982142857143,0.046875,0.0602678571428571
47,1350,cl31binjb0031396cc23hv73o,0,0.4988839285714285,0.1825892857142857,0.05,0.0625
47,1351,cl31b41i8002l396cg1a5d10o,0,0.209375,0.346875,0.046875,0.0604166666666666
47,1351,cl31binjb0031396cc23hv73o,0,0.4984375,0.1854166666666666,0.05,0.0625
47,1352,cl31b41i8002l396cg1a5d10o,0,0.21103515625,0.3466145833333333,0.046875,0.0604166666666666
47,1352,cl31binjb0031396cc23hv73o,0,0.49580078125,0.186328125,0.05,0.0625
47,1353,cl31b41i8002l396cg1a5d10o,0,0.2126953125,0.3463541666666667,0.046875,0.0604166666666666
47,1353,cl31binjb0031396cc23hv73o,0,0.4931640625,0.1872395833333333,0.05,0.0625
47,1354,cl31b41i8002l396cg1a5d10o,0,0.21435546875,0.34609375,0.046875,0.0604166666666666
47,1354,cl31binjb0031396cc23hv73o,0,0.49052734375,0.1881510416666666,0.05,0.0625
47,1355,cl31b41i8002l396cg1a5d10o,0,0.216015625,0.3458333333333333,0.046875,0.0604166666666666
47,1355,cl31binjb0031396cc23hv73o,0,0.487890625,0.1890625,0.05,0.0625
47,1356,cl31b41i8002l396cg1a5d10o,0,0.21767578125,0.3455729166666667,0.046875,0.0604166666666666
47,1356,cl31binjb0031396cc23hv73o,0,0.48525390625,0.1899739583333333,0.05,0.0625
47,1357,cl31b41i8002l396cg1a5d10o,0,0.2193359375,0.3453125,0.046875,0.0604166666666666
47,1357,cl31binjb0031396cc23hv73o,0,0.4826171875,0.1908854166666666,0.05,0.0625
47,1358,cl31b41i8002l396cg1a5d10o,0,0.22099609375,0.3450520833333333,0.046875,0.0604166666666666
47,1358,cl31binjb0031396cc23hv73o,0,0.47998046875,0.191796875,0.05,0.0625
47,1359,cl31b41i8002l396cg1a5d10o,0,0.22265625,0.3447916666666666,0.046875,0.0604166666666666
47,1359,cl31binjb0031396cc23hv73o,0,0.47734375,0.1927083333333333,0.05,0.0625
47,135,cl31445hf0007396cqok6byk7,0,0.25609375,0.33375,0.0390625,0.05625
47,135,cl3144hts000b396c4ihaxgzt,0,0.1917220744680851,0.7831264775413711,0.04375,0.0541666666666666
47,135,cl3144p8j000g396ci3uqwj2m,0,0.2925,0.83125,0.0421875,0.05
47,135,cl31452bd000n396cl5uyjaty,0,0.82359375,0.6425,0.0515625,0.0708333333333333
47,135,cl31459ks000r396cqrqm7umg,0,0.5637276785714286,0.2130952380952381,0.05,0.0604166666666666
47,135,cl314etiv0013396cef6ngytu,0,0.021875,0.7854166666666667,0.04375,0.06875
47,135,cl314jqvw0018396c8dtr2qtj,0,0.65703125,0.0389583333333333,0.05,0.0520833333333333
47,135,cl316iucr001c396cncmtn8ds,0,0.980752840909091,0.3628787878787879,0.0316761363636365,0.0541666666666666
47,1360,cl31b41i8002l396cg1a5d10o,0,0.22431640625,0.34453125,0.046875,0.0604166666666666
47,1360,cl31binjb0031396cc23hv73o,0,0.47470703125,0.1936197916666666,0.05,0.0625
47,1361,cl31b41i8002l396cg1a5d10o,0,0.2259765625,0.3442708333333333,0.046875,0.0604166666666666
47,1361,cl31binjb0031396cc23hv73o,0,0.4720703125,0.19453125,0.05,0.0625
47,1362,cl31b41i8002l396cg1a5d10o,0,0.22763671875,0.3440104166666666,0.046875,0.0604166666666666
47,1362,cl31binjb0031396cc23hv73o,0,0.46943359375,0.1954427083333333,0.05,0.0625
47,1363,cl31b41i8002l396cg1a5d10o,0,0.229296875,0.34375,0.046875,0.0604166666666666
47,1363,cl31binjb0031396cc23hv73o,0,0.466796875,0.1963541666666666,0.05,0.0625
47,1364,cl31b41i8002l396cg1a5d10o,0,0.23095703125,0.3434895833333333,0.046875,0.0604166666666666
47,1364,cl31binjb0031396cc23hv73o,0,0.46416015625,0.197265625,0.05,0.0625
47,1365,cl31b41i8002l396cg1a5d10o,0,0.2326171875,0.3432291666666666,0.046875,0.0604166666666666
47,1365,cl31binjb0031396cc23hv73o,0,0.4615234375,0.1981770833333333,0.05,0.0625
47,1366,cl31b41i8002l396cg1a5d10o,0,0.23427734375,0.34296875,0.046875,0.0604166666666666
47,1366,cl31binjb0031396cc23hv73o,0,0.45888671875,0.1990885416666666,0.05,0.0625
47,1367,cl31b41i8002l396cg1a5d10o,0,0.2359375,0.3427083333333333,0.046875,0.0604166666666666
47,1367,cl31binjb0031396cc23hv73o,0,0.45625,0.2,0.05,0.0625
47,1368,cl31b41i8002l396cg1a5d10o,0,0.237109375,0.3442708333333333,0.046875,0.0604166666666666
47,1368,cl31binjb0031396cc23hv73o,0,0.4580078125,0.2029947916666666,0.05,0.0625
47,1369,cl31b41i8002l396cg1a5d10o,0,0.23828125,0.3458333333333333,0.046875,0.0604166666666666
47,1369,cl31binjb0031396cc23hv73o,0,0.459765625,0.2059895833333333,0.05,0.0625
47,136,cl31445hf0007396cqok6byk7,0,0.25703125,0.3322916666666666,0.0390625,0.05625
47,136,cl3144hts000b396c4ihaxgzt,0,0.1917885638297872,0.7831560283687943,0.04375,0.0541666666666666
47,136,cl3144p8j000g396ci3uqwj2m,0,0.29453125,0.8333333333333334,0.0421875,0.05
47,136,cl31452bd000n396cl5uyjaty,0,0.8238749999999999,0.6425416666666667,0.0515625,0.0708333333333333
47,136,cl31459ks000r396cqrqm7umg,0,0.5625,0.2135416666666666,0.05,0.0604166666666666
47,136,cl314etiv0013396cef6ngytu,0,0.021875,0.7885416666666667,0.04375,0.06875
47,136,cl314jqvw0018396c8dtr2qtj,0,0.6546875,0.0385416666666666,0.05,0.0520833333333333
47,136,cl316iucr001c396cncmtn8ds,0,0.9803740530303032,0.3637626262626262,0.0321496212121212,0.0541666666666666
47,1370,cl31b41i8002l396cg1a5d10o,0,0.239453125,0.3473958333333333,0.046875,0.0604166666666666
47,1370,cl31binjb0031396cc23hv73o,0,0.4615234375,0.208984375,0.05,0.0625
47,1371,cl31b41i8002l396cg1a5d10o,0,0.240625,0.3489583333333333,0.046875,0.0604166666666666
47,1371,cl31binjb0031396cc23hv73o,0,0.46328125,0.2119791666666666,0.05,0.0625
47,1372,cl31b41i8002l396cg1a5d10o,0,0.241796875,0.3505208333333333,0.046875,0.0604166666666666
47,1372,cl31binjb0031396cc23hv73o,0,0.4650390625,0.2149739583333333,0.05,0.0625
47,1373,cl31b41i8002l396cg1a5d10o,0,0.24296875,0.3520833333333333,0.046875,0.0604166666666666
47,1373,cl31binjb0031396cc23hv73o,0,0.466796875,0.21796875,0.05,0.0625
47,1374,cl31b41i8002l396cg1a5d10o,0,0.244140625,0.3536458333333333,0.046875,0.0604166666666666
47,1374,cl31binjb0031396cc23hv73o,0,0.4685546875,0.2209635416666666,0.05,0.0625
47,1375,cl31b41i8002l396cg1a5d10o,0,0.2453125,0.3552083333333333,0.046875,0.0604166666666666
47,1375,cl31binjb0031396cc23hv73o,0,0.4703125,0.2239583333333333,0.05,0.0625
47,1376,cl31b41i8002l396cg1a5d10o,0,0.246484375,0.3567708333333333,0.046875,0.0604166666666666
47,1376,cl31binjb0031396cc23hv73o,0,0.4720703125,0.226953125,0.05,0.0625
47,1377,cl31b41i8002l396cg1a5d10o,0,0.24765625,0.3583333333333333,0.046875,0.0604166666666666
47,1377,cl31binjb0031396cc23hv73o,0,0.473828125,0.2299479166666666,0.05,0.0625
47,1378,cl31b41i8002l396cg1a5d10o,0,0.248828125,0.3598958333333333,0.046875,0.0604166666666666
47,1378,cl31binjb0031396cc23hv73o,0,0.4755859375,0.2329427083333333,0.05,0.0625
47,1379,cl31b41i8002l396cg1a5d10o,0,0.25,0.3614583333333333,0.046875,0.0604166666666666
47,1379,cl31binjb0031396cc23hv73o,0,0.47734375,0.2359375,0.05,0.0625
47,137,cl31445hf0007396cqok6byk7,0,0.2580729166666666,0.3322916666666666,0.0390625,0.05625
47,137,cl3144hts000b396c4ihaxgzt,0,0.1918550531914893,0.7831855791962175,0.04375,0.0541666666666666
47,137,cl3144p8j000g396ci3uqwj2m,0,0.2955729166666666,0.8274305555555556,0.0421875,0.05
47,137,cl31452bd000n396cl5uyjaty,0,0.82415625,0.6425833333333333,0.0515625,0.0708333333333333
47,137,cl31459ks000r396cqrqm7umg,0,0.5615056818181818,0.215625,0.05,0.0604166666666666
47,137,cl314etiv0013396cef6ngytu,0,0.021875,0.7826388888888889,0.04375,0.06875
47,137,cl314jqvw0018396c8dtr2qtj,0,0.6526041666666667,0.040625,0.05,0.0520833333333333
47,137,cl316iucr001c396cncmtn8ds,0,0.9799952651515152,0.3646464646464646,0.032623106060606,0.0541666666666666
47,1380,cl31b41i8002l396cg1a5d10o,0,0.251171875,0.3630208333333333,0.046875,0.0604166666666666
47,1380,cl31binjb0031396cc23hv73o,0,0.4791015625,0.2389322916666666,0.05,0.0625
47,1381,cl31b41i8002l396cg1a5d10o,0,0.25234375,0.3645833333333333,0.046875,0.0604166666666666
47,1381,cl31binjb0031396cc23hv73o,0,0.480859375,0.2419270833333333,0.05,0.0625
47,1382,cl31b41i8002l396cg1a5d10o,0,0.253515625,0.3661458333333333,0.046875,0.0604166666666666
47,1382,cl31binjb0031396cc23hv73o,0,0.4826171875,0.244921875,0.05,0.0625
47,1383,cl31b41i8002l396cg1a5d10o,0,0.2546875,0.3677083333333333,0.046875,0.0604166666666666
47,1383,cl31binjb0031396cc23hv73o,0,0.484375,0.2479166666666666,0.05,0.0625
47,1384,cl31b41i8002l396cg1a5d10o,0,0.2544471153846154,0.365625,0.046875,0.0604166666666666
47,1384,cl31binjb0031396cc23hv73o,0,0.4859375,0.2509615384615384,0.05,0.0624999999999999
47,1385,cl31b41i8002l396cg1a5d10o,0,0.2542067307692307,0.3635416666666666,0.046875,0.0604166666666666
47,1385,cl31binjb0031396cc23hv73o,0,0.4875,0.2540064102564103,0.05,0.0625
47,1386,cl31b41i8002l396cg1a5d10o,0,0.2539663461538461,0.3614583333333333,0.046875,0.0604166666666666
47,1386,cl31binjb0031396cc23hv73o,0,0.4890625,0.2570512820512821,0.05,0.0625
47,1387,cl31b41i8002l396cg1a5d10o,0,0.2537259615384615,0.359375,0.046875,0.0604166666666666
47,1387,cl31binjb0031396cc23hv73o,0,0.490625,0.2600961538461538,0.05,0.0625
47,1388,cl31b41i8002l396cg1a5d10o,0,0.2534855769230769,0.3572916666666667,0.046875,0.0604166666666666
47,1388,cl31binjb0031396cc23hv73o,0,0.4921875,0.2631410256410256,0.05,0.0625
47,1389,cl31b41i8002l396cg1a5d10o,0,0.2532451923076922,0.3552083333333333,0.046875,0.0604166666666666
47,1389,cl31binjb0031396cc23hv73o,0,0.49375,0.2661858974358974,0.05,0.0625
47,138,cl31445hf0007396cqok6byk7,0,0.2591145833333333,0.3322916666666666,0.0390625,0.05625
47,138,cl3144hts000b396c4ihaxgzt,0,0.1919215425531915,0.7832151300236406,0.04375,0.0541666666666666
47,138,cl3144p8j000g396ci3uqwj2m,0,0.2966145833333333,0.8215277777777777,0.0421875,0.05
47,138,cl31452bd000n396cl5uyjaty,0,0.8244374999999999,0.642625,0.0515625,0.0708333333333333
47,138,cl31459ks000r396cqrqm7umg,0,0.5605113636363637,0.2177083333333333,0.05,0.0604166666666666
47,138,cl314etiv0013396cef6ngytu,0,0.021875,0.7767361111111111,0.04375,0.06875
47,138,cl314jqvw0018396c8dtr2qtj,0,0.6505208333333333,0.0427083333333333,0.05,0.0520833333333333
47,138,cl316iucr001c396cncmtn8ds,0,0.9796164772727274,0.365530303030303,0.0330965909090908,0.0541666666666666
47,1390,cl31b41i8002l396cg1a5d10o,0,0.2530048076923077,0.353125,0.046875,0.0604166666666666
47,1390,cl31binjb0031396cc23hv73o,0,0.4953125,0.2692307692307692,0.05,0.0625
47,1391,cl31b41i8002l396cg1a5d10o,0,0.2527644230769231,0.3510416666666666,0.046875,0.0604166666666666
47,1391,cl31binjb0031396cc23hv73o,0,0.496875,0.272275641025641,0.05,0.0624999999999999
47,1392,cl31b41i8002l396cg1a5d10o,0,0.2525240384615385,0.3489583333333333,0.046875,0.0604166666666666
47,1392,cl31binjb0031396cc23hv73o,0,0.4984375,0.2753205128205128,0.05,0.0625
47,1393,cl31b41i8002l396cg1a5d10o,0,0.2522836538461538,0.346875,0.046875,0.0604166666666666
47,1393,cl31binjb0031396cc23hv73o,0,0.5,0.2783653846153846,0.05,0.0625
47,1394,cl31b41i8002l396cg1a5d10o,0,0.2520432692307692,0.3447916666666666,0.046875,0.0604166666666666
47,1394,cl31binjb0031396cc23hv73o,0,0.5015625,0.2814102564102564,0.05,0.0624999999999999
47,1395,cl31b41i8002l396cg1a5d10o,0,0.2518028846153846,0.3427083333333333,0.046875,0.0604166666666666
47,1395,cl31binjb0031396cc23hv73o,0,0.503125,0.2844551282051282,0.05,0.0625
47,1396,cl31b41i8002l396cg1a5d10o,0,0.2515625,0.340625,0.046875,0.0604166666666666
47,1396,cl31binjb0031396cc23hv73o,0,0.5046875,0.2875,0.05,0.0625
47,1397,cl31b41i8002l396cg1a5d10o,0,0.2539663461538461,0.340625,0.046875,0.0604166666666666
47,1397,cl31binjb0031396cc23hv73o,0,0.5068509615384615,0.2884615384615384,0.05,0.0624999999999999
47,1398,cl31b41i8002l396cg1a5d10o,0,0.2563701923076923,0.340625,0.046875,0.0604166666666666
47,1398,cl31binjb0031396cc23hv73o,0,0.5090144230769231,0.2894230769230769,0.05,0.0625
47,1399,cl31b41i8002l396cg1a5d10o,0,0.2587740384615384,0.340625,0.046875,0.0604166666666666
47,1399,cl31binjb0031396cc23hv73o,0,0.5111778846153846,0.2903846153846154,0.05,0.0625
47,139,cl31445hf0007396cqok6byk7,0,0.26015625,0.3322916666666666,0.0390625,0.05625
47,139,cl3144hts000b396c4ihaxgzt,0,0.1919880319148936,0.7832446808510638,0.04375,0.0541666666666666
47,139,cl3144p8j000g396ci3uqwj2m,0,0.29765625,0.815625,0.0421875,0.05
47,139,cl31452bd000n396cl5uyjaty,0,0.8247187500000001,0.6426666666666667,0.0515625,0.0708333333333333
47,139,cl31459ks000r396cqrqm7umg,0,0.5595170454545454,0.2197916666666666,0.05,0.0604166666666666
47,139,cl314etiv0013396cef6ngytu,0,0.021875,0.7708333333333334,0.04375,0.06875
47,139,cl314jqvw0018396c8dtr2qtj,0,0.6484375,0.0447916666666666,0.05,0.0520833333333333
47,139,cl316iucr001c396cncmtn8ds,0,0.9792376893939394,0.3664141414141414,0.0335700757575757,0.0541666666666666
47,13,ckz3x1hsf001j3867igiqk5mn,0,0.22265625,0.025,0.0421875,0.05
47,13,cl3143jm20003396cuges2p86,0,0.01875,0.4395833333333333,0.0375,0.0583333333333333
47,13,cl31445hf0007396cqok6byk7,0,0.12265625,0.5197916666666667,0.0390625,0.05625
47,13,cl3144hts000b396c4ihaxgzt,0,0.1836103723404255,0.7795212765957447,0.0437499999999999,0.0541666666666666
47,13,cl3144p8j000g396ci3uqwj2m,0,0.22421875,0.8416666666666667,0.0421875,0.05
47,13,cl31452bd000n396cl5uyjaty,0,0.8045472756410257,0.6487179487179486,0.0515625,0.0708333333333333
47,13,cl31459ks000r396cqrqm7umg,0,0.7375,0.2364583333333333,0.05,0.0604166666666666
47,13,cl3146m3g000z396ce2oi4n9l,0,0.6729910714285714,0.0485119047619047,0.0375,0.05
47,1400,cl31b41i8002l396cg1a5d10o,0,0.2611778846153846,0.340625,0.046875,0.0604166666666666
47,1400,cl31binjb0031396cc23hv73o,0,0.5133413461538462,0.2913461538461538,0.05,0.0625
47,1401,cl31b41i8002l396cg1a5d10o,0,0.2635817307692307,0.340625,0.046875,0.0604166666666666
47,1401,cl31binjb0031396cc23hv73o,0,0.5155048076923077,0.2923076923076923,0.05,0.0625
47,1402,cl31b41i8002l396cg1a5d10o,0,0.2659855769230769,0.340625,0.046875,0.0604166666666666
47,1402,cl31binjb0031396cc23hv73o,0,0.5176682692307693,0.2932692307692308,0.05,0.0625
47,1403,cl31b41i8002l396cg1a5d10o,0,0.2683894230769231,0.340625,0.046875,0.0604166666666666
47,1403,cl31binjb0031396cc23hv73o,0,0.5198317307692307,0.2942307692307692,0.05,0.0625
47,1404,cl31b41i8002l396cg1a5d10o,0,0.2707932692307692,0.340625,0.046875,0.0604166666666666
47,1404,cl31binjb0031396cc23hv73o,0,0.5219951923076923,0.2951923076923076,0.05,0.0624999999999999
47,1405,cl31b41i8002l396cg1a5d10o,0,0.2731971153846154,0.340625,0.046875,0.0604166666666666
47,1405,cl31binjb0031396cc23hv73o,0,0.5241586538461538,0.2961538461538461,0.05,0.0625
47,1406,cl31b41i8002l396cg1a5d10o,0,0.2756009615384615,0.340625,0.046875,0.0604166666666666
47,1406,cl31binjb0031396cc23hv73o,0,0.5263221153846154,0.2971153846153846,0.05,0.0625
47,1407,cl31b41i8002l396cg1a5d10o,0,0.2780048076923077,0.340625,0.046875,0.0604166666666666
47,1407,cl31binjb0031396cc23hv73o,0,0.528485576923077,0.2980769230769231,0.05,0.0625
47,1408,cl31b41i8002l396cg1a5d10o,0,0.2804086538461538,0.340625,0.046875,0.0604166666666666
47,1408,cl31binjb0031396cc23hv73o,0,0.5306490384615385,0.2990384615384615,0.05,0.0625
47,1409,cl31b41i8002l396cg1a5d10o,0,0.2828125,0.340625,0.046875,0.0604166666666666
47,1409,cl31binjb0031396cc23hv73o,0,0.5328125,0.3,0.05,0.0625
47,140,cl31445hf0007396cqok6byk7,0,0.2611979166666666,0.3322916666666666,0.0390625,0.05625
47,140,cl3144hts000b396c4ihaxgzt,0,0.1920545212765957,0.783274231678487,0.04375,0.0541666666666666
47,140,cl3144p8j000g396ci3uqwj2m,0,0.2986979166666667,0.8097222222222222,0.0421875,0.05
47,140,cl31452bd000n396cl5uyjaty,0,0.825,0.6427083333333333,0.0515625,0.0708333333333333
47,140,cl31459ks000r396cqrqm7umg,0,0.5585227272727272,0.221875,0.05,0.0604166666666666
47,140,cl314etiv0013396cef6ngytu,0,0.021875,0.7649305555555556,0.04375,0.06875
47,140,cl314jqvw0018396c8dtr2qtj,0,0.6463541666666667,0.046875,0.05,0.0520833333333333
47,140,cl316iucr001c396cncmtn8ds,0,0.9788589015151516,0.3672979797979798,0.0340435606060605,0.0541666666666666
47,1410,cl31b41i8002l396cg1a5d10o,0,0.2837053571428571,0.3422619047619047,0.046875,0.0604166666666666
47,1410,cl31binjb0031396cc23hv73o,0,0.5352678571428571,0.2989583333333333,0.05,0.0625
47,1411,cl31b41i8002l396cg1a5d10o,0,0.2845982142857143,0.3438988095238095,0.046875,0.0604166666666666
47,1411,cl31binjb0031396cc23hv73o,0,0.5377232142857143,0.2979166666666666,0.05,0.0625
47,1412,cl31b41i8002l396cg1a5d10o,0,0.2854910714285714,0.3455357142857143,0.046875,0.0604166666666666
47,1412,cl31binjb0031396cc23hv73o,0,0.5401785714285714,0.296875,0.05,0.0625
47,1413,cl31b41i8002l396cg1a5d10o,0,0.2863839285714286,0.347172619047619,0.046875,0.0604166666666666
47,1413,cl31binjb0031396cc23hv73o,0,0.5426339285714286,0.2958333333333333,0.05,0.0625
47,1414,cl31b41i8002l396cg1a5d10o,0,0.2872767857142857,0.3488095238095238,0.046875,0.0604166666666666
47,1414,cl31binjb0031396cc23hv73o,0,0.5450892857142857,0.2947916666666667,0.05,0.0625
47,1415,cl31b41i8002l396cg1a5d10o,0,0.2881696428571428,0.3504464285714286,0.046875,0.0604166666666666
47,1415,cl31binjb0031396cc23hv73o,0,0.5475446428571429,0.29375,0.05,0.0625
47,1416,cl31b41i8002l396cg1a5d10o,0,0.2890625,0.3520833333333333,0.046875,0.0604166666666666
47,1416,cl31binjb0031396cc23hv73o,0,0.55,0.2927083333333333,0.05,0.0625
47,1417,cl31b41i8002l396cg1a5d10o,0,0.2899553571428571,0.353720238095238,0.046875,0.0604166666666666
47,1417,cl31binjb0031396cc23hv73o,0,0.5524553571428571,0.2916666666666667,0.05,0.0625
47,1418,cl31b41i8002l396cg1a5d10o,0,0.2908482142857143,0.3553571428571428,0.046875,0.0604166666666666
47,1418,cl31binjb0031396cc23hv73o,0,0.5549107142857144,0.290625,0.05,0.0625
47,1419,cl31b41i8002l396cg1a5d10o,0,0.2917410714285714,0.3569940476190476,0.046875,0.0604166666666666
47,1419,cl31binjb0031396cc23hv73o,0,0.5573660714285714,0.2895833333333333,0.05,0.0625
47,141,cl31445hf0007396cqok6byk7,0,0.2622395833333333,0.3322916666666666,0.0390625,0.05625
47,141,cl3144hts000b396c4ihaxgzt,0,0.1921210106382978,0.7833037825059102,0.04375,0.0541666666666666
47,141,cl3144p8j000g396ci3uqwj2m,0,0.2997395833333333,0.8038194444444444,0.0421875,0.05
47,141,cl31452bd000n396cl5uyjaty,0,0.82528125,0.6427499999999999,0.0515624999999999,0.0708333333333333
47,141,cl31459ks000r396cqrqm7umg,0,0.5575284090909091,0.2239583333333333,0.05,0.0604166666666666
47,141,cl314etiv0013396cef6ngytu,0,0.021875,0.7590277777777777,0.04375,0.06875
47,141,cl314jqvw0018396c8dtr2qtj,0,0.6442708333333333,0.0489583333333333,0.05,0.0520833333333333
47,141,cl316iucr001c396cncmtn8ds,0,0.9784801136363636,0.3681818181818181,0.0345170454545455,0.0541666666666666
47,1420,cl31b41i8002l396cg1a5d10o,0,0.2926339285714285,0.3586309523809524,0.046875,0.0604166666666666
47,1420,cl31binjb0031396cc23hv73o,0,0.5598214285714286,0.2885416666666666,0.05,0.0625
47,1421,cl31b41i8002l396cg1a5d10o,0,0.2935267857142857,0.3602678571428571,0.046875,0.0604166666666666
47,1421,cl31binjb0031396cc23hv73o,0,0.5622767857142856,0.2875,0.05,0.0625
47,1422,cl31b41i8002l396cg1a5d10o,0,0.2944196428571428,0.3619047619047619,0.046875,0.0604166666666666
47,1422,cl31binjb0031396cc23hv73o,0,0.5647321428571429,0.2864583333333333,0.05,0.0625
47,1423,cl31b41i8002l396cg1a5d10o,0,0.2953125,0.3635416666666666,0.046875,0.0604166666666666
47,1423,cl31binjb0031396cc23hv73o,0,0.5671875,0.2854166666666666,0.05,0.0625
47,1424,cl31b41i8002l396cg1a5d10o,0,0.2949448529411764,0.365625,0.046875,0.0604166666666666
47,1424,cl31binjb0031396cc23hv73o,0,0.5691176470588235,0.283578431372549,0.05,0.0625
47,1425,cl31b41i8002l396cg1a5d10o,0,0.2945772058823529,0.3677083333333333,0.046875,0.0604166666666666
47,1425,cl31binjb0031396cc23hv73o,0,0.5710477941176471,0.2817401960784314,0.05,0.0625
47,1426,cl31b41i8002l396cg1a5d10o,0,0.2942095588235294,0.3697916666666667,0.046875,0.0604166666666666
47,1426,cl31binjb0031396cc23hv73o,0,0.5729779411764706,0.2799019607843137,0.05,0.0624999999999999
47,1427,cl31b41i8002l396cg1a5d10o,0,0.2938419117647058,0.371875,0.046875,0.0604166666666666
47,1427,cl31binjb0031396cc23hv73o,0,0.5749080882352942,0.2780637254901961,0.05,0.0625
47,1428,cl31b41i8002l396cg1a5d10o,0,0.2934742647058823,0.3739583333333333,0.046875,0.0604166666666666
47,1428,cl31binjb0031396cc23hv73o,0,0.5768382352941177,0.2762254901960784,0.05,0.0625
47,1429,cl31b41i8002l396cg1a5d10o,0,0.2931066176470588,0.3760416666666666,0.046875,0.0604166666666666
47,1429,cl31binjb0031396cc23hv73o,0,0.5787683823529413,0.2743872549019608,0.05,0.0625
47,142,cl31445hf0007396cqok6byk7,0,0.26328125,0.3322916666666666,0.0390625,0.05625
47,142,cl3144hts000b396c4ihaxgzt,0,0.1921875,0.7833333333333333,0.04375,0.0541666666666666
47,142,cl3144p8j000g396ci3uqwj2m,0,0.30078125,0.7979166666666667,0.0421875,0.05
47,142,cl31452bd000n396cl5uyjaty,0,0.8255625,0.6427916666666668,0.0515625,0.0708333333333333
47,142,cl31459ks000r396cqrqm7umg,0,0.5565340909090909,0.2260416666666666,0.05,0.0604166666666666
47,142,cl314etiv0013396cef6ngytu,0,0.021875,0.753125,0.04375,0.06875
47,142,cl314jqvw0018396c8dtr2qtj,0,0.6421875,0.0510416666666666,0.05,0.0520833333333333
47,142,cl316iucr001c396cncmtn8ds,0,0.9781013257575758,0.3690656565656566,0.0349905303030302,0.0541666666666666
47,1430,cl31b41i8002l396cg1a5d10o,0,0.2927389705882353,0.378125,0.046875,0.0604166666666666
47,1430,cl31binjb0031396cc23hv73o,0,0.5806985294117647,0.2725490196078431,0.05,0.0624999999999999
47,1431,cl31b41i8002l396cg1a5d10o,0,0.2923713235294117,0.3802083333333333,0.046875,0.0604166666666666
47,1431,cl31binjb0031396cc23hv73o,0,0.5826286764705882,0.2707107843137254,0.05,0.0625
47,1432,cl31b41i8002l396cg1a5d10o,0,0.2920036764705882,0.3822916666666666,0.046875,0.0604166666666666
47,1432,cl31binjb0031396cc23hv73o,0,0.5845588235294118,0.2688725490196078,0.05,0.0625
47,1433,cl31b41i8002l396cg1a5d10o,0,0.2916360294117647,0.384375,0.046875,0.0604166666666666
47,1433,cl31binjb0031396cc23hv73o,0,0.5864889705882353,0.2670343137254902,0.05,0.0625
47,1434,cl31b41i8002l396cg1a5d10o,0,0.2912683823529411,0.3864583333333333,0.046875,0.0604166666666666
47,1434,cl31binjb0031396cc23hv73o,0,0.5884191176470588,0.2651960784313725,0.05,0.0624999999999999
47,1435,cl31b41i8002l396cg1a5d10o,0,0.2909007352941176,0.3885416666666667,0.046875,0.0604166666666666
47,1435,cl31binjb0031396cc23hv73o,0,0.5903492647058823,0.2633578431372549,0.05,0.0625
47,1436,cl31b41i8002l396cg1a5d10o,0,0.2905330882352941,0.390625,0.046875,0.0604166666666666
47,1436,cl31binjb0031396cc23hv73o,0,0.5922794117647059,0.2615196078431372,0.05,0.0625
47,1437,cl31b41i8002l396cg1a5d10o,0,0.2901654411764706,0.3927083333333333,0.046875,0.0604166666666666
47,1437,cl31binjb0031396cc23hv73o,0,0.5942095588235294,0.2596813725490196,0.05,0.0625
47,1438,cl31b41i8002l396cg1a5d10o,0,0.289797794117647,0.3947916666666666,0.046875,0.0604166666666666
47,1438,cl31binjb0031396cc23hv73o,0,0.5961397058823529,0.2578431372549019,0.05,0.0624999999999999
47,1439,cl31b41i8002l396cg1a5d10o,0,0.2894301470588235,0.396875,0.046875,0.0604166666666666
47,1439,cl31binjb0031396cc23hv73o,0,0.5980698529411764,0.2560049019607843,0.05,0.0625
47,143,cl31445hf0007396cqok6byk7,0,0.26671875,0.331875,0.0390625,0.05625
47,143,cl3144hts000b396c4ihaxgzt,0,0.1923328488372093,0.7833333333333333,0.04375,0.0541666666666666
47,143,cl3144p8j000g396ci3uqwj2m,0,0.30640625,0.8016666666666666,0.0421875,0.05
47,143,cl31452bd000n396cl5uyjaty,0,0.82584375,0.6428333333333334,0.0515625,0.0708333333333333
47,143,cl31459ks000r396cqrqm7umg,0,0.5555397727272727,0.228125,0.05,0.0604166666666666
47,143,cl314etiv0013396cef6ngytu,0,0.0221875,0.7452083333333334,0.04375,0.06875
47,143,cl314jqvw0018396c8dtr2qtj,0,0.6478125,0.0489583333333333,0.05,0.0520833333333333
47,143,cl316iucr001c396cncmtn8ds,0,0.977722537878788,0.3699494949494949,0.0354640151515152,0.0541666666666666
47,1440,cl31b41i8002l396cg1a5d10o,0,0.2890625,0.3989583333333333,0.046875,0.0604166666666666
47,1440,cl31binjb0031396cc23hv73o,0,0.6,0.2541666666666666,0.05,0.0625
47,1441,cl31b41i8002l396cg1a5d10o,0,0.2911458333333333,0.399236111111111,0.046875,0.0604166666666666
47,1441,cl31binjb0031396cc23hv73o,0,0.600625,0.25125,0.05,0.0625
47,1442,cl31b41i8002l396cg1a5d10o,0,0.2932291666666666,0.3995138888888889,0.046875,0.0604166666666666
47,1442,cl31binjb0031396cc23hv73o,0,0.6012500000000001,0.2483333333333333,0.05,0.0624999999999999
47,1443,cl31b41i8002l396cg1a5d10o,0,0.2953125,0.3997916666666666,0.046875,0.0604166666666666
47,1443,cl31binjb0031396cc23hv73o,0,0.6018749999999999,0.2454166666666667,0.05,0.0625
47,1444,cl31b41i8002l396cg1a5d10o,0,0.2973958333333333,0.4000694444444444,0.046875,0.0604166666666666
47,1444,cl31binjb0031396cc23hv73o,0,0.6025,0.2425,0.05,0.0625
47,1445,cl31b41i8002l396cg1a5d10o,0,0.2994791666666666,0.4003472222222222,0.046875,0.0604166666666666
47,1445,cl31binjb0031396cc23hv73o,0,0.603125,0.2395833333333333,0.05,0.0625
47,1446,cl31b41i8002l396cg1a5d10o,0,0.3015625,0.400625,0.046875,0.0604166666666666
47,1446,cl31binjb0031396cc23hv73o,0,0.60375,0.2366666666666666,0.05,0.0625
47,1447,cl31b41i8002l396cg1a5d10o,0,0.3036458333333333,0.4009027777777778,0.046875,0.0604166666666666
47,1447,cl31binjb0031396cc23hv73o,0,0.604375,0.23375,0.05,0.0625
47,1448,cl31b41i8002l396cg1a5d10o,0,0.3057291666666666,0.4011805555555555,0.046875,0.0604166666666666
47,1448,cl31binjb0031396cc23hv73o,0,0.605,0.2308333333333333,0.05,0.0625
47,1449,cl31b41i8002l396cg1a5d10o,0,0.3078125,0.4014583333333333,0.046875,0.0604166666666666
47,1449,cl31binjb0031396cc23hv73o,0,0.6056250000000001,0.2279166666666666,0.05,0.0625
47,144,cl31445hf0007396cqok6byk7,0,0.27015625,0.3314583333333333,0.0390625,0.05625
47,144,cl3144hts000b396c4ihaxgzt,0,0.1924781976744186,0.7833333333333333,0.0437499999999999,0.0541666666666666
47,144,cl3144p8j000g396ci3uqwj2m,0,0.31203125,0.8054166666666667,0.0421875,0.05
47,144,cl31452bd000n396cl5uyjaty,0,0.826125,0.642875,0.0515625,0.0708333333333333
47,144,cl31459ks000r396cqrqm7umg,0,0.5545454545454546,0.2302083333333333,0.05,0.0604166666666666
47,144,cl314etiv0013396cef6ngytu,0,0.0225,0.7372916666666666,0.04375,0.06875
47,144,cl314jqvw0018396c8dtr2qtj,0,0.6534375,0.046875,0.05,0.0520833333333333
47,144,cl316iucr001c396cncmtn8ds,0,0.97734375,0.3708333333333333,0.0359375,0.0541666666666666
47,1450,cl31b41i8002l396cg1a5d10o,0,0.3098958333333333,0.4017361111111111,0.046875,0.0604166666666666
47,1450,cl31binjb0031396cc23hv73o,0,0.60625,0.225,0.05,0.0625
47,1451,cl31b41i8002l396cg1a5d10o,0,0.3119791666666666,0.4020138888888889,0.046875,0.0604166666666666
47,1451,cl31binjb0031396cc23hv73o,0,0.6068749999999999,0.2220833333333333,0.05,0.0625
47,1452,cl31b41i8002l396cg1a5d10o,0,0.3140625,0.4022916666666666,0.046875,0.0604166666666666
47,1452,cl31binjb0031396cc23hv73o,0,0.6075,0.2191666666666666,0.05,0.0625
47,1453,cl31b41i8002l396cg1a5d10o,0,0.3161458333333333,0.4025694444444444,0.046875,0.0604166666666666
47,1453,cl31binjb0031396cc23hv73o,0,0.608125,0.21625,0.05,0.0625
47,1454,cl31b41i8002l396cg1a5d10o,0,0.3182291666666667,0.4028472222222222,0.046875,0.0604166666666666
47,1454,cl31binjb0031396cc23hv73o,0,0.60875,0.2133333333333333,0.05,0.0625
47,1455,cl31b41i8002l396cg1a5d10o,0,0.3203125,0.403125,0.046875,0.0604166666666666
47,1455,cl31binjb0031396cc23hv73o,0,0.609375,0.2104166666666666,0.05,0.0625
47,1456,cl31b41i8002l396cg1a5d10o,0,0.3209375,0.4004166666666666,0.046875,0.0604166666666666
47,1456,cl31binjb0031396cc23hv73o,0,0.60765625,0.206875,0.05,0.0625
47,1457,cl31b41i8002l396cg1a5d10o,0,0.3215625,0.3977083333333333,0.046875,0.0604166666666666
47,1457,cl31binjb0031396cc23hv73o,0,0.6059375,0.2033333333333333,0.05,0.0625
47,1458,cl31b41i8002l396cg1a5d10o,0,0.3221874999999999,0.3949999999999999,0.046875,0.0604166666666666
47,1458,cl31binjb0031396cc23hv73o,0,0.60421875,0.1997916666666666,0.05,0.0625
47,1459,cl31b41i8002l396cg1a5d10o,0,0.3228125,0.3922916666666667,0.046875,0.0604166666666666
47,1459,cl31binjb0031396cc23hv73o,0,0.6025,0.19625,0.05,0.0625
47,145,cl31445hf0007396cqok6byk7,0,0.2735937499999999,0.3310416666666667,0.0390625,0.05625
47,145,cl3144hts000b396c4ihaxgzt,0,0.1926235465116278,0.7833333333333333,0.04375,0.0541666666666666
47,145,cl3144p8j000g396ci3uqwj2m,0,0.31765625,0.8091666666666666,0.0421875,0.05
47,145,cl31452bd000n396cl5uyjaty,0,0.82640625,0.6429166666666667,0.0515625,0.0708333333333333
47,145,cl31459ks000r396cqrqm7umg,0,0.5535511363636363,0.2322916666666666,0.05,0.0604166666666666
47,145,cl314etiv0013396cef6ngytu,0,0.0228125,0.729375,0.04375,0.06875
47,145,cl314jqvw0018396c8dtr2qtj,0,0.6590625,0.0447916666666666,0.05,0.0520833333333333
47,145,cl316iucr001c396cncmtn8ds,0,0.9774479166666667,0.3720833333333333,0.0359375,0.0541666666666666
47,1460,cl31b41i8002l396cg1a5d10o,0,0.3234375,0.3895833333333333,0.046875,0.0604166666666666
47,1460,cl31binjb0031396cc23hv73o,0,0.60078125,0.1927083333333333,0.05,0.0625
47,1461,cl31b41i8002l396cg1a5d10o,0,0.3240625,0.3868749999999999,0.046875,0.0604166666666666
47,1461,cl31binjb0031396cc23hv73o,0,0.5990624999999999,0.1891666666666666,0.05,0.0625
47,1462,cl31b41i8002l396cg1a5d10o,0,0.3246875,0.3841666666666666,0.046875,0.0604166666666666
47,1462,cl31binjb0031396cc23hv73o,0,0.5973437500000001,0.1856249999999999,0.05,0.0625
47,1463,cl31b41i8002l396cg1a5d10o,0,0.3253125,0.3814583333333333,0.046875,0.0604166666666666
47,1463,cl31binjb0031396cc23hv73o,0,0.595625,0.1820833333333333,0.05,0.0625
47,1464,cl31b41i8002l396cg1a5d10o,0,0.3259375,0.37875,0.046875,0.0604166666666666
47,1464,cl31binjb0031396cc23hv73o,0,0.5939062500000001,0.1785416666666666,0.05,0.0625
47,1465,cl31b41i8002l396cg1a5d10o,0,0.3265625,0.3760416666666666,0.046875,0.0604166666666666
47,1465,cl31binjb0031396cc23hv73o,0,0.5921875,0.175,0.05,0.0625
47,1466,cl31b41i8002l396cg1a5d10o,0,0.327734375,0.3802083333333333,0.046875,0.0604166666666666
47,1466,cl31binjb0031396cc23hv73o,0,0.589453125,0.1791666666666666,0.05,0.0625
47,1467,cl31b41i8002l396cg1a5d10o,0,0.32890625,0.384375,0.046875,0.0604166666666666
47,1467,cl31binjb0031396cc23hv73o,0,0.58671875,0.1833333333333333,0.05,0.0625
47,1468,cl31b41i8002l396cg1a5d10o,0,0.330078125,0.3885416666666667,0.046875,0.0604166666666666
47,1468,cl31binjb0031396cc23hv73o,0,0.583984375,0.1875,0.05,0.0625
47,1469,cl31b41i8002l396cg1a5d10o,0,0.33125,0.3927083333333333,0.046875,0.0604166666666666
47,1469,cl31binjb0031396cc23hv73o,0,0.58125,0.1916666666666666,0.05,0.0625
47,146,cl31445hf0007396cqok6byk7,0,0.27703125,0.330625,0.0390625,0.05625
47,146,cl3144hts000b396c4ihaxgzt,0,0.1927688953488372,0.7833333333333333,0.04375,0.0541666666666666
47,146,cl3144p8j000g396ci3uqwj2m,0,0.32328125,0.8129166666666666,0.0421875,0.05
47,146,cl31452bd000n396cl5uyjaty,0,0.8266875,0.6429583333333333,0.0515625,0.0708333333333333
47,146,cl31459ks000r396cqrqm7umg,0,0.5525568181818181,0.234375,0.05,0.0604166666666666
47,146,cl314etiv0013396cef6ngytu,0,0.023125,0.7214583333333333,0.04375,0.06875
47,146,cl314jqvw0018396c8dtr2qtj,0,0.6646875,0.0427083333333333,0.05,0.0520833333333333
47,146,cl316iucr001c396cncmtn8ds,0,0.9775520833333332,0.3733333333333333,0.0359375,0.0541666666666666
47,147,cl31445hf0007396cqok6byk7,0,0.28046875,0.3302083333333333,0.0390625,0.05625
47,147,cl3144hts000b396c4ihaxgzt,0,0.1929142441860465,0.7833333333333333,0.04375,0.0541666666666666
47,147,cl3144p8j000g396ci3uqwj2m,0,0.32890625,0.8166666666666667,0.0421875,0.05
47,147,cl31452bd000n396cl5uyjaty,0,0.82696875,0.643,0.0515625,0.0708333333333333
47,147,cl31459ks000r396cqrqm7umg,0,0.5515625,0.2364583333333333,0.05,0.0604166666666666
47,147,cl314etiv0013396cef6ngytu,0,0.0234375,0.7135416666666666,0.04375,0.06875
47,147,cl314jqvw0018396c8dtr2qtj,0,0.6703125,0.040625,0.05,0.0520833333333333
47,147,cl316iucr001c396cncmtn8ds,0,0.97765625,0.3745833333333334,0.0359375,0.0541666666666666
47,148,cl31445hf0007396cqok6byk7,0,0.2802083333333333,0.3276041666666666,0.0390625,0.05625
47,148,cl3144hts000b396c4ihaxgzt,0,0.1930595930232558,0.7833333333333333,0.0437499999999999,0.0541666666666666
47,148,cl3144p8j000g396ci3uqwj2m,0,0.3290364583333333,0.8194444444444444,0.0421875,0.05
47,148,cl31452bd000n396cl5uyjaty,0,0.82725,0.6430416666666667,0.0515625,0.0708333333333333
47,148,cl31459ks000r396cqrqm7umg,0,0.55078125,0.2378472222222222,0.05,0.0604166666666666
47,148,cl314etiv0013396cef6ngytu,0,0.0251302083333333,0.7128472222222223,0.04375,0.06875
47,148,cl314jqvw0018396c8dtr2qtj,0,0.673046875,0.0369791666666666,0.05,0.0520833333333333
47,148,cl316iucr001c396cncmtn8ds,0,0.9777604166666668,0.3758333333333333,0.0359375,0.0541666666666666
47,149,cl31445hf0007396cqok6byk7,0,0.2799479166666666,0.325,0.0390625,0.05625
47,149,cl3144hts000b396c4ihaxgzt,0,0.1932049418604651,0.7833333333333333,0.04375,0.0541666666666666
47,149,cl3144p8j000g396ci3uqwj2m,0,0.3291666666666666,0.8222222222222223,0.0421875,0.05
47,149,cl31452bd000n396cl5uyjaty,0,0.82753125,0.6430833333333333,0.0515625,0.0708333333333333
47,149,cl31459ks000r396cqrqm7umg,0,0.55,0.2392361111111111,0.05,0.0604166666666666
47,149,cl314etiv0013396cef6ngytu,0,0.0268229166666666,0.7121527777777777,0.04375,0.06875
47,149,cl314jqvw0018396c8dtr2qtj,0,0.67578125,0.0333333333333333,0.05,0.0520833333333333
47,149,cl316iucr001c396cncmtn8ds,0,0.9778645833333334,0.3770833333333333,0.0359375,0.0541666666666666
47,14,ckz3x1hsf001j3867igiqk5mn,0,0.22265625,0.025,0.0421875,0.05
47,14,cl3143jm20003396cuges2p86,0,0.01875,0.4418560606060606,0.0375,0.0583333333333333
47,14,cl31445hf0007396cqok6byk7,0,0.1245028409090909,0.5182765151515151,0.0390625,0.0562499999999999
47,14,cl3144hts000b396c4ihaxgzt,0,0.1836768617021276,0.779550827423168,0.0437499999999999,0.0541666666666666
47,14,cl3144p8j000g396ci3uqwj2m,0,0.2223958333333333,0.840625,0.0421875,0.05
47,14,cl31452bd000n396cl5uyjaty,0,0.8046274038461538,0.6485576923076923,0.0515625,0.0708333333333333
47,14,cl31459ks000r396cqrqm7umg,0,0.7363636363636363,0.2353219696969697,0.05,0.0604166666666666
47,14,cl3146m3g000z396ce2oi4n9l,0,0.6725446428571429,0.0511904761904761,0.0375,0.0499999999999999
47,150,cl31445hf0007396cqok6byk7,0,0.2796875,0.3223958333333333,0.0390625,0.05625
47,150,cl3144hts000b396c4ihaxgzt,0,0.1933502906976744,0.7833333333333333,0.04375,0.0541666666666666
47,150,cl3144p8j000g396ci3uqwj2m,0,0.329296875,0.825,0.0421875,0.05
47,150,cl31452bd000n396cl5uyjaty,0,0.8278125,0.643125,0.0515625,0.0708333333333333
47,150,cl31459ks000r396cqrqm7umg,0,0.54921875,0.240625,0.05,0.0604166666666666
47,150,cl314etiv0013396cef6ngytu,0,0.028515625,0.7114583333333333,0.04375,0.06875
47,150,cl314jqvw0018396c8dtr2qtj,0,0.678515625,0.0296875,0.05,0.0520833333333333
47,150,cl316iucr001c396cncmtn8ds,0,0.97796875,0.3783333333333333,0.0359375,0.0541666666666666
47,151,cl31445hf0007396cqok6byk7,0,0.2794270833333333,0.3197916666666666,0.0390625,0.05625
47,151,cl3144hts000b396c4ihaxgzt,0,0.1934956395348837,0.7833333333333333,0.04375,0.0541666666666666
47,151,cl3144p8j000g396ci3uqwj2m,0,0.3294270833333333,0.8277777777777777,0.0421875,0.05
47,151,cl31452bd000n396cl5uyjaty,0,0.8280937500000001,0.6431666666666668,0.0515625,0.0708333333333333
47,151,cl31459ks000r396cqrqm7umg,0,0.5484375,0.2420138888888888,0.05,0.0604166666666666
47,151,cl314etiv0013396cef6ngytu,0,0.0302083333333333,0.710763888888889,0.04375,0.06875
47,151,cl314jqvw0018396c8dtr2qtj,0,0.68125,0.0260416666666666,0.05,0.0520833333333333
47,151,cl316iucr001c396cncmtn8ds,0,0.9780729166666668,0.3795833333333333,0.0359375,0.0541666666666666
47,152,cl31445hf0007396cqok6byk7,0,0.2791666666666667,0.3171875,0.0390625,0.05625
47,152,cl3144hts000b396c4ihaxgzt,0,0.193640988372093,0.7833333333333333,0.0437499999999999,0.0541666666666666
47,152,cl3144p8j000g396ci3uqwj2m,0,0.3295572916666666,0.8305555555555556,0.0421875,0.05
47,152,cl31452bd000n396cl5uyjaty,0,0.828375,0.6432083333333334,0.0515625,0.0708333333333333
47,152,cl31459ks000r396cqrqm7umg,0,0.54765625,0.2434027777777778,0.05,0.0604166666666666
47,152,cl314etiv0013396cef6ngytu,0,0.0319010416666666,0.7100694444444444,0.04375,0.06875
47,152,cl314jqvw0018396c8dtr2qtj,0,0.6875,0.0260416666666666,0.05,0.0520833333333333
47,152,cl316iucr001c396cncmtn8ds,0,0.9781770833333332,0.3808333333333333,0.0359375,0.0541666666666666
47,153,cl31445hf0007396cqok6byk7,0,0.27890625,0.3145833333333333,0.0390625,0.05625
47,153,cl3144hts000b396c4ihaxgzt,0,0.1937863372093023,0.7833333333333333,0.04375,0.0541666666666666
47,153,cl3144p8j000g396ci3uqwj2m,0,0.3296875,0.8333333333333334,0.0421875,0.05
47,153,cl31452bd000n396cl5uyjaty,0,0.8286562500000001,0.64325,0.0515625,0.0708333333333333
47,153,cl31459ks000r396cqrqm7umg,0,0.546875,0.2447916666666666,0.05,0.0604166666666666
47,153,cl314etiv0013396cef6ngytu,0,0.03359375,0.709375,0.04375,0.06875
47,153,cl314jqvw0018396c8dtr2qtj,0,0.69375,0.0260416666666666,0.05,0.0520833333333333
47,153,cl316iucr001c396cncmtn8ds,0,0.97828125,0.3820833333333333,0.0359375,0.0541666666666666
47,154,cl31445hf0007396cqok6byk7,0,0.2786458333333333,0.3119791666666666,0.0390625,0.05625
47,154,cl3144hts000b396c4ihaxgzt,0,0.1939316860465116,0.7833333333333333,0.04375,0.0541666666666666
47,154,cl3144p8j000g396ci3uqwj2m,0,0.3298177083333333,0.836111111111111,0.0421875,0.05
47,154,cl31452bd000n396cl5uyjaty,0,0.8289375,0.6432916666666666,0.0515625,0.0708333333333333
47,154,cl31459ks000r396cqrqm7umg,0,0.54609375,0.2461805555555555,0.05,0.0604166666666666
47,154,cl314etiv0013396cef6ngytu,0,0.0352864583333333,0.7086805555555556,0.04375,0.06875
47,154,cl314jqvw0018396c8dtr2qtj,0,0.7,0.0260416666666666,0.05,0.0520833333333333
47,154,cl316iucr001c396cncmtn8ds,0,0.9783854166666666,0.3833333333333333,0.0359375,0.0541666666666666
47,155,cl31445hf0007396cqok6byk7,0,0.2783854166666666,0.309375,0.0390625,0.05625
47,155,cl3144hts000b396c4ihaxgzt,0,0.1940770348837209,0.7833333333333333,0.04375,0.0541666666666666
47,155,cl3144p8j000g396ci3uqwj2m,0,0.3299479166666667,0.8388888888888889,0.0421875,0.05
47,155,cl31452bd000n396cl5uyjaty,0,0.8292187500000001,0.6433333333333333,0.0515625,0.0708333333333333
47,155,cl31459ks000r396cqrqm7umg,0,0.5453125,0.2475694444444444,0.05,0.0604166666666666
47,155,cl314etiv0013396cef6ngytu,0,0.0369791666666666,0.7079861111111111,0.04375,0.06875
47,155,cl316iucr001c396cncmtn8ds,0,0.9784895833333334,0.3845833333333333,0.0359375,0.0541666666666666
47,156,cl31445hf0007396cqok6byk7,0,0.278125,0.3067708333333333,0.0390625,0.05625
47,156,cl3144hts000b396c4ihaxgzt,0,0.1942223837209302,0.7833333333333333,0.0437499999999999,0.0541666666666666
47,156,cl3144p8j000g396ci3uqwj2m,0,0.330078125,0.8416666666666667,0.0421875,0.05
47,156,cl31452bd000n396cl5uyjaty,0,0.8295,0.643375,0.0515625,0.0708333333333333
47,156,cl31459ks000r396cqrqm7umg,0,0.54453125,0.2489583333333333,0.05,0.0604166666666666
47,156,cl314etiv0013396cef6ngytu,0,0.038671875,0.7072916666666667,0.04375,0.06875
47,156,cl316iucr001c396cncmtn8ds,0,0.97859375,0.3858333333333333,0.0359375,0.0541666666666666
47,157,cl31445hf0007396cqok6byk7,0,0.2778645833333333,0.3041666666666666,0.0390625,0.05625
47,157,cl3144hts000b396c4ihaxgzt,0,0.1943677325581395,0.7833333333333333,0.04375,0.0541666666666666
47,157,cl3144p8j000g396ci3uqwj2m,0,0.3302083333333333,0.8444444444444444,0.0421875,0.05
47,157,cl31452bd000n396cl5uyjaty,0,0.8297812499999999,0.6434166666666666,0.0515625,0.0708333333333333
47,157,cl31459ks000r396cqrqm7umg,0,0.54375,0.2503472222222222,0.05,0.0604166666666666
47,157,cl314etiv0013396cef6ngytu,0,0.0403645833333333,0.7065972222222222,0.04375,0.06875
47,157,cl316iucr001c396cncmtn8ds,0,0.9786979166666668,0.3870833333333333,0.0359375,0.0541666666666666
47,158,cl31445hf0007396cqok6byk7,0,0.2776041666666666,0.3015625,0.0390625,0.05625
47,158,cl3144hts000b396c4ihaxgzt,0,0.1945130813953488,0.7833333333333333,0.04375,0.0541666666666666
47,158,cl3144p8j000g396ci3uqwj2m,0,0.3303385416666666,0.8472222222222222,0.0421875,0.05
47,158,cl31452bd000n396cl5uyjaty,0,0.8300625,0.6434583333333334,0.0515625,0.0708333333333333
47,158,cl31459ks000r396cqrqm7umg,0,0.54296875,0.2517361111111111,0.05,0.0604166666666666
47,158,cl314etiv0013396cef6ngytu,0,0.0420572916666666,0.7059027777777778,0.04375,0.06875
47,158,cl316iucr001c396cncmtn8ds,0,0.9788020833333332,0.3883333333333333,0.0359375,0.0541666666666666
47,159,cl31445hf0007396cqok6byk7,0,0.27734375,0.2989583333333333,0.0390625,0.05625
47,159,cl3144hts000b396c4ihaxgzt,0,0.1946584302325581,0.7833333333333333,0.04375,0.0541666666666666
47,159,cl3144p8j000g396ci3uqwj2m,0,0.33046875,0.85,0.0421875,0.05
47,159,cl31452bd000n396cl5uyjaty,0,0.8303437499999999,0.6435,0.0515625,0.0708333333333333
47,159,cl31459ks000r396cqrqm7umg,0,0.5421875,0.253125,0.05,0.0604166666666666
47,159,cl314etiv0013396cef6ngytu,0,0.04375,0.7052083333333333,0.04375,0.06875
47,159,cl316iucr001c396cncmtn8ds,0,0.97890625,0.3895833333333333,0.0359375,0.0541666666666666
47,15,ckz3x1hsf001j3867igiqk5mn,0,0.22265625,0.025,0.0421875,0.05
47,15,cl3143jm20003396cuges2p86,0,0.01875,0.4441287878787879,0.0375,0.0583333333333333
47,15,cl31445hf0007396cqok6byk7,0,0.1263494318181818,0.5167613636363637,0.0390625,0.05625
47,15,cl3144hts000b396c4ihaxgzt,0,0.1837433510638297,0.779580378250591,0.0437499999999999,0.0541666666666666
47,15,cl3144p8j000g396ci3uqwj2m,0,0.2205729166666666,0.8395833333333333,0.0421874999999999,0.05
47,15,cl31452bd000n396cl5uyjaty,0,0.8047075320512821,0.6483974358974359,0.0515625,0.0708333333333333
47,15,cl31459ks000r396cqrqm7umg,0,0.7352272727272727,0.234185606060606,0.05,0.0604166666666666
47,15,cl3146m3g000z396ce2oi4n9l,0,0.6720982142857144,0.0538690476190476,0.0375,0.05
47,160,cl31445hf0007396cqok6byk7,0,0.2796875,0.2980902777777778,0.0401041666666667,0.0572916666666666
47,160,cl3144hts000b396c4ihaxgzt,0,0.1948037790697674,0.7833333333333333,0.0437499999999999,0.0541666666666666
47,160,cl3144p8j000g396ci3uqwj2m,0,0.3346354166666666,0.85,0.0421875,0.05
47,160,cl31452bd000n396cl5uyjaty,0,0.8306250000000001,0.6435416666666666,0.0515625,0.0708333333333333
47,160,cl31459ks000r396cqrqm7umg,0,0.5419270833333333,0.2552083333333333,0.05,0.0604166666666666
47,160,cl314etiv0013396cef6ngytu,0,0.0471354166666666,0.7072916666666667,0.04375,0.06875
47,160,cl316iucr001c396cncmtn8ds,0,0.97890625,0.390922619047619,0.0363839285714284,0.0541666666666666
47,161,cl31445hf0007396cqok6byk7,0,0.28203125,0.2972222222222222,0.0411458333333333,0.0583333333333333
47,161,cl3144hts000b396c4ihaxgzt,0,0.1949491279069767,0.7833333333333333,0.04375,0.0541666666666666
47,161,cl3144p8j000g396ci3uqwj2m,0,0.3388020833333333,0.85,0.0421875,0.05
47,161,cl31452bd000n396cl5uyjaty,0,0.83090625,0.6435833333333334,0.0515625,0.0708333333333333
47,161,cl31459ks000r396cqrqm7umg,0,0.5416666666666667,0.2572916666666666,0.05,0.0604166666666666
47,161,cl314etiv0013396cef6ngytu,0,0.0505208333333333,0.709375,0.04375,0.06875
47,161,cl316iucr001c396cncmtn8ds,0,0.97890625,0.3922619047619047,0.0368303571428572,0.0541666666666666
47,162,cl31445hf0007396cqok6byk7,0,0.284375,0.2963541666666666,0.0421875,0.059375
47,162,cl3144hts000b396c4ihaxgzt,0,0.195094476744186,0.7833333333333333,0.04375,0.0541666666666666
47,162,cl3144p8j000g396ci3uqwj2m,0,0.34296875,0.85,0.0421875,0.05
47,162,cl31452bd000n396cl5uyjaty,0,0.8311875000000001,0.643625,0.0515625,0.0708333333333333
47,162,cl31459ks000r396cqrqm7umg,0,0.54140625,0.259375,0.05,0.0604166666666666
47,162,cl314etiv0013396cef6ngytu,0,0.05390625,0.7114583333333333,0.04375,0.06875
47,162,cl316iucr001c396cncmtn8ds,0,0.97890625,0.3936011904761904,0.0372767857142857,0.0541666666666666
47,163,cl31445hf0007396cqok6byk7,0,0.28671875,0.2954861111111111,0.0432291666666666,0.0604166666666666
47,163,cl3144hts000b396c4ihaxgzt,0,0.1952398255813953,0.7833333333333333,0.04375,0.0541666666666666
47,163,cl3144p8j000g396ci3uqwj2m,0,0.3471354166666666,0.85,0.0421875,0.05
47,163,cl31452bd000n396cl5uyjaty,0,0.83146875,0.6436666666666666,0.0515625,0.0708333333333333
47,163,cl31459ks000r396cqrqm7umg,0,0.5411458333333333,0.2614583333333333,0.05,0.0604166666666666
47,163,cl314etiv0013396cef6ngytu,0,0.0572916666666666,0.7135416666666666,0.04375,0.06875
47,163,cl316iucr001c396cncmtn8ds,0,0.97890625,0.3949404761904762,0.0377232142857142,0.0541666666666666
47,164,cl31445hf0007396cqok6byk7,0,0.2890625,0.2946180555555555,0.0442708333333333,0.0614583333333333
47,164,cl3144hts000b396c4ihaxgzt,0,0.1953851744186046,0.7833333333333333,0.0437499999999999,0.0541666666666666
47,164,cl3144p8j000g396ci3uqwj2m,0,0.3513020833333333,0.85,0.0421875,0.05
47,164,cl31452bd000n396cl5uyjaty,0,0.8317500000000001,0.6437083333333333,0.0515625,0.0708333333333333
47,164,cl31459ks000r396cqrqm7umg,0,0.5408854166666667,0.2635416666666667,0.05,0.0604166666666666
47,164,cl314etiv0013396cef6ngytu,0,0.0606770833333333,0.715625,0.04375,0.06875
47,164,cl316iucr001c396cncmtn8ds,0,0.97890625,0.3962797619047619,0.0381696428571427,0.0541666666666666
47,165,cl31445hf0007396cqok6byk7,0,0.29140625,0.29375,0.0453125,0.0625
47,165,cl3144hts000b396c4ihaxgzt,0,0.1955305232558139,0.7833333333333333,0.04375,0.0541666666666666
47,165,cl3144p8j000g396ci3uqwj2m,0,0.35546875,0.85,0.0421875,0.05
47,165,cl31452bd000n396cl5uyjaty,0,0.83203125,0.64375,0.0515625,0.0708333333333333
47,165,cl31459ks000r396cqrqm7umg,0,0.540625,0.265625,0.05,0.0604166666666666
47,165,cl314etiv0013396cef6ngytu,0,0.0640625,0.7177083333333333,0.04375,0.06875
47,165,cl316iucr001c396cncmtn8ds,0,0.97890625,0.3976190476190476,0.0386160714285715,0.0541666666666666
47,166,cl31445hf0007396cqok6byk7,0,0.2923828125,0.2924479166666666,0.0453125,0.0625
47,166,cl3144hts000b396c4ihaxgzt,0,0.1956758720930232,0.7833333333333333,0.04375,0.0541666666666666
47,166,cl3144p8j000g396ci3uqwj2m,0,0.358203125,0.8515625,0.0421875,0.05
47,166,cl31452bd000n396cl5uyjaty,0,0.8321006944444445,0.6437037037037037,0.0515625,0.0708333333333333
47,166,cl31459ks000r396cqrqm7umg,0,0.53984375,0.2671875,0.05,0.0604166666666666
47,166,cl314etiv0013396cef6ngytu,0,0.060546875,0.7174479166666666,0.04375,0.06875
47,166,cl316iucr001c396cncmtn8ds,0,0.97890625,0.3989583333333333,0.0390625,0.0541666666666666
47,167,cl31445hf0007396cqok6byk7,0,0.293359375,0.2911458333333333,0.0453125,0.0625
47,167,cl3144hts000b396c4ihaxgzt,0,0.1958212209302325,0.7833333333333333,0.04375,0.0541666666666666
47,167,cl3144p8j000g396ci3uqwj2m,0,0.3609375,0.853125,0.0421875,0.05
47,167,cl31452bd000n396cl5uyjaty,0,0.8321701388888888,0.6436574074074074,0.0515625,0.0708333333333333
47,167,cl31459ks000r396cqrqm7umg,0,0.5390625,0.26875,0.05,0.0604166666666666
47,167,cl314etiv0013396cef6ngytu,0,0.05703125,0.7171875,0.04375,0.06875
47,167,cl316iucr001c396cncmtn8ds,0,0.97890625,0.400297619047619,0.0395089285714284,0.0541666666666666
47,168,cl31445hf0007396cqok6byk7,0,0.2943359375,0.28984375,0.0453125,0.0625
47,168,cl3144hts000b396c4ihaxgzt,0,0.1959665697674418,0.7833333333333333,0.0437499999999999,0.0541666666666666
47,168,cl3144p8j000g396ci3uqwj2m,0,0.363671875,0.8546875,0.0421875,0.05
47,168,cl31452bd000n396cl5uyjaty,0,0.8322395833333334,0.6436111111111111,0.0515625,0.0708333333333333
47,168,cl31459ks000r396cqrqm7umg,0,0.53828125,0.2703125,0.05,0.0604166666666666
47,168,cl314etiv0013396cef6ngytu,0,0.053515625,0.7169270833333333,0.04375,0.06875
47,168,cl316iucr001c396cncmtn8ds,0,0.97890625,0.4016369047619047,0.0399553571428572,0.0541666666666666
47,169,cl31445hf0007396cqok6byk7,0,0.2953125,0.2885416666666666,0.0453125,0.0625
47,169,cl3144hts000b396c4ihaxgzt,0,0.1961119186046511,0.7833333333333333,0.04375,0.0541666666666666
47,169,cl3144p8j000g396ci3uqwj2m,0,0.36640625,0.85625,0.0421875,0.05
47,169,cl31452bd000n396cl5uyjaty,0,0.8323090277777778,0.6435648148148148,0.0515625,0.0708333333333333
47,169,cl31459ks000r396cqrqm7umg,0,0.5375,0.271875,0.05,0.0604166666666666
47,169,cl314etiv0013396cef6ngytu,0,0.05,0.7166666666666667,0.04375,0.06875
47,169,cl314jqvw0018396c8dtr2qtj,0,0.7359375,0.0260416666666666,0.05,0.0520833333333333
47,169,cl316iucr001c396cncmtn8ds,0,0.97890625,0.4029761904761904,0.0404017857142857,0.0541666666666666
47,16,ckz3x1hsf001j3867igiqk5mn,0,0.22265625,0.025,0.0421875,0.05
47,16,cl3143jm20003396cuges2p86,0,0.01875,0.4464015151515151,0.0375,0.0583333333333333
47,16,cl31445hf0007396cqok6byk7,0,0.1281960227272727,0.5152462121212121,0.0390625,0.05625
47,16,cl3144hts000b396c4ihaxgzt,0,0.1838098404255319,0.7796099290780142,0.0437499999999999,0.0541666666666666
47,16,cl3144p8j000g396ci3uqwj2m,0,0.21875,0.8385416666666666,0.0421875,0.05
47,16,cl31452bd000n396cl5uyjaty,0,0.8047876602564102,0.6482371794871794,0.0515625,0.0708333333333333
47,16,cl31459ks000r396cqrqm7umg,0,0.7340909090909091,0.2330492424242424,0.05,0.0604166666666666
47,16,cl3146m3g000z396ce2oi4n9l,0,0.6716517857142856,0.056547619047619,0.0375,0.0499999999999999
47,170,cl31445hf0007396cqok6byk7,0,0.2962890625,0.2872395833333333,0.0453125,0.0625
47,170,cl3144hts000b396c4ihaxgzt,0,0.1962572674418604,0.7833333333333333,0.04375,0.0541666666666666
47,170,cl3144p8j000g396ci3uqwj2m,0,0.369140625,0.8578125,0.0421875,0.05
47,170,cl31452bd000n396cl5uyjaty,0,0.8323784722222222,0.6435185185185186,0.0515625,0.0708333333333333
47,170,cl31459ks000r396cqrqm7umg,0,0.53671875,0.2734375,0.05,0.0604166666666666
47,170,cl314etiv0013396cef6ngytu,0,0.046484375,0.71640625,0.04375,0.06875
47,170,cl314jqvw0018396c8dtr2qtj,0,0.737890625,0.0260416666666666,0.05,0.0520833333333333
47,170,cl316iucr001c396cncmtn8ds,0,0.97890625,0.4043154761904762,0.0408482142857142,0.0541666666666666
47,171,cl31445hf0007396cqok6byk7,0,0.297265625,0.2859375,0.0453125,0.0625
47,171,cl3144hts000b396c4ihaxgzt,0,0.1964026162790698,0.7833333333333333,0.04375,0.0541666666666666
47,171,cl3144p8j000g396ci3uqwj2m,0,0.371875,0.859375,0.0421875,0.05
47,171,cl31452bd000n396cl5uyjaty,0,0.8324479166666666,0.6434722222222222,0.0515625,0.0708333333333333
47,171,cl31459ks000r396cqrqm7umg,0,0.5359375,0.275,0.05,0.0604166666666666
47,171,cl314etiv0013396cef6ngytu,0,0.04296875,0.7161458333333334,0.04375,0.06875
47,171,cl314jqvw0018396c8dtr2qtj,0,0.73984375,0.0260416666666666,0.05,0.0520833333333333
47,171,cl316iucr001c396cncmtn8ds,0,0.97890625,0.4056547619047619,0.0412946428571427,0.0541666666666666
47,172,cl31445hf0007396cqok6byk7,0,0.2982421875,0.2846354166666666,0.0453125,0.0625
47,172,cl3144hts000b396c4ihaxgzt,0,0.196547965116279,0.7833333333333333,0.0437499999999999,0.0541666666666666
47,172,cl3144p8j000g396ci3uqwj2m,0,0.374609375,0.8609375,0.0421875,0.05
47,172,cl31452bd000n396cl5uyjaty,0,0.8325173611111112,0.643425925925926,0.0515625,0.0708333333333333
47,172,cl31459ks000r396cqrqm7umg,0,0.53515625,0.2765625,0.05,0.0604166666666666
47,172,cl314etiv0013396cef6ngytu,0,0.039453125,0.7158854166666667,0.04375,0.06875
47,172,cl314jqvw0018396c8dtr2qtj,0,0.741796875,0.0260416666666666,0.05,0.0520833333333333
47,172,cl316iucr001c396cncmtn8ds,0,0.97890625,0.4069940476190476,0.0417410714285715,0.0541666666666666
47,173,cl31445hf0007396cqok6byk7,0,0.29921875,0.2833333333333333,0.0453125,0.0625
47,173,cl3144hts000b396c4ihaxgzt,0,0.1966933139534883,0.7833333333333333,0.04375,0.0541666666666666
47,173,cl3144p8j000g396ci3uqwj2m,0,0.37734375,0.8625,0.0421875,0.05
47,173,cl31452bd000n396cl5uyjaty,0,0.8325868055555556,0.6433796296296296,0.0515625,0.0708333333333333
47,173,cl31459ks000r396cqrqm7umg,0,0.534375,0.278125,0.05,0.0604166666666666
47,173,cl314etiv0013396cef6ngytu,0,0.0359375,0.715625,0.04375,0.06875
47,173,cl314jqvw0018396c8dtr2qtj,0,0.74375,0.0260416666666666,0.05,0.0520833333333333
47,173,cl316iucr001c396cncmtn8ds,0,0.97890625,0.4083333333333333,0.0421875,0.0541666666666666
47,174,cl31445hf0007396cqok6byk7,0,0.2994791666666666,0.2805555555555555,0.0453125,0.0624999999999999
47,174,cl3144hts000b396c4ihaxgzt,0,0.1968386627906976,0.7833333333333333,0.04375,0.0541666666666666
47,174,cl3144p8j000g396ci3uqwj2m,0,0.3768229166666667,0.8565972222222222,0.0421875,0.05
47,174,cl31452bd000n396cl5uyjaty,0,0.83265625,0.6433333333333333,0.0515625,0.0708333333333333
47,174,cl31459ks000r396cqrqm7umg,0,0.5342447916666667,0.2803819444444445,0.05,0.0604166666666666
47,174,cl314etiv0013396cef6ngytu,0,0.034765625,0.7130208333333333,0.04375,0.06875
47,174,cl314jqvw0018396c8dtr2qtj,0,0.7424278846153846,0.0260416666666666,0.05,0.0520833333333333
47,174,cl316iucr001c396cncmtn8ds,0,0.97890625,0.4090277777777778,0.0421875,0.0541666666666666
47,175,cl31445hf0007396cqok6byk7,0,0.2997395833333333,0.2777777777777778,0.0453125,0.0625
47,175,cl3144hts000b396c4ihaxgzt,0,0.196984011627907,0.7833333333333333,0.04375,0.0541666666666666
47,175,cl3144p8j000g396ci3uqwj2m,0,0.3763020833333333,0.8506944444444444,0.0421875,0.05
47,175,cl31452bd000n396cl5uyjaty,0,0.8327256944444444,0.643287037037037,0.0515625,0.0708333333333333
47,175,cl31459ks000r396cqrqm7umg,0,0.5341145833333333,0.2826388888888889,0.05,0.0604166666666666
47,175,cl314etiv0013396cef6ngytu,0,0.03359375,0.7104166666666667,0.04375,0.06875
47,175,cl314jqvw0018396c8dtr2qtj,0,0.7411057692307692,0.0260416666666666,0.05,0.0520833333333333
47,175,cl316iucr001c396cncmtn8ds,0,0.97890625,0.4097222222222222,0.0421875,0.0541666666666666
47,176,cl31445hf0007396cqok6byk7,0,0.3,0.275,0.0453125,0.0625
47,176,cl3144hts000b396c4ihaxgzt,0,0.1971293604651162,0.7833333333333333,0.0437499999999999,0.0541666666666666
47,176,cl3144p8j000g396ci3uqwj2m,0,0.37578125,0.8447916666666667,0.0421875,0.05
47,176,cl31452bd000n396cl5uyjaty,0,0.832795138888889,0.6432407407407407,0.0515625,0.0708333333333333
47,176,cl31459ks000r396cqrqm7umg,0,0.533984375,0.2848958333333333,0.05,0.0604166666666666
47,176,cl314etiv0013396cef6ngytu,0,0.032421875,0.7078125,0.04375,0.06875
47,176,cl314jqvw0018396c8dtr2qtj,0,0.7397836538461539,0.0260416666666666,0.05,0.0520833333333333
47,176,cl316iucr001c396cncmtn8ds,0,0.97890625,0.4104166666666666,0.0421875,0.0541666666666666
47,177,cl31445hf0007396cqok6byk7,0,0.3002604166666666,0.2722222222222222,0.0453125,0.0624999999999999
47,177,cl3144hts000b396c4ihaxgzt,0,0.1972747093023255,0.7833333333333333,0.04375,0.0541666666666666
47,177,cl3144p8j000g396ci3uqwj2m,0,0.3752604166666666,0.8388888888888889,0.0421875,0.05
47,177,cl31452bd000n396cl5uyjaty,0,0.8328645833333332,0.6431944444444445,0.0515625,0.0708333333333333
47,177,cl31459ks000r396cqrqm7umg,0,0.5338541666666667,0.2871527777777778,0.05,0.0604166666666666
47,177,cl314etiv0013396cef6ngytu,0,0.03125,0.7052083333333333,0.04375,0.06875
47,177,cl314jqvw0018396c8dtr2qtj,0,0.7384615384615385,0.0260416666666666,0.05,0.0520833333333333
47,177,cl316iucr001c396cncmtn8ds,0,0.97890625,0.4111111111111111,0.0421875,0.0541666666666666
47,178,cl31445hf0007396cqok6byk7,0,0.3005208333333333,0.2694444444444445,0.0453125,0.0625
47,178,cl3144hts000b396c4ihaxgzt,0,0.1974200581395349,0.7833333333333333,0.04375,0.0541666666666666
47,178,cl3144p8j000g396ci3uqwj2m,0,0.3747395833333333,0.8329861111111111,0.0421875,0.05
47,178,cl31452bd000n396cl5uyjaty,0,0.8329340277777778,0.6431481481481481,0.0515625,0.0708333333333333
47,178,cl31459ks000r396cqrqm7umg,0,0.5337239583333333,0.2894097222222222,0.05,0.0604166666666666
47,178,cl314etiv0013396cef6ngytu,0,0.030078125,0.7026041666666667,0.04375,0.06875
47,178,cl314jqvw0018396c8dtr2qtj,0,0.737139423076923,0.0260416666666666,0.05,0.0520833333333333
47,178,cl316iucr001c396cncmtn8ds,0,0.97890625,0.4118055555555555,0.0421875,0.0541666666666666
47,179,cl31445hf0007396cqok6byk7,0,0.30078125,0.2666666666666666,0.0453125,0.0625
47,179,cl3144hts000b396c4ihaxgzt,0,0.1975654069767442,0.7833333333333333,0.04375,0.0541666666666666
47,179,cl3144p8j000g396ci3uqwj2m,0,0.37421875,0.8270833333333333,0.0421875,0.05
47,179,cl31452bd000n396cl5uyjaty,0,0.8330034722222223,0.6431018518518518,0.0515625,0.0708333333333333
47,179,cl31459ks000r396cqrqm7umg,0,0.53359375,0.2916666666666667,0.05,0.0604166666666666
47,179,cl314etiv0013396cef6ngytu,0,0.02890625,0.7,0.04375,0.06875
47,179,cl314jqvw0018396c8dtr2qtj,0,0.7358173076923077,0.0260416666666666,0.05,0.0520833333333333
47,179,cl316iucr001c396cncmtn8ds,0,0.97890625,0.4125,0.0421875,0.0541666666666666
47,17,ckz3x1hsf001j3867igiqk5mn,0,0.22265625,0.025,0.0421875,0.05
47,17,cl3143jm20003396cuges2p86,0,0.01875,0.4486742424242424,0.0375,0.0583333333333333
47,17,cl31445hf0007396cqok6byk7,0,0.1300426136363636,0.5137310606060606,0.0390625,0.0562499999999999
47,17,cl3144hts000b396c4ihaxgzt,0,0.183876329787234,0.7796394799054374,0.0437499999999999,0.0541666666666666
47,17,cl3144p8j000g396ci3uqwj2m,0,0.2169270833333333,0.8375,0.0421875,0.05
47,17,cl31452bd000n396cl5uyjaty,0,0.8048677884615385,0.6480769230769231,0.0515625,0.0708333333333333
47,17,cl31459ks000r396cqrqm7umg,0,0.7329545454545454,0.2319128787878787,0.05,0.0604166666666666
47,17,cl3146m3g000z396ce2oi4n9l,0,0.6712053571428571,0.0592261904761904,0.0375,0.05
47,180,cl31445hf0007396cqok6byk7,0,0.3010416666666666,0.2638888888888889,0.0453125,0.0624999999999999
47,180,cl3144hts000b396c4ihaxgzt,0,0.1977107558139534,0.7833333333333333,0.0437499999999999,0.0541666666666666
47,180,cl3144p8j000g396ci3uqwj2m,0,0.3736979166666666,0.8211805555555556,0.0421875,0.05
47,180,cl31452bd000n396cl5uyjaty,0,0.8330729166666666,0.6430555555555556,0.0515625,0.0708333333333333
47,180,cl31459ks000r396cqrqm7umg,0,0.5334635416666667,0.2939236111111111,0.05,0.0604166666666666
47,180,cl314etiv0013396cef6ngytu,0,0.027734375,0.6973958333333333,0.04375,0.06875
47,180,cl314jqvw0018396c8dtr2qtj,0,0.7344951923076923,0.0260416666666666,0.05,0.0520833333333333
47,180,cl316iucr001c396cncmtn8ds,0,0.97890625,0.4131944444444445,0.0421875,0.0541666666666666
47,181,cl31445hf0007396cqok6byk7,0,0.3013020833333333,0.2611111111111111,0.0453125,0.0625
47,181,cl3144hts000b396c4ihaxgzt,0,0.1978561046511628,0.7833333333333333,0.04375,0.0541666666666666
47,181,cl3144p8j000g396ci3uqwj2m,0,0.3731770833333333,0.8152777777777778,0.0421875,0.05
47,181,cl31452bd000n396cl5uyjaty,0,0.8331423611111111,0.6430092592592592,0.0515625,0.0708333333333333
47,181,cl31459ks000r396cqrqm7umg,0,0.5333333333333333,0.2961805555555555,0.05,0.0604166666666666
47,181,cl314etiv0013396cef6ngytu,0,0.0265625,0.6947916666666667,0.04375,0.06875
47,181,cl314jqvw0018396c8dtr2qtj,0,0.7331730769230769,0.0260416666666666,0.05,0.0520833333333333
47,181,cl316iucr001c396cncmtn8ds,0,0.97890625,0.4138888888888888,0.0421875,0.0541666666666666
47,182,cl31445hf0007396cqok6byk7,0,0.3015625,0.2583333333333333,0.0453125,0.0625
47,182,cl3144hts000b396c4ihaxgzt,0,0.1980014534883721,0.7833333333333333,0.04375,0.0541666666666666
47,182,cl3144p8j000g396ci3uqwj2m,0,0.37265625,0.809375,0.0421875,0.05
47,182,cl31452bd000n396cl5uyjaty,0,0.8332118055555556,0.642962962962963,0.0515625,0.0708333333333333
47,182,cl31459ks000r396cqrqm7umg,0,0.533203125,0.2984375,0.05,0.0604166666666666
47,182,cl314etiv0013396cef6ngytu,0,0.025390625,0.6921875,0.04375,0.06875
47,182,cl314jqvw0018396c8dtr2qtj,0,0.7318509615384615,0.0260416666666666,0.05,0.0520833333333333
47,182,cl316iucr001c396cncmtn8ds,0,0.97890625,0.4145833333333333,0.0421875,0.0541666666666666
47,183,cl31445hf0007396cqok6byk7,0,0.3018229166666666,0.2555555555555555,0.0453125,0.0624999999999999
47,183,cl3144hts000b396c4ihaxgzt,0,0.1981468023255814,0.7833333333333333,0.04375,0.0541666666666666
47,183,cl3144p8j000g396ci3uqwj2m,0,0.3721354166666666,0.8034722222222223,0.0421875,0.05
47,183,cl31452bd000n396cl5uyjaty,0,0.83328125,0.6429166666666667,0.0515625,0.0708333333333333
47,183,cl31459ks000r396cqrqm7umg,0,0.5330729166666667,0.3006944444444445,0.05,0.0604166666666666
47,183,cl314etiv0013396cef6ngytu,0,0.02421875,0.6895833333333333,0.04375,0.06875
47,183,cl314jqvw0018396c8dtr2qtj,0,0.7305288461538462,0.0260416666666666,0.05,0.0520833333333333
47,183,cl316iucr001c396cncmtn8ds,0,0.97890625,0.4152777777777778,0.0421875,0.0541666666666666
47,184,cl31445hf0007396cqok6byk7,0,0.3020833333333333,0.2527777777777778,0.0453125,0.0625
47,184,cl3144hts000b396c4ihaxgzt,0,0.1982921511627907,0.7833333333333333,0.04375,0.0541666666666666
47,184,cl3144p8j000g396ci3uqwj2m,0,0.3716145833333333,0.7975694444444444,0.0421875,0.05
47,184,cl31452bd000n396cl5uyjaty,0,0.8333506944444444,0.6428703703703704,0.0515625,0.0708333333333333
47,184,cl31459ks000r396cqrqm7umg,0,0.5329427083333333,0.3029513888888889,0.05,0.0604166666666666
47,184,cl314etiv0013396cef6ngytu,0,0.023046875,0.6869791666666667,0.04375,0.06875
47,184,cl314jqvw0018396c8dtr2qtj,0,0.7292067307692307,0.0260416666666666,0.05,0.0520833333333333
47,184,cl316iucr001c396cncmtn8ds,0,0.97890625,0.4159722222222222,0.0421875,0.0541666666666666
47,185,cl31445hf0007396cqok6byk7,0,0.30234375,0.25,0.0453125,0.0625
47,185,cl3144hts000b396c4ihaxgzt,0,0.1984375,0.7833333333333333,0.04375,0.0541666666666666
47,185,cl3144p8j000g396ci3uqwj2m,0,0.37109375,0.7916666666666666,0.0421875,0.05
47,185,cl31452bd000n396cl5uyjaty,0,0.8334201388888889,0.642824074074074,0.0515625,0.0708333333333333
47,185,cl31459ks000r396cqrqm7umg,0,0.5328125,0.3052083333333333,0.05,0.0604166666666666
47,185,cl314etiv0013396cef6ngytu,0,0.021875,0.684375,0.04375,0.06875
47,185,cl314jqvw0018396c8dtr2qtj,0,0.7278846153846155,0.0260416666666666,0.05,0.0520833333333333
47,185,cl316iucr001c396cncmtn8ds,0,0.97890625,0.4166666666666667,0.0421875,0.0541666666666666
47,186,cl31445hf0007396cqok6byk7,0,0.30390625,0.2509259259259259,0.0453125,0.0625
47,186,cl3144hts000b396c4ihaxgzt,0,0.1986111111111111,0.7826388888888889,0.04375,0.0541666666666666
47,186,cl3144p8j000g396ci3uqwj2m,0,0.3740451388888889,0.7918981481481481,0.0421875,0.05
47,186,cl31452bd000n396cl5uyjaty,0,0.8334895833333332,0.6427777777777778,0.0515625,0.0708333333333333
47,186,cl31459ks000r396cqrqm7umg,0,0.5321180555555556,0.3063657407407407,0.05,0.0604166666666666
47,186,cl314etiv0013396cef6ngytu,0,0.021875,0.6822916666666666,0.04375,0.06875
47,186,cl314jqvw0018396c8dtr2qtj,0,0.7265625,0.0260416666666666,0.05,0.0520833333333333
47,186,cl316iucr001c396cncmtn8ds,0,0.97890625,0.4180555555555555,0.0421875,0.0541666666666666
47,187,cl31445hf0007396cqok6byk7,0,0.30546875,0.2518518518518518,0.0453125,0.0625
47,187,cl3144hts000b396c4ihaxgzt,0,0.1987847222222222,0.7819444444444444,0.04375,0.0541666666666666
47,187,cl3144p8j000g396ci3uqwj2m,0,0.3769965277777777,0.7921296296296296,0.0421875,0.05
47,187,cl31452bd000n396cl5uyjaty,0,0.8335590277777778,0.6427314814814815,0.0515625,0.0708333333333333
47,187,cl31459ks000r396cqrqm7umg,0,0.531423611111111,0.3075231481481481,0.05,0.0604166666666666
47,187,cl314etiv0013396cef6ngytu,0,0.021875,0.6802083333333333,0.04375,0.06875
47,187,cl314jqvw0018396c8dtr2qtj,0,0.7265625,0.0260416666666666,0.05,0.0520833333333333
47,187,cl316iucr001c396cncmtn8ds,0,0.97890625,0.4194444444444444,0.0421875,0.0541666666666666
47,188,cl31445hf0007396cqok6byk7,0,0.30703125,0.2527777777777778,0.0453125,0.0625
47,188,cl3144hts000b396c4ihaxgzt,0,0.1989583333333333,0.78125,0.04375,0.0541666666666666
47,188,cl3144p8j000g396ci3uqwj2m,0,0.3799479166666667,0.7923611111111111,0.0421875,0.05
47,188,cl31452bd000n396cl5uyjaty,0,0.8336284722222222,0.6426851851851851,0.0515625,0.0708333333333333
47,188,cl31459ks000r396cqrqm7umg,0,0.5307291666666667,0.3086805555555555,0.05,0.0604166666666666
47,188,cl314etiv0013396cef6ngytu,0,0.021875,0.678125,0.04375,0.06875
47,188,cl314jqvw0018396c8dtr2qtj,0,0.7265625,0.0260416666666666,0.05,0.0520833333333333
47,188,cl316iucr001c396cncmtn8ds,0,0.97890625,0.4208333333333333,0.0421875,0.0541666666666666
47,189,cl31445hf0007396cqok6byk7,0,0.30859375,0.2537037037037037,0.0453125,0.0625
47,189,cl3144hts000b396c4ihaxgzt,0,0.1991319444444444,0.7805555555555556,0.04375,0.0541666666666666
47,189,cl3144p8j000g396ci3uqwj2m,0,0.3828993055555555,0.7925925925925926,0.0421875,0.05
47,189,cl31452bd000n396cl5uyjaty,0,0.8336979166666667,0.6426388888888889,0.0515625,0.0708333333333333
47,189,cl31459ks000r396cqrqm7umg,0,0.5300347222222223,0.3098379629629629,0.05,0.0604166666666666
47,189,cl314etiv0013396cef6ngytu,0,0.021875,0.6760416666666667,0.04375,0.06875
47,189,cl314jqvw0018396c8dtr2qtj,0,0.7265625,0.0260416666666666,0.05,0.0520833333333333
47,189,cl316iucr001c396cncmtn8ds,0,0.97890625,0.4222222222222222,0.0421875,0.0541666666666666
47,18,ckz3x1hsf001j3867igiqk5mn,0,0.22265625,0.025,0.0421875,0.05
47,18,cl3143jm20003396cuges2p86,0,0.01875,0.4509469696969697,0.0375,0.0583333333333333
47,18,cl31445hf0007396cqok6byk7,0,0.1318892045454545,0.5122159090909091,0.0390625,0.05625
47,18,cl3144hts000b396c4ihaxgzt,0,0.1839428191489361,0.7796690307328605,0.0437499999999999,0.0541666666666666
47,18,cl3144p8j000g396ci3uqwj2m,0,0.2151041666666666,0.8364583333333333,0.0421874999999999,0.05
47,18,cl31452bd000n396cl5uyjaty,0,0.8049479166666667,0.6479166666666667,0.0515624999999999,0.0708333333333333
47,18,cl31459ks000r396cqrqm7umg,0,0.7318181818181818,0.2307765151515151,0.05,0.0604166666666666
47,18,cl3146m3g000z396ce2oi4n9l,0,0.6707589285714286,0.0619047619047619,0.0375,0.05
47,190,cl31445hf0007396cqok6byk7,0,0.31015625,0.2546296296296296,0.0453125,0.0625
47,190,cl3144hts000b396c4ihaxgzt,0,0.1993055555555555,0.7798611111111111,0.0437499999999999,0.0541666666666666
47,190,cl3144p8j000g396ci3uqwj2m,0,0.3858506944444445,0.7928240740740741,0.0421875,0.05
47,190,cl31452bd000n396cl5uyjaty,0,0.833767361111111,0.6425925925925926,0.0515625,0.0708333333333333
47,190,cl31459ks000r396cqrqm7umg,0,0.5293402777777778,0.3109953703703703,0.05,0.0604166666666666
47,190,cl314etiv0013396cef6ngytu,0,0.021875,0.6739583333333333,0.04375,0.06875
47,190,cl316iucr001c396cncmtn8ds,0,0.97890625,0.4236111111111111,0.0421875,0.0541666666666666
47,191,cl31445hf0007396cqok6byk7,0,0.31171875,0.2555555555555555,0.0453125,0.0624999999999999
47,191,cl3144hts000b396c4ihaxgzt,0,0.1994791666666666,0.7791666666666667,0.0437499999999999,0.0541666666666666
47,191,cl3144p8j000g396ci3uqwj2m,0,0.3888020833333333,0.7930555555555556,0.0421874999999999,0.05
47,191,cl31452bd000n396cl5uyjaty,0,0.8338368055555556,0.6425462962962963,0.0515625,0.0708333333333333
47,191,cl31459ks000r396cqrqm7umg,0,0.5286458333333333,0.3121527777777778,0.05,0.0604166666666666
47,191,cl314etiv0013396cef6ngytu,0,0.021875,0.671875,0.04375,0.06875
47,191,cl316iucr001c396cncmtn8ds,0,0.97890625,0.425,0.0421875,0.0541666666666666
47,192,cl31445hf0007396cqok6byk7,0,0.31328125,0.2564814814814815,0.0453125,0.0625
47,192,cl3144hts000b396c4ihaxgzt,0,0.1996527777777777,0.7784722222222222,0.04375,0.0541666666666666
47,192,cl3144p8j000g396ci3uqwj2m,0,0.3917534722222222,0.7932870370370371,0.0421875,0.05
47,192,cl31452bd000n396cl5uyjaty,0,0.8339062500000001,0.6425,0.0515625,0.0708333333333333
47,192,cl31459ks000r396cqrqm7umg,0,0.5279513888888889,0.3133101851851851,0.05,0.0604166666666666
47,192,cl314etiv0013396cef6ngytu,0,0.021875,0.6697916666666667,0.04375,0.06875
47,192,cl316iucr001c396cncmtn8ds,0,0.97890625,0.4263888888888889,0.0421875,0.0541666666666666
47,193,cl31445hf0007396cqok6byk7,0,0.31484375,0.2574074074074073,0.0453125,0.0624999999999999
47,193,cl3144hts000b396c4ihaxgzt,0,0.1998263888888888,0.7777777777777778,0.04375,0.0541666666666666
47,193,cl3144p8j000g396ci3uqwj2m,0,0.3947048611111111,0.7935185185185186,0.0421874999999999,0.05
47,193,cl31452bd000n396cl5uyjaty,0,0.8339756944444444,0.6424537037037037,0.0515625,0.0708333333333333
47,193,cl31459ks000r396cqrqm7umg,0,0.5272569444444445,0.3144675925925926,0.05,0.0604166666666666
47,193,cl314etiv0013396cef6ngytu,0,0.021875,0.6677083333333333,0.04375,0.06875
47,193,cl316iucr001c396cncmtn8ds,0,0.97890625,0.4277777777777778,0.0421875,0.0541666666666666
47,194,cl31445hf0007396cqok6byk7,0,0.31640625,0.2583333333333333,0.0453125,0.0625
47,194,cl3144hts000b396c4ihaxgzt,0,0.2,0.7770833333333333,0.04375,0.0541666666666666
47,194,cl3144p8j000g396ci3uqwj2m,0,0.39765625,0.79375,0.0421875,0.05
47,194,cl31452bd000n396cl5uyjaty,0,0.8340451388888889,0.6424074074074074,0.0515625,0.0708333333333333
47,194,cl31459ks000r396cqrqm7umg,0,0.5265625,0.315625,0.05,0.0604166666666666
47,194,cl314etiv0013396cef6ngytu,0,0.021875,0.665625,0.04375,0.06875
47,194,cl316iucr001c396cncmtn8ds,0,0.97890625,0.4291666666666666,0.0421875,0.0541666666666666
47,195,cl31445hf0007396cqok6byk7,0,0.31875,0.2559895833333333,0.0453125,0.0625
47,195,cl3144hts000b396c4ihaxgzt,0,0.2002083333333333,0.7770833333333333,0.0437499999999999,0.0541666666666666
47,195,cl3144p8j000g396ci3uqwj2m,0,0.39921875,0.7953125,0.0421875,0.05
47,195,cl31452bd000n396cl5uyjaty,0,0.8341145833333334,0.642361111111111,0.0515625,0.0708333333333333
47,195,cl31459ks000r396cqrqm7umg,0,0.525390625,0.3169270833333333,0.05,0.0604166666666666
47,195,cl314etiv0013396cef6ngytu,0,0.02294921875,0.6635416666666667,0.044140625,0.06875
47,195,cl316iucr001c396cncmtn8ds,0,0.97890625,0.43046875,0.0421875,0.0541666666666666
47,196,cl31445hf0007396cqok6byk7,0,0.32109375,0.2536458333333333,0.0453125,0.0625
47,196,cl3144hts000b396c4ihaxgzt,0,0.2004166666666667,0.7770833333333333,0.04375,0.0541666666666666
47,196,cl3144p8j000g396ci3uqwj2m,0,0.40078125,0.796875,0.0421875,0.05
47,196,cl31452bd000n396cl5uyjaty,0,0.8341840277777777,0.6423148148148149,0.0515625,0.0708333333333333
47,196,cl31459ks000r396cqrqm7umg,0,0.52421875,0.3182291666666667,0.05,0.0604166666666666
47,196,cl314etiv0013396cef6ngytu,0,0.0240234375,0.6614583333333334,0.04453125,0.06875
47,196,cl316iucr001c396cncmtn8ds,0,0.97890625,0.4317708333333333,0.0421875,0.0541666666666666
47,197,cl31445hf0007396cqok6byk7,0,0.3234375,0.2513020833333333,0.0453125,0.0625
47,197,cl3144hts000b396c4ihaxgzt,0,0.200625,0.7770833333333333,0.04375,0.0541666666666666
47,197,cl3144p8j000g396ci3uqwj2m,0,0.40234375,0.7984375,0.0421875,0.05
47,197,cl31452bd000n396cl5uyjaty,0,0.8342534722222222,0.6422685185185185,0.0515625,0.0708333333333333
47,197,cl31459ks000r396cqrqm7umg,0,0.523046875,0.31953125,0.05,0.0604166666666666
47,197,cl314etiv0013396cef6ngytu,0,0.02509765625,0.659375,0.044921875,0.06875
47,197,cl316iucr001c396cncmtn8ds,0,0.97890625,0.4330729166666666,0.0421875,0.0541666666666666
47,198,cl31445hf0007396cqok6byk7,0,0.32578125,0.2489583333333333,0.0453125,0.0625
47,198,cl3144hts000b396c4ihaxgzt,0,0.2008333333333333,0.7770833333333333,0.04375,0.0541666666666666
47,198,cl3144p8j000g396ci3uqwj2m,0,0.40390625,0.8,0.0421875,0.05
47,198,cl31452bd000n396cl5uyjaty,0,0.8343229166666667,0.6422222222222221,0.0515625,0.0708333333333333
47,198,cl31459ks000r396cqrqm7umg,0,0.521875,0.3208333333333333,0.05,0.0604166666666666
47,198,cl314etiv0013396cef6ngytu,0,0.026171875,0.6572916666666667,0.0453125,0.06875
47,198,cl316iucr001c396cncmtn8ds,0,0.97890625,0.434375,0.0421875,0.0541666666666666
47,199,cl31445hf0007396cqok6byk7,0,0.328125,0.2466145833333333,0.0453125,0.0625
47,199,cl3144hts000b396c4ihaxgzt,0,0.2010416666666666,0.7770833333333333,0.0437499999999999,0.0541666666666666
47,199,cl3144p8j000g396ci3uqwj2m,0,0.40546875,0.8015625,0.0421875,0.05
47,199,cl31452bd000n396cl5uyjaty,0,0.834392361111111,0.642175925925926,0.0515625,0.0708333333333333
47,199,cl31459ks000r396cqrqm7umg,0,0.520703125,0.3221354166666667,0.05,0.0604166666666666
47,199,cl314etiv0013396cef6ngytu,0,0.02724609375,0.6552083333333333,0.045703125,0.06875
47,199,cl316iucr001c396cncmtn8ds,0,0.97890625,0.4356770833333333,0.0421875,0.0541666666666666
47,19,cl3143jm20003396cuges2p86,0,0.01875,0.4532196969696969,0.0375,0.0583333333333333
47,19,cl31445hf0007396cqok6byk7,0,0.1337357954545454,0.5107007575757575,0.0390625,0.05625
47,19,cl3144hts000b396c4ihaxgzt,0,0.1840093085106383,0.7796985815602837,0.0437499999999999,0.0541666666666666
47,19,cl3144p8j000g396ci3uqwj2m,0,0.21328125,0.8354166666666667,0.0421875,0.05
47,19,cl31452bd000n396cl5uyjaty,0,0.8050280448717949,0.6477564102564102,0.0515625,0.0708333333333333
47,19,cl31459ks000r396cqrqm7umg,0,0.7306818181818182,0.2296401515151515,0.05,0.0604166666666666
47,19,cl3146m3g000z396ce2oi4n9l,0,0.6703125,0.0645833333333333,0.0375,0.05
47,1,ckz3x1hsf001j3867igiqk5mn,0,0.2,0.0541666666666666,0.0375,0.0583333333333333
47,1,cl3143jm20003396cuges2p86,0,0.0296875,0.3979166666666666,0.0375,0.0583333333333333
47,1,cl31445hf0007396cqok6byk7,0,0.10703125,0.509375,0.0390625,0.05625
47,1,cl3144hts000b396c4ihaxgzt,0,0.1828125,0.7791666666666667,0.04375,0.0541666666666666
47,1,cl3144p8j000g396ci3uqwj2m,0,0.21171875,0.8208333333333333,0.0421875,0.05
47,1,cl31452bd000n396cl5uyjaty,0,0.7989062499999999,0.65,0.0515624999999999,0.0708333333333333
47,1,cl31459ks000r396cqrqm7umg,0,0.75625,0.259375,0.05,0.0604166666666666
47,1,cl3146m3g000z396ce2oi4n9l,0,0.665625,0.0270833333333333,0.0375,0.05
47,200,cl31445hf0007396cqok6byk7,0,0.33046875,0.2442708333333333,0.0453125,0.0625
47,200,cl3144hts000b396c4ihaxgzt,0,0.20125,0.7770833333333333,0.04375,0.0541666666666666
47,200,cl3144p8j000g396ci3uqwj2m,0,0.40703125,0.803125,0.0421875,0.05
47,200,cl31452bd000n396cl5uyjaty,0,0.8344618055555555,0.6421296296296296,0.0515625,0.0708333333333333
47,200,cl31459ks000r396cqrqm7umg,0,0.51953125,0.3234375,0.05,0.0604166666666666
47,200,cl314etiv0013396cef6ngytu,0,0.0283203125,0.653125,0.04609375,0.06875
47,200,cl316iucr001c396cncmtn8ds,0,0.97890625,0.4369791666666666,0.0421875,0.0541666666666666
47,201,cl31445hf0007396cqok6byk7,0,0.3328125,0.2419270833333333,0.0453125,0.0625
47,201,cl3144hts000b396c4ihaxgzt,0,0.2014583333333333,0.7770833333333333,0.04375,0.0541666666666666
47,201,cl3144p8j000g396ci3uqwj2m,0,0.40859375,0.8046875,0.0421875,0.05
47,201,cl31452bd000n396cl5uyjaty,0,0.8345312500000001,0.6420833333333333,0.0515625,0.0708333333333333
47,201,cl31459ks000r396cqrqm7umg,0,0.518359375,0.3247395833333333,0.05,0.0604166666666666
47,201,cl314etiv0013396cef6ngytu,0,0.02939453125,0.6510416666666666,0.046484375,0.06875
47,201,cl316iucr001c396cncmtn8ds,0,0.97890625,0.43828125,0.0421875,0.0541666666666666
47,202,cl31445hf0007396cqok6byk7,0,0.33515625,0.2395833333333333,0.0453125,0.0625
47,202,cl3144hts000b396c4ihaxgzt,0,0.2016666666666666,0.7770833333333333,0.04375,0.0541666666666666
47,202,cl3144p8j000g396ci3uqwj2m,0,0.41015625,0.80625,0.0421875,0.05
47,202,cl31452bd000n396cl5uyjaty,0,0.8346006944444444,0.6420370370370371,0.0515625,0.0708333333333333
47,202,cl31459ks000r396cqrqm7umg,0,0.5171875,0.3260416666666667,0.05,0.0604166666666666
47,202,cl314etiv0013396cef6ngytu,0,0.03046875,0.6489583333333333,0.046875,0.06875
47,202,cl316iucr001c396cncmtn8ds,0,0.97890625,0.4395833333333333,0.0421875,0.0541666666666666
47,203,cl31445hf0007396cqok6byk7,0,0.3373046875,0.23984375,0.0453125,0.0625
47,203,cl3144hts000b396c4ihaxgzt,0,0.2018749999999999,0.7770833333333333,0.0437499999999999,0.0541666666666666
47,203,cl3144p8j000g396ci3uqwj2m,0,0.4111328125,0.8071614583333333,0.04296875,0.05078125
47,203,cl31452bd000n396cl5uyjaty,0,0.8346701388888889,0.6419907407407408,0.0515625,0.0708333333333333
47,203,cl31459ks000r396cqrqm7umg,0,0.5154296875,0.3270833333333333,0.05,0.0604166666666666
47,203,cl314etiv0013396cef6ngytu,0,0.03154296875,0.646875,0.047265625,0.06875
47,203,cl316iucr001c396cncmtn8ds,0,0.97890625,0.4395833333333333,0.0421875,0.0541666666666666
47,204,cl31445hf0007396cqok6byk7,0,0.339453125,0.2401041666666666,0.0453125,0.0625
47,204,cl3144hts000b396c4ihaxgzt,0,0.2020833333333333,0.7770833333333333,0.04375,0.0541666666666666
47,204,cl3144p8j000g396ci3uqwj2m,0,0.412109375,0.8080729166666667,0.04375,0.0515625
47,204,cl31452bd000n396cl5uyjaty,0,0.8347395833333333,0.6419444444444444,0.0515625,0.0708333333333333
47,204,cl31459ks000r396cqrqm7umg,0,0.513671875,0.328125,0.05,0.0604166666666666
47,204,cl314etiv0013396cef6ngytu,0,0.0326171875,0.6447916666666667,0.04765625,0.06875
47,204,cl316iucr001c396cncmtn8ds,0,0.97890625,0.4395833333333333,0.0421875,0.0541666666666666
47,205,cl31445hf0007396cqok6byk7,0,0.3416015625,0.2403645833333333,0.0453125,0.0625
47,205,cl3144hts000b396c4ihaxgzt,0,0.2022916666666666,0.7770833333333333,0.04375,0.0541666666666666
47,205,cl3144p8j000g396ci3uqwj2m,0,0.4130859375,0.808984375,0.04453125,0.05234375
47,205,cl31452bd000n396cl5uyjaty,0,0.8348090277777779,0.641898148148148,0.0515625,0.0708333333333333
47,205,cl31459ks000r396cqrqm7umg,0,0.5119140625,0.3291666666666666,0.05,0.0604166666666666
47,205,cl314etiv0013396cef6ngytu,0,0.03369140625,0.6427083333333333,0.048046875,0.06875
47,205,cl316iucr001c396cncmtn8ds,0,0.97890625,0.4395833333333333,0.0421875,0.0541666666666666
47,206,cl31445hf0007396cqok6byk7,0,0.34375,0.240625,0.0453125,0.0625
47,206,cl3144hts000b396c4ihaxgzt,0,0.2024999999999999,0.7770833333333333,0.04375,0.0541666666666666
47,206,cl3144p8j000g396ci3uqwj2m,0,0.4140625,0.8098958333333334,0.0453125,0.053125
47,206,cl31452bd000n396cl5uyjaty,0,0.8348784722222222,0.6418518518518519,0.0515625,0.0708333333333333
47,206,cl31459ks000r396cqrqm7umg,0,0.51015625,0.3302083333333333,0.05,0.0604166666666666
47,206,cl314etiv0013396cef6ngytu,0,0.034765625,0.640625,0.0484375,0.06875
47,206,cl316iucr001c396cncmtn8ds,0,0.97890625,0.4395833333333333,0.0421875,0.0541666666666666
47,207,cl31445hf0007396cqok6byk7,0,0.3458984375,0.2408854166666666,0.0453125,0.0625
47,207,cl3144hts000b396c4ihaxgzt,0,0.2027083333333333,0.7770833333333333,0.0437499999999999,0.0541666666666666
47,207,cl3144p8j000g396ci3uqwj2m,0,0.4150390625,0.8108072916666667,0.04609375,0.05390625
47,207,cl31452bd000n396cl5uyjaty,0,0.8349479166666667,0.6418055555555555,0.0515625,0.0708333333333333
47,207,cl31459ks000r396cqrqm7umg,0,0.5083984375,0.33125,0.05,0.0604166666666666
47,207,cl314etiv0013396cef6ngytu,0,0.03583984375,0.6385416666666667,0.048828125,0.06875
47,207,cl316iucr001c396cncmtn8ds,0,0.97890625,0.4395833333333333,0.0421875,0.0541666666666666
47,208,cl31445hf0007396cqok6byk7,0,0.348046875,0.2411458333333333,0.0453125,0.0625
47,208,cl3144hts000b396c4ihaxgzt,0,0.2029166666666667,0.7770833333333333,0.04375,0.0541666666666666
47,208,cl3144p8j000g396ci3uqwj2m,0,0.416015625,0.81171875,0.046875,0.0546875
47,208,cl31452bd000n396cl5uyjaty,0,0.8350173611111111,0.6417592592592593,0.0515625,0.0708333333333333
47,208,cl31459ks000r396cqrqm7umg,0,0.506640625,0.3322916666666666,0.05,0.0604166666666666
47,208,cl314etiv0013396cef6ngytu,0,0.0369140625,0.6364583333333333,0.04921875,0.06875
47,208,cl316iucr001c396cncmtn8ds,0,0.97890625,0.4395833333333333,0.0421875,0.0541666666666666
47,209,cl31445hf0007396cqok6byk7,0,0.3501953125,0.24140625,0.0453125,0.0625
47,209,cl3144hts000b396c4ihaxgzt,0,0.203125,0.7770833333333333,0.04375,0.0541666666666666
47,209,cl3144p8j000g396ci3uqwj2m,0,0.4169921875,0.8126302083333333,0.04765625,0.05546875
47,209,cl31452bd000n396cl5uyjaty,0,0.8350868055555555,0.641712962962963,0.0515625,0.0708333333333333
47,209,cl31459ks000r396cqrqm7umg,0,0.5048828125,0.3333333333333333,0.05,0.0604166666666666
47,209,cl314etiv0013396cef6ngytu,0,0.03798828125,0.634375,0.049609375,0.06875
47,209,cl316iucr001c396cncmtn8ds,0,0.97890625,0.4395833333333333,0.0421875,0.0541666666666666
47,20,cl3143jm20003396cuges2p86,0,0.01875,0.4554924242424242,0.0375,0.0583333333333333
47,20,cl31445hf0007396cqok6byk7,0,0.1355823863636363,0.5091856060606061,0.0390625,0.05625
47,20,cl3144hts000b396c4ihaxgzt,0,0.1840757978723404,0.7797281323877069,0.0437499999999999,0.0541666666666666
47,20,cl3144p8j000g396ci3uqwj2m,0,0.20890625,0.8308333333333333,0.0421874999999999,0.05
47,20,cl31452bd000n396cl5uyjaty,0,0.805108173076923,0.6475961538461539,0.0515624999999999,0.0708333333333333
47,20,cl31459ks000r396cqrqm7umg,0,0.7295454545454546,0.2285037878787879,0.05,0.0604166666666666
47,20,cl3146m3g000z396ce2oi4n9l,0,0.66859375,0.0647916666666666,0.0378124999999999,0.0520833333333333
47,210,cl31445hf0007396cqok6byk7,0,0.35234375,0.2416666666666666,0.0453125,0.0625
47,210,cl3144hts000b396c4ihaxgzt,0,0.2033333333333333,0.7770833333333333,0.0437499999999999,0.0541666666666666
47,210,cl3144p8j000g396ci3uqwj2m,0,0.41796875,0.8135416666666667,0.0484375,0.05625
47,210,cl31452bd000n396cl5uyjaty,0,0.83515625,0.6416666666666667,0.0515625,0.0708333333333333
47,210,cl31459ks000r396cqrqm7umg,0,0.503125,0.334375,0.05,0.0604166666666666
47,210,cl314etiv0013396cef6ngytu,0,0.0390625,0.6322916666666667,0.05,0.06875
47,211,cl31445hf0007396cqok6byk7,0,0.353515625,0.2401041666666666,0.0453125,0.0625
47,211,cl3144hts000b396c4ihaxgzt,0,0.2035416666666666,0.7770833333333333,0.04375,0.0541666666666666
47,211,cl3144p8j000g396ci3uqwj2m,0,0.4201171875,0.8118489583333334,0.0484375,0.05625
47,211,cl31452bd000n396cl5uyjaty,0,0.8352256944444445,0.6416203703703703,0.0515625,0.0708333333333333
47,211,cl31459ks000r396cqrqm7umg,0,0.5021484375,0.3346354166666667,0.05,0.0604166666666666
47,211,cl314etiv0013396cef6ngytu,0,0.0396484375,0.6294270833333333,0.05,0.06875
47,212,cl31445hf0007396cqok6byk7,0,0.3546875,0.2385416666666666,0.0453125,0.0625
47,212,cl3144hts000b396c4ihaxgzt,0,0.20375,0.7770833333333333,0.04375,0.0541666666666666
47,212,cl3144p8j000g396ci3uqwj2m,0,0.422265625,0.81015625,0.0484375,0.05625
47,212,cl31452bd000n396cl5uyjaty,0,0.8352951388888888,0.6415740740740741,0.0515625,0.0708333333333333
47,212,cl31459ks000r396cqrqm7umg,0,0.501171875,0.3348958333333333,0.05,0.0604166666666666
47,212,cl314etiv0013396cef6ngytu,0,0.040234375,0.6265625,0.05,0.06875
47,213,cl31445hf0007396cqok6byk7,0,0.355859375,0.2369791666666666,0.0453125,0.0625
47,213,cl3144hts000b396c4ihaxgzt,0,0.2039583333333333,0.7770833333333333,0.04375,0.0541666666666666
47,213,cl3144p8j000g396ci3uqwj2m,0,0.4244140625,0.8084635416666667,0.0484375,0.05625
47,213,cl31452bd000n396cl5uyjaty,0,0.8353645833333333,0.6415277777777778,0.0515625,0.0708333333333333
47,213,cl31459ks000r396cqrqm7umg,0,0.5001953125,0.33515625,0.05,0.0604166666666666
47,213,cl314etiv0013396cef6ngytu,0,0.0408203125,0.6236979166666666,0.05,0.06875
47,214,cl31445hf0007396cqok6byk7,0,0.35703125,0.2354166666666666,0.0453125,0.0625
47,214,cl3144hts000b396c4ihaxgzt,0,0.2041666666666666,0.7770833333333333,0.0437499999999999,0.0541666666666666
47,214,cl3144p8j000g396ci3uqwj2m,0,0.4265625,0.8067708333333333,0.0484375,0.05625
47,214,cl31452bd000n396cl5uyjaty,0,0.8354340277777779,0.6414814814814814,0.0515625,0.0708333333333333
47,214,cl31459ks000r396cqrqm7umg,0,0.49921875,0.3354166666666666,0.05,0.0604166666666666
47,214,cl314etiv0013396cef6ngytu,0,0.04140625,0.6208333333333333,0.05,0.06875
47,215,cl31445hf0007396cqok6byk7,0,0.358203125,0.2338541666666666,0.0453125,0.0625
47,215,cl3144hts000b396c4ihaxgzt,0,0.204375,0.7770833333333333,0.04375,0.0541666666666666
47,215,cl3144p8j000g396ci3uqwj2m,0,0.4287109375,0.805078125,0.0484375,0.05625
47,215,cl31452bd000n396cl5uyjaty,0,0.8355034722222221,0.6414351851851853,0.0515625,0.0708333333333333
47,215,cl31459ks000r396cqrqm7umg,0,0.4982421875,0.3356770833333333,0.05,0.0604166666666666
47,215,cl314etiv0013396cef6ngytu,0,0.0419921875,0.61796875,0.05,0.06875
47,215,cl314jqvw0018396c8dtr2qtj,0,0.6453125,0.0260416666666666,0.05,0.0520833333333333
47,216,cl31445hf0007396cqok6byk7,0,0.359375,0.2322916666666666,0.0453125,0.0625
47,216,cl3144hts000b396c4ihaxgzt,0,0.2045833333333333,0.7770833333333333,0.04375,0.0541666666666666
47,216,cl3144p8j000g396ci3uqwj2m,0,0.430859375,0.8033854166666666,0.0484375,0.05625
47,216,cl31452bd000n396cl5uyjaty,0,0.8355729166666667,0.6413888888888889,0.0515625,0.0708333333333333
47,216,cl31459ks000r396cqrqm7umg,0,0.497265625,0.3359375,0.05,0.0604166666666666
47,216,cl314etiv0013396cef6ngytu,0,0.042578125,0.6151041666666667,0.05,0.06875
47,216,cl314jqvw0018396c8dtr2qtj,0,0.644921875,0.0269097222222222,0.05,0.0520833333333333
47,217,cl31445hf0007396cqok6byk7,0,0.360546875,0.2307291666666666,0.0453125,0.0625
47,217,cl3144hts000b396c4ihaxgzt,0,0.2047916666666666,0.7770833333333333,0.04375,0.0541666666666666
47,217,cl3144p8j000g396ci3uqwj2m,0,0.4330078125,0.8016927083333333,0.0484375,0.05625
47,217,cl31452bd000n396cl5uyjaty,0,0.8356423611111111,0.6413425925925925,0.0515625,0.0708333333333333
47,217,cl31459ks000r396cqrqm7umg,0,0.4962890625,0.3361979166666666,0.05,0.0604166666666666
47,217,cl314etiv0013396cef6ngytu,0,0.0431640625,0.6122395833333333,0.05,0.06875
47,217,cl314jqvw0018396c8dtr2qtj,0,0.64453125,0.0277777777777777,0.05,0.0520833333333333
47,218,cl31445hf0007396cqok6byk7,0,0.36171875,0.2291666666666666,0.0453125,0.0625
47,218,cl3144hts000b396c4ihaxgzt,0,0.205,0.7770833333333333,0.0437499999999999,0.0541666666666666
47,218,cl3144p8j000g396ci3uqwj2m,0,0.43515625,0.8,0.0484375,0.05625
47,218,cl31452bd000n396cl5uyjaty,0,0.8357118055555557,0.6412962962962963,0.0515625,0.0708333333333333
47,218,cl31459ks000r396cqrqm7umg,0,0.4953125,0.3364583333333333,0.05,0.0604166666666666
47,218,cl314etiv0013396cef6ngytu,0,0.04375,0.609375,0.05,0.06875
47,218,cl314jqvw0018396c8dtr2qtj,0,0.644140625,0.0286458333333333,0.05,0.0520833333333333
47,219,cl31445hf0007396cqok6byk7,0,0.362890625,0.2276041666666666,0.0453125,0.0625
47,219,cl3144hts000b396c4ihaxgzt,0,0.2052083333333333,0.7770833333333333,0.04375,0.0541666666666666
47,219,cl3144p8j000g396ci3uqwj2m,0,0.4373046875,0.7983072916666667,0.0484375,0.05625
47,219,cl31452bd000n396cl5uyjaty,0,0.8357812499999999,0.64125,0.0515625,0.0708333333333333
47,219,cl31459ks000r396cqrqm7umg,0,0.4943359375,0.33671875,0.05,0.0604166666666666
47,219,cl314etiv0013396cef6ngytu,0,0.0443359375,0.6065104166666667,0.05,0.06875
47,219,cl314jqvw0018396c8dtr2qtj,0,0.64375,0.0295138888888888,0.05,0.0520833333333333
47,21,cl3143jm20003396cuges2p86,0,0.01875,0.4577651515151515,0.0375,0.0583333333333333
47,21,cl31445hf0007396cqok6byk7,0,0.1374289772727272,0.5076704545454546,0.0390625,0.05625
47,21,cl3144hts000b396c4ihaxgzt,0,0.1841422872340425,0.7797576832151301,0.0437499999999999,0.0541666666666666
47,21,cl3144p8j000g396ci3uqwj2m,0,0.20453125,0.82625,0.0421875,0.05
47,21,cl31452bd000n396cl5uyjaty,0,0.8051883012820513,0.6474358974358975,0.0515625,0.0708333333333333
47,21,cl31459ks000r396cqrqm7umg,0,0.7284090909090909,0.2273674242424242,0.05,0.0604166666666666
47,21,cl3146m3g000z396ce2oi4n9l,0,0.666875,0.065,0.0381249999999999,0.0541666666666666
47,220,cl31445hf0007396cqok6byk7,0,0.3640625,0.2260416666666666,0.0453125,0.0625
47,220,cl3144hts000b396c4ihaxgzt,0,0.2054166666666666,0.7770833333333333,0.04375,0.0541666666666666
47,220,cl3144p8j000g396ci3uqwj2m,0,0.439453125,0.7966145833333333,0.0484375,0.05625
47,220,cl31452bd000n396cl5uyjaty,0,0.8358506944444445,0.6412037037037037,0.0515625,0.0708333333333333
47,220,cl31459ks000r396cqrqm7umg,0,0.493359375,0.3369791666666666,0.05,0.0604166666666666
47,220,cl314etiv0013396cef6ngytu,0,0.044921875,0.6036458333333333,0.05,0.06875
47,220,cl314jqvw0018396c8dtr2qtj,0,0.643359375,0.0303819444444444,0.05,0.0520833333333333
47,221,cl31445hf0007396cqok6byk7,0,0.365234375,0.2244791666666666,0.0453125,0.0625
47,221,cl3144hts000b396c4ihaxgzt,0,0.205625,0.7770833333333333,0.04375,0.0541666666666666
47,221,cl3144p8j000g396ci3uqwj2m,0,0.4416015625,0.794921875,0.0484375,0.05625
47,221,cl31452bd000n396cl5uyjaty,0,0.8359201388888889,0.6411574074074073,0.0515625,0.0708333333333333
47,221,cl31459ks000r396cqrqm7umg,0,0.4923828125,0.3372395833333333,0.05,0.0604166666666666
47,221,cl314etiv0013396cef6ngytu,0,0.0455078125,0.60078125,0.05,0.06875
47,221,cl314jqvw0018396c8dtr2qtj,0,0.64296875,0.03125,0.05,0.0520833333333333
47,222,cl31445hf0007396cqok6byk7,0,0.36640625,0.2229166666666666,0.0453125,0.0625
47,222,cl3144hts000b396c4ihaxgzt,0,0.2058333333333333,0.7770833333333333,0.0437499999999999,0.0541666666666666
47,222,cl3144p8j000g396ci3uqwj2m,0,0.44375,0.7932291666666667,0.0484375,0.05625
47,222,cl31452bd000n396cl5uyjaty,0,0.8359895833333333,0.6411111111111112,0.0515625,0.0708333333333333
47,222,cl31459ks000r396cqrqm7umg,0,0.49140625,0.3375,0.05,0.0604166666666666
47,222,cl314etiv0013396cef6ngytu,0,0.04609375,0.5979166666666667,0.05,0.06875
47,222,cl314jqvw0018396c8dtr2qtj,0,0.642578125,0.0321180555555555,0.05,0.0520833333333333
47,223,cl31445hf0007396cqok6byk7,0,0.367578125,0.2213541666666666,0.0453125,0.0625
47,223,cl3144hts000b396c4ihaxgzt,0,0.2060416666666666,0.7770833333333333,0.04375,0.0541666666666666
47,223,cl3144p8j000g396ci3uqwj2m,0,0.4458984375,0.7915364583333333,0.0484375,0.05625
47,223,cl31452bd000n396cl5uyjaty,0,0.8360590277777777,0.6410648148148148,0.0515625,0.0708333333333333
47,223,cl31459ks000r396cqrqm7umg,0,0.4904296875,0.3377604166666667,0.05,0.0604166666666666
47,223,cl314etiv0013396cef6ngytu,0,0.0466796875,0.5950520833333334,0.05,0.06875
47,223,cl314jqvw0018396c8dtr2qtj,0,0.6421875,0.0329861111111111,0.05,0.0520833333333333
47,224,cl31445hf0007396cqok6byk7,0,0.36875,0.2197916666666666,0.0453125,0.0625
47,224,cl3144hts000b396c4ihaxgzt,0,0.20625,0.7770833333333333,0.04375,0.0541666666666666
47,224,cl3144p8j000g396ci3uqwj2m,0,0.448046875,0.78984375,0.0484375,0.05625
47,224,cl31452bd000n396cl5uyjaty,0,0.8361284722222223,0.6410185185185184,0.0515625,0.0708333333333333
47,224,cl31459ks000r396cqrqm7umg,0,0.489453125,0.3380208333333333,0.05,0.0604166666666666
47,224,cl314etiv0013396cef6ngytu,0,0.047265625,0.5921875,0.05,0.06875
47,224,cl314jqvw0018396c8dtr2qtj,0,0.641796875,0.0338541666666666,0.05,0.0520833333333333
47,225,cl31445hf0007396cqok6byk7,0,0.369921875,0.2182291666666666,0.0453125,0.0625
47,225,cl3144hts000b396c4ihaxgzt,0,0.2064583333333333,0.7770833333333333,0.04375,0.0541666666666666
47,225,cl3144p8j000g396ci3uqwj2m,0,0.4501953125,0.7881510416666667,0.0484375,0.05625
47,225,cl31452bd000n396cl5uyjaty,0,0.8361979166666667,0.6409722222222223,0.0515625,0.0708333333333333
47,225,cl31459ks000r396cqrqm7umg,0,0.4884765625,0.33828125,0.05,0.0604166666666666
47,225,cl314etiv0013396cef6ngytu,0,0.0478515625,0.5893229166666667,0.05,0.06875
47,225,cl314jqvw0018396c8dtr2qtj,0,0.64140625,0.0347222222222222,0.05,0.0520833333333333
47,226,cl31445hf0007396cqok6byk7,0,0.37109375,0.2166666666666666,0.0453125,0.0625
47,226,cl3144hts000b396c4ihaxgzt,0,0.2066666666666667,0.7770833333333333,0.04375,0.0541666666666666
47,226,cl3144p8j000g396ci3uqwj2m,0,0.45234375,0.7864583333333334,0.0484375,0.05625
47,226,cl31452bd000n396cl5uyjaty,0,0.8362673611111111,0.6409259259259259,0.0515625,0.0708333333333333
47,226,cl31459ks000r396cqrqm7umg,0,0.4875,0.3385416666666667,0.05,0.0604166666666666
47,226,cl314etiv0013396cef6ngytu,0,0.0484375,0.5864583333333333,0.05,0.06875
47,226,cl314jqvw0018396c8dtr2qtj,0,0.641015625,0.0355902777777777,0.05,0.0520833333333333
47,227,cl31445hf0007396cqok6byk7,0,0.3718149038461538,0.2144230769230769,0.0453125,0.0625
47,227,cl3144hts000b396c4ihaxgzt,0,0.206875,0.7770833333333333,0.04375,0.0541666666666666
47,227,cl3144p8j000g396ci3uqwj2m,0,0.45234375,0.7888621794871794,0.0484375,0.05625
47,227,cl31452bd000n396cl5uyjaty,0,0.8363368055555556,0.6408796296296296,0.0515625,0.0708333333333333
47,227,cl31459ks000r396cqrqm7umg,0,0.4856971153846154,0.3385416666666667,0.05,0.0604166666666666
47,227,cl314etiv0013396cef6ngytu,0,0.0493990384615384,0.5842147435897436,0.05,0.06875
47,227,cl314jqvw0018396c8dtr2qtj,0,0.640625,0.0364583333333333,0.05,0.0520833333333333
47,228,cl31445hf0007396cqok6byk7,0,0.3725360576923077,0.2121794871794871,0.0453125,0.0625
47,228,cl3144hts000b396c4ihaxgzt,0,0.2070833333333333,0.7770833333333333,0.04375,0.0541666666666666
47,228,cl3144p8j000g396ci3uqwj2m,0,0.45234375,0.7912660256410257,0.0484375,0.05625
47,228,cl31452bd000n396cl5uyjaty,0,0.8364062499999999,0.6408333333333334,0.0515625,0.0708333333333333
47,228,cl31459ks000r396cqrqm7umg,0,0.4838942307692307,0.3385416666666667,0.05,0.0604166666666666
47,228,cl314etiv0013396cef6ngytu,0,0.0503605769230769,0.5819711538461539,0.0499999999999999,0.06875
47,228,cl314jqvw0018396c8dtr2qtj,0,0.640234375,0.0373263888888888,0.05,0.0520833333333333
47,229,cl31445hf0007396cqok6byk7,0,0.3732572115384615,0.2099358974358974,0.0453125,0.0625
47,229,cl3144hts000b396c4ihaxgzt,0,0.2072916666666666,0.7770833333333333,0.0437499999999999,0.0541666666666666
47,229,cl3144p8j000g396ci3uqwj2m,0,0.45234375,0.7936698717948718,0.0484375,0.05625
47,229,cl31452bd000n396cl5uyjaty,0,0.8364756944444445,0.6407870370370371,0.0515625,0.0708333333333333
47,229,cl31459ks000r396cqrqm7umg,0,0.4820913461538462,0.3385416666666667,0.05,0.0604166666666666
47,229,cl314etiv0013396cef6ngytu,0,0.0513221153846153,0.5797275641025641,0.05,0.06875
47,229,cl314jqvw0018396c8dtr2qtj,0,0.63984375,0.0381944444444444,0.05,0.0520833333333333
47,22,cl3143jm20003396cuges2p86,0,0.01875,0.4600378787878788,0.0375,0.0583333333333333
47,22,cl31445hf0007396cqok6byk7,0,0.1392755681818182,0.506155303030303,0.0390625,0.0562499999999999
47,22,cl3144hts000b396c4ihaxgzt,0,0.1842087765957446,0.7797872340425532,0.0437499999999999,0.0541666666666666
47,22,cl3144p8j000g396ci3uqwj2m,0,0.2001562499999999,0.8216666666666667,0.0421875,0.05
47,22,cl31452bd000n396cl5uyjaty,0,0.8052684294871796,0.647275641025641,0.0515625,0.0708333333333333
47,22,cl31459ks000r396cqrqm7umg,0,0.7272727272727273,0.2262310606060606,0.05,0.0604166666666666
47,22,cl3146m3g000z396ce2oi4n9l,0,0.66515625,0.0652083333333333,0.0384375,0.0562499999999999
47,230,cl31445hf0007396cqok6byk7,0,0.3739783653846154,0.2076923076923077,0.0453125,0.0625
47,230,cl3144hts000b396c4ihaxgzt,0,0.2075,0.7770833333333333,0.04375,0.0541666666666666
47,230,cl3144p8j000g396ci3uqwj2m,0,0.45234375,0.796073717948718,0.0484375,0.05625
47,230,cl31452bd000n396cl5uyjaty,0,0.8365451388888889,0.6407407407407407,0.0515625,0.0708333333333333
47,230,cl31459ks000r396cqrqm7umg,0,0.4802884615384615,0.3385416666666667,0.05,0.0604166666666666
47,230,cl314etiv0013396cef6ngytu,0,0.0522836538461538,0.5774839743589744,0.05,0.06875
47,230,cl314jqvw0018396c8dtr2qtj,0,0.639453125,0.0390625,0.05,0.0520833333333333
47,231,cl31445hf0007396cqok6byk7,0,0.3746995192307693,0.2054487179487179,0.0453125,0.0625
47,231,cl3144hts000b396c4ihaxgzt,0,0.2077083333333333,0.7770833333333333,0.04375,0.0541666666666666
47,231,cl3144p8j000g396ci3uqwj2m,0,0.45234375,0.7984775641025641,0.0484375,0.05625
47,231,cl31452bd000n396cl5uyjaty,0,0.8366145833333333,0.6406944444444445,0.0515625,0.0708333333333333
47,231,cl31459ks000r396cqrqm7umg,0,0.4784855769230769,0.3385416666666667,0.05,0.0604166666666666
47,231,cl314etiv0013396cef6ngytu,0,0.0532451923076923,0.5752403846153846,0.05,0.06875
47,231,cl314jqvw0018396c8dtr2qtj,0,0.6390625,0.0399305555555555,0.05,0.0520833333333333
47,232,cl31445hf0007396cqok6byk7,0,0.375420673076923,0.2032051282051282,0.0453125,0.0625
47,232,cl3144hts000b396c4ihaxgzt,0,0.2079166666666666,0.7770833333333333,0.04375,0.0541666666666666
47,232,cl3144p8j000g396ci3uqwj2m,0,0.45234375,0.8008814102564102,0.0484375,0.05625
47,232,cl31452bd000n396cl5uyjaty,0,0.8366840277777777,0.6406481481481482,0.0515625,0.0708333333333333
47,232,cl31459ks000r396cqrqm7umg,0,0.4766826923076923,0.3385416666666667,0.05,0.0604166666666666
47,232,cl314etiv0013396cef6ngytu,0,0.0542067307692307,0.5729967948717949,0.05,0.06875
47,232,cl314jqvw0018396c8dtr2qtj,0,0.638671875,0.0407986111111111,0.05,0.0520833333333333
47,233,cl31445hf0007396cqok6byk7,0,0.3761418269230769,0.2009615384615384,0.0453125,0.0625
47,233,cl3144hts000b396c4ihaxgzt,0,0.2081249999999999,0.7770833333333333,0.0437499999999999,0.0541666666666666
47,233,cl3144p8j000g396ci3uqwj2m,0,0.45234375,0.8032852564102565,0.0484375,0.05625
47,233,cl31452bd000n396cl5uyjaty,0,0.8367534722222223,0.6406018518518518,0.0515625,0.0708333333333333
47,233,cl31459ks000r396cqrqm7umg,0,0.4748798076923076,0.3385416666666667,0.05,0.0604166666666666
47,233,cl314etiv0013396cef6ngytu,0,0.0551682692307692,0.5707532051282052,0.05,0.06875
47,233,cl314jqvw0018396c8dtr2qtj,0,0.63828125,0.0416666666666666,0.05,0.0520833333333333
47,234,cl31445hf0007396cqok6byk7,0,0.3768629807692307,0.1987179487179487,0.0453125,0.0625
47,234,cl3144hts000b396c4ihaxgzt,0,0.2083333333333333,0.7770833333333333,0.04375,0.0541666666666666
47,234,cl3144p8j000g396ci3uqwj2m,0,0.45234375,0.8056891025641025,0.0484375,0.05625
47,234,cl31452bd000n396cl5uyjaty,0,0.8368229166666667,0.6405555555555555,0.0515625,0.0708333333333333
47,234,cl31459ks000r396cqrqm7umg,0,0.473076923076923,0.3385416666666667,0.05,0.0604166666666666
47,234,cl314etiv0013396cef6ngytu,0,0.0561298076923076,0.5685096153846153,0.0499999999999999,0.06875
47,234,cl314jqvw0018396c8dtr2qtj,0,0.637890625,0.0425347222222222,0.05,0.0520833333333333
47,235,cl31445hf0007396cqok6byk7,0,0.3775841346153846,0.1964743589743589,0.0453124999999999,0.0625
47,235,cl3144hts000b396c4ihaxgzt,0,0.2085416666666666,0.7770833333333333,0.04375,0.0541666666666666
47,235,cl3144p8j000g396ci3uqwj2m,0,0.45234375,0.8080929487179487,0.0484375,0.05625
47,235,cl31452bd000n396cl5uyjaty,0,0.8368923611111111,0.6405092592592593,0.0515625,0.0708333333333333
47,235,cl31459ks000r396cqrqm7umg,0,0.4712740384615385,0.3385416666666667,0.05,0.0604166666666666
47,235,cl314etiv0013396cef6ngytu,0,0.0570913461538461,0.5662660256410257,0.05,0.06875
47,235,cl314jqvw0018396c8dtr2qtj,0,0.6375,0.0434027777777777,0.05,0.0520833333333333
47,236,cl31445hf0007396cqok6byk7,0,0.3783052884615385,0.1942307692307692,0.0453125,0.0625
47,236,cl3144hts000b396c4ihaxgzt,0,0.20875,0.7770833333333333,0.04375,0.0541666666666666
47,236,cl3144p8j000g396ci3uqwj2m,0,0.45234375,0.8104967948717949,0.0484375,0.05625
47,236,cl31452bd000n396cl5uyjaty,0,0.8369618055555555,0.6404629629629629,0.0515625,0.0708333333333333
47,236,cl31459ks000r396cqrqm7umg,0,0.4694711538461538,0.3385416666666667,0.05,0.0604166666666666
47,236,cl314etiv0013396cef6ngytu,0,0.0580528846153846,0.5640224358974358,0.05,0.06875
47,236,cl314jqvw0018396c8dtr2qtj,0,0.637109375,0.0442708333333333,0.05,0.0520833333333333
47,237,cl31445hf0007396cqok6byk7,0,0.3790264423076923,0.1919871794871795,0.0453125,0.0625
47,237,cl3144hts000b396c4ihaxgzt,0,0.2089583333333333,0.7770833333333333,0.0437499999999999,0.0541666666666666
47,237,cl3144p8j000g396ci3uqwj2m,0,0.45234375,0.812900641025641,0.0484375,0.05625
47,237,cl31452bd000n396cl5uyjaty,0,0.8370312500000001,0.6404166666666666,0.0515625,0.0708333333333333
47,237,cl31459ks000r396cqrqm7umg,0,0.4676682692307692,0.3385416666666667,0.05,0.0604166666666666
47,237,cl314etiv0013396cef6ngytu,0,0.059014423076923,0.5617788461538461,0.0499999999999999,0.0687499999999999
47,237,cl314jqvw0018396c8dtr2qtj,0,0.63671875,0.0451388888888888,0.05,0.0520833333333333
47,238,cl31445hf0007396cqok6byk7,0,0.3797475961538462,0.1897435897435897,0.0453125,0.0625
47,238,cl3144hts000b396c4ihaxgzt,0,0.2091666666666666,0.7770833333333333,0.04375,0.0541666666666666
47,238,cl3144p8j000g396ci3uqwj2m,0,0.45234375,0.8153044871794872,0.0484375,0.05625
47,238,cl31452bd000n396cl5uyjaty,0,0.8371006944444443,0.6403703703703704,0.0515625,0.0708333333333333
47,238,cl31459ks000r396cqrqm7umg,0,0.4658653846153845,0.3385416666666667,0.05,0.0604166666666666
47,238,cl314etiv0013396cef6ngytu,0,0.0599759615384615,0.5595352564102565,0.05,0.06875
47,238,cl314jqvw0018396c8dtr2qtj,0,0.636328125,0.0460069444444444,0.05,0.0520833333333333
47,239,cl31445hf0007396cqok6byk7,0,0.38046875,0.1875,0.0453125,0.0625
47,239,cl3144hts000b396c4ihaxgzt,0,0.209375,0.7770833333333333,0.04375,0.0541666666666666
47,239,cl3144p8j000g396ci3uqwj2m,0,0.45234375,0.8177083333333334,0.0484375,0.05625
47,239,cl31452bd000n396cl5uyjaty,0,0.8371701388888889,0.6403240740740741,0.0515625,0.0708333333333333
47,239,cl31459ks000r396cqrqm7umg,0,0.4640625,0.3385416666666667,0.05,0.0604166666666666
47,239,cl314etiv0013396cef6ngytu,0,0.0609375,0.5572916666666666,0.05,0.06875
47,239,cl314jqvw0018396c8dtr2qtj,0,0.6359375,0.046875,0.05,0.0520833333333333
47,23,cl3143jm20003396cuges2p86,0,0.01875,0.462310606060606,0.0375,0.0583333333333333
47,23,cl31445hf0007396cqok6byk7,0,0.141122159090909,0.5046401515151515,0.0390625,0.05625
47,23,cl3144hts000b396c4ihaxgzt,0,0.1842752659574467,0.7798167848699763,0.0437499999999999,0.0541666666666666
47,23,cl3144p8j000g396ci3uqwj2m,0,0.19578125,0.8170833333333333,0.0421875,0.05
47,23,cl31452bd000n396cl5uyjaty,0,0.8053485576923076,0.6471153846153846,0.0515625,0.0708333333333333
47,23,cl31459ks000r396cqrqm7umg,0,0.7261363636363637,0.2250946969696969,0.05,0.0604166666666666
47,23,cl3146m3g000z396ce2oi4n9l,0,0.6634375,0.0654166666666666,0.03875,0.0583333333333333
47,240,cl31445hf0007396cqok6byk7,0,0.38212890625,0.1865885416666666,0.0453125,0.0625
47,240,cl3144hts000b396c4ihaxgzt,0,0.2095625,0.776875,0.04375,0.0541666666666666
47,240,cl3144p8j000g396ci3uqwj2m,0,0.45205078125,0.8212239583333333,0.0484375,0.05625
47,240,cl31452bd000n396cl5uyjaty,0,0.8372395833333334,0.6402777777777777,0.0515625,0.0708333333333333
47,240,cl31459ks000r396cqrqm7umg,0,0.4630859375,0.3377604166666667,0.05,0.0604166666666666
47,240,cl314etiv0013396cef6ngytu,0,0.0611328125,0.5584635416666667,0.05,0.06875
47,240,cl314jqvw0018396c8dtr2qtj,0,0.63671875,0.046875,0.05,0.0520833333333333
47,241,cl31445hf0007396cqok6byk7,0,0.3837890625,0.1856770833333333,0.0453125,0.0625
47,241,cl3144hts000b396c4ihaxgzt,0,0.20975,0.7766666666666667,0.04375,0.0541666666666666
47,241,cl3144p8j000g396ci3uqwj2m,0,0.4517578125,0.8247395833333333,0.0484375,0.05625
47,241,cl31452bd000n396cl5uyjaty,0,0.8373090277777777,0.6402314814814816,0.0515625,0.0708333333333333
47,241,cl31459ks000r396cqrqm7umg,0,0.462109375,0.3369791666666666,0.05,0.0604166666666666
47,241,cl314etiv0013396cef6ngytu,0,0.061328125,0.5596354166666667,0.05,0.06875
47,241,cl314jqvw0018396c8dtr2qtj,0,0.6375,0.046875,0.05,0.0520833333333333
47,242,cl31445hf0007396cqok6byk7,0,0.38544921875,0.184765625,0.0453125,0.0625
47,242,cl3144hts000b396c4ihaxgzt,0,0.2099375,0.7764583333333334,0.04375,0.0541666666666666
47,242,cl3144p8j000g396ci3uqwj2m,0,0.45146484375,0.8282552083333333,0.0484375,0.05625
47,242,cl31452bd000n396cl5uyjaty,0,0.8373784722222222,0.6401851851851852,0.0515625,0.0708333333333333
47,242,cl31459ks000r396cqrqm7umg,0,0.4611328125,0.3361979166666666,0.05,0.0604166666666666
47,242,cl314etiv0013396cef6ngytu,0,0.0615234375,0.5608072916666667,0.05,0.06875
47,242,cl314jqvw0018396c8dtr2qtj,0,0.63828125,0.046875,0.05,0.0520833333333333
47,243,cl31445hf0007396cqok6byk7,0,0.387109375,0.1838541666666666,0.0453125,0.0625
47,243,cl3144hts000b396c4ihaxgzt,0,0.2101249999999999,0.77625,0.0437499999999999,0.0541666666666666
47,243,cl3144p8j000g396ci3uqwj2m,0,0.451171875,0.8317708333333333,0.0484375,0.05625
47,243,cl31452bd000n396cl5uyjaty,0,0.8374479166666667,0.6401388888888888,0.0515625,0.0708333333333333
47,243,cl31459ks000r396cqrqm7umg,0,0.46015625,0.3354166666666666,0.05,0.0604166666666666
47,243,cl314etiv0013396cef6ngytu,0,0.06171875,0.5619791666666667,0.05,0.06875
47,243,cl314jqvw0018396c8dtr2qtj,0,0.6390625,0.046875,0.05,0.0520833333333333
47,244,cl31445hf0007396cqok6byk7,0,0.38876953125,0.1829427083333333,0.0453125,0.0625
47,244,cl3144hts000b396c4ihaxgzt,0,0.2103124999999999,0.7760416666666666,0.04375,0.0541666666666666
47,244,cl3144p8j000g396ci3uqwj2m,0,0.45087890625,0.8352864583333334,0.0484375,0.05625
47,244,cl31452bd000n396cl5uyjaty,0,0.8375173611111111,0.6400925925925927,0.0515625,0.0708333333333333
47,244,cl31459ks000r396cqrqm7umg,0,0.4591796875,0.3346354166666667,0.05,0.0604166666666666
47,244,cl314etiv0013396cef6ngytu,0,0.0619140625,0.5631510416666666,0.05,0.06875
47,244,cl314jqvw0018396c8dtr2qtj,0,0.63984375,0.046875,0.05,0.0520833333333333
47,245,cl31445hf0007396cqok6byk7,0,0.3904296875,0.18203125,0.0453125,0.0625
47,245,cl3144hts000b396c4ihaxgzt,0,0.2105,0.7758333333333333,0.04375,0.0541666666666666
47,245,cl3144p8j000g396ci3uqwj2m,0,0.4505859375,0.8388020833333333,0.0484375,0.05625
47,245,cl31452bd000n396cl5uyjaty,0,0.8375868055555555,0.6400462962962963,0.0515625,0.0708333333333333
47,245,cl31459ks000r396cqrqm7umg,0,0.458203125,0.3338541666666667,0.05,0.0604166666666666
47,245,cl314etiv0013396cef6ngytu,0,0.062109375,0.5643229166666667,0.05,0.06875
47,245,cl314jqvw0018396c8dtr2qtj,0,0.640625,0.046875,0.05,0.0520833333333333
47,246,cl31445hf0007396cqok6byk7,0,0.39208984375,0.1811197916666666,0.0453125,0.0625
47,246,cl3144hts000b396c4ihaxgzt,0,0.2106875,0.775625,0.04375,0.0541666666666666
47,246,cl3144p8j000g396ci3uqwj2m,0,0.45029296875,0.8423177083333333,0.0484375,0.05625
47,246,cl31452bd000n396cl5uyjaty,0,0.83765625,0.64,0.0515625,0.0708333333333333
47,246,cl31459ks000r396cqrqm7umg,0,0.4572265625,0.3330729166666666,0.05,0.0604166666666666
47,246,cl314etiv0013396cef6ngytu,0,0.0623046875,0.5654947916666667,0.05,0.06875
47,246,cl314jqvw0018396c8dtr2qtj,0,0.64140625,0.046875,0.05,0.0520833333333333
47,247,cl31445hf0007396cqok6byk7,0,0.39375,0.1802083333333333,0.0453125,0.0625
47,247,cl3144hts000b396c4ihaxgzt,0,0.210875,0.7754166666666666,0.04375,0.0541666666666666
47,247,cl3144p8j000g396ci3uqwj2m,0,0.45,0.8458333333333333,0.0484375,0.05625
47,247,cl31452bd000n396cl5uyjaty,0,0.8377256944444443,0.6399537037037037,0.0515625,0.0708333333333333
47,247,cl31459ks000r396cqrqm7umg,0,0.45625,0.3322916666666666,0.05,0.0604166666666666
47,247,cl314etiv0013396cef6ngytu,0,0.0625,0.5666666666666667,0.05,0.06875
47,247,cl314jqvw0018396c8dtr2qtj,0,0.6421875,0.046875,0.05,0.0520833333333333
47,248,cl31445hf0007396cqok6byk7,0,0.39541015625,0.179296875,0.0453125,0.0625
47,248,cl3144hts000b396c4ihaxgzt,0,0.2110625,0.7752083333333334,0.04375,0.0541666666666666
47,248,cl3144p8j000g396ci3uqwj2m,0,0.44970703125,0.8493489583333333,0.0484375,0.05625
47,248,cl31452bd000n396cl5uyjaty,0,0.8377951388888889,0.6399074074074075,0.0515625,0.0708333333333333
47,248,cl31459ks000r396cqrqm7umg,0,0.4552734375,0.3315104166666666,0.05,0.0604166666666666
47,248,cl314etiv0013396cef6ngytu,0,0.0626953125,0.5678385416666667,0.05,0.06875
47,248,cl314jqvw0018396c8dtr2qtj,0,0.64296875,0.046875,0.05,0.0520833333333333
47,249,cl31445hf0007396cqok6byk7,0,0.3970703125,0.1783854166666666,0.0453125,0.0625
47,249,cl3144hts000b396c4ihaxgzt,0,0.21125,0.775,0.0437499999999999,0.0541666666666666
47,249,cl3144p8j000g396ci3uqwj2m,0,0.4494140625,0.8528645833333334,0.0484375,0.05625
47,249,cl31452bd000n396cl5uyjaty,0,0.8378645833333334,0.6398611111111111,0.0515625,0.0708333333333333
47,249,cl31459ks000r396cqrqm7umg,0,0.454296875,0.3307291666666667,0.05,0.0604166666666666
47,249,cl314etiv0013396cef6ngytu,0,0.062890625,0.5690104166666666,0.05,0.06875
47,249,cl314jqvw0018396c8dtr2qtj,0,0.64375,0.046875,0.05,0.0520833333333333
47,24,cl3143jm20003396cuges2p86,0,0.01875,0.4645833333333333,0.0375,0.0583333333333333
47,24,cl31445hf0007396cqok6byk7,0,0.14296875,0.503125,0.0390625,0.05625
47,24,cl3144hts000b396c4ihaxgzt,0,0.1843417553191489,0.7798463356973996,0.0437499999999999,0.0541666666666666
47,24,cl3144p8j000g396ci3uqwj2m,0,0.19140625,0.8125,0.0421875,0.05
47,24,cl31452bd000n396cl5uyjaty,0,0.805428685897436,0.6469551282051282,0.0515625,0.0708333333333333
47,24,cl31459ks000r396cqrqm7umg,0,0.725,0.2239583333333333,0.05,0.0604166666666666
47,24,cl3146m3g000z396ce2oi4n9l,0,0.66171875,0.065625,0.0390625,0.0604166666666666
47,250,cl31445hf0007396cqok6byk7,0,0.39873046875,0.1774739583333333,0.0453125,0.0625
47,250,cl3144hts000b396c4ihaxgzt,0,0.2114375,0.7747916666666667,0.04375,0.0541666666666666
47,250,cl3144p8j000g396ci3uqwj2m,0,0.44912109375,0.8563802083333333,0.0484375,0.05625
47,250,cl31452bd000n396cl5uyjaty,0,0.8379340277777778,0.6398148148148147,0.0515625,0.0708333333333333
47,250,cl31459ks000r396cqrqm7umg,0,0.4533203125,0.3299479166666667,0.05,0.0604166666666666
47,250,cl314etiv0013396cef6ngytu,0,0.0630859375,0.5701822916666667,0.05,0.06875
47,250,cl314jqvw0018396c8dtr2qtj,0,0.64453125,0.046875,0.05,0.0520833333333333
47,251,cl31445hf0007396cqok6byk7,0,0.400390625,0.1765625,0.0453125,0.0625
47,251,cl3144hts000b396c4ihaxgzt,0,0.211625,0.7745833333333334,0.04375,0.0541666666666666
47,251,cl3144p8j000g396ci3uqwj2m,0,0.448828125,0.8598958333333333,0.0484375,0.05625
47,251,cl31452bd000n396cl5uyjaty,0,0.8380034722222222,0.6397685185185186,0.0515625,0.0708333333333333
47,251,cl31459ks000r396cqrqm7umg,0,0.45234375,0.3291666666666666,0.05,0.0604166666666666
47,251,cl314etiv0013396cef6ngytu,0,0.06328125,0.5713541666666667,0.05,0.06875
47,251,cl314jqvw0018396c8dtr2qtj,0,0.6453125,0.046875,0.05,0.0520833333333333
47,252,cl31445hf0007396cqok6byk7,0,0.40205078125,0.1756510416666666,0.0453125,0.0625
47,252,cl3144hts000b396c4ihaxgzt,0,0.2118125,0.7743749999999999,0.04375,0.0541666666666666
47,252,cl3144p8j000g396ci3uqwj2m,0,0.44853515625,0.8634114583333333,0.0484375,0.05625
47,252,cl31452bd000n396cl5uyjaty,0,0.8380729166666667,0.6397222222222222,0.0515625,0.0708333333333333
47,252,cl31459ks000r396cqrqm7umg,0,0.4513671875,0.3283854166666666,0.05,0.0604166666666666
47,252,cl314etiv0013396cef6ngytu,0,0.0634765625,0.5725260416666667,0.05,0.06875
47,252,cl314jqvw0018396c8dtr2qtj,0,0.64609375,0.046875,0.05,0.0520833333333333
47,253,cl31445hf0007396cqok6byk7,0,0.4037109375,0.1747395833333333,0.0453125,0.0625
47,253,cl3144hts000b396c4ihaxgzt,0,0.212,0.7741666666666667,0.04375,0.0541666666666666
47,253,cl3144p8j000g396ci3uqwj2m,0,0.4482421875,0.8669270833333333,0.0484375,0.05625
47,253,cl31452bd000n396cl5uyjaty,0,0.8381423611111112,0.6396759259259259,0.0515625,0.0708333333333333
47,253,cl31459ks000r396cqrqm7umg,0,0.450390625,0.3276041666666666,0.05,0.0604166666666666
47,253,cl314etiv0013396cef6ngytu,0,0.063671875,0.5736979166666667,0.05,0.06875
47,253,cl314jqvw0018396c8dtr2qtj,0,0.646875,0.046875,0.05,0.0520833333333333
47,254,cl31445hf0007396cqok6byk7,0,0.40537109375,0.173828125,0.0453125,0.0625
47,254,cl3144hts000b396c4ihaxgzt,0,0.2121875,0.7739583333333333,0.04375,0.0541666666666666
47,254,cl3144p8j000g396ci3uqwj2m,0,0.44794921875,0.8704427083333334,0.0484375,0.05625
47,254,cl31452bd000n396cl5uyjaty,0,0.8382118055555555,0.6396296296296297,0.0515625,0.0708333333333333
47,254,cl31459ks000r396cqrqm7umg,0,0.4494140625,0.3268229166666667,0.05,0.0604166666666666
47,254,cl314etiv0013396cef6ngytu,0,0.0638671875,0.5748697916666666,0.05,0.06875
47,254,cl314jqvw0018396c8dtr2qtj,0,0.64765625,0.046875,0.05,0.0520833333333333
47,255,cl31445hf0007396cqok6byk7,0,0.40703125,0.1729166666666666,0.0453125,0.0625
47,255,cl3144hts000b396c4ihaxgzt,0,0.2123749999999999,0.7737499999999999,0.0437499999999999,0.0541666666666666
47,255,cl3144p8j000g396ci3uqwj2m,0,0.44765625,0.8739583333333333,0.0484375,0.05625
47,255,cl31452bd000n396cl5uyjaty,0,0.83828125,0.6395833333333333,0.0515625,0.0708333333333333
47,255,cl31459ks000r396cqrqm7umg,0,0.4484375,0.3260416666666667,0.05,0.0604166666666666
47,255,cl314etiv0013396cef6ngytu,0,0.0640625,0.5760416666666667,0.05,0.06875
47,255,cl314jqvw0018396c8dtr2qtj,0,0.6484375,0.046875,0.05,0.0520833333333333
47,256,cl31445hf0007396cqok6byk7,0,0.4091619318181818,0.1721590909090909,0.0453125,0.0625
47,256,cl3144hts000b396c4ihaxgzt,0,0.2125625,0.7735416666666667,0.0437499999999999,0.0541666666666666
47,256,cl3144p8j000g396ci3uqwj2m,0,0.4450994318181818,0.875094696969697,0.0484375,0.05625
47,256,cl31452bd000n396cl5uyjaty,0,0.8385569852941176,0.6395220588235294,0.0515625,0.0708333333333333
47,256,cl31459ks000r396cqrqm7umg,0,0.4467329545454546,0.3256628787878787,0.05,0.0604166666666666
47,256,cl314etiv0013396cef6ngytu,0,0.0683238636363636,0.5773674242424243,0.05,0.06875
47,256,cl314jqvw0018396c8dtr2qtj,0,0.6501420454545455,0.0449810606060606,0.05,0.0520833333333333
47,257,cl31445hf0007396cqok6byk7,0,0.4112926136363636,0.1714015151515151,0.0453125,0.0625
47,257,cl3144hts000b396c4ihaxgzt,0,0.21275,0.7733333333333333,0.04375,0.0541666666666666
47,257,cl3144p8j000g396ci3uqwj2m,0,0.4425426136363636,0.8762310606060606,0.0484375,0.05625
47,257,cl31452bd000n396cl5uyjaty,0,0.8388327205882353,0.6394607843137254,0.0515625,0.0708333333333333
47,257,cl31459ks000r396cqrqm7umg,0,0.445028409090909,0.3252840909090909,0.05,0.0604166666666666
47,257,cl314etiv0013396cef6ngytu,0,0.0725852272727272,0.5786931818181817,0.05,0.06875
47,257,cl314jqvw0018396c8dtr2qtj,0,0.6518465909090909,0.0430871212121212,0.05,0.0520833333333333
47,258,cl31445hf0007396cqok6byk7,0,0.4134232954545454,0.1706439393939393,0.0453124999999999,0.0625
47,258,cl3144hts000b396c4ihaxgzt,0,0.2129375,0.7731250000000001,0.04375,0.0541666666666666
47,258,cl3144p8j000g396ci3uqwj2m,0,0.4399857954545454,0.8773674242424242,0.0484375,0.05625
47,258,cl31452bd000n396cl5uyjaty,0,0.8391084558823529,0.6393995098039216,0.0515625,0.0708333333333333
47,258,cl31459ks000r396cqrqm7umg,0,0.4433238636363636,0.324905303030303,0.05,0.0604166666666666
47,258,cl314etiv0013396cef6ngytu,0,0.0768465909090909,0.5800189393939394,0.05,0.06875
47,258,cl314jqvw0018396c8dtr2qtj,0,0.6535511363636364,0.0411931818181818,0.05,0.0520833333333333
47,259,cl31445hf0007396cqok6byk7,0,0.4155539772727272,0.1698863636363636,0.0453124999999999,0.0625
47,259,cl3144hts000b396c4ihaxgzt,0,0.213125,0.7729166666666667,0.04375,0.0541666666666666
47,259,cl3144p8j000g396ci3uqwj2m,0,0.4374289772727272,0.8785037878787879,0.0484375,0.05625
47,259,cl31452bd000n396cl5uyjaty,0,0.8393841911764707,0.6393382352941176,0.0515625,0.0708333333333333
47,259,cl31459ks000r396cqrqm7umg,0,0.4416193181818181,0.3245265151515151,0.05,0.0604166666666666
47,259,cl314etiv0013396cef6ngytu,0,0.0811079545454545,0.581344696969697,0.05,0.06875
47,259,cl314jqvw0018396c8dtr2qtj,0,0.6552556818181818,0.0392992424242424,0.05,0.0520833333333333
47,25,cl3143jm20003396cuges2p86,0,0.01875,0.4645833333333333,0.0375,0.0583333333333333
47,25,cl31445hf0007396cqok6byk7,0,0.1459201388888888,0.5028935185185185,0.0390625,0.05625
47,25,cl3144hts000b396c4ihaxgzt,0,0.1844082446808511,0.7798758865248226,0.04375,0.0541666666666666
47,25,cl3144p8j000g396ci3uqwj2m,0,0.1858506944444444,0.8138888888888889,0.0421875,0.05
47,25,cl31452bd000n396cl5uyjaty,0,0.805508814102564,0.6467948717948718,0.0515624999999999,0.0708333333333333
47,25,cl31459ks000r396cqrqm7umg,0,0.7229166666666667,0.2221064814814815,0.05,0.0604166666666666
47,25,cl3146m3g000z396ce2oi4n9l,0,0.6646701388888889,0.0616898148148148,0.0390625,0.0604166666666666
47,260,cl31445hf0007396cqok6byk7,0,0.417684659090909,0.1691287878787878,0.0453125,0.0625
47,260,cl3144hts000b396c4ihaxgzt,0,0.2133125,0.7727083333333333,0.04375,0.0541666666666666
47,260,cl3144p8j000g396ci3uqwj2m,0,0.4348721590909091,0.8796401515151515,0.0484375,0.05625
47,260,cl31452bd000n396cl5uyjaty,0,0.8396599264705882,0.6392769607843137,0.0515625,0.0708333333333333
47,260,cl31459ks000r396cqrqm7umg,0,0.4399147727272727,0.3241477272727273,0.05,0.0604166666666666
47,260,cl314etiv0013396cef6ngytu,0,0.0853693181818181,0.5826704545454545,0.05,0.06875
47,260,cl314jqvw0018396c8dtr2qtj,0,0.6569602272727273,0.037405303030303,0.05,0.0520833333333333
47,261,cl31445hf0007396cqok6byk7,0,0.4198153409090909,0.1683712121212121,0.0453125,0.0625
47,261,cl3144hts000b396c4ihaxgzt,0,0.2134999999999999,0.7725000000000001,0.0437499999999999,0.0541666666666666
47,261,cl3144p8j000g396ci3uqwj2m,0,0.4323153409090909,0.8807765151515151,0.0484375,0.05625
47,261,cl31452bd000n396cl5uyjaty,0,0.8399356617647058,0.6392156862745098,0.0515625,0.0708333333333333
47,261,cl31459ks000r396cqrqm7umg,0,0.4382102272727272,0.3237689393939394,0.05,0.0604166666666666
47,261,cl314etiv0013396cef6ngytu,0,0.0896306818181818,0.5839962121212121,0.05,0.06875
47,261,cl314jqvw0018396c8dtr2qtj,0,0.6586647727272728,0.0355113636363636,0.05,0.0520833333333333
47,262,cl31445hf0007396cqok6byk7,0,0.4219460227272728,0.1676136363636363,0.0453125,0.0625
47,262,cl3144hts000b396c4ihaxgzt,0,0.2136874999999999,0.7722916666666666,0.0437499999999999,0.0541666666666666
47,262,cl3144p8j000g396ci3uqwj2m,0,0.4297585227272728,0.8819128787878788,0.0484375,0.05625
47,262,cl31452bd000n396cl5uyjaty,0,0.8402113970588235,0.6391544117647059,0.0515625,0.0708333333333333
47,262,cl31459ks000r396cqrqm7umg,0,0.4365056818181818,0.3233901515151515,0.05,0.0604166666666666
47,262,cl314etiv0013396cef6ngytu,0,0.0938920454545454,0.5853219696969697,0.05,0.06875
47,262,cl314jqvw0018396c8dtr2qtj,0,0.6603693181818182,0.0336174242424242,0.05,0.0520833333333333
47,263,cl31445hf0007396cqok6byk7,0,0.4240767045454546,0.1668560606060606,0.0453125,0.0625
47,263,cl3144hts000b396c4ihaxgzt,0,0.2138749999999999,0.7720833333333333,0.04375,0.0541666666666666
47,263,cl3144p8j000g396ci3uqwj2m,0,0.4272017045454546,0.8830492424242424,0.0484375,0.05625
47,263,cl31452bd000n396cl5uyjaty,0,0.8404871323529411,0.6390931372549019,0.0515625,0.0708333333333333
47,263,cl31459ks000r396cqrqm7umg,0,0.4348011363636363,0.3230113636363636,0.05,0.0604166666666666
47,263,cl314etiv0013396cef6ngytu,0,0.098153409090909,0.5866477272727272,0.0499999999999999,0.06875
47,263,cl314jqvw0018396c8dtr2qtj,0,0.6620738636363637,0.0317234848484848,0.05,0.0520833333333333
47,264,cl31445hf0007396cqok6byk7,0,0.4262073863636363,0.1660984848484848,0.0453125,0.0625
47,264,cl3144hts000b396c4ihaxgzt,0,0.2140625,0.771875,0.04375,0.0541666666666666
47,264,cl3144p8j000g396ci3uqwj2m,0,0.4246448863636363,0.8841856060606061,0.0484375,0.05625
47,264,cl31452bd000n396cl5uyjaty,0,0.8407628676470589,0.639031862745098,0.0515625,0.0708333333333333
47,264,cl31459ks000r396cqrqm7umg,0,0.4330965909090909,0.3226325757575757,0.05,0.0604166666666666
47,264,cl314etiv0013396cef6ngytu,0,0.1024147727272727,0.5879734848484849,0.05,0.06875
47,264,cl314jqvw0018396c8dtr2qtj,0,0.6637784090909091,0.0298295454545454,0.05,0.0520833333333333
47,265,cl31445hf0007396cqok6byk7,0,0.4283380681818182,0.1653409090909091,0.0453125,0.0625
47,265,cl3144hts000b396c4ihaxgzt,0,0.21425,0.7716666666666666,0.04375,0.0541666666666666
47,265,cl3144p8j000g396ci3uqwj2m,0,0.4220880681818181,0.8853219696969696,0.0484375,0.05625
47,265,cl31452bd000n396cl5uyjaty,0,0.8410386029411765,0.6389705882352941,0.0515625,0.0708333333333333
47,265,cl31459ks000r396cqrqm7umg,0,0.4313920454545454,0.3222537878787879,0.05,0.0604166666666666
47,265,cl314etiv0013396cef6ngytu,0,0.1066761363636363,0.5892992424242425,0.05,0.06875
47,265,cl314jqvw0018396c8dtr2qtj,0,0.6654829545454546,0.027935606060606,0.05,0.0520833333333333
47,266,cl31445hf0007396cqok6byk7,0,0.43046875,0.1645833333333333,0.0453125,0.0625
47,266,cl3144hts000b396c4ihaxgzt,0,0.2144375,0.7714583333333334,0.04375,0.0541666666666666
47,266,cl3144p8j000g396ci3uqwj2m,0,0.41953125,0.8864583333333333,0.0484375,0.05625
47,266,cl31452bd000n396cl5uyjaty,0,0.8413143382352942,0.6389093137254902,0.0515625,0.0708333333333333
47,266,cl31459ks000r396cqrqm7umg,0,0.4296875,0.321875,0.05,0.0604166666666666
47,266,cl314etiv0013396cef6ngytu,0,0.1109375,0.590625,0.05,0.06875
47,266,cl314jqvw0018396c8dtr2qtj,0,0.6671875,0.0260416666666666,0.05,0.0520833333333333
47,267,cl31445hf0007396cqok6byk7,0,0.4315624999999999,0.1616666666666666,0.0453125,0.0624999999999999
47,267,cl3144hts000b396c4ihaxgzt,0,0.214625,0.77125,0.04375,0.0541666666666666
47,267,cl3144p8j000g396ci3uqwj2m,0,0.42140625,0.893125,0.0484375,0.05625
47,267,cl31452bd000n396cl5uyjaty,0,0.8415900735294117,0.6388480392156862,0.0515625,0.0708333333333333
47,267,cl31459ks000r396cqrqm7umg,0,0.4284374999999999,0.3214583333333333,0.05,0.0604166666666666
47,267,cl314etiv0013396cef6ngytu,0,0.1153125,0.590625,0.05,0.06875
47,267,cl314jqvw0018396c8dtr2qtj,0,0.67265625,0.0260416666666666,0.05,0.0520833333333333
47,268,cl31445hf0007396cqok6byk7,0,0.4326562499999999,0.15875,0.0453125,0.0625
47,268,cl3144hts000b396c4ihaxgzt,0,0.2148125,0.7710416666666667,0.0437499999999999,0.0541666666666666
47,268,cl3144p8j000g396ci3uqwj2m,0,0.4232812499999999,0.8997916666666667,0.0484374999999999,0.05625
47,268,cl31452bd000n396cl5uyjaty,0,0.8418658088235293,0.6387867647058824,0.0515625,0.0708333333333333
47,268,cl31459ks000r396cqrqm7umg,0,0.4271874999999999,0.3210416666666666,0.05,0.0604166666666666
47,268,cl314etiv0013396cef6ngytu,0,0.1196874999999999,0.590625,0.0499999999999999,0.06875
47,268,cl314jqvw0018396c8dtr2qtj,0,0.678125,0.0260416666666666,0.05,0.0520833333333333
47,269,cl31445hf0007396cqok6byk7,0,0.43375,0.1558333333333333,0.0453125,0.0625
47,269,cl3144hts000b396c4ihaxgzt,0,0.215,0.7708333333333334,0.04375,0.0541666666666666
47,269,cl3144p8j000g396ci3uqwj2m,0,0.42515625,0.9064583333333334,0.0484375,0.05625
47,269,cl31452bd000n396cl5uyjaty,0,0.8421415441176471,0.6387254901960784,0.0515625,0.0708333333333333
47,269,cl31459ks000r396cqrqm7umg,0,0.4259375,0.320625,0.05,0.0604166666666666
47,269,cl314etiv0013396cef6ngytu,0,0.1240625,0.590625,0.05,0.06875
47,269,cl314jqvw0018396c8dtr2qtj,0,0.68359375,0.0260416666666666,0.05,0.0520833333333333
47,26,cl3143jm20003396cuges2p86,0,0.01875,0.4645833333333333,0.0375,0.0583333333333333
47,26,cl31445hf0007396cqok6byk7,0,0.1488715277777777,0.502662037037037,0.0390625,0.05625
47,26,cl3144hts000b396c4ihaxgzt,0,0.1844747340425532,0.7799054373522459,0.04375,0.0541666666666666
47,26,cl3144p8j000g396ci3uqwj2m,0,0.1802951388888888,0.8152777777777778,0.0421875,0.05
47,26,cl31452bd000n396cl5uyjaty,0,0.8055889423076923,0.6466346153846153,0.0515625,0.0708333333333333
47,26,cl31459ks000r396cqrqm7umg,0,0.7208333333333333,0.2202546296296296,0.05,0.0604166666666666
47,26,cl3146m3g000z396ce2oi4n9l,0,0.6676215277777777,0.0577546296296296,0.0390625,0.0604166666666666
47,270,cl31445hf0007396cqok6byk7,0,0.43484375,0.1529166666666666,0.0453125,0.0625
47,270,cl3144hts000b396c4ihaxgzt,0,0.2151875,0.770625,0.04375,0.0541666666666666
47,270,cl3144p8j000g396ci3uqwj2m,0,0.42703125,0.913125,0.0484375,0.05625
47,270,cl31452bd000n396cl5uyjaty,0,0.8424172794117647,0.6386642156862745,0.0515625,0.0708333333333333
47,270,cl31459ks000r396cqrqm7umg,0,0.4246875,0.3202083333333333,0.05,0.0604166666666666
47,270,cl314etiv0013396cef6ngytu,0,0.1284375,0.590625,0.05,0.06875
47,270,cl314jqvw0018396c8dtr2qtj,0,0.6890625,0.0260416666666666,0.05,0.0520833333333333
47,271,cl31445hf0007396cqok6byk7,0,0.4359375,0.15,0.0453125,0.0625
47,271,cl3144hts000b396c4ihaxgzt,0,0.215375,0.7704166666666666,0.04375,0.0541666666666666
47,271,cl3144p8j000g396ci3uqwj2m,0,0.42890625,0.9197916666666668,0.0484375,0.05625
47,271,cl31452bd000n396cl5uyjaty,0,0.8426930147058824,0.6386029411764705,0.0515625,0.0708333333333333
47,271,cl31459ks000r396cqrqm7umg,0,0.4234375,0.3197916666666666,0.05,0.0604166666666666
47,271,cl314etiv0013396cef6ngytu,0,0.1328125,0.590625,0.05,0.06875
47,272,cl31445hf0007396cqok6byk7,0,0.43703125,0.1470833333333333,0.0453125,0.0624999999999999
47,272,cl3144hts000b396c4ihaxgzt,0,0.2155625,0.7702083333333333,0.04375,0.0541666666666666
47,272,cl3144p8j000g396ci3uqwj2m,0,0.428125,0.9216435185185186,0.0484375,0.05625
47,272,cl31452bd000n396cl5uyjaty,0,0.84296875,0.6385416666666667,0.0515625,0.0708333333333333
47,272,cl31459ks000r396cqrqm7umg,0,0.4221875,0.319375,0.05,0.0604166666666666
47,272,cl314etiv0013396cef6ngytu,0,0.1328125,0.5864583333333333,0.05,0.06875
47,273,cl31445hf0007396cqok6byk7,0,0.438125,0.1441666666666666,0.0453125,0.0625
47,273,cl3144hts000b396c4ihaxgzt,0,0.21575,0.77,0.04375,0.0541666666666666
47,273,cl3144p8j000g396ci3uqwj2m,0,0.42734375,0.9234953703703704,0.0484375,0.05625
47,273,cl31452bd000n396cl5uyjaty,0,0.8432444852941176,0.6384803921568628,0.0515625,0.0708333333333333
47,273,cl31459ks000r396cqrqm7umg,0,0.4209374999999999,0.3189583333333333,0.0499999999999999,0.0604166666666666
47,273,cl314etiv0013396cef6ngytu,0,0.1328125,0.5822916666666667,0.05,0.06875
47,274,cl31445hf0007396cqok6byk7,0,0.43921875,0.14125,0.0453125,0.0625
47,274,cl3144hts000b396c4ihaxgzt,0,0.2159374999999999,0.7697916666666667,0.0437499999999999,0.0541666666666666
47,274,cl3144p8j000g396ci3uqwj2m,0,0.4265625,0.9253472222222222,0.0484375,0.05625
47,274,cl31452bd000n396cl5uyjaty,0,0.8435202205882353,0.6384191176470588,0.0515625,0.0708333333333333
47,274,cl31459ks000r396cqrqm7umg,0,0.4196875,0.3185416666666666,0.05,0.0604166666666666
47,274,cl314etiv0013396cef6ngytu,0,0.1328125,0.578125,0.05,0.06875
47,275,cl31445hf0007396cqok6byk7,0,0.4403125,0.1383333333333333,0.0453125,0.0625
47,275,cl3144hts000b396c4ihaxgzt,0,0.2161249999999999,0.7695833333333333,0.04375,0.0541666666666666
47,275,cl3144p8j000g396ci3uqwj2m,0,0.42578125,0.927199074074074,0.0484375,0.05625
47,275,cl31452bd000n396cl5uyjaty,0,0.8437959558823529,0.638357843137255,0.0515625,0.0708333333333333
47,275,cl31459ks000r396cqrqm7umg,0,0.4184375,0.318125,0.05,0.0604166666666666
47,275,cl314etiv0013396cef6ngytu,0,0.1328125,0.5739583333333333,0.05,0.06875
47,276,cl31445hf0007396cqok6byk7,0,0.44140625,0.1354166666666666,0.0453125,0.0625
47,276,cl3144hts000b396c4ihaxgzt,0,0.2163125,0.769375,0.04375,0.0541666666666666
47,276,cl3144p8j000g396ci3uqwj2m,0,0.425,0.929050925925926,0.0484375,0.05625
47,276,cl31452bd000n396cl5uyjaty,0,0.8440716911764706,0.638296568627451,0.0515625,0.0708333333333333
47,276,cl31459ks000r396cqrqm7umg,0,0.4171875,0.3177083333333333,0.05,0.0604166666666666
47,276,cl314etiv0013396cef6ngytu,0,0.1328125,0.5697916666666667,0.05,0.06875
47,276,cl314jqvw0018396c8dtr2qtj,0,0.7078125,0.0260416666666666,0.05,0.0520833333333333
47,277,cl31445hf0007396cqok6byk7,0,0.4427283653846154,0.1357371794871795,0.0453125,0.0625
47,277,cl3144hts000b396c4ihaxgzt,0,0.2165,0.7691666666666667,0.04375,0.0541666666666666
47,277,cl3144p8j000g396ci3uqwj2m,0,0.42421875,0.9309027777777776,0.0484375,0.05625
47,277,cl31452bd000n396cl5uyjaty,0,0.8443474264705882,0.6382352941176471,0.0515625,0.0708333333333333
47,277,cl31459ks000r396cqrqm7umg,0,0.4167067307692307,0.3157852564102564,0.05,0.0604166666666666
47,277,cl314etiv0013396cef6ngytu,0,0.1296875,0.5747596153846153,0.05,0.06875
47,277,cl314jqvw0018396c8dtr2qtj,0,0.7091346153846154,0.0260416666666666,0.05,0.0520833333333333
47,278,cl31445hf0007396cqok6byk7,0,0.4440504807692307,0.1360576923076923,0.0453125,0.0625
47,278,cl3144hts000b396c4ihaxgzt,0,0.2166875,0.7689583333333334,0.04375,0.0541666666666666
47,278,cl3144p8j000g396ci3uqwj2m,0,0.4234375,0.9327546296296296,0.0484375,0.05625
47,278,cl31452bd000n396cl5uyjaty,0,0.8446231617647058,0.6381740196078431,0.0515625,0.0708333333333333
47,278,cl31459ks000r396cqrqm7umg,0,0.4162259615384615,0.3138621794871795,0.0499999999999999,0.0604166666666666
47,278,cl314etiv0013396cef6ngytu,0,0.1265625,0.5797275641025641,0.05,0.06875
47,278,cl314jqvw0018396c8dtr2qtj,0,0.7104567307692308,0.0260416666666666,0.05,0.0520833333333333
47,279,cl31445hf0007396cqok6byk7,0,0.4453725961538461,0.1363782051282051,0.0453125,0.0625
47,279,cl3144hts000b396c4ihaxgzt,0,0.216875,0.76875,0.04375,0.0541666666666666
47,279,cl3144p8j000g396ci3uqwj2m,0,0.42265625,0.9346064814814814,0.0484375,0.05625
47,279,cl31452bd000n396cl5uyjaty,0,0.8448988970588236,0.6381127450980393,0.0515625,0.0708333333333333
47,279,cl31459ks000r396cqrqm7umg,0,0.4157451923076923,0.3119391025641025,0.05,0.0604166666666666
47,279,cl314etiv0013396cef6ngytu,0,0.1234375,0.5846955128205128,0.05,0.06875
47,279,cl314jqvw0018396c8dtr2qtj,0,0.7117788461538461,0.0260416666666666,0.05,0.0520833333333333
47,27,cl31445hf0007396cqok6byk7,0,0.1518229166666666,0.5024305555555555,0.0390625,0.05625
47,27,cl3144hts000b396c4ihaxgzt,0,0.1845412234042553,0.779934988179669,0.04375,0.0541666666666666
47,27,cl3144p8j000g396ci3uqwj2m,0,0.1747395833333333,0.8166666666666667,0.0421875,0.05
47,27,cl31452bd000n396cl5uyjaty,0,0.8056690705128204,0.646474358974359,0.0515624999999999,0.0708333333333333
47,27,cl31459ks000r396cqrqm7umg,0,0.71875,0.2184027777777777,0.05,0.0604166666666666
47,27,cl3146m3g000z396ce2oi4n9l,0,0.6705729166666667,0.0538194444444444,0.0390625,0.0604166666666666
47,280,cl31445hf0007396cqok6byk7,0,0.4466947115384615,0.1366987179487179,0.0453125,0.0625
47,280,cl3144hts000b396c4ihaxgzt,0,0.2170625,0.7685416666666666,0.0437499999999999,0.0541666666666666
47,280,cl3144p8j000g396ci3uqwj2m,0,0.421875,0.9364583333333332,0.0484375,0.05625
47,280,cl31452bd000n396cl5uyjaty,0,0.8451746323529411,0.6380514705882353,0.0515625,0.0708333333333333
47,280,cl31459ks000r396cqrqm7umg,0,0.4152644230769231,0.3100160256410256,0.05,0.0604166666666666
47,280,cl314etiv0013396cef6ngytu,0,0.1203125,0.5896634615384616,0.05,0.06875
47,280,cl314jqvw0018396c8dtr2qtj,0,0.7131009615384615,0.0260416666666666,0.05,0.0520833333333333
47,281,cl31445hf0007396cqok6byk7,0,0.4480168269230769,0.1370192307692307,0.0453125,0.0625
47,281,cl3144hts000b396c4ihaxgzt,0,0.21725,0.7683333333333333,0.0437499999999999,0.0541666666666666
47,281,cl3144p8j000g396ci3uqwj2m,0,0.42109375,0.9383101851851852,0.0484375,0.05625
47,281,cl31452bd000n396cl5uyjaty,0,0.8454503676470588,0.6379901960784314,0.0515625,0.0708333333333333
47,281,cl31459ks000r396cqrqm7umg,0,0.4147836538461538,0.3080929487179487,0.05,0.0604166666666666
47,281,cl314etiv0013396cef6ngytu,0,0.1171875,0.5946314102564102,0.05,0.06875
47,281,cl314jqvw0018396c8dtr2qtj,0,0.7144230769230769,0.0260416666666666,0.05,0.0520833333333333
47,282,cl31445hf0007396cqok6byk7,0,0.4493389423076923,0.1373397435897435,0.0453125,0.0625
47,282,cl3144hts000b396c4ihaxgzt,0,0.2174375,0.768125,0.04375,0.0541666666666666
47,282,cl3144p8j000g396ci3uqwj2m,0,0.4203125,0.940162037037037,0.0484375,0.05625
47,282,cl31452bd000n396cl5uyjaty,0,0.8457261029411764,0.6379289215686275,0.0515625,0.0708333333333333
47,282,cl31459ks000r396cqrqm7umg,0,0.4143028846153845,0.3061698717948717,0.0499999999999999,0.0604166666666666
47,282,cl314etiv0013396cef6ngytu,0,0.1140625,0.599599358974359,0.05,0.06875
47,282,cl314jqvw0018396c8dtr2qtj,0,0.7157451923076923,0.0260416666666666,0.05,0.0520833333333333
47,283,cl31445hf0007396cqok6byk7,0,0.4506610576923077,0.1376602564102564,0.0453125,0.0625
47,283,cl3144hts000b396c4ihaxgzt,0,0.217625,0.7679166666666667,0.04375,0.0541666666666666
47,283,cl3144p8j000g396ci3uqwj2m,0,0.41953125,0.9420138888888888,0.0484375,0.05625
47,283,cl31452bd000n396cl5uyjaty,0,0.8460018382352942,0.6378676470588236,0.0515625,0.0708333333333333
47,283,cl31459ks000r396cqrqm7umg,0,0.4138221153846154,0.3042467948717949,0.05,0.0604166666666666
47,283,cl314etiv0013396cef6ngytu,0,0.1109375,0.6045673076923077,0.05,0.06875
47,283,cl314jqvw0018396c8dtr2qtj,0,0.7170673076923076,0.0260416666666666,0.05,0.0520833333333333
47,284,cl31445hf0007396cqok6byk7,0,0.4519831730769231,0.1379807692307692,0.0453125,0.0624999999999999
47,284,cl3144hts000b396c4ihaxgzt,0,0.2178125,0.7677083333333333,0.04375,0.0541666666666666
47,284,cl3144p8j000g396ci3uqwj2m,0,0.41875,0.9438657407407408,0.0484375,0.05625
47,284,cl31452bd000n396cl5uyjaty,0,0.8462775735294118,0.6378063725490196,0.0515625,0.0708333333333333
47,284,cl31459ks000r396cqrqm7umg,0,0.4133413461538461,0.3023237179487179,0.05,0.0604166666666666
47,284,cl314etiv0013396cef6ngytu,0,0.1078125,0.6095352564102564,0.05,0.06875
47,284,cl314jqvw0018396c8dtr2qtj,0,0.7183894230769231,0.0260416666666666,0.05,0.0520833333333333
47,285,cl31445hf0007396cqok6byk7,0,0.4533052884615385,0.138301282051282,0.0453125,0.0625
47,285,cl3144hts000b396c4ihaxgzt,0,0.218,0.7675,0.04375,0.0541666666666666
47,285,cl3144p8j000g396ci3uqwj2m,0,0.41796875,0.9457175925925926,0.0484375,0.05625
47,285,cl31452bd000n396cl5uyjaty,0,0.8465533088235293,0.6377450980392158,0.0515625,0.0708333333333333
47,285,cl31459ks000r396cqrqm7umg,0,0.4128605769230769,0.300400641025641,0.05,0.0604166666666666
47,285,cl314etiv0013396cef6ngytu,0,0.1046875,0.6145032051282051,0.05,0.06875
47,285,cl314jqvw0018396c8dtr2qtj,0,0.7197115384615385,0.0260416666666666,0.05,0.0520833333333333
47,286,cl31445hf0007396cqok6byk7,0,0.4546274038461538,0.1386217948717948,0.0453125,0.0624999999999999
47,286,cl3144hts000b396c4ihaxgzt,0,0.2181874999999999,0.7672916666666667,0.0437499999999999,0.0541666666666666
47,286,cl3144p8j000g396ci3uqwj2m,0,0.4171875,0.9475694444444444,0.0484375,0.05625
47,286,cl31452bd000n396cl5uyjaty,0,0.8468290441176471,0.6376838235294117,0.0515625,0.0708333333333333
47,286,cl31459ks000r396cqrqm7umg,0,0.4123798076923076,0.2984775641025641,0.0499999999999999,0.0604166666666666
47,286,cl314etiv0013396cef6ngytu,0,0.1015625,0.6194711538461539,0.05,0.06875
47,286,cl314jqvw0018396c8dtr2qtj,0,0.7210336538461538,0.0260416666666666,0.05,0.0520833333333333
47,287,cl31445hf0007396cqok6byk7,0,0.4559495192307692,0.1389423076923077,0.0453125,0.0625
47,287,cl3144hts000b396c4ihaxgzt,0,0.2183749999999999,0.7670833333333333,0.0437499999999999,0.0541666666666666
47,287,cl3144p8j000g396ci3uqwj2m,0,0.41640625,0.9494212962962963,0.0484375,0.05625
47,287,cl31452bd000n396cl5uyjaty,0,0.8471047794117647,0.6376225490196078,0.0515625,0.0708333333333333
47,287,cl31459ks000r396cqrqm7umg,0,0.4118990384615385,0.2965544871794872,0.05,0.0604166666666666
47,287,cl314etiv0013396cef6ngytu,0,0.0984375,0.6244391025641025,0.05,0.06875
47,287,cl314jqvw0018396c8dtr2qtj,0,0.7223557692307693,0.0260416666666666,0.05,0.0520833333333333
47,288,cl31445hf0007396cqok6byk7,0,0.4572716346153845,0.1392628205128205,0.0453125,0.0624999999999999
47,288,cl3144hts000b396c4ihaxgzt,0,0.2185625,0.7668750000000001,0.04375,0.0541666666666666
47,288,cl3144p8j000g396ci3uqwj2m,0,0.415625,0.951273148148148,0.0484375,0.05625
47,288,cl31452bd000n396cl5uyjaty,0,0.8473805147058824,0.6375612745098038,0.0515625,0.0708333333333333
47,288,cl31459ks000r396cqrqm7umg,0,0.4114182692307692,0.2946314102564102,0.05,0.0604166666666666
47,288,cl314etiv0013396cef6ngytu,0,0.0953125,0.6294070512820513,0.05,0.06875
47,288,cl314jqvw0018396c8dtr2qtj,0,0.7236778846153846,0.0260416666666666,0.05,0.0520833333333333
47,289,cl31445hf0007396cqok6byk7,0,0.45859375,0.1395833333333333,0.0453125,0.0625
47,289,cl3144hts000b396c4ihaxgzt,0,0.21875,0.7666666666666667,0.04375,0.0541666666666666
47,289,cl3144p8j000g396ci3uqwj2m,0,0.41484375,0.953125,0.0484375,0.05625
47,289,cl31452bd000n396cl5uyjaty,0,0.84765625,0.6375,0.0515625,0.0708333333333333
47,289,cl31459ks000r396cqrqm7umg,0,0.4109375,0.2927083333333333,0.05,0.0604166666666666
47,289,cl314etiv0013396cef6ngytu,0,0.0921875,0.634375,0.05,0.06875
47,289,cl314jqvw0018396c8dtr2qtj,0,0.725,0.0260416666666666,0.05,0.0520833333333333
47,28,cl31445hf0007396cqok6byk7,0,0.1547743055555555,0.502199074074074,0.0390625,0.05625
47,28,cl3144hts000b396c4ihaxgzt,0,0.1846077127659574,0.7799645390070923,0.04375,0.0541666666666666
47,28,cl3144p8j000g396ci3uqwj2m,0,0.1691840277777777,0.8180555555555556,0.0421875,0.05
47,28,cl31452bd000n396cl5uyjaty,0,0.8057491987179487,0.6463141025641026,0.0515625,0.0708333333333333
47,28,cl31459ks000r396cqrqm7umg,0,0.7166666666666667,0.2165509259259259,0.05,0.0604166666666666
47,28,cl3146m3g000z396ce2oi4n9l,0,0.6735243055555555,0.0498842592592592,0.0390625,0.0604166666666666
47,290,cl31445hf0007396cqok6byk7,0,0.4597301136363637,0.140340909090909,0.0453125,0.0624999999999999
47,290,cl3144hts000b396c4ihaxgzt,0,0.2188679245283019,0.7666273584905661,0.04375,0.0541666666666666
47,290,cl3144p8j000g396ci3uqwj2m,0,0.4156960227272727,0.9544507575757576,0.0484375,0.05625
47,290,cl31452bd000n396cl5uyjaty,0,0.8477524038461539,0.6374358974358975,0.0515625,0.0708333333333333
47,290,cl31459ks000r396cqrqm7umg,0,0.4103693181818181,0.2898674242424242,0.05,0.0604166666666666
47,290,cl314etiv0013396cef6ngytu,0,0.0910511363636363,0.6370265151515151,0.0499999999999999,0.06875
47,290,cl314jqvw0018396c8dtr2qtj,0,0.725284090909091,0.0285037878787878,0.05,0.0520833333333333
47,291,cl31445hf0007396cqok6byk7,0,0.4608664772727272,0.1410984848484848,0.0453125,0.0625
47,291,cl3144hts000b396c4ihaxgzt,0,0.2189858490566037,0.7665880503144654,0.04375,0.0541666666666666
47,291,cl3144p8j000g396ci3uqwj2m,0,0.4165482954545454,0.9557765151515152,0.0484374999999999,0.05625
47,291,cl31452bd000n396cl5uyjaty,0,0.8478485576923077,0.6373717948717949,0.0515625,0.0708333333333333
47,291,cl31459ks000r396cqrqm7umg,0,0.4098011363636363,0.2870265151515151,0.0499999999999999,0.0604166666666666
47,291,cl314etiv0013396cef6ngytu,0,0.0899147727272727,0.6396780303030304,0.05,0.06875
47,291,cl314jqvw0018396c8dtr2qtj,0,0.7255681818181818,0.030965909090909,0.05,0.0520833333333333
47,292,cl31445hf0007396cqok6byk7,0,0.4620028409090909,0.1418560606060606,0.0453125,0.0625
47,292,cl3144hts000b396c4ihaxgzt,0,0.2191037735849056,0.7665487421383648,0.0437499999999999,0.0541666666666666
47,292,cl3144p8j000g396ci3uqwj2m,0,0.4174005681818181,0.9571022727272728,0.0484375,0.05625
47,292,cl31452bd000n396cl5uyjaty,0,0.8479447115384616,0.6373076923076922,0.0515625,0.0708333333333333
47,292,cl31459ks000r396cqrqm7umg,0,0.4092329545454546,0.284185606060606,0.05,0.0604166666666666
47,292,cl314etiv0013396cef6ngytu,0,0.088778409090909,0.6423295454545455,0.0499999999999999,0.06875
47,292,cl314jqvw0018396c8dtr2qtj,0,0.7258522727272727,0.0334280303030303,0.05,0.0520833333333333
47,293,cl31445hf0007396cqok6byk7,0,0.4631392045454546,0.1426136363636363,0.0453125,0.0625
47,293,cl3144hts000b396c4ihaxgzt,0,0.2192216981132075,0.7665094339622641,0.0437499999999999,0.0541666666666666
47,293,cl3144p8j000g396ci3uqwj2m,0,0.4182528409090909,0.9584280303030304,0.0484375,0.05625
47,293,cl31452bd000n396cl5uyjaty,0,0.8480408653846154,0.6372435897435896,0.0515625,0.0708333333333333
47,293,cl31459ks000r396cqrqm7umg,0,0.4086647727272727,0.2813446969696969,0.05,0.0604166666666666
47,293,cl314etiv0013396cef6ngytu,0,0.0876420454545454,0.6449810606060605,0.05,0.06875
47,293,cl314jqvw0018396c8dtr2qtj,0,0.7261363636363637,0.0358901515151515,0.05,0.0520833333333333
47,294,cl31445hf0007396cqok6byk7,0,0.4642755681818181,0.1433712121212121,0.0453125,0.0624999999999999
47,294,cl3144hts000b396c4ihaxgzt,0,0.2193396226415094,0.7664701257861636,0.0437499999999999,0.0541666666666666
47,294,cl3144p8j000g396ci3uqwj2m,0,0.4191051136363636,0.9597537878787878,0.0484375,0.05625
47,294,cl31452bd000n396cl5uyjaty,0,0.8481370192307691,0.6371794871794872,0.0515625,0.0708333333333333
47,294,cl31459ks000r396cqrqm7umg,0,0.4080965909090909,0.2785037878787879,0.05,0.0604166666666666
47,294,cl314etiv0013396cef6ngytu,0,0.0865056818181818,0.6476325757575758,0.0499999999999999,0.06875
47,294,cl314jqvw0018396c8dtr2qtj,0,0.7264204545454546,0.0383522727272727,0.05,0.0520833333333333
47,295,cl31445hf0007396cqok6byk7,0,0.4654119318181818,0.1441287878787878,0.0453125,0.0625
47,295,cl3144hts000b396c4ihaxgzt,0,0.2194575471698113,0.7664308176100629,0.04375,0.0541666666666666
47,295,cl3144p8j000g396ci3uqwj2m,0,0.4199573863636363,0.9610795454545454,0.0484374999999999,0.05625
47,295,cl31452bd000n396cl5uyjaty,0,0.848233173076923,0.6371153846153846,0.0515625,0.0708333333333333
47,295,cl31459ks000r396cqrqm7umg,0,0.4075284090909091,0.2756628787878787,0.05,0.0604166666666666
47,295,cl314etiv0013396cef6ngytu,0,0.0853693181818181,0.6502840909090909,0.05,0.06875
47,295,cl314jqvw0018396c8dtr2qtj,0,0.7267045454545454,0.0408143939393939,0.05,0.0520833333333333
47,296,cl31445hf0007396cqok6byk7,0,0.4665482954545454,0.1448863636363636,0.0453125,0.0625
47,296,cl3144hts000b396c4ihaxgzt,0,0.2195754716981132,0.7663915094339623,0.04375,0.0541666666666666
47,296,cl3144p8j000g396ci3uqwj2m,0,0.420809659090909,0.962405303030303,0.0484375,0.05625
47,296,cl31452bd000n396cl5uyjaty,0,0.8483293269230769,0.637051282051282,0.0515625,0.0708333333333333
47,296,cl31459ks000r396cqrqm7umg,0,0.4069602272727272,0.2728219696969697,0.0499999999999999,0.0604166666666666
47,296,cl314etiv0013396cef6ngytu,0,0.0842329545454545,0.6529356060606061,0.05,0.06875
47,296,cl314jqvw0018396c8dtr2qtj,0,0.7269886363636363,0.0432765151515151,0.05,0.0520833333333333
47,297,cl31445hf0007396cqok6byk7,0,0.467684659090909,0.1456439393939393,0.0453125,0.0625
47,297,cl3144hts000b396c4ihaxgzt,0,0.2196933962264151,0.7663522012578616,0.04375,0.0541666666666666
47,297,cl3144p8j000g396ci3uqwj2m,0,0.4216619318181818,0.9637310606060604,0.0484375,0.05625
47,297,cl31452bd000n396cl5uyjaty,0,0.8484254807692307,0.6369871794871795,0.0515625,0.0708333333333333
47,297,cl31459ks000r396cqrqm7umg,0,0.4063920454545454,0.2699810606060606,0.0499999999999999,0.0604166666666666
47,297,cl314etiv0013396cef6ngytu,0,0.0830965909090909,0.6555871212121213,0.05,0.06875
47,297,cl314jqvw0018396c8dtr2qtj,0,0.7272727272727273,0.0457386363636363,0.05,0.0520833333333333
47,298,cl31445hf0007396cqok6byk7,0,0.4688210227272728,0.1464015151515151,0.0453125,0.0624999999999999
47,298,cl3144hts000b396c4ihaxgzt,0,0.219811320754717,0.766312893081761,0.04375,0.0541666666666666
47,298,cl3144p8j000g396ci3uqwj2m,0,0.4225142045454546,0.9650568181818182,0.0484375,0.05625
47,298,cl31452bd000n396cl5uyjaty,0,0.8485216346153847,0.6369230769230769,0.0515625,0.0708333333333333
47,298,cl31459ks000r396cqrqm7umg,0,0.4058238636363637,0.2671401515151515,0.05,0.0604166666666666
47,298,cl314etiv0013396cef6ngytu,0,0.0819602272727272,0.6582386363636363,0.05,0.06875
47,298,cl314jqvw0018396c8dtr2qtj,0,0.7275568181818182,0.0482007575757575,0.05,0.0520833333333333
47,299,cl31445hf0007396cqok6byk7,0,0.4699573863636363,0.1471590909090909,0.0453125,0.0625
47,299,cl3144hts000b396c4ihaxgzt,0,0.2199292452830188,0.7662735849056603,0.04375,0.0541666666666666
47,299,cl3144p8j000g396ci3uqwj2m,0,0.4233664772727272,0.9663825757575758,0.0484374999999999,0.05625
47,299,cl31452bd000n396cl5uyjaty,0,0.8486177884615385,0.6368589743589743,0.0515625,0.0708333333333333
47,299,cl31459ks000r396cqrqm7umg,0,0.4052556818181818,0.2642992424242424,0.05,0.0604166666666666
47,299,cl314etiv0013396cef6ngytu,0,0.0808238636363636,0.6608901515151515,0.05,0.06875
47,299,cl314jqvw0018396c8dtr2qtj,0,0.727840909090909,0.0506628787878787,0.05,0.0520833333333333
47,29,cl31445hf0007396cqok6byk7,0,0.1577256944444444,0.5019675925925926,0.0390625,0.05625
47,29,cl3144hts000b396c4ihaxgzt,0,0.1846742021276596,0.7799940898345153,0.04375,0.0541666666666666
47,29,cl3144p8j000g396ci3uqwj2m,0,0.1636284722222222,0.8194444444444444,0.0421875,0.05
47,29,cl31452bd000n396cl5uyjaty,0,0.805829326923077,0.6461538461538461,0.0515625,0.0708333333333333
47,29,cl31459ks000r396cqrqm7umg,0,0.7145833333333333,0.214699074074074,0.05,0.0604166666666666
47,29,cl3146m3g000z396ce2oi4n9l,0,0.6764756944444444,0.045949074074074,0.0390625,0.0604166666666666
47,2,ckz3x1hsf001j3867igiqk5mn,0,0.2021484375,0.05,0.038671875,0.0583333333333333
47,2,cl3143jm20003396cuges2p86,0,0.026953125,0.3979166666666666,0.0375,0.0583333333333333
47,2,cl31445hf0007396cqok6byk7,0,0.108984375,0.50625,0.0390625,0.05625
47,2,cl3144hts000b396c4ihaxgzt,0,0.1828789893617021,0.7791962174940898,0.04375,0.0541666666666666
47,2,cl3144p8j000g396ci3uqwj2m,0,0.2127604166666666,0.8225694444444444,0.0421874999999999,0.05
47,2,cl31452bd000n396cl5uyjaty,0,0.80015625,0.65,0.0515625,0.0708333333333333
47,2,cl31459ks000r396cqrqm7umg,0,0.7546875,0.2574652777777778,0.05,0.0604166666666666
47,2,cl3146m3g000z396ce2oi4n9l,0,0.668359375,0.0270833333333333,0.0375,0.05
47,300,cl31445hf0007396cqok6byk7,0,0.47109375,0.1479166666666666,0.0453125,0.0625
47,300,cl3144hts000b396c4ihaxgzt,0,0.2200471698113207,0.7662342767295597,0.04375,0.0541666666666666
47,300,cl3144p8j000g396ci3uqwj2m,0,0.42421875,0.9677083333333332,0.0484375,0.05625
47,300,cl31452bd000n396cl5uyjaty,0,0.8487139423076924,0.6367948717948717,0.0515625,0.0708333333333333
47,300,cl31459ks000r396cqrqm7umg,0,0.4046875,0.2614583333333333,0.05,0.0604166666666666
47,300,cl314etiv0013396cef6ngytu,0,0.0796875,0.6635416666666667,0.05,0.06875
47,300,cl314jqvw0018396c8dtr2qtj,0,0.728125,0.053125,0.05,0.0520833333333333
47,301,cl31445hf0007396cqok6byk7,0,0.4734375,0.1466666666666666,0.0453125,0.0625
47,301,cl3144hts000b396c4ihaxgzt,0,0.2201650943396226,0.766194968553459,0.04375,0.0541666666666666
47,301,cl3144p8j000g396ci3uqwj2m,0,0.4232812499999999,0.9679166666666668,0.0484374999999999,0.05625
47,301,cl31452bd000n396cl5uyjaty,0,0.8488100961538463,0.6367307692307692,0.0515625,0.0708333333333333
47,301,cl31459ks000r396cqrqm7umg,0,0.4040625,0.2597916666666666,0.05,0.0604166666666666
47,301,cl314etiv0013396cef6ngytu,0,0.08109375,0.6658333333333334,0.05,0.06875
47,301,cl314jqvw0018396c8dtr2qtj,0,0.728125,0.0558333333333333,0.05,0.0520833333333333
47,302,cl31445hf0007396cqok6byk7,0,0.47578125,0.1454166666666666,0.0453125,0.0625
47,302,cl3144hts000b396c4ihaxgzt,0,0.2202830188679245,0.7661556603773584,0.04375,0.0541666666666666
47,302,cl3144p8j000g396ci3uqwj2m,0,0.42234375,0.968125,0.0484375,0.05625
47,302,cl31452bd000n396cl5uyjaty,0,0.84890625,0.6366666666666667,0.0515625,0.0708333333333333
47,302,cl31459ks000r396cqrqm7umg,0,0.4034375,0.258125,0.05,0.0604166666666666
47,302,cl314etiv0013396cef6ngytu,0,0.0824999999999999,0.668125,0.05,0.06875
47,302,cl314jqvw0018396c8dtr2qtj,0,0.728125,0.0585416666666666,0.05,0.0520833333333333
47,303,cl31445hf0007396cqok6byk7,0,0.478125,0.1441666666666666,0.0453125,0.0625
47,303,cl3144hts000b396c4ihaxgzt,0,0.2204009433962264,0.766116352201258,0.0437499999999999,0.0541666666666666
47,303,cl3144p8j000g396ci3uqwj2m,0,0.42140625,0.9683333333333334,0.0484375,0.05625
47,303,cl31452bd000n396cl5uyjaty,0,0.8490024038461538,0.6366025641025641,0.0515625,0.0708333333333333
47,303,cl31459ks000r396cqrqm7umg,0,0.4028125,0.2564583333333333,0.05,0.0604166666666666
47,303,cl314etiv0013396cef6ngytu,0,0.08390625,0.6704166666666667,0.05,0.06875
47,303,cl314jqvw0018396c8dtr2qtj,0,0.728125,0.06125,0.05,0.0520833333333333
47,304,cl31445hf0007396cqok6byk7,0,0.48046875,0.1429166666666666,0.0453125,0.0624999999999999
47,304,cl3144hts000b396c4ihaxgzt,0,0.2205188679245283,0.7660770440251573,0.0437499999999999,0.0541666666666666
47,304,cl3144p8j000g396ci3uqwj2m,0,0.42046875,0.9685416666666666,0.0484375,0.05625
47,304,cl31452bd000n396cl5uyjaty,0,0.8490985576923077,0.6365384615384616,0.0515625,0.0708333333333333
47,304,cl31459ks000r396cqrqm7umg,0,0.4021875,0.2547916666666667,0.0499999999999999,0.0604166666666666
47,304,cl314etiv0013396cef6ngytu,0,0.0853124999999999,0.6727083333333332,0.0499999999999999,0.06875
47,304,cl314jqvw0018396c8dtr2qtj,0,0.728125,0.0639583333333333,0.05,0.0520833333333333
47,305,cl31445hf0007396cqok6byk7,0,0.4828125,0.1416666666666666,0.0453125,0.0625
47,305,cl3144hts000b396c4ihaxgzt,0,0.2206367924528302,0.7660377358490567,0.04375,0.0541666666666666
47,305,cl3144p8j000g396ci3uqwj2m,0,0.41953125,0.96875,0.0484375,0.05625
47,305,cl31452bd000n396cl5uyjaty,0,0.8491947115384615,0.636474358974359,0.0515625,0.0708333333333333
47,305,cl31459ks000r396cqrqm7umg,0,0.4015625,0.253125,0.05,0.0604166666666666
47,305,cl314etiv0013396cef6ngytu,0,0.08671875,0.675,0.05,0.06875
47,305,cl314jqvw0018396c8dtr2qtj,0,0.728125,0.0666666666666666,0.05,0.0520833333333333
47,306,cl31445hf0007396cqok6byk7,0,0.48515625,0.1404166666666667,0.0453125,0.0625
47,306,cl3144hts000b396c4ihaxgzt,0,0.220754716981132,0.765998427672956,0.04375,0.0541666666666666
47,306,cl3144p8j000g396ci3uqwj2m,0,0.41859375,0.9689583333333334,0.0484374999999999,0.05625
47,306,cl31452bd000n396cl5uyjaty,0,0.8492908653846154,0.6364102564102564,0.0515625,0.0708333333333333
47,306,cl31459ks000r396cqrqm7umg,0,0.4009375,0.2514583333333333,0.05,0.0604166666666666
47,306,cl314etiv0013396cef6ngytu,0,0.088125,0.6772916666666667,0.05,0.06875
47,306,cl314jqvw0018396c8dtr2qtj,0,0.728125,0.0693749999999999,0.05,0.0520833333333333
47,307,cl31445hf0007396cqok6byk7,0,0.4875,0.1391666666666666,0.0453125,0.0625
47,307,cl3144hts000b396c4ihaxgzt,0,0.2208726415094339,0.7659591194968554,0.04375,0.0541666666666666
47,307,cl3144p8j000g396ci3uqwj2m,0,0.41765625,0.9691666666666666,0.0484375,0.05625
47,307,cl31452bd000n396cl5uyjaty,0,0.8493870192307693,0.6363461538461538,0.0515625,0.0708333333333333
47,307,cl31459ks000r396cqrqm7umg,0,0.4003124999999999,0.2497916666666667,0.05,0.0604166666666666
47,307,cl314etiv0013396cef6ngytu,0,0.0895312499999999,0.6795833333333333,0.05,0.06875
47,307,cl314jqvw0018396c8dtr2qtj,0,0.728125,0.0720833333333333,0.05,0.0520833333333333
47,308,cl31445hf0007396cqok6byk7,0,0.48984375,0.1379166666666666,0.0453125,0.0625
47,308,cl3144hts000b396c4ihaxgzt,0,0.2209905660377358,0.7659198113207547,0.04375,0.0541666666666666
47,308,cl3144p8j000g396ci3uqwj2m,0,0.4167187499999999,0.969375,0.0484375,0.05625
47,308,cl31452bd000n396cl5uyjaty,0,0.8494831730769231,0.6362820512820513,0.0515625,0.0708333333333333
47,308,cl31459ks000r396cqrqm7umg,0,0.3996875,0.2481249999999999,0.05,0.0604166666666666
47,308,cl314etiv0013396cef6ngytu,0,0.0909375,0.681875,0.05,0.06875
47,308,cl314jqvw0018396c8dtr2qtj,0,0.728125,0.0747916666666666,0.05,0.0520833333333333
47,309,cl31445hf0007396cqok6byk7,0,0.4921875,0.1366666666666666,0.0453125,0.0624999999999999
47,309,cl3144hts000b396c4ihaxgzt,0,0.2211084905660377,0.7658805031446541,0.04375,0.0541666666666666
47,309,cl3144p8j000g396ci3uqwj2m,0,0.41578125,0.9695833333333332,0.0484375,0.05625
47,309,cl31452bd000n396cl5uyjaty,0,0.849579326923077,0.6362179487179487,0.0515625,0.0708333333333333
47,309,cl31459ks000r396cqrqm7umg,0,0.3990625,0.2464583333333333,0.0499999999999999,0.0604166666666666
47,309,cl314etiv0013396cef6ngytu,0,0.0923437499999999,0.6841666666666666,0.0499999999999999,0.06875
47,309,cl314jqvw0018396c8dtr2qtj,0,0.728125,0.0775,0.05,0.0520833333333333
47,30,cl31445hf0007396cqok6byk7,0,0.1606770833333333,0.5017361111111112,0.0390625,0.05625
47,30,cl3144hts000b396c4ihaxgzt,0,0.1847406914893617,0.7800236406619386,0.04375,0.0541666666666666
47,30,cl3144p8j000g396ci3uqwj2m,0,0.1580729166666666,0.8208333333333333,0.0421875,0.05
47,30,cl31452bd000n396cl5uyjaty,0,0.8059094551282051,0.6459935897435898,0.0515625,0.0708333333333333
47,30,cl31459ks000r396cqrqm7umg,0,0.7125,0.2128472222222222,0.05,0.0604166666666666
47,30,cl3146m3g000z396ce2oi4n9l,0,0.6794270833333333,0.0420138888888889,0.0390625,0.0604166666666666
47,310,cl31445hf0007396cqok6byk7,0,0.49453125,0.1354166666666666,0.0453125,0.0625
47,310,cl3144hts000b396c4ihaxgzt,0,0.2212264150943396,0.7658411949685534,0.04375,0.0541666666666666
47,310,cl3144p8j000g396ci3uqwj2m,0,0.41484375,0.9697916666666668,0.0484375,0.05625
47,310,cl31452bd000n396cl5uyjaty,0,0.8496754807692307,0.6361538461538462,0.0515625,0.0708333333333333
47,310,cl31459ks000r396cqrqm7umg,0,0.3984375,0.2447916666666666,0.05,0.0604166666666666
47,310,cl314etiv0013396cef6ngytu,0,0.09375,0.6864583333333333,0.05,0.06875
47,310,cl314jqvw0018396c8dtr2qtj,0,0.728125,0.0802083333333333,0.05,0.0520833333333333
47,311,cl31445hf0007396cqok6byk7,0,0.49546875,0.13625,0.0453125,0.0625
47,311,cl3144hts000b396c4ihaxgzt,0,0.2213443396226415,0.7658018867924528,0.04375,0.0541666666666666
47,311,cl3144p8j000g396ci3uqwj2m,0,0.41390625,0.97,0.0484374999999999,0.05625
47,311,cl31452bd000n396cl5uyjaty,0,0.8497716346153845,0.6360897435897436,0.0515625,0.0708333333333333
47,311,cl31459ks000r396cqrqm7umg,0,0.3984375,0.2425,0.05,0.0604166666666666
47,311,cl314etiv0013396cef6ngytu,0,0.094375,0.685,0.05,0.06875
47,311,cl314jqvw0018396c8dtr2qtj,0,0.73140625,0.0808333333333333,0.05,0.0529166666666666
47,312,cl31445hf0007396cqok6byk7,0,0.49640625,0.1370833333333333,0.0453125,0.0625
47,312,cl3144hts000b396c4ihaxgzt,0,0.2214622641509434,0.7657625786163522,0.04375,0.0541666666666666
47,312,cl3144p8j000g396ci3uqwj2m,0,0.41296875,0.9702083333333332,0.0484375,0.05625
47,312,cl31452bd000n396cl5uyjaty,0,0.8498677884615384,0.6360256410256411,0.0515625,0.0708333333333333
47,312,cl31459ks000r396cqrqm7umg,0,0.3984375,0.2402083333333333,0.05,0.0604166666666666
47,312,cl314etiv0013396cef6ngytu,0,0.095,0.6835416666666667,0.05,0.06875
47,312,cl314jqvw0018396c8dtr2qtj,0,0.7346874999999999,0.0814583333333333,0.05,0.05375
47,313,cl31445hf0007396cqok6byk7,0,0.49734375,0.1379166666666666,0.0453125,0.0625
47,313,cl3144hts000b396c4ihaxgzt,0,0.2215801886792452,0.7657232704402516,0.0437499999999999,0.0541666666666666
47,313,cl3144p8j000g396ci3uqwj2m,0,0.4120312499999999,0.9704166666666668,0.0484375,0.05625
47,313,cl31452bd000n396cl5uyjaty,0,0.8499639423076923,0.6359615384615385,0.0515625,0.0708333333333333
47,313,cl31459ks000r396cqrqm7umg,0,0.3984375,0.2379166666666666,0.05,0.0604166666666666
47,313,cl314etiv0013396cef6ngytu,0,0.095625,0.6820833333333333,0.05,0.06875
47,313,cl314jqvw0018396c8dtr2qtj,0,0.7379687500000001,0.0820833333333333,0.05,0.0545833333333333
47,314,cl31445hf0007396cqok6byk7,0,0.4982812499999999,0.1387499999999999,0.0453125,0.0624999999999999
47,314,cl3144hts000b396c4ihaxgzt,0,0.2216981132075471,0.7656839622641509,0.0437499999999999,0.0541666666666666
47,314,cl3144p8j000g396ci3uqwj2m,0,0.41109375,0.970625,0.0484375,0.05625
47,314,cl31452bd000n396cl5uyjaty,0,0.8500600961538461,0.6358974358974359,0.0515625,0.0708333333333333
47,314,cl31459ks000r396cqrqm7umg,0,0.3984375,0.235625,0.05,0.0604166666666666
47,314,cl314etiv0013396cef6ngytu,0,0.0962499999999999,0.6806249999999999,0.0499999999999999,0.06875
47,314,cl314jqvw0018396c8dtr2qtj,0,0.74125,0.0827083333333333,0.05,0.0554166666666666
47,315,cl31445hf0007396cqok6byk7,0,0.49921875,0.1395833333333333,0.0453125,0.0625
47,315,cl3144hts000b396c4ihaxgzt,0,0.221816037735849,0.7656446540880503,0.0437499999999999,0.0541666666666666
47,315,cl3144p8j000g396ci3uqwj2m,0,0.41015625,0.9708333333333332,0.0484375,0.05625
47,315,cl31452bd000n396cl5uyjaty,0,0.8501562500000001,0.6358333333333334,0.0515625,0.0708333333333333
47,315,cl31459ks000r396cqrqm7umg,0,0.3984375,0.2333333333333333,0.05,0.0604166666666666
47,315,cl314etiv0013396cef6ngytu,0,0.096875,0.6791666666666667,0.05,0.06875
47,315,cl314jqvw0018396c8dtr2qtj,0,0.74453125,0.0833333333333333,0.05,0.05625
47,316,cl31445hf0007396cqok6byk7,0,0.5001562500000001,0.1404166666666667,0.0453125,0.0625
47,316,cl3144hts000b396c4ihaxgzt,0,0.2219339622641509,0.7656053459119497,0.04375,0.0541666666666666
47,316,cl3144p8j000g396ci3uqwj2m,0,0.4092187499999999,0.9710416666666668,0.0484374999999999,0.05625
47,316,cl31452bd000n396cl5uyjaty,0,0.8502524038461539,0.6357692307692308,0.0515625,0.0708333333333333
47,316,cl31459ks000r396cqrqm7umg,0,0.3984375,0.2310416666666666,0.05,0.0604166666666666
47,316,cl314etiv0013396cef6ngytu,0,0.0975,0.6777083333333334,0.05,0.06875
47,316,cl314jqvw0018396c8dtr2qtj,0,0.7478125,0.0839583333333333,0.05,0.0570833333333333
47,317,cl31445hf0007396cqok6byk7,0,0.50109375,0.14125,0.0453125,0.0625
47,317,cl3144hts000b396c4ihaxgzt,0,0.2220518867924528,0.7655660377358491,0.04375,0.0541666666666666
47,317,cl3144p8j000g396ci3uqwj2m,0,0.40828125,0.97125,0.0484375,0.05625
47,317,cl31452bd000n396cl5uyjaty,0,0.8503485576923078,0.6357051282051281,0.0515625,0.0708333333333333
47,317,cl31459ks000r396cqrqm7umg,0,0.3984375,0.2287499999999999,0.05,0.0604166666666666
47,317,cl314etiv0013396cef6ngytu,0,0.0981249999999999,0.67625,0.05,0.06875
47,317,cl314jqvw0018396c8dtr2qtj,0,0.75109375,0.0845833333333333,0.05,0.0579166666666666
47,318,cl31445hf0007396cqok6byk7,0,0.50203125,0.1420833333333333,0.0453125,0.0625
47,318,cl3144hts000b396c4ihaxgzt,0,0.2221698113207547,0.7655267295597484,0.04375,0.0541666666666666
47,318,cl3144p8j000g396ci3uqwj2m,0,0.40734375,0.9714583333333332,0.0484375,0.05625
47,318,cl31452bd000n396cl5uyjaty,0,0.8504447115384615,0.6356410256410256,0.0515625,0.0708333333333333
47,318,cl31459ks000r396cqrqm7umg,0,0.3984375,0.2264583333333333,0.05,0.0604166666666666
47,318,cl314etiv0013396cef6ngytu,0,0.09875,0.6747916666666666,0.05,0.06875
47,318,cl314jqvw0018396c8dtr2qtj,0,0.754375,0.0852083333333333,0.05,0.05875
47,319,cl31445hf0007396cqok6byk7,0,0.50296875,0.1429166666666666,0.0453125,0.0624999999999999
47,319,cl3144hts000b396c4ihaxgzt,0,0.2222877358490566,0.7654874213836478,0.04375,0.0541666666666666
47,319,cl3144p8j000g396ci3uqwj2m,0,0.40640625,0.9716666666666666,0.0484375,0.05625
47,319,cl31452bd000n396cl5uyjaty,0,0.8505408653846154,0.6355769230769232,0.0515625,0.0708333333333333
47,319,cl31459ks000r396cqrqm7umg,0,0.3984375,0.2241666666666666,0.05,0.0604166666666666
47,319,cl314etiv0013396cef6ngytu,0,0.0993749999999999,0.6733333333333333,0.0499999999999999,0.06875
47,319,cl314jqvw0018396c8dtr2qtj,0,0.7576562499999999,0.0858333333333333,0.05,0.0595833333333333
47,31,cl31445hf0007396cqok6byk7,0,0.1636284722222222,0.5015046296296296,0.0390625,0.05625
47,31,cl3144hts000b396c4ihaxgzt,0,0.1848071808510638,0.7800531914893617,0.04375,0.0541666666666666
47,31,cl3144p8j000g396ci3uqwj2m,0,0.1525173611111111,0.8222222222222223,0.0421875,0.05
47,31,cl31452bd000n396cl5uyjaty,0,0.8059895833333334,0.6458333333333334,0.0515625,0.0708333333333333
47,31,cl31459ks000r396cqrqm7umg,0,0.7104166666666667,0.2109953703703703,0.05,0.0604166666666666
47,31,cl3146m3g000z396ce2oi4n9l,0,0.6823784722222223,0.0380787037037037,0.0390625,0.0604166666666666
47,320,cl31445hf0007396cqok6byk7,0,0.50390625,0.14375,0.0453125,0.0625
47,320,cl3144hts000b396c4ihaxgzt,0,0.2224056603773584,0.7654481132075472,0.04375,0.0541666666666666
47,320,cl3144p8j000g396ci3uqwj2m,0,0.40546875,0.971875,0.0484375,0.05625
47,320,cl31452bd000n396cl5uyjaty,0,0.8506370192307692,0.6355128205128205,0.0515625,0.0708333333333333
47,320,cl31459ks000r396cqrqm7umg,0,0.3984375,0.221875,0.05,0.0604166666666666
47,320,cl314etiv0013396cef6ngytu,0,0.1,0.671875,0.05,0.06875
47,320,cl314jqvw0018396c8dtr2qtj,0,0.7609375,0.0864583333333333,0.05,0.0604166666666666
47,321,cl31445hf0007396cqok6byk7,0,0.50515625,0.1425,0.0453125,0.0625
47,321,cl3144hts000b396c4ihaxgzt,0,0.2225235849056603,0.7654088050314466,0.04375,0.0541666666666666
47,321,cl3144p8j000g396ci3uqwj2m,0,0.4090625,0.971875,0.0484375,0.05625
47,321,cl31452bd000n396cl5uyjaty,0,0.8507331730769231,0.6354487179487179,0.0515625,0.0708333333333333
47,321,cl31459ks000r396cqrqm7umg,0,0.3984375,0.220625,0.05,0.0604166666666666
47,321,cl314etiv0013396cef6ngytu,0,0.1021875,0.67375,0.05,0.06875
47,321,cl314jqvw0018396c8dtr2qtj,0,0.75890625,0.0895833333333333,0.05,0.0604166666666666
47,322,cl31445hf0007396cqok6byk7,0,0.5064062500000001,0.14125,0.0453125,0.0625
47,322,cl3144hts000b396c4ihaxgzt,0,0.2226415094339622,0.7653694968553459,0.04375,0.0541666666666666
47,322,cl3144p8j000g396ci3uqwj2m,0,0.41265625,0.971875,0.0484375,0.05625
47,322,cl31452bd000n396cl5uyjaty,0,0.8508293269230769,0.6353846153846153,0.0515625,0.0708333333333333
47,322,cl31459ks000r396cqrqm7umg,0,0.3984375,0.219375,0.05,0.0604166666666666
47,322,cl314etiv0013396cef6ngytu,0,0.104375,0.675625,0.05,0.06875
47,322,cl314jqvw0018396c8dtr2qtj,0,0.756875,0.0927083333333333,0.05,0.0604166666666666
47,323,cl31445hf0007396cqok6byk7,0,0.5076562499999999,0.14,0.0453125,0.0625
47,323,cl3144hts000b396c4ihaxgzt,0,0.2227594339622641,0.7653301886792453,0.04375,0.0541666666666666
47,323,cl3144p8j000g396ci3uqwj2m,0,0.4162499999999999,0.971875,0.0484374999999999,0.05625
47,323,cl31452bd000n396cl5uyjaty,0,0.8509254807692308,0.6353205128205128,0.0515625,0.0708333333333333
47,323,cl31459ks000r396cqrqm7umg,0,0.3984375,0.218125,0.05,0.0604166666666666
47,323,cl314etiv0013396cef6ngytu,0,0.1065625,0.6775,0.05,0.06875
47,323,cl314jqvw0018396c8dtr2qtj,0,0.75484375,0.0958333333333333,0.05,0.0604166666666666
47,324,cl31445hf0007396cqok6byk7,0,0.50890625,0.1387499999999999,0.0453125,0.0624999999999999
47,324,cl3144hts000b396c4ihaxgzt,0,0.222877358490566,0.7652908805031446,0.04375,0.0541666666666666
47,324,cl3144p8j000g396ci3uqwj2m,0,0.4198437499999999,0.971875,0.0484375,0.05625
47,324,cl31452bd000n396cl5uyjaty,0,0.8510216346153847,0.6352564102564102,0.0515625,0.0708333333333333
47,324,cl31459ks000r396cqrqm7umg,0,0.3984375,0.2168749999999999,0.05,0.0604166666666666
47,324,cl314etiv0013396cef6ngytu,0,0.1087499999999999,0.6793750000000001,0.0499999999999999,0.06875
47,324,cl314jqvw0018396c8dtr2qtj,0,0.7528125,0.0989583333333333,0.05,0.0604166666666666
47,325,cl31445hf0007396cqok6byk7,0,0.51015625,0.1375,0.0453125,0.0625
47,325,cl3144hts000b396c4ihaxgzt,0,0.2229952830188679,0.765251572327044,0.04375,0.0541666666666666
47,325,cl3144p8j000g396ci3uqwj2m,0,0.4234375,0.971875,0.0484375,0.05625
47,325,cl31452bd000n396cl5uyjaty,0,0.8511177884615385,0.6351923076923076,0.0515625,0.0708333333333333
47,325,cl31459ks000r396cqrqm7umg,0,0.3984375,0.215625,0.05,0.0604166666666666
47,325,cl314etiv0013396cef6ngytu,0,0.1109375,0.68125,0.05,0.06875
47,325,cl314jqvw0018396c8dtr2qtj,0,0.75078125,0.1020833333333333,0.05,0.0604166666666666
47,326,cl31445hf0007396cqok6byk7,0,0.5114062500000001,0.13625,0.0453125,0.0625
47,326,cl3144hts000b396c4ihaxgzt,0,0.2231132075471698,0.7652122641509433,0.04375,0.0541666666666666
47,326,cl3144p8j000g396ci3uqwj2m,0,0.42703125,0.971875,0.0484375,0.05625
47,326,cl31452bd000n396cl5uyjaty,0,0.8512139423076922,0.6351282051282052,0.0515625,0.0708333333333333
47,326,cl31459ks000r396cqrqm7umg,0,0.3984375,0.214375,0.05,0.0604166666666666
47,326,cl314etiv0013396cef6ngytu,0,0.113125,0.683125,0.05,0.06875
47,326,cl314jqvw0018396c8dtr2qtj,0,0.74875,0.1052083333333333,0.05,0.0604166666666666
47,327,cl31445hf0007396cqok6byk7,0,0.51265625,0.1349999999999999,0.0453125,0.0625
47,327,cl3144hts000b396c4ihaxgzt,0,0.2232311320754717,0.7651729559748427,0.04375,0.0541666666666666
47,327,cl3144p8j000g396ci3uqwj2m,0,0.430625,0.971875,0.0484375,0.05625
47,327,cl31452bd000n396cl5uyjaty,0,0.8513100961538461,0.6350641025641026,0.0515625,0.0708333333333333
47,327,cl31459ks000r396cqrqm7umg,0,0.3984375,0.2131249999999999,0.05,0.0604166666666666
47,327,cl314etiv0013396cef6ngytu,0,0.1153125,0.685,0.05,0.06875
47,327,cl314jqvw0018396c8dtr2qtj,0,0.74671875,0.1083333333333333,0.05,0.0604166666666666
47,328,cl31445hf0007396cqok6byk7,0,0.51390625,0.13375,0.0453125,0.0625
47,328,cl3144hts000b396c4ihaxgzt,0,0.2233490566037736,0.765133647798742,0.04375,0.0541666666666666
47,328,cl3144p8j000g396ci3uqwj2m,0,0.43421875,0.971875,0.0484375,0.05625
47,328,cl31452bd000n396cl5uyjaty,0,0.8514062499999999,0.635,0.0515625,0.0708333333333333
47,328,cl31459ks000r396cqrqm7umg,0,0.3984375,0.211875,0.05,0.0604166666666666
47,328,cl314etiv0013396cef6ngytu,0,0.1175,0.686875,0.05,0.06875
47,328,cl314jqvw0018396c8dtr2qtj,0,0.7446875000000001,0.1114583333333333,0.05,0.0604166666666666
47,329,cl31445hf0007396cqok6byk7,0,0.51515625,0.1324999999999999,0.0453125,0.0624999999999999
47,329,cl3144hts000b396c4ihaxgzt,0,0.2234669811320754,0.7650943396226416,0.04375,0.0541666666666666
47,329,cl3144p8j000g396ci3uqwj2m,0,0.4378125,0.971875,0.0484375,0.05625
47,329,cl31452bd000n396cl5uyjaty,0,0.8515024038461538,0.6349358974358974,0.0515625,0.0708333333333333
47,329,cl31459ks000r396cqrqm7umg,0,0.3984375,0.2106249999999999,0.05,0.0604166666666666
47,329,cl314etiv0013396cef6ngytu,0,0.1196874999999999,0.6887500000000001,0.0499999999999999,0.06875
47,329,cl314jqvw0018396c8dtr2qtj,0,0.74265625,0.1145833333333333,0.05,0.0604166666666666
47,32,cl31445hf0007396cqok6byk7,0,0.1665798611111111,0.5012731481481482,0.0390625,0.05625
47,32,cl3144hts000b396c4ihaxgzt,0,0.1848736702127659,0.7800827423167849,0.04375,0.0541666666666666
47,32,cl3144p8j000g396ci3uqwj2m,0,0.1469618055555555,0.8236111111111111,0.0421875,0.05
47,32,cl31452bd000n396cl5uyjaty,0,0.8060697115384615,0.6456730769230768,0.0515625,0.0708333333333333
47,32,cl31459ks000r396cqrqm7umg,0,0.7083333333333333,0.2091435185185185,0.05,0.0604166666666666
47,32,cl3146m3g000z396ce2oi4n9l,0,0.685329861111111,0.0341435185185185,0.0390625,0.0604166666666666
47,330,cl31445hf0007396cqok6byk7,0,0.51640625,0.13125,0.0453125,0.0625
47,330,cl3144hts000b396c4ihaxgzt,0,0.2235849056603773,0.765055031446541,0.04375,0.0541666666666666
47,330,cl3144p8j000g396ci3uqwj2m,0,0.44140625,0.971875,0.0484375,0.05625
47,330,cl31452bd000n396cl5uyjaty,0,0.8515985576923077,0.6348717948717949,0.0515625,0.0708333333333333
47,330,cl31459ks000r396cqrqm7umg,0,0.3984375,0.209375,0.05,0.0604166666666666
47,330,cl314etiv0013396cef6ngytu,0,0.121875,0.690625,0.05,0.06875
47,330,cl314jqvw0018396c8dtr2qtj,0,0.740625,0.1177083333333333,0.05,0.0604166666666666
47,331,cl31445hf0007396cqok6byk7,0,0.51796875,0.1303819444444444,0.0453125,0.0624999999999999
47,331,cl3144hts000b396c4ihaxgzt,0,0.2237028301886792,0.7650157232704403,0.04375,0.0541666666666666
47,331,cl3144p8j000g396ci3uqwj2m,0,0.44140625,0.971875,0.0484375,0.05625
47,331,cl31452bd000n396cl5uyjaty,0,0.8516947115384615,0.6348076923076923,0.0515625,0.0708333333333333
47,331,cl31459ks000r396cqrqm7umg,0,0.3983072916666667,0.2071180555555555,0.05,0.0604166666666666
47,331,cl314etiv0013396cef6ngytu,0,0.1252604166666666,0.6890625,0.05,0.06875
47,331,cl314jqvw0018396c8dtr2qtj,0,0.7411458333333333,0.1199652777777777,0.05,0.0604166666666666
47,332,cl31445hf0007396cqok6byk7,0,0.51953125,0.1295138888888889,0.0453125,0.0625
47,332,cl3144hts000b396c4ihaxgzt,0,0.2238207547169811,0.7649764150943397,0.04375,0.0541666666666666
47,332,cl31452bd000n396cl5uyjaty,0,0.8517908653846155,0.6347435897435897,0.0515625,0.0708333333333333
47,332,cl31459ks000r396cqrqm7umg,0,0.3981770833333333,0.2048611111111111,0.0499999999999999,0.0604166666666666
47,332,cl314etiv0013396cef6ngytu,0,0.1286458333333333,0.6875,0.05,0.06875
47,332,cl314jqvw0018396c8dtr2qtj,0,0.7416666666666667,0.1222222222222222,0.05,0.0604166666666666
47,333,cl31445hf0007396cqok6byk7,0,0.52109375,0.1286458333333333,0.0453125,0.0625
47,333,cl3144hts000b396c4ihaxgzt,0,0.223938679245283,0.764937106918239,0.04375,0.0541666666666666
47,333,cl31452bd000n396cl5uyjaty,0,0.8518870192307693,0.6346794871794871,0.0515625,0.0708333333333333
47,333,cl31459ks000r396cqrqm7umg,0,0.398046875,0.2026041666666666,0.05,0.0604166666666666
47,333,cl314etiv0013396cef6ngytu,0,0.13203125,0.6859375,0.05,0.06875
47,333,cl314jqvw0018396c8dtr2qtj,0,0.7421875,0.1244791666666666,0.05,0.0604166666666666
47,334,cl31445hf0007396cqok6byk7,0,0.52265625,0.1277777777777777,0.0453125,0.0624999999999999
47,334,cl3144hts000b396c4ihaxgzt,0,0.2240566037735848,0.7648977987421384,0.04375,0.0541666666666666
47,334,cl31452bd000n396cl5uyjaty,0,0.851983173076923,0.6346153846153847,0.0515625,0.0708333333333333
47,334,cl31459ks000r396cqrqm7umg,0,0.3979166666666667,0.2003472222222222,0.05,0.0604166666666666
47,334,cl314etiv0013396cef6ngytu,0,0.1354166666666666,0.684375,0.05,0.06875
47,334,cl314jqvw0018396c8dtr2qtj,0,0.7427083333333333,0.1267361111111111,0.05,0.0604166666666666
47,335,cl31445hf0007396cqok6byk7,0,0.52421875,0.1269097222222222,0.0453125,0.0625
47,335,cl3144hts000b396c4ihaxgzt,0,0.2241745283018867,0.7648584905660377,0.04375,0.0541666666666666
47,335,cl31452bd000n396cl5uyjaty,0,0.8520793269230769,0.6345512820512821,0.0515625,0.0708333333333333
47,335,cl31459ks000r396cqrqm7umg,0,0.3977864583333333,0.1980902777777777,0.0499999999999999,0.0604166666666666
47,335,cl314etiv0013396cef6ngytu,0,0.1388020833333333,0.6828125,0.05,0.06875
47,335,cl314jqvw0018396c8dtr2qtj,0,0.7432291666666667,0.1289930555555555,0.05,0.0604166666666666
47,336,cl31445hf0007396cqok6byk7,0,0.52578125,0.1260416666666666,0.0453125,0.0625
47,336,cl3144hts000b396c4ihaxgzt,0,0.2242924528301886,0.7648191823899371,0.04375,0.0541666666666666
47,336,cl31452bd000n396cl5uyjaty,0,0.8521754807692308,0.6344871794871795,0.0515625,0.0708333333333333
47,336,cl31459ks000r396cqrqm7umg,0,0.39765625,0.1958333333333333,0.05,0.0604166666666666
47,336,cl314etiv0013396cef6ngytu,0,0.1421875,0.68125,0.05,0.06875
47,336,cl314jqvw0018396c8dtr2qtj,0,0.74375,0.13125,0.05,0.0604166666666666
47,337,cl31445hf0007396cqok6byk7,0,0.52734375,0.1251736111111111,0.0453125,0.0624999999999999
47,337,cl3144hts000b396c4ihaxgzt,0,0.2244103773584906,0.7647798742138364,0.04375,0.0541666666666666
47,337,cl31452bd000n396cl5uyjaty,0,0.8522716346153846,0.634423076923077,0.0515625,0.0708333333333333
47,337,cl31459ks000r396cqrqm7umg,0,0.3975260416666667,0.1935763888888889,0.05,0.0604166666666666
47,337,cl314etiv0013396cef6ngytu,0,0.1455729166666666,0.6796875,0.05,0.06875
47,337,cl314jqvw0018396c8dtr2qtj,0,0.7442708333333333,0.1335069444444444,0.05,0.0604166666666666
47,338,cl31445hf0007396cqok6byk7,0,0.52890625,0.1243055555555555,0.0453125,0.0625
47,338,cl3144hts000b396c4ihaxgzt,0,0.2245283018867924,0.7647405660377359,0.04375,0.0541666666666666
47,338,cl31452bd000n396cl5uyjaty,0,0.8523677884615385,0.6343589743589744,0.0515625,0.0708333333333333
47,338,cl31459ks000r396cqrqm7umg,0,0.3973958333333333,0.1913194444444444,0.0499999999999999,0.0604166666666666
47,338,cl314etiv0013396cef6ngytu,0,0.1489583333333333,0.678125,0.05,0.06875
47,338,cl314jqvw0018396c8dtr2qtj,0,0.7447916666666667,0.1357638888888889,0.05,0.0604166666666666
47,339,cl31445hf0007396cqok6byk7,0,0.53046875,0.1234375,0.0453125,0.0625
47,339,cl3144hts000b396c4ihaxgzt,0,0.2246462264150943,0.7647012578616352,0.04375,0.0541666666666666
47,339,cl31452bd000n396cl5uyjaty,0,0.8524639423076923,0.6342948717948718,0.0515625,0.0708333333333333
47,339,cl31459ks000r396cqrqm7umg,0,0.397265625,0.1890625,0.05,0.0604166666666666
47,339,cl314etiv0013396cef6ngytu,0,0.15234375,0.6765625,0.05,0.06875
47,339,cl314jqvw0018396c8dtr2qtj,0,0.7453125,0.1380208333333333,0.05,0.0604166666666666
47,33,cl31445hf0007396cqok6byk7,0,0.16953125,0.5010416666666667,0.0390625,0.05625
47,33,cl3144hts000b396c4ihaxgzt,0,0.1849401595744681,0.780112293144208,0.04375,0.0541666666666666
47,33,cl3144p8j000g396ci3uqwj2m,0,0.14140625,0.825,0.0421875,0.05
47,33,cl31452bd000n396cl5uyjaty,0,0.8061498397435898,0.6455128205128206,0.0515625,0.0708333333333333
47,33,cl31459ks000r396cqrqm7umg,0,0.70625,0.2072916666666666,0.05,0.0604166666666666
47,33,cl3146m3g000z396ce2oi4n9l,0,0.68828125,0.0302083333333333,0.0390625,0.0604166666666666
47,340,cl31445hf0007396cqok6byk7,0,0.53203125,0.1225694444444444,0.0453125,0.0624999999999999
47,340,cl3144hts000b396c4ihaxgzt,0,0.2247641509433962,0.7646619496855346,0.04375,0.0541666666666666
47,340,cl31452bd000n396cl5uyjaty,0,0.8525600961538462,0.6342307692307692,0.0515625,0.0708333333333333
47,340,cl31459ks000r396cqrqm7umg,0,0.3971354166666667,0.1868055555555555,0.05,0.0604166666666666
47,340,cl314etiv0013396cef6ngytu,0,0.1557291666666666,0.675,0.05,0.06875
47,340,cl314jqvw0018396c8dtr2qtj,0,0.7458333333333333,0.1402777777777777,0.05,0.0604166666666666
47,341,cl31445hf0007396cqok6byk7,0,0.53359375,0.1217013888888889,0.0453125,0.0625
47,341,cl3144hts000b396c4ihaxgzt,0,0.2248820754716981,0.7646226415094339,0.04375,0.0541666666666666
47,341,cl31452bd000n396cl5uyjaty,0,0.8526562500000001,0.6341666666666667,0.0515625,0.0708333333333333
47,341,cl31459ks000r396cqrqm7umg,0,0.3970052083333333,0.1845486111111111,0.0499999999999999,0.0604166666666666
47,341,cl314etiv0013396cef6ngytu,0,0.1591145833333333,0.6734375,0.05,0.06875
47,341,cl314jqvw0018396c8dtr2qtj,0,0.7463541666666667,0.1425347222222222,0.05,0.0604166666666666
47,342,cl31445hf0007396cqok6byk7,0,0.53515625,0.1208333333333333,0.0453125,0.0625
47,342,cl3144hts000b396c4ihaxgzt,0,0.225,0.7645833333333333,0.04375,0.0541666666666666
47,342,cl31452bd000n396cl5uyjaty,0,0.8527524038461538,0.6341025641025642,0.0515625,0.0708333333333333
47,342,cl31459ks000r396cqrqm7umg,0,0.396875,0.1822916666666666,0.05,0.0604166666666666
47,342,cl314etiv0013396cef6ngytu,0,0.1625,0.671875,0.05,0.06875
47,342,cl314jqvw0018396c8dtr2qtj,0,0.746875,0.1447916666666666,0.05,0.0604166666666666
47,343,cl31445hf0007396cqok6byk7,0,0.536328125,0.1189236111111111,0.0453125,0.0624999999999999
47,343,cl3144hts000b396c4ihaxgzt,0,0.225146484375,0.764453125,0.04375,0.0541666666666666
47,343,cl31452bd000n396cl5uyjaty,0,0.8528485576923076,0.6340384615384616,0.0515625,0.0708333333333333
47,343,cl31459ks000r396cqrqm7umg,0,0.3985677083333333,0.1796875,0.0499999999999999,0.0604166666666666
47,343,cl314etiv0013396cef6ngytu,0,0.1625,0.6685763888888889,0.05,0.06875
47,343,cl314jqvw0018396c8dtr2qtj,0,0.7453125,0.1467013888888889,0.05,0.0604166666666666
47,344,cl31445hf0007396cqok6byk7,0,0.5375,0.1170138888888889,0.0453125,0.0625
47,344,cl3144hts000b396c4ihaxgzt,0,0.22529296875,0.7643229166666666,0.04375,0.0541666666666666
47,344,cl31452bd000n396cl5uyjaty,0,0.8529447115384615,0.633974358974359,0.0515625,0.0708333333333333
47,344,cl31459ks000r396cqrqm7umg,0,0.4002604166666667,0.1770833333333333,0.05,0.0604166666666666
47,344,cl314etiv0013396cef6ngytu,0,0.1625,0.6652777777777777,0.05,0.06875
47,344,cl314jqvw0018396c8dtr2qtj,0,0.74375,0.1486111111111111,0.05,0.0604166666666666
47,345,cl31445hf0007396cqok6byk7,0,0.538671875,0.1151041666666666,0.0453125,0.0625
47,345,cl3144hts000b396c4ihaxgzt,0,0.225439453125,0.7641927083333333,0.04375,0.0541666666666666
47,345,cl31452bd000n396cl5uyjaty,0,0.8530408653846153,0.6339102564102564,0.0515625,0.0708333333333333
47,345,cl31459ks000r396cqrqm7umg,0,0.401953125,0.1744791666666666,0.05,0.0604166666666666
47,345,cl314etiv0013396cef6ngytu,0,0.1625,0.6619791666666667,0.05,0.06875
47,345,cl314jqvw0018396c8dtr2qtj,0,0.7421875,0.1505208333333333,0.05,0.0604166666666666
47,346,cl31445hf0007396cqok6byk7,0,0.53984375,0.1131944444444444,0.0453125,0.0624999999999999
47,346,cl3144hts000b396c4ihaxgzt,0,0.2255859375,0.7640625,0.04375,0.0541666666666666
47,346,cl31452bd000n396cl5uyjaty,0,0.8531370192307692,0.6338461538461538,0.0515625,0.0708333333333333
47,346,cl31459ks000r396cqrqm7umg,0,0.4036458333333333,0.171875,0.0499999999999999,0.0604166666666666
47,346,cl314etiv0013396cef6ngytu,0,0.1625,0.6586805555555556,0.05,0.06875
47,346,cl314jqvw0018396c8dtr2qtj,0,0.740625,0.1524305555555555,0.05,0.0604166666666666
47,347,cl31445hf0007396cqok6byk7,0,0.541015625,0.1112847222222222,0.0453125,0.0625
47,347,cl3144hts000b396c4ihaxgzt,0,0.225732421875,0.7639322916666667,0.04375,0.0541666666666666
47,347,cl31452bd000n396cl5uyjaty,0,0.8532331730769231,0.6337820512820512,0.0515625,0.0708333333333333
47,347,cl31459ks000r396cqrqm7umg,0,0.4053385416666667,0.1692708333333333,0.05,0.0604166666666666
47,347,cl314etiv0013396cef6ngytu,0,0.1625,0.6553819444444444,0.05,0.06875
47,347,cl314jqvw0018396c8dtr2qtj,0,0.7390625,0.1543402777777777,0.05,0.0604166666666666
47,348,cl31445hf0007396cqok6byk7,0,0.5421875,0.109375,0.0453125,0.0625
47,348,cl3144hts000b396c4ihaxgzt,0,0.22587890625,0.7638020833333333,0.04375,0.0541666666666666
47,348,cl31452bd000n396cl5uyjaty,0,0.853329326923077,0.6337179487179487,0.0515625,0.0708333333333333
47,348,cl31459ks000r396cqrqm7umg,0,0.40703125,0.1666666666666666,0.05,0.0604166666666666
47,348,cl314etiv0013396cef6ngytu,0,0.1625,0.6520833333333333,0.05,0.06875
47,348,cl314jqvw0018396c8dtr2qtj,0,0.7375,0.15625,0.05,0.0604166666666666
47,349,cl31445hf0007396cqok6byk7,0,0.543359375,0.1074652777777777,0.0453125,0.0624999999999999
47,349,cl3144hts000b396c4ihaxgzt,0,0.226025390625,0.763671875,0.04375,0.0541666666666666
47,349,cl31452bd000n396cl5uyjaty,0,0.8534254807692309,0.6336538461538461,0.0515625,0.0708333333333333
47,349,cl31459ks000r396cqrqm7umg,0,0.4087239583333333,0.1640625,0.0499999999999999,0.0604166666666666
47,349,cl314etiv0013396cef6ngytu,0,0.1625,0.6487847222222223,0.05,0.06875
47,349,cl314jqvw0018396c8dtr2qtj,0,0.7359375,0.1581597222222222,0.05,0.0604166666666666
47,34,cl31445hf0007396cqok6byk7,0,0.16796875,0.4986111111111111,0.0390625,0.05625
47,34,cl3144hts000b396c4ihaxgzt,0,0.1850066489361702,0.7801418439716312,0.04375,0.0541666666666666
47,34,cl3144p8j000g396ci3uqwj2m,0,0.14296875,0.8211805555555556,0.0421875,0.05
47,34,cl31452bd000n396cl5uyjaty,0,0.8062299679487179,0.6453525641025641,0.0515624999999999,0.0708333333333333
47,34,cl31459ks000r396cqrqm7umg,0,0.7056818181818182,0.2069128787878787,0.05,0.0604166666666666
47,34,cl3146m3g000z396ce2oi4n9l,0,0.69359375,0.0302083333333333,0.0390625,0.0604166666666666
47,350,cl31445hf0007396cqok6byk7,0,0.54453125,0.1055555555555555,0.0453125,0.0625
47,350,cl3144hts000b396c4ihaxgzt,0,0.226171875,0.7635416666666667,0.04375,0.0541666666666666
47,350,cl31452bd000n396cl5uyjaty,0,0.8535216346153846,0.6335897435897436,0.0515625,0.0708333333333333
47,350,cl31459ks000r396cqrqm7umg,0,0.4104166666666667,0.1614583333333333,0.05,0.0604166666666666
47,350,cl314etiv0013396cef6ngytu,0,0.1625,0.6454861111111111,0.05,0.06875
47,350,cl314jqvw0018396c8dtr2qtj,0,0.734375,0.1600694444444444,0.05,0.0604166666666666
47,351,cl31445hf0007396cqok6byk7,0,0.545703125,0.1036458333333333,0.0453125,0.0625
47,351,cl3144hts000b396c4ihaxgzt,0,0.226318359375,0.7634114583333333,0.04375,0.0541666666666666
47,351,cl31452bd000n396cl5uyjaty,0,0.8536177884615384,0.633525641025641,0.0515625,0.0708333333333333
47,351,cl31459ks000r396cqrqm7umg,0,0.412109375,0.1588541666666666,0.05,0.0604166666666666
47,351,cl314etiv0013396cef6ngytu,0,0.1625,0.6421875,0.05,0.06875
47,351,cl314jqvw0018396c8dtr2qtj,0,0.7328125,0.1619791666666666,0.05,0.0604166666666666
47,352,cl31445hf0007396cqok6byk7,0,0.546875,0.1017361111111111,0.0453125,0.0625
47,352,cl3144hts000b396c4ihaxgzt,0,0.22646484375,0.76328125,0.04375,0.0541666666666666
47,352,cl31452bd000n396cl5uyjaty,0,0.8537139423076923,0.6334615384615385,0.0515625,0.0708333333333333
47,352,cl31459ks000r396cqrqm7umg,0,0.4138020833333333,0.15625,0.0499999999999999,0.0604166666666666
47,352,cl314etiv0013396cef6ngytu,0,0.1625,0.638888888888889,0.05,0.06875
47,352,cl314jqvw0018396c8dtr2qtj,0,0.73125,0.1638888888888889,0.05,0.0604166666666666
47,353,cl31445hf0007396cqok6byk7,0,0.548046875,0.0998263888888889,0.0453125,0.0625
47,353,cl3144hts000b396c4ihaxgzt,0,0.226611328125,0.7631510416666667,0.04375,0.0541666666666666
47,353,cl31452bd000n396cl5uyjaty,0,0.8538100961538462,0.6333974358974359,0.0515625,0.0708333333333333
47,353,cl31459ks000r396cqrqm7umg,0,0.4154947916666667,0.1536458333333333,0.05,0.0604166666666666
47,353,cl314etiv0013396cef6ngytu,0,0.1625,0.6355902777777778,0.05,0.06875
47,353,cl314jqvw0018396c8dtr2qtj,0,0.7296875,0.1657986111111111,0.05,0.0604166666666666
47,354,cl31445hf0007396cqok6byk7,0,0.54921875,0.0979166666666666,0.0453125,0.0625
47,354,cl3144hts000b396c4ihaxgzt,0,0.2267578125,0.7630208333333334,0.04375,0.0541666666666666
47,354,cl31452bd000n396cl5uyjaty,0,0.85390625,0.6333333333333333,0.0515625,0.0708333333333333
47,354,cl31459ks000r396cqrqm7umg,0,0.4171875,0.1510416666666666,0.05,0.0604166666666666
47,354,cl314etiv0013396cef6ngytu,0,0.1625,0.6322916666666667,0.05,0.06875
47,354,cl314jqvw0018396c8dtr2qtj,0,0.728125,0.1677083333333333,0.05,0.0604166666666666
47,355,cl31445hf0007396cqok6byk7,0,0.5510569852941176,0.0986519607843137,0.0453125,0.0625
47,355,cl3144hts000b396c4ihaxgzt,0,0.226904296875,0.762890625,0.04375,0.0541666666666666
47,355,cl31452bd000n396cl5uyjaty,0,0.8540865384615385,0.6332532051282052,0.0515625,0.0708333333333333
47,355,cl31459ks000r396cqrqm7umg,0,0.4179227941176471,0.1493259803921568,0.05,0.0604166666666666
47,355,cl314etiv0013396cef6ngytu,0,0.1625,0.6331495098039216,0.05,0.06875
47,355,cl314jqvw0018396c8dtr2qtj,0,0.7262867647058824,0.1684436274509804,0.05,0.0604166666666666
47,356,cl31445hf0007396cqok6byk7,0,0.5528952205882354,0.0993872549019607,0.0453125,0.0625
47,356,cl3144hts000b396c4ihaxgzt,0,0.22705078125,0.7627604166666667,0.04375,0.0541666666666666
47,356,cl31452bd000n396cl5uyjaty,0,0.854266826923077,0.6331730769230769,0.0515625,0.0708333333333333
47,356,cl31459ks000r396cqrqm7umg,0,0.4186580882352941,0.147610294117647,0.05,0.0604166666666666
47,356,cl314etiv0013396cef6ngytu,0,0.1625,0.6340073529411765,0.05,0.06875
47,356,cl314jqvw0018396c8dtr2qtj,0,0.7244485294117646,0.1691789215686274,0.05,0.0604166666666666
47,357,cl31445hf0007396cqok6byk7,0,0.5547334558823529,0.1001225490196078,0.0453125,0.0625
47,357,cl3144hts000b396c4ihaxgzt,0,0.227197265625,0.7626302083333333,0.04375,0.0541666666666666
47,357,cl31452bd000n396cl5uyjaty,0,0.8544471153846154,0.6330929487179486,0.0515625,0.0708333333333333
47,357,cl31459ks000r396cqrqm7umg,0,0.4193933823529412,0.1458946078431372,0.05,0.0604166666666666
47,357,cl314etiv0013396cef6ngytu,0,0.1625,0.6348651960784314,0.05,0.06875
47,357,cl314jqvw0018396c8dtr2qtj,0,0.7226102941176471,0.1699142156862745,0.05,0.0604166666666666
47,358,cl31445hf0007396cqok6byk7,0,0.5565716911764705,0.1008578431372549,0.0453125,0.0625
47,358,cl3144hts000b396c4ihaxgzt,0,0.22734375,0.7625,0.04375,0.0541666666666666
47,358,cl31452bd000n396cl5uyjaty,0,0.8546274038461539,0.6330128205128206,0.0515625,0.0708333333333333
47,358,cl31459ks000r396cqrqm7umg,0,0.4201286764705882,0.1441789215686274,0.05,0.0604166666666666
47,358,cl314etiv0013396cef6ngytu,0,0.1625,0.6357230392156862,0.05,0.06875
47,358,cl314jqvw0018396c8dtr2qtj,0,0.7207720588235295,0.1706495098039215,0.05,0.0604166666666666
47,359,cl31445hf0007396cqok6byk7,0,0.5584099264705882,0.1015931372549019,0.0453125,0.0625
47,359,cl3144hts000b396c4ihaxgzt,0,0.227490234375,0.7623697916666666,0.04375,0.0541666666666666
47,359,cl31452bd000n396cl5uyjaty,0,0.8548076923076924,0.6329326923076923,0.0515625,0.0708333333333333
47,359,cl31459ks000r396cqrqm7umg,0,0.4208639705882353,0.1424632352941176,0.05,0.0604166666666666
47,359,cl314etiv0013396cef6ngytu,0,0.1625,0.6365808823529412,0.05,0.06875
47,359,cl314jqvw0018396c8dtr2qtj,0,0.7189338235294118,0.1713848039215686,0.05,0.0604166666666666
47,35,cl31445hf0007396cqok6byk7,0,0.16640625,0.4961805555555555,0.0390625,0.05625
47,35,cl3144hts000b396c4ihaxgzt,0,0.1850731382978723,0.7801713947990544,0.04375,0.0541666666666666
47,35,cl3144p8j000g396ci3uqwj2m,0,0.14453125,0.8173611111111111,0.0421875,0.05
47,35,cl31452bd000n396cl5uyjaty,0,0.8063100961538462,0.6451923076923076,0.0515625,0.0708333333333333
47,35,cl31459ks000r396cqrqm7umg,0,0.7051136363636363,0.2065340909090909,0.05,0.0604166666666666
47,35,cl3146m3g000z396ce2oi4n9l,0,0.6989062500000001,0.0302083333333333,0.0390625,0.0604166666666666
47,360,cl31445hf0007396cqok6byk7,0,0.5602481617647059,0.102328431372549,0.0453125,0.0625
47,360,cl3144hts000b396c4ihaxgzt,0,0.22763671875,0.7622395833333333,0.04375,0.0541666666666666
47,360,cl31452bd000n396cl5uyjaty,0,0.8549879807692309,0.6328525641025641,0.0515625,0.0708333333333333
47,360,cl31459ks000r396cqrqm7umg,0,0.4215992647058823,0.1407475490196078,0.05,0.0604166666666666
47,360,cl314etiv0013396cef6ngytu,0,0.1625,0.6374387254901961,0.05,0.06875
47,360,cl314jqvw0018396c8dtr2qtj,0,0.7170955882352941,0.1721200980392157,0.05,0.0604166666666666
47,361,cl31445hf0007396cqok6byk7,0,0.5620863970588236,0.103063725490196,0.0453125,0.0625
47,361,cl3144hts000b396c4ihaxgzt,0,0.227783203125,0.762109375,0.04375,0.0541666666666666
47,361,cl31452bd000n396cl5uyjaty,0,0.8551682692307692,0.6327724358974359,0.0515625,0.0708333333333333
47,361,cl31459ks000r396cqrqm7umg,0,0.4223345588235294,0.139031862745098,0.05,0.0604166666666666
47,361,cl314etiv0013396cef6ngytu,0,0.1625,0.638296568627451,0.05,0.06875
47,361,cl314jqvw0018396c8dtr2qtj,0,0.7152573529411764,0.1728553921568627,0.05,0.0604166666666666
47,362,cl31445hf0007396cqok6byk7,0,0.5639246323529412,0.1037990196078431,0.0453125,0.0625
47,362,cl3144hts000b396c4ihaxgzt,0,0.2279296875,0.7619791666666667,0.04375,0.0541666666666666
47,362,cl31452bd000n396cl5uyjaty,0,0.8553485576923077,0.6326923076923077,0.0515625,0.0708333333333333
47,362,cl31459ks000r396cqrqm7umg,0,0.4230698529411764,0.1373161764705882,0.05,0.0604166666666666
47,362,cl314etiv0013396cef6ngytu,0,0.1625,0.6391544117647059,0.05,0.06875
47,362,cl314jqvw0018396c8dtr2qtj,0,0.7134191176470588,0.1735906862745098,0.05,0.0604166666666666
47,363,cl31445hf0007396cqok6byk7,0,0.5657628676470587,0.1045343137254901,0.0453125,0.0624999999999999
47,363,cl3144hts000b396c4ihaxgzt,0,0.228076171875,0.7618489583333333,0.04375,0.0541666666666666
47,363,cl31452bd000n396cl5uyjaty,0,0.8555288461538462,0.6326121794871794,0.0515625,0.0708333333333333
47,363,cl31459ks000r396cqrqm7umg,0,0.4238051470588235,0.1356004901960784,0.05,0.0604166666666666
47,363,cl314etiv0013396cef6ngytu,0,0.1625,0.6400122549019608,0.05,0.06875
47,363,cl314jqvw0018396c8dtr2qtj,0,0.7115808823529413,0.1743259803921568,0.05,0.0604166666666666
47,364,cl31445hf0007396cqok6byk7,0,0.5676011029411765,0.1052696078431372,0.0453125,0.0625
47,364,cl3144hts000b396c4ihaxgzt,0,0.22822265625,0.76171875,0.04375,0.0541666666666666
47,364,cl31452bd000n396cl5uyjaty,0,0.8557091346153847,0.6325320512820514,0.0515625,0.0708333333333333
47,364,cl31459ks000r396cqrqm7umg,0,0.4245404411764705,0.1338848039215686,0.0499999999999999,0.0604166666666666
47,364,cl314etiv0013396cef6ngytu,0,0.1625,0.6408700980392157,0.05,0.06875
47,364,cl314jqvw0018396c8dtr2qtj,0,0.7097426470588235,0.1750612745098039,0.05,0.0604166666666666
47,365,cl31445hf0007396cqok6byk7,0,0.5694393382352941,0.1060049019607843,0.0453125,0.0624999999999999
47,365,cl3144hts000b396c4ihaxgzt,0,0.228369140625,0.7615885416666667,0.04375,0.0541666666666666
47,365,cl31452bd000n396cl5uyjaty,0,0.855889423076923,0.6324519230769231,0.0515625,0.0708333333333333
47,365,cl31459ks000r396cqrqm7umg,0,0.4252757352941176,0.1321691176470588,0.05,0.0604166666666666
47,365,cl314etiv0013396cef6ngytu,0,0.1625,0.6417279411764706,0.05,0.06875
47,365,cl314jqvw0018396c8dtr2qtj,0,0.7079044117647059,0.1757965686274509,0.05,0.0604166666666666
47,366,cl31445hf0007396cqok6byk7,0,0.5712775735294118,0.1067401960784313,0.0453125,0.0625
47,366,cl3144hts000b396c4ihaxgzt,0,0.228515625,0.7614583333333333,0.04375,0.0541666666666666
47,366,cl31452bd000n396cl5uyjaty,0,0.8560697115384615,0.6323717948717948,0.0515625,0.0708333333333333
47,366,cl31459ks000r396cqrqm7umg,0,0.4260110294117646,0.130453431372549,0.05,0.0604166666666666
47,366,cl314etiv0013396cef6ngytu,0,0.1625,0.6425857843137255,0.05,0.06875
47,366,cl314jqvw0018396c8dtr2qtj,0,0.7060661764705882,0.176531862745098,0.05,0.0604166666666666
47,367,cl31445hf0007396cqok6byk7,0,0.5731158088235294,0.1074754901960784,0.0453125,0.0625
47,367,cl3144hts000b396c4ihaxgzt,0,0.228662109375,0.761328125,0.04375,0.0541666666666666
47,367,cl31452bd000n396cl5uyjaty,0,0.85625,0.6322916666666667,0.0515625,0.0708333333333333
47,367,cl31459ks000r396cqrqm7umg,0,0.4267463235294118,0.1287377450980392,0.05,0.0604166666666666
47,367,cl314etiv0013396cef6ngytu,0,0.1625,0.6434436274509804,0.05,0.06875
47,367,cl314jqvw0018396c8dtr2qtj,0,0.7042279411764706,0.1772671568627451,0.05,0.0604166666666666
47,368,cl31445hf0007396cqok6byk7,0,0.5749540441176471,0.1082107843137254,0.0453125,0.0625
47,368,cl3144hts000b396c4ihaxgzt,0,0.22880859375,0.7611979166666667,0.04375,0.0541666666666666
47,368,cl31452bd000n396cl5uyjaty,0,0.8564302884615385,0.6322115384615384,0.0515625,0.0708333333333333
47,368,cl31459ks000r396cqrqm7umg,0,0.4274816176470588,0.1270220588235294,0.05,0.0604166666666666
47,368,cl314etiv0013396cef6ngytu,0,0.1625,0.6443014705882353,0.05,0.06875
47,368,cl314jqvw0018396c8dtr2qtj,0,0.7023897058823529,0.1780024509803921,0.05,0.0604166666666666
47,369,cl31445hf0007396cqok6byk7,0,0.5767922794117647,0.1089460784313725,0.0453125,0.0625
47,369,cl3144hts000b396c4ihaxgzt,0,0.228955078125,0.7610677083333334,0.04375,0.0541666666666666
47,369,cl31452bd000n396cl5uyjaty,0,0.856610576923077,0.6321314102564102,0.0515625,0.0708333333333333
47,369,cl31459ks000r396cqrqm7umg,0,0.4282169117647059,0.1253063725490196,0.05,0.0604166666666666
47,369,cl314etiv0013396cef6ngytu,0,0.1625,0.6451593137254902,0.05,0.06875
47,369,cl314jqvw0018396c8dtr2qtj,0,0.7005514705882353,0.1787377450980392,0.05,0.0604166666666666
47,36,cl31445hf0007396cqok6byk7,0,0.16484375,0.49375,0.0390625,0.05625
47,36,cl3144hts000b396c4ihaxgzt,0,0.1851396276595744,0.7802009456264776,0.04375,0.0541666666666666
47,36,cl3144p8j000g396ci3uqwj2m,0,0.14609375,0.8135416666666667,0.0421875,0.05
47,36,cl31452bd000n396cl5uyjaty,0,0.8063902243589742,0.6450320512820513,0.0515624999999999,0.0708333333333333
47,36,cl31459ks000r396cqrqm7umg,0,0.7045454545454546,0.206155303030303,0.05,0.0604166666666666
47,36,cl3146m3g000z396ce2oi4n9l,0,0.70421875,0.0302083333333333,0.0390625,0.0604166666666666
47,370,cl31445hf0007396cqok6byk7,0,0.5786305147058823,0.1096813725490195,0.0453125,0.0624999999999999
47,370,cl3144hts000b396c4ihaxgzt,0,0.2291015625,0.7609375,0.04375,0.0541666666666666
47,370,cl31452bd000n396cl5uyjaty,0,0.8567908653846154,0.632051282051282,0.0515625,0.0708333333333333
47,370,cl31459ks000r396cqrqm7umg,0,0.4289522058823529,0.1235906862745098,0.05,0.0604166666666666
47,370,cl314etiv0013396cef6ngytu,0,0.1625,0.6460171568627451,0.05,0.06875
47,370,cl314jqvw0018396c8dtr2qtj,0,0.6987132352941177,0.1794730392156862,0.05,0.0604166666666666
47,371,cl31445hf0007396cqok6byk7,0,0.58046875,0.1104166666666666,0.0453125,0.0625
47,371,cl3144hts000b396c4ihaxgzt,0,0.229248046875,0.7608072916666667,0.04375,0.0541666666666666
47,371,cl31452bd000n396cl5uyjaty,0,0.8569711538461539,0.6319711538461539,0.0515625,0.0708333333333333
47,371,cl31459ks000r396cqrqm7umg,0,0.4296875,0.121875,0.05,0.0604166666666666
47,371,cl314etiv0013396cef6ngytu,0,0.1625,0.646875,0.05,0.06875
47,371,cl314jqvw0018396c8dtr2qtj,0,0.696875,0.1802083333333333,0.05,0.0604166666666666
47,372,cl31445hf0007396cqok6byk7,0,0.5830357142857143,0.1092261904761904,0.0453125,0.0625
47,372,cl3144hts000b396c4ihaxgzt,0,0.22939453125,0.7606770833333333,0.04375,0.0541666666666666
47,372,cl31452bd000n396cl5uyjaty,0,0.8571514423076924,0.6318910256410256,0.0515625,0.0708333333333333
47,372,cl31459ks000r396cqrqm7umg,0,0.4303571428571429,0.1199404761904761,0.05,0.0604166666666666
47,372,cl314etiv0013396cef6ngytu,0,0.1599330357142857,0.6491071428571428,0.05,0.06875
47,372,cl314jqvw0018396c8dtr2qtj,0,0.6962053571428571,0.1824404761904761,0.05,0.0604166666666666
47,373,cl31445hf0007396cqok6byk7,0,0.5856026785714286,0.1080357142857142,0.0453125,0.0625
47,373,cl3144hts000b396c4ihaxgzt,0,0.229541015625,0.760546875,0.04375,0.0541666666666666
47,373,cl31452bd000n396cl5uyjaty,0,0.8573317307692309,0.6318108974358975,0.0515625,0.0708333333333333
47,373,cl31459ks000r396cqrqm7umg,0,0.4310267857142856,0.1180059523809523,0.05,0.0604166666666666
47,373,cl314etiv0013396cef6ngytu,0,0.1573660714285714,0.6513392857142858,0.05,0.06875
47,373,cl314jqvw0018396c8dtr2qtj,0,0.6955357142857144,0.184672619047619,0.05,0.0604166666666666
47,374,cl31445hf0007396cqok6byk7,0,0.5881696428571429,0.1068452380952381,0.0453125,0.0625
47,374,cl3144hts000b396c4ihaxgzt,0,0.2296875,0.7604166666666666,0.04375,0.0541666666666666
47,374,cl31452bd000n396cl5uyjaty,0,0.8575120192307691,0.6317307692307692,0.0515625,0.0708333333333333
47,374,cl31459ks000r396cqrqm7umg,0,0.4316964285714285,0.1160714285714285,0.05,0.0604166666666666
47,374,cl314etiv0013396cef6ngytu,0,0.1547991071428571,0.6535714285714286,0.05,0.06875
47,374,cl314jqvw0018396c8dtr2qtj,0,0.6948660714285715,0.1869047619047618,0.05,0.0604166666666666
47,375,cl31445hf0007396cqok6byk7,0,0.5907366071428571,0.1056547619047618,0.0453125,0.0624999999999999
47,375,cl3144hts000b396c4ihaxgzt,0,0.229833984375,0.7602864583333333,0.04375,0.0541666666666666
47,375,cl31452bd000n396cl5uyjaty,0,0.8576923076923076,0.631650641025641,0.0515625,0.0708333333333333
47,375,cl31459ks000r396cqrqm7umg,0,0.4323660714285714,0.1141369047619047,0.05,0.0604166666666666
47,375,cl314etiv0013396cef6ngytu,0,0.1522321428571428,0.6558035714285714,0.05,0.06875
47,375,cl314jqvw0018396c8dtr2qtj,0,0.6941964285714286,0.1891369047619047,0.05,0.0604166666666666
47,376,cl31445hf0007396cqok6byk7,0,0.5933035714285715,0.1044642857142857,0.0453125,0.0624999999999999
47,376,cl3144hts000b396c4ihaxgzt,0,0.22998046875,0.76015625,0.04375,0.0541666666666666
47,376,cl31452bd000n396cl5uyjaty,0,0.8578725961538461,0.6315705128205128,0.0515625,0.0708333333333333
47,376,cl31459ks000r396cqrqm7umg,0,0.4330357142857143,0.1122023809523809,0.05,0.0604166666666666
47,376,cl314etiv0013396cef6ngytu,0,0.1496651785714285,0.6580357142857143,0.05,0.06875
47,376,cl314jqvw0018396c8dtr2qtj,0,0.6935267857142857,0.1913690476190476,0.05,0.0604166666666666
47,377,cl31445hf0007396cqok6byk7,0,0.5958705357142857,0.1032738095238095,0.0453125,0.0625
47,377,cl3144hts000b396c4ihaxgzt,0,0.230126953125,0.7600260416666667,0.04375,0.0541666666666666
47,377,cl31452bd000n396cl5uyjaty,0,0.8580528846153846,0.6314903846153846,0.0515625,0.0708333333333333
47,377,cl31459ks000r396cqrqm7umg,0,0.4337053571428571,0.1102678571428571,0.05,0.0604166666666666
47,377,cl314etiv0013396cef6ngytu,0,0.1470982142857143,0.6602678571428572,0.05,0.06875
47,377,cl314jqvw0018396c8dtr2qtj,0,0.6928571428571428,0.1936011904761904,0.05,0.0604166666666666
47,378,cl31445hf0007396cqok6byk7,0,0.5984375,0.1020833333333333,0.0453125,0.0625
47,378,cl3144hts000b396c4ihaxgzt,0,0.2302734375,0.7598958333333333,0.04375,0.0541666666666666
47,378,cl31452bd000n396cl5uyjaty,0,0.858233173076923,0.6314102564102565,0.0515625,0.0708333333333333
47,378,cl31459ks000r396cqrqm7umg,0,0.434375,0.1083333333333333,0.05,0.0604166666666666
47,378,cl314etiv0013396cef6ngytu,0,0.14453125,0.6625,0.05,0.06875
47,378,cl314jqvw0018396c8dtr2qtj,0,0.6921875,0.1958333333333333,0.05,0.0604166666666666
47,379,cl31445hf0007396cqok6byk7,0,0.6010044642857143,0.1008928571428571,0.0453125,0.0625
47,379,cl3144hts000b396c4ihaxgzt,0,0.230419921875,0.759765625,0.04375,0.0541666666666666
47,379,cl31452bd000n396cl5uyjaty,0,0.8584134615384615,0.6313301282051282,0.0515625,0.0708333333333333
47,379,cl31459ks000r396cqrqm7umg,0,0.4350446428571429,0.1063988095238095,0.05,0.0604166666666666
47,379,cl314etiv0013396cef6ngytu,0,0.1419642857142857,0.6647321428571428,0.05,0.06875
47,379,cl314jqvw0018396c8dtr2qtj,0,0.6915178571428571,0.1980654761904761,0.05,0.0604166666666666
47,37,cl31445hf0007396cqok6byk7,0,0.16328125,0.4913194444444445,0.0390625,0.05625
47,37,cl3144hts000b396c4ihaxgzt,0,0.1852061170212766,0.7802304964539007,0.04375,0.0541666666666666
47,37,cl3144p8j000g396ci3uqwj2m,0,0.14765625,0.8097222222222222,0.0421875,0.05
47,37,cl31452bd000n396cl5uyjaty,0,0.8064703525641026,0.6448717948717949,0.0515625,0.0708333333333333
47,37,cl31459ks000r396cqrqm7umg,0,0.7039772727272727,0.2057765151515151,0.05,0.0604166666666666
47,37,cl3146m3g000z396ce2oi4n9l,0,0.7095312500000001,0.0302083333333333,0.0390625,0.0604166666666666
47,380,cl31445hf0007396cqok6byk7,0,0.6035714285714285,0.0997023809523809,0.0453125,0.0625
47,380,cl3144hts000b396c4ihaxgzt,0,0.23056640625,0.7596354166666667,0.04375,0.0541666666666666
47,380,cl31452bd000n396cl5uyjaty,0,0.85859375,0.63125,0.0515625,0.0708333333333333
47,380,cl31459ks000r396cqrqm7umg,0,0.4357142857142856,0.1044642857142857,0.05,0.0604166666666666
47,380,cl314etiv0013396cef6ngytu,0,0.1393973214285714,0.6669642857142858,0.05,0.06875
47,380,cl314jqvw0018396c8dtr2qtj,0,0.6908482142857143,0.200297619047619,0.05,0.0604166666666666
47,381,cl31445hf0007396cqok6byk7,0,0.6061383928571429,0.0985119047619047,0.0453125,0.0625
47,381,cl3144hts000b396c4ihaxgzt,0,0.230712890625,0.7595052083333333,0.04375,0.0541666666666666
47,381,cl31452bd000n396cl5uyjaty,0,0.8587740384615385,0.6311698717948718,0.0515625,0.0708333333333333
47,381,cl31459ks000r396cqrqm7umg,0,0.4363839285714285,0.1025297619047619,0.05,0.0604166666666666
47,381,cl314etiv0013396cef6ngytu,0,0.1368303571428571,0.6691964285714286,0.05,0.06875
47,381,cl314jqvw0018396c8dtr2qtj,0,0.6901785714285714,0.2025297619047619,0.05,0.0604166666666666
47,382,cl31445hf0007396cqok6byk7,0,0.6087053571428571,0.0973214285714285,0.0453125,0.0625
47,382,cl3144hts000b396c4ihaxgzt,0,0.230859375,0.759375,0.04375,0.0541666666666666
47,382,cl31452bd000n396cl5uyjaty,0,0.858954326923077,0.6310897435897436,0.0515625,0.0708333333333333
47,382,cl31459ks000r396cqrqm7umg,0,0.4370535714285714,0.1005952380952381,0.05,0.0604166666666666
47,382,cl314etiv0013396cef6ngytu,0,0.1342633928571428,0.6714285714285714,0.05,0.06875
47,382,cl314jqvw0018396c8dtr2qtj,0,0.6895089285714285,0.2047619047619047,0.05,0.0604166666666666
47,383,cl31445hf0007396cqok6byk7,0,0.6112723214285715,0.0961309523809523,0.0453125,0.0625
47,383,cl3144hts000b396c4ihaxgzt,0,0.231005859375,0.7592447916666667,0.04375,0.0541666666666666
47,383,cl31452bd000n396cl5uyjaty,0,0.8591346153846153,0.6310096153846153,0.0515625,0.0708333333333333
47,383,cl31459ks000r396cqrqm7umg,0,0.4377232142857143,0.0986607142857143,0.05,0.0604166666666666
47,383,cl314etiv0013396cef6ngytu,0,0.1316964285714285,0.6736607142857143,0.05,0.06875
47,383,cl314jqvw0018396c8dtr2qtj,0,0.6888392857142857,0.2069940476190476,0.05,0.0604166666666666
47,384,cl31445hf0007396cqok6byk7,0,0.6138392857142857,0.0949404761904761,0.0453125,0.0625
47,384,cl3144hts000b396c4ihaxgzt,0,0.23115234375,0.7591145833333334,0.04375,0.0541666666666666
47,384,cl31452bd000n396cl5uyjaty,0,0.8593149038461538,0.6309294871794873,0.0515625,0.0708333333333333
47,384,cl31459ks000r396cqrqm7umg,0,0.4383928571428571,0.0967261904761904,0.05,0.0604166666666666
47,384,cl314etiv0013396cef6ngytu,0,0.1291294642857142,0.6758928571428572,0.05,0.06875
47,384,cl314jqvw0018396c8dtr2qtj,0,0.6881696428571429,0.2092261904761904,0.05,0.0604166666666666
47,385,cl31445hf0007396cqok6byk7,0,0.61640625,0.09375,0.0453125,0.0625
47,385,cl3144hts000b396c4ihaxgzt,0,0.231298828125,0.758984375,0.04375,0.0541666666666666
47,385,cl31452bd000n396cl5uyjaty,0,0.8594951923076923,0.630849358974359,0.0515625,0.0708333333333333
47,385,cl31459ks000r396cqrqm7umg,0,0.4390625,0.0947916666666666,0.05,0.0604166666666666
47,385,cl314etiv0013396cef6ngytu,0,0.1265625,0.678125,0.05,0.06875
47,385,cl314jqvw0018396c8dtr2qtj,0,0.6875,0.2114583333333333,0.05,0.0604166666666666
47,386,cl31445hf0007396cqok6byk7,0,0.6183948863636364,0.0956439393939393,0.0453125,0.0624999999999999
47,386,cl3144hts000b396c4ihaxgzt,0,0.2314453125,0.7588541666666667,0.04375,0.0541666666666666
47,386,cl31452bd000n396cl5uyjaty,0,0.8596754807692308,0.6307692307692307,0.0515625,0.0708333333333333
47,386,cl31459ks000r396cqrqm7umg,0,0.4401988636363637,0.0940340909090909,0.05,0.0604166666666666
47,386,cl314etiv0013396cef6ngytu,0,0.1259943181818182,0.6819128787878788,0.05,0.06875
47,386,cl314jqvw0018396c8dtr2qtj,0,0.6875,0.2148674242424242,0.05,0.0604166666666666
47,387,cl31445hf0007396cqok6byk7,0,0.6203835227272727,0.0975378787878788,0.0453125,0.0625
47,387,cl3144hts000b396c4ihaxgzt,0,0.231591796875,0.7587239583333333,0.04375,0.0541666666666666
47,387,cl31452bd000n396cl5uyjaty,0,0.8598557692307691,0.6306891025641026,0.0515625,0.0708333333333333
47,387,cl31459ks000r396cqrqm7umg,0,0.4413352272727272,0.0932765151515151,0.05,0.0604166666666666
47,387,cl314etiv0013396cef6ngytu,0,0.1254261363636363,0.6857007575757575,0.05,0.06875
47,387,cl314jqvw0018396c8dtr2qtj,0,0.6875,0.2182765151515151,0.05,0.0604166666666666
47,388,cl31445hf0007396cqok6byk7,0,0.622372159090909,0.0994318181818181,0.0453125,0.0625
47,388,cl3144hts000b396c4ihaxgzt,0,0.23173828125,0.75859375,0.04375,0.0541666666666666
47,388,cl31452bd000n396cl5uyjaty,0,0.8600360576923076,0.6306089743589743,0.0515625,0.0708333333333333
47,388,cl31459ks000r396cqrqm7umg,0,0.4424715909090909,0.0925189393939393,0.05,0.0604166666666666
47,388,cl314etiv0013396cef6ngytu,0,0.1248579545454545,0.6894886363636363,0.05,0.06875
47,388,cl314jqvw0018396c8dtr2qtj,0,0.6875,0.221685606060606,0.05,0.0604166666666666
47,389,cl31445hf0007396cqok6byk7,0,0.6243607954545454,0.1013257575757575,0.0453125,0.0625
47,389,cl3144hts000b396c4ihaxgzt,0,0.231884765625,0.7584635416666666,0.04375,0.0541666666666666
47,389,cl31452bd000n396cl5uyjaty,0,0.8602163461538461,0.6305288461538461,0.0515625,0.0708333333333333
47,389,cl31459ks000r396cqrqm7umg,0,0.4436079545454546,0.0917613636363636,0.05,0.0604166666666666
47,389,cl314etiv0013396cef6ngytu,0,0.1242897727272727,0.6932765151515151,0.05,0.06875
47,389,cl314jqvw0018396c8dtr2qtj,0,0.6875,0.2250946969696969,0.05,0.0604166666666666
47,38,cl31445hf0007396cqok6byk7,0,0.16171875,0.4888888888888889,0.0390625,0.05625
47,38,cl3144hts000b396c4ihaxgzt,0,0.1852726063829787,0.7802600472813239,0.04375,0.0541666666666666
47,38,cl3144p8j000g396ci3uqwj2m,0,0.14921875,0.8059027777777777,0.0421875,0.05
47,38,cl31452bd000n396cl5uyjaty,0,0.8065504807692309,0.6447115384615384,0.0515625,0.0708333333333333
47,38,cl31459ks000r396cqrqm7umg,0,0.7034090909090909,0.2053977272727273,0.05,0.0604166666666666
47,38,cl3146m3g000z396ce2oi4n9l,0,0.71484375,0.0302083333333333,0.0390625,0.0604166666666666
47,390,cl31445hf0007396cqok6byk7,0,0.6263494318181818,0.1032196969696969,0.0453125,0.0625
47,390,cl3144hts000b396c4ihaxgzt,0,0.23203125,0.7583333333333333,0.04375,0.0541666666666666
47,390,cl31452bd000n396cl5uyjaty,0,0.8603966346153846,0.630448717948718,0.0515625,0.0708333333333333
47,390,cl31459ks000r396cqrqm7umg,0,0.4447443181818181,0.0910037878787878,0.05,0.0604166666666666
47,390,cl314etiv0013396cef6ngytu,0,0.1237215909090909,0.6970643939393939,0.05,0.06875
47,390,cl314jqvw0018396c8dtr2qtj,0,0.6875,0.2285037878787879,0.05,0.0604166666666666
47,390,cl31722oi001o396catkehdu1,0,0.60390625,0.9854166666666668,0.0453125,0.0291666666666666
47,391,cl31445hf0007396cqok6byk7,0,0.6283380681818181,0.1051136363636363,0.0453125,0.0625
47,391,cl3144hts000b396c4ihaxgzt,0,0.232177734375,0.758203125,0.04375,0.0541666666666666
47,391,cl31452bd000n396cl5uyjaty,0,0.860576923076923,0.6303685897435898,0.0515625,0.0708333333333333
47,391,cl31459ks000r396cqrqm7umg,0,0.4458806818181818,0.0902462121212121,0.05,0.0604166666666666
47,391,cl314etiv0013396cef6ngytu,0,0.123153409090909,0.7008522727272728,0.0499999999999999,0.06875
47,391,cl314jqvw0018396c8dtr2qtj,0,0.6875,0.2319128787878787,0.05,0.0604166666666666
47,391,cl31722oi001o396catkehdu1,0,0.6037109375,0.9849609375,0.045703125,0.030078125
47,392,cl31445hf0007396cqok6byk7,0,0.6303267045454546,0.1070075757575757,0.0453125,0.0625
47,392,cl3144hts000b396c4ihaxgzt,0,0.23232421875,0.7580729166666667,0.04375,0.0541666666666666
47,392,cl31452bd000n396cl5uyjaty,0,0.8607572115384615,0.6302884615384615,0.0515625,0.0708333333333333
47,392,cl31459ks000r396cqrqm7umg,0,0.4470170454545454,0.0894886363636363,0.05,0.0604166666666666
47,392,cl314etiv0013396cef6ngytu,0,0.1225852272727272,0.7046401515151516,0.05,0.06875
47,392,cl314jqvw0018396c8dtr2qtj,0,0.6875,0.2353219696969697,0.05,0.0604166666666666
47,392,cl31722oi001o396catkehdu1,0,0.603515625,0.9845052083333332,0.04609375,0.0309895833333333
47,393,cl31445hf0007396cqok6byk7,0,0.6323153409090909,0.1089015151515151,0.0453125,0.0625
47,393,cl3144hts000b396c4ihaxgzt,0,0.232470703125,0.7579427083333333,0.04375,0.0541666666666666
47,393,cl31452bd000n396cl5uyjaty,0,0.8609375,0.6302083333333334,0.0515625,0.0708333333333333
47,393,cl31459ks000r396cqrqm7umg,0,0.448153409090909,0.0887310606060606,0.05,0.0604166666666666
47,393,cl314etiv0013396cef6ngytu,0,0.1220170454545454,0.7084280303030304,0.05,0.06875
47,393,cl314jqvw0018396c8dtr2qtj,0,0.6875,0.2387310606060606,0.05,0.0604166666666666
47,393,cl31722oi001o396catkehdu1,0,0.6033203125,0.9840494791666666,0.046484375,0.0319010416666666
47,394,cl31445hf0007396cqok6byk7,0,0.6343039772727272,0.1107954545454545,0.0453125,0.0625
47,394,cl3144hts000b396c4ihaxgzt,0,0.2326171875,0.7578125,0.04375,0.0541666666666666
47,394,cl31452bd000n396cl5uyjaty,0,0.8611177884615385,0.6301282051282051,0.0515625,0.0708333333333333
47,394,cl31459ks000r396cqrqm7umg,0,0.4492897727272728,0.0879734848484848,0.05,0.0604166666666666
47,394,cl314etiv0013396cef6ngytu,0,0.1214488636363636,0.7122159090909091,0.05,0.06875
47,394,cl314jqvw0018396c8dtr2qtj,0,0.6875,0.2421401515151515,0.05,0.0604166666666666
47,394,cl31722oi001o396catkehdu1,0,0.603125,0.98359375,0.046875,0.0328125
47,395,cl31445hf0007396cqok6byk7,0,0.6362926136363637,0.1126893939393939,0.0453125,0.0625
47,395,cl3144hts000b396c4ihaxgzt,0,0.232763671875,0.7576822916666667,0.04375,0.0541666666666666
47,395,cl31452bd000n396cl5uyjaty,0,0.861298076923077,0.6300480769230768,0.0515625,0.0708333333333333
47,395,cl31459ks000r396cqrqm7umg,0,0.4504261363636363,0.0872159090909091,0.05,0.0604166666666666
47,395,cl314etiv0013396cef6ngytu,0,0.1208806818181818,0.7160037878787879,0.0499999999999999,0.06875
47,395,cl314jqvw0018396c8dtr2qtj,0,0.6875,0.2455492424242424,0.05,0.0604166666666666
47,395,cl31722oi001o396catkehdu1,0,0.6029296875,0.9831380208333332,0.047265625,0.0337239583333333
47,396,cl31445hf0007396cqok6byk7,0,0.63828125,0.1145833333333333,0.0453125,0.0625
47,396,cl3144hts000b396c4ihaxgzt,0,0.23291015625,0.7575520833333333,0.04375,0.0541666666666666
47,396,cl31452bd000n396cl5uyjaty,0,0.8614783653846153,0.6299679487179487,0.0515625,0.0708333333333333
47,396,cl31459ks000r396cqrqm7umg,0,0.4515625,0.0864583333333333,0.05,0.0604166666666666
47,396,cl314etiv0013396cef6ngytu,0,0.1203125,0.7197916666666667,0.05,0.06875
47,396,cl314jqvw0018396c8dtr2qtj,0,0.6875,0.2489583333333333,0.05,0.0604166666666666
47,396,cl31722oi001o396catkehdu1,0,0.602734375,0.9826822916666668,0.04765625,0.0346354166666666
47,397,cl31445hf0007396cqok6byk7,0,0.64,0.1154166666666666,0.0453125,0.0625
47,397,cl3144hts000b396c4ihaxgzt,0,0.233056640625,0.757421875,0.04375,0.0541666666666666
47,397,cl31452bd000n396cl5uyjaty,0,0.8616586538461538,0.6298878205128206,0.0515625,0.0708333333333333
47,397,cl31459ks000r396cqrqm7umg,0,0.45265625,0.08625,0.05,0.0604166666666666
47,397,cl314etiv0013396cef6ngytu,0,0.1203125,0.72125,0.05,0.06875
47,397,cl314jqvw0018396c8dtr2qtj,0,0.68515625,0.2489583333333333,0.05,0.0604166666666666
47,397,cl31722oi001o396catkehdu1,0,0.6025390625,0.9822265625,0.048046875,0.035546875
47,398,cl31445hf0007396cqok6byk7,0,0.64171875,0.1162499999999999,0.0453125,0.0625
47,398,cl3144hts000b396c4ihaxgzt,0,0.233203125,0.7572916666666667,0.04375,0.0541666666666666
47,398,cl31452bd000n396cl5uyjaty,0,0.8618389423076923,0.6298076923076923,0.0515625,0.0708333333333333
47,398,cl31459ks000r396cqrqm7umg,0,0.45375,0.0860416666666666,0.05,0.0604166666666666
47,398,cl314etiv0013396cef6ngytu,0,0.1203125,0.7227083333333333,0.05,0.06875
47,398,cl314jqvw0018396c8dtr2qtj,0,0.6828125,0.2489583333333333,0.05,0.0604166666666666
47,398,cl31722oi001o396catkehdu1,0,0.60234375,0.9817708333333334,0.0484375,0.0364583333333333
47,399,cl31445hf0007396cqok6byk7,0,0.6434375,0.1170833333333333,0.0453125,0.0625
47,399,cl3144hts000b396c4ihaxgzt,0,0.233349609375,0.7571614583333334,0.04375,0.0541666666666666
47,399,cl31452bd000n396cl5uyjaty,0,0.8620192307692308,0.6297275641025641,0.0515625,0.0708333333333333
47,399,cl31459ks000r396cqrqm7umg,0,0.45484375,0.0858333333333333,0.05,0.0604166666666666
47,399,cl314etiv0013396cef6ngytu,0,0.1203125,0.7241666666666667,0.05,0.06875
47,399,cl314jqvw0018396c8dtr2qtj,0,0.68046875,0.2489583333333333,0.05,0.0604166666666666
47,399,cl31722oi001o396catkehdu1,0,0.6021484375,0.9813151041666668,0.048828125,0.0373697916666666
47,39,cl31445hf0007396cqok6byk7,0,0.16015625,0.4864583333333333,0.0390625,0.05625
47,39,cl3144hts000b396c4ihaxgzt,0,0.1853390957446808,0.780289598108747,0.04375,0.0541666666666666
47,39,cl3144p8j000g396ci3uqwj2m,0,0.15078125,0.8020833333333334,0.0421875,0.05
47,39,cl31452bd000n396cl5uyjaty,0,0.8066306089743589,0.644551282051282,0.0515625,0.0708333333333333
47,39,cl31459ks000r396cqrqm7umg,0,0.7028409090909091,0.2050189393939394,0.05,0.0604166666666666
47,3,ckz3x1hsf001j3867igiqk5mn,0,0.204296875,0.0458333333333333,0.03984375,0.0583333333333333
47,3,cl3143jm20003396cuges2p86,0,0.02421875,0.3979166666666666,0.0375,0.0583333333333333
47,3,cl31445hf0007396cqok6byk7,0,0.1109375,0.503125,0.0390625,0.05625
47,3,cl3144hts000b396c4ihaxgzt,0,0.1829454787234042,0.779225768321513,0.04375,0.0541666666666666
47,3,cl3144p8j000g396ci3uqwj2m,0,0.2138020833333333,0.8243055555555556,0.0421875,0.05
47,3,cl31452bd000n396cl5uyjaty,0,0.80140625,0.65,0.0515625,0.0708333333333333
47,3,cl31459ks000r396cqrqm7umg,0,0.753125,0.2555555555555555,0.05,0.0604166666666666
47,3,cl3146m3g000z396ce2oi4n9l,0,0.67109375,0.0270833333333333,0.0375,0.05
47,400,cl31445hf0007396cqok6byk7,0,0.64515625,0.1179166666666666,0.0453125,0.0624999999999999
47,400,cl3144hts000b396c4ihaxgzt,0,0.23349609375,0.75703125,0.04375,0.0541666666666666
47,400,cl31452bd000n396cl5uyjaty,0,0.8621995192307692,0.6296474358974359,0.0515625,0.0708333333333333
47,400,cl31459ks000r396cqrqm7umg,0,0.4559375,0.085625,0.05,0.0604166666666666
47,400,cl314etiv0013396cef6ngytu,0,0.1203125,0.7256250000000001,0.05,0.06875
47,400,cl314jqvw0018396c8dtr2qtj,0,0.678125,0.2489583333333333,0.05,0.0604166666666666
47,400,cl31722oi001o396catkehdu1,0,0.601953125,0.980859375,0.04921875,0.03828125
47,401,cl31445hf0007396cqok6byk7,0,0.646875,0.11875,0.0453125,0.0625
47,401,cl3144hts000b396c4ihaxgzt,0,0.233642578125,0.7569010416666667,0.04375,0.0541666666666666
47,401,cl31452bd000n396cl5uyjaty,0,0.8623798076923077,0.6295673076923076,0.0515625,0.0708333333333333
47,401,cl31459ks000r396cqrqm7umg,0,0.45703125,0.0854166666666666,0.05,0.0604166666666666
47,401,cl314etiv0013396cef6ngytu,0,0.1203125,0.7270833333333333,0.05,0.06875
47,401,cl314jqvw0018396c8dtr2qtj,0,0.67578125,0.2489583333333333,0.05,0.0604166666666666
47,401,cl31722oi001o396catkehdu1,0,0.6017578125,0.9804036458333332,0.049609375,0.0391927083333333
47,402,cl31445hf0007396cqok6byk7,0,0.6485937500000001,0.1195833333333333,0.0453125,0.0625
47,402,cl3144hts000b396c4ihaxgzt,0,0.2337890625,0.7567708333333333,0.04375,0.0541666666666666
47,402,cl31452bd000n396cl5uyjaty,0,0.8625600961538462,0.6294871794871795,0.0515625,0.0708333333333333
47,402,cl31459ks000r396cqrqm7umg,0,0.458125,0.0852083333333333,0.05,0.0604166666666666
47,402,cl314etiv0013396cef6ngytu,0,0.1203125,0.7285416666666666,0.05,0.06875
47,402,cl314jqvw0018396c8dtr2qtj,0,0.6734375,0.2489583333333333,0.05,0.0604166666666666
47,402,cl31722oi001o396catkehdu1,0,0.6015625,0.9799479166666668,0.05,0.0401041666666666
47,403,cl31445hf0007396cqok6byk7,0,0.6503125,0.1204166666666666,0.0453125,0.0625
47,403,cl3144hts000b396c4ihaxgzt,0,0.233935546875,0.756640625,0.04375,0.0541666666666666
47,403,cl31452bd000n396cl5uyjaty,0,0.8627403846153847,0.6294070512820513,0.0515625,0.0708333333333333
47,403,cl31459ks000r396cqrqm7umg,0,0.4592187499999999,0.0849999999999999,0.05,0.0604166666666666
47,403,cl314etiv0013396cef6ngytu,0,0.1203125,0.73,0.05,0.06875
47,403,cl314jqvw0018396c8dtr2qtj,0,0.67109375,0.2489583333333333,0.05,0.0604166666666666
47,403,cl31722oi001o396catkehdu1,0,0.6013671875,0.9794921875,0.050390625,0.041015625
47,404,cl31445hf0007396cqok6byk7,0,0.6520312500000001,0.12125,0.0453125,0.0625
47,404,cl3144hts000b396c4ihaxgzt,0,0.23408203125,0.7565104166666666,0.04375,0.0541666666666666
47,404,cl31452bd000n396cl5uyjaty,0,0.862920673076923,0.6293269230769231,0.0515625,0.0708333333333333
47,404,cl31459ks000r396cqrqm7umg,0,0.4603125,0.0847916666666666,0.05,0.0604166666666666
47,404,cl314etiv0013396cef6ngytu,0,0.1203125,0.7314583333333334,0.05,0.06875
47,404,cl314jqvw0018396c8dtr2qtj,0,0.66875,0.2489583333333333,0.05,0.0604166666666666
47,404,cl31722oi001o396catkehdu1,0,0.601171875,0.9790364583333332,0.05078125,0.0419270833333333
47,405,cl31445hf0007396cqok6byk7,0,0.6537499999999999,0.1220833333333333,0.0453125,0.0624999999999999
47,405,cl3144hts000b396c4ihaxgzt,0,0.234228515625,0.7563802083333333,0.04375,0.0541666666666666
47,405,cl31452bd000n396cl5uyjaty,0,0.8631009615384615,0.6292467948717949,0.0515625,0.0708333333333333
47,405,cl31459ks000r396cqrqm7umg,0,0.46140625,0.0845833333333333,0.05,0.0604166666666666
47,405,cl314etiv0013396cef6ngytu,0,0.1203125,0.7329166666666667,0.05,0.06875
47,405,cl314jqvw0018396c8dtr2qtj,0,0.66640625,0.2489583333333333,0.05,0.0604166666666666
47,405,cl31722oi001o396catkehdu1,0,0.6009765625,0.9785807291666668,0.051171875,0.0428385416666666
47,406,cl31445hf0007396cqok6byk7,0,0.65546875,0.1229166666666666,0.0453125,0.0625
47,406,cl3144hts000b396c4ihaxgzt,0,0.234375,0.75625,0.04375,0.0541666666666666
47,406,cl31452bd000n396cl5uyjaty,0,0.86328125,0.6291666666666667,0.0515625,0.0708333333333333
47,406,cl31459ks000r396cqrqm7umg,0,0.4625,0.084375,0.05,0.0604166666666666
47,406,cl314etiv0013396cef6ngytu,0,0.1203125,0.734375,0.05,0.06875
47,406,cl314jqvw0018396c8dtr2qtj,0,0.6640625,0.2489583333333333,0.05,0.0604166666666666
47,406,cl31722oi001o396catkehdu1,0,0.60078125,0.978125,0.0515625,0.04375
47,407,cl31445hf0007396cqok6byk7,0,0.6569393382352942,0.1237745098039215,0.0453125,0.0624999999999999
47,407,cl3144hts000b396c4ihaxgzt,0,0.2345394736842105,0.75625,0.04375,0.0541666666666666
47,407,cl31452bd000n396cl5uyjaty,0,0.8634479166666666,0.6290833333333333,0.0515625,0.0708333333333333
47,407,cl31459ks000r396cqrqm7umg,0,0.4636029411764705,0.0832720588235294,0.05,0.0604166666666666
47,407,cl314etiv0013396cef6ngytu,0,0.1180147058823529,0.7342524509803922,0.05,0.06875
47,407,cl314jqvw0018396c8dtr2qtj,0,0.6635110294117647,0.2512867647058823,0.05,0.0604166666666666
47,407,cl31722oi001o396catkehdu1,0,0.60078125,0.9776348039215688,0.0515625,0.0447303921568628
47,408,cl31445hf0007396cqok6byk7,0,0.6584099264705883,0.1246323529411764,0.0453125,0.0625
47,408,cl3144hts000b396c4ihaxgzt,0,0.234703947368421,0.75625,0.04375,0.0541666666666666
47,408,cl31452bd000n396cl5uyjaty,0,0.8636145833333334,0.629,0.0515625,0.0708333333333333
47,408,cl31459ks000r396cqrqm7umg,0,0.4647058823529412,0.0821691176470588,0.05,0.0604166666666666
47,408,cl314etiv0013396cef6ngytu,0,0.1157169117647058,0.7341299019607843,0.05,0.06875
47,408,cl314jqvw0018396c8dtr2qtj,0,0.6629595588235294,0.2536151960784314,0.05,0.0604166666666666
47,408,cl31722oi001o396catkehdu1,0,0.60078125,0.9771446078431372,0.0515625,0.0457107843137254
47,409,cl31445hf0007396cqok6byk7,0,0.6598805147058824,0.1254901960784313,0.0453125,0.0625
47,409,cl3144hts000b396c4ihaxgzt,0,0.2348684210526316,0.75625,0.04375,0.0541666666666666
47,409,cl31452bd000n396cl5uyjaty,0,0.8637812500000001,0.6289166666666667,0.0515625,0.0708333333333333
47,409,cl31459ks000r396cqrqm7umg,0,0.4658088235294118,0.0810661764705882,0.05,0.0604166666666666
47,409,cl314etiv0013396cef6ngytu,0,0.1134191176470588,0.7340073529411765,0.05,0.06875
47,409,cl314jqvw0018396c8dtr2qtj,0,0.6624080882352941,0.2559436274509803,0.05,0.0604166666666666
47,409,cl31722oi001o396catkehdu1,0,0.60078125,0.9766544117647058,0.0515625,0.0466911764705882
47,40,cl31445hf0007396cqok6byk7,0,0.16140625,0.4839583333333334,0.0390625,0.05625
47,40,cl3144hts000b396c4ihaxgzt,0,0.185405585106383,0.7803191489361703,0.04375,0.0541666666666666
47,40,cl3144p8j000g396ci3uqwj2m,0,0.15703125,0.8029166666666666,0.0421875,0.05
47,40,cl31452bd000n396cl5uyjaty,0,0.8067107371794873,0.6443910256410257,0.0515625,0.0708333333333333
47,40,cl31459ks000r396cqrqm7umg,0,0.7022727272727273,0.2046401515151515,0.05,0.0604166666666666
47,410,cl31445hf0007396cqok6byk7,0,0.6613511029411765,0.1263480392156862,0.0453125,0.0624999999999999
47,410,cl3144hts000b396c4ihaxgzt,0,0.2350328947368421,0.75625,0.04375,0.0541666666666666
47,410,cl31452bd000n396cl5uyjaty,0,0.8639479166666666,0.6288333333333332,0.0515625,0.0708333333333333
47,410,cl31459ks000r396cqrqm7umg,0,0.4669117647058823,0.0799632352941176,0.05,0.0604166666666666
47,410,cl314etiv0013396cef6ngytu,0,0.1111213235294117,0.7338848039215686,0.05,0.06875
47,410,cl314jqvw0018396c8dtr2qtj,0,0.6618566176470588,0.2582720588235294,0.05,0.0604166666666666
47,410,cl31722oi001o396catkehdu1,0,0.60078125,0.9761642156862744,0.0515625,0.0476715686274509
47,411,cl31445hf0007396cqok6byk7,0,0.6628216911764706,0.1272058823529412,0.0453125,0.0625
47,411,cl3144hts000b396c4ihaxgzt,0,0.2351973684210526,0.75625,0.04375,0.0541666666666666
47,411,cl31452bd000n396cl5uyjaty,0,0.8641145833333332,0.62875,0.0515625,0.0708333333333333
47,411,cl31459ks000r396cqrqm7umg,0,0.4680147058823529,0.078860294117647,0.05,0.0604166666666666
47,411,cl314etiv0013396cef6ngytu,0,0.1088235294117647,0.7337622549019608,0.0499999999999999,0.06875
47,411,cl314jqvw0018396c8dtr2qtj,0,0.6613051470588236,0.2606004901960784,0.05,0.0604166666666666
47,411,cl31722oi001o396catkehdu1,0,0.60078125,0.9756740196078432,0.0515625,0.0486519607843137
47,412,cl31445hf0007396cqok6byk7,0,0.6642922794117647,0.128063725490196,0.0453125,0.0625
47,412,cl3144hts000b396c4ihaxgzt,0,0.2353618421052631,0.75625,0.04375,0.0541666666666666
47,412,cl31452bd000n396cl5uyjaty,0,0.86428125,0.6286666666666666,0.0515625,0.0708333333333333
47,412,cl31459ks000r396cqrqm7umg,0,0.4691176470588235,0.0777573529411764,0.05,0.0604166666666666
47,412,cl314etiv0013396cef6ngytu,0,0.1065257352941176,0.7336397058823529,0.05,0.06875
47,412,cl314jqvw0018396c8dtr2qtj,0,0.6607536764705882,0.2629289215686274,0.05,0.0604166666666666
47,412,cl31722oi001o396catkehdu1,0,0.60078125,0.9751838235294118,0.0515625,0.0496323529411764
47,413,cl31445hf0007396cqok6byk7,0,0.6657628676470588,0.1289215686274509,0.0453125,0.0624999999999999
47,413,cl3144hts000b396c4ihaxgzt,0,0.2355263157894736,0.75625,0.04375,0.0541666666666666
47,413,cl31452bd000n396cl5uyjaty,0,0.8644479166666666,0.6285833333333334,0.0515625,0.0708333333333333
47,413,cl31459ks000r396cqrqm7umg,0,0.4702205882352941,0.0766544117647058,0.05,0.0604166666666666
47,413,cl314etiv0013396cef6ngytu,0,0.1042279411764705,0.7335171568627451,0.05,0.06875
47,413,cl314jqvw0018396c8dtr2qtj,0,0.6602022058823529,0.2652573529411764,0.05,0.0604166666666666
47,413,cl31722oi001o396catkehdu1,0,0.60078125,0.9746936274509804,0.0515625,0.0506127450980392
47,414,cl31445hf0007396cqok6byk7,0,0.6672334558823529,0.1297794117647059,0.0453125,0.0625
47,414,cl3144hts000b396c4ihaxgzt,0,0.2356907894736842,0.75625,0.04375,0.0541666666666666
47,414,cl31452bd000n396cl5uyjaty,0,0.8646145833333334,0.6285000000000001,0.0515625,0.0708333333333333
47,414,cl31459ks000r396cqrqm7umg,0,0.4713235294117647,0.0755514705882352,0.05,0.0604166666666666
47,414,cl314etiv0013396cef6ngytu,0,0.1019301470588235,0.7333946078431371,0.05,0.06875
47,414,cl314jqvw0018396c8dtr2qtj,0,0.6596507352941177,0.2675857843137255,0.05,0.0604166666666666
47,414,cl31722oi001o396catkehdu1,0,0.60078125,0.9742034313725492,0.0515625,0.0515931372549019
47,415,cl31445hf0007396cqok6byk7,0,0.6687040441176471,0.1306372549019608,0.0453125,0.0625
47,415,cl3144hts000b396c4ihaxgzt,0,0.2358552631578947,0.75625,0.04375,0.0541666666666666
47,415,cl31452bd000n396cl5uyjaty,0,0.8647812500000001,0.6284166666666666,0.0515625,0.0708333333333333
47,415,cl31459ks000r396cqrqm7umg,0,0.4724264705882353,0.0744485294117647,0.05,0.0604166666666666
47,415,cl314etiv0013396cef6ngytu,0,0.0996323529411764,0.7332720588235294,0.05,0.06875
47,415,cl314jqvw0018396c8dtr2qtj,0,0.6590992647058823,0.2699142156862745,0.05,0.0604166666666666
47,415,cl31722oi001o396catkehdu1,0,0.60078125,0.9737132352941176,0.0515625,0.0525735294117647
47,416,cl31445hf0007396cqok6byk7,0,0.6701746323529412,0.1314950980392157,0.0453125,0.0625
47,416,cl3144hts000b396c4ihaxgzt,0,0.2360197368421052,0.75625,0.04375,0.0541666666666666
47,416,cl31452bd000n396cl5uyjaty,0,0.8649479166666667,0.6283333333333334,0.0515625,0.0708333333333333
47,416,cl31459ks000r396cqrqm7umg,0,0.4735294117647058,0.0733455882352941,0.05,0.0604166666666666
47,416,cl314etiv0013396cef6ngytu,0,0.0973345588235294,0.7331495098039216,0.05,0.06875
47,416,cl314jqvw0018396c8dtr2qtj,0,0.6585477941176471,0.2722426470588235,0.05,0.0604166666666666
47,416,cl31722oi001o396catkehdu1,0,0.60078125,0.9732230392156862,0.0515625,0.0535539215686274
47,417,cl31445hf0007396cqok6byk7,0,0.6716452205882353,0.1323529411764706,0.0453125,0.0625
47,417,cl3144hts000b396c4ihaxgzt,0,0.2361842105263158,0.75625,0.04375,0.0541666666666666
47,417,cl31452bd000n396cl5uyjaty,0,0.8651145833333332,0.62825,0.0515625,0.0708333333333333
47,417,cl31459ks000r396cqrqm7umg,0,0.4746323529411764,0.0722426470588235,0.05,0.0604166666666666
47,417,cl314etiv0013396cef6ngytu,0,0.0950367647058823,0.7330269607843137,0.05,0.06875
47,417,cl314jqvw0018396c8dtr2qtj,0,0.6579963235294117,0.2745710784313725,0.05,0.0604166666666666
47,417,cl31722oi001o396catkehdu1,0,0.60078125,0.9727328431372548,0.0515625,0.0545343137254902
47,418,cl31445hf0007396cqok6byk7,0,0.6731158088235294,0.1332107843137255,0.0453125,0.0625
47,418,cl3144hts000b396c4ihaxgzt,0,0.2363486842105263,0.75625,0.04375,0.0541666666666666
47,418,cl31452bd000n396cl5uyjaty,0,0.86528125,0.6281666666666667,0.0515625,0.0708333333333333
47,418,cl31459ks000r396cqrqm7umg,0,0.4757352941176471,0.0711397058823529,0.05,0.0604166666666666
47,418,cl314etiv0013396cef6ngytu,0,0.0927389705882352,0.7329044117647059,0.0499999999999999,0.06875
47,418,cl314jqvw0018396c8dtr2qtj,0,0.6574448529411765,0.2768995098039216,0.05,0.0604166666666666
47,418,cl31722oi001o396catkehdu1,0,0.60078125,0.9722426470588236,0.0515625,0.0555147058823529
47,419,cl31445hf0007396cqok6byk7,0,0.6745863970588235,0.1340686274509804,0.0453125,0.0625
47,419,cl3144hts000b396c4ihaxgzt,0,0.2365131578947368,0.75625,0.04375,0.0541666666666666
47,419,cl31452bd000n396cl5uyjaty,0,0.8654479166666667,0.6280833333333333,0.0515625,0.0708333333333333
47,419,cl31459ks000r396cqrqm7umg,0,0.4768382352941177,0.0700367647058823,0.05,0.0604166666666666
47,419,cl314etiv0013396cef6ngytu,0,0.0904411764705882,0.732781862745098,0.0499999999999999,0.06875
47,419,cl314jqvw0018396c8dtr2qtj,0,0.6568933823529413,0.2792279411764706,0.05,0.0604166666666666
47,419,cl31722oi001o396catkehdu1,0,0.60078125,0.9717524509803922,0.0515625,0.0564950980392157
47,41,cl31445hf0007396cqok6byk7,0,0.16265625,0.4814583333333333,0.0390625,0.05625
47,41,cl3144hts000b396c4ihaxgzt,0,0.1854720744680851,0.7803486997635933,0.04375,0.0541666666666666
47,41,cl3144p8j000g396ci3uqwj2m,0,0.16328125,0.8037500000000001,0.0421875,0.05
47,41,cl31452bd000n396cl5uyjaty,0,0.8067908653846153,0.6442307692307693,0.0515624999999999,0.0708333333333333
47,41,cl31459ks000r396cqrqm7umg,0,0.7017045454545454,0.2042613636363636,0.05,0.0604166666666666
47,420,cl31445hf0007396cqok6byk7,0,0.6760569852941176,0.1349264705882353,0.0453125,0.0625
47,420,cl3144hts000b396c4ihaxgzt,0,0.2366776315789474,0.75625,0.04375,0.0541666666666666
47,420,cl31452bd000n396cl5uyjaty,0,0.8656145833333333,0.628,0.0515625,0.0708333333333333
47,420,cl31459ks000r396cqrqm7umg,0,0.4779411764705882,0.0689338235294117,0.05,0.0604166666666666
47,420,cl314etiv0013396cef6ngytu,0,0.0881433823529411,0.7326593137254902,0.0499999999999999,0.06875
47,420,cl314jqvw0018396c8dtr2qtj,0,0.6563419117647059,0.2815563725490196,0.05,0.0604166666666666
47,420,cl31722oi001o396catkehdu1,0,0.60078125,0.9712622549019608,0.0515625,0.0574754901960783
47,421,cl31445hf0007396cqok6byk7,0,0.6775275735294117,0.1357843137254901,0.0453125,0.0625
47,421,cl3144hts000b396c4ihaxgzt,0,0.2368421052631578,0.75625,0.04375,0.0541666666666666
47,421,cl31452bd000n396cl5uyjaty,0,0.8657812500000001,0.6279166666666666,0.0515625,0.0708333333333333
47,421,cl31459ks000r396cqrqm7umg,0,0.4790441176470588,0.0678308823529411,0.05,0.0604166666666666
47,421,cl314etiv0013396cef6ngytu,0,0.0858455882352941,0.7325367647058824,0.05,0.06875
47,421,cl314jqvw0018396c8dtr2qtj,0,0.6557904411764706,0.2838848039215686,0.05,0.0604166666666666
47,421,cl31722oi001o396catkehdu1,0,0.60078125,0.9707720588235296,0.0515625,0.0584558823529411
47,422,cl31445hf0007396cqok6byk7,0,0.6789981617647058,0.1366421568627451,0.0453125,0.0625
47,422,cl3144hts000b396c4ihaxgzt,0,0.2370065789473684,0.75625,0.04375,0.0541666666666666
47,422,cl31452bd000n396cl5uyjaty,0,0.8659479166666667,0.6278333333333334,0.0515625,0.0708333333333333
47,422,cl31459ks000r396cqrqm7umg,0,0.4801470588235294,0.0667279411764705,0.05,0.0604166666666666
47,422,cl314etiv0013396cef6ngytu,0,0.083547794117647,0.7324142156862745,0.05,0.06875
47,422,cl314jqvw0018396c8dtr2qtj,0,0.6552389705882353,0.2862132352941176,0.05,0.0604166666666666
47,422,cl31722oi001o396catkehdu1,0,0.60078125,0.970281862745098,0.0515625,0.0594362745098038
47,423,cl31445hf0007396cqok6byk7,0,0.68046875,0.1375,0.0453125,0.0625
47,423,cl3144hts000b396c4ihaxgzt,0,0.2371710526315789,0.75625,0.04375,0.0541666666666666
47,423,cl31452bd000n396cl5uyjaty,0,0.8661145833333335,0.62775,0.0515625,0.0708333333333333
47,423,cl31459ks000r396cqrqm7umg,0,0.48125,0.065625,0.05,0.0604166666666666
47,423,cl314etiv0013396cef6ngytu,0,0.08125,0.7322916666666667,0.05,0.06875
47,423,cl314jqvw0018396c8dtr2qtj,0,0.6546875,0.2885416666666666,0.05,0.0604166666666666
47,423,cl31722oi001o396catkehdu1,0,0.60078125,0.9697916666666668,0.0515625,0.0604166666666666
47,424,cl31445hf0007396cqok6byk7,0,0.6809495192307693,0.1387820512820513,0.0453125,0.0625
47,424,cl3144hts000b396c4ihaxgzt,0,0.2373355263157894,0.75625,0.04375,0.0541666666666666
47,424,cl31452bd000n396cl5uyjaty,0,0.8662812499999999,0.6276666666666666,0.0515625,0.0708333333333333
47,424,cl31459ks000r396cqrqm7umg,0,0.4825721153846154,0.0648237179487179,0.05,0.0604166666666666
47,424,cl314etiv0013396cef6ngytu,0,0.0788461538461538,0.731650641025641,0.05,0.06875
47,424,cl314jqvw0018396c8dtr2qtj,0,0.6541666666666667,0.2911458333333333,0.05,0.0604166666666666
47,424,cl31722oi001o396catkehdu1,0,0.6006610576923077,0.9685096153846152,0.0515625,0.0604166666666666
47,425,cl31445hf0007396cqok6byk7,0,0.6814302884615385,0.1400641025641025,0.0453125,0.0624999999999999
47,425,cl3144hts000b396c4ihaxgzt,0,0.2375,0.75625,0.04375,0.0541666666666666
47,425,cl31452bd000n396cl5uyjaty,0,0.8664479166666667,0.6275833333333334,0.0515625,0.0708333333333333
47,425,cl31459ks000r396cqrqm7umg,0,0.4838942307692307,0.0640224358974359,0.05,0.0604166666666666
47,425,cl314etiv0013396cef6ngytu,0,0.0764423076923076,0.7310096153846153,0.05,0.06875
47,425,cl314jqvw0018396c8dtr2qtj,0,0.6536458333333333,0.29375,0.05,0.0604166666666666
47,425,cl31722oi001o396catkehdu1,0,0.6005408653846154,0.9672275641025642,0.0515625,0.0604166666666666
47,426,cl31445hf0007396cqok6byk7,0,0.6819110576923076,0.1413461538461538,0.0453125,0.0624999999999999
47,426,cl3144hts000b396c4ihaxgzt,0,0.2376644736842105,0.75625,0.04375,0.0541666666666666
47,426,cl31452bd000n396cl5uyjaty,0,0.8666145833333333,0.6275,0.0515625,0.0708333333333333
47,426,cl31459ks000r396cqrqm7umg,0,0.4852163461538462,0.0632211538461538,0.05,0.0604166666666666
47,426,cl314etiv0013396cef6ngytu,0,0.0740384615384615,0.7303685897435898,0.05,0.06875
47,426,cl314jqvw0018396c8dtr2qtj,0,0.653125,0.2963541666666666,0.05,0.0604166666666666
47,426,cl31722oi001o396catkehdu1,0,0.600420673076923,0.9659455128205128,0.0515625,0.0604166666666666
47,427,cl31445hf0007396cqok6byk7,0,0.6823918269230769,0.1426282051282051,0.0453125,0.0625
47,427,cl3144hts000b396c4ihaxgzt,0,0.237828947368421,0.75625,0.04375,0.0541666666666666
47,427,cl31452bd000n396cl5uyjaty,0,0.8667812500000001,0.6274166666666667,0.0515625,0.0708333333333333
47,427,cl31459ks000r396cqrqm7umg,0,0.4865384615384615,0.0624198717948717,0.05,0.0604166666666666
47,427,cl314etiv0013396cef6ngytu,0,0.0716346153846153,0.7297275641025641,0.05,0.06875
47,427,cl314jqvw0018396c8dtr2qtj,0,0.6526041666666667,0.2989583333333333,0.05,0.0604166666666666
47,427,cl31722oi001o396catkehdu1,0,0.6003004807692307,0.9646634615384616,0.0515625,0.0604166666666666
47,428,cl31445hf0007396cqok6byk7,0,0.6828725961538462,0.1439102564102564,0.0453125,0.0625
47,428,cl3144hts000b396c4ihaxgzt,0,0.2379934210526316,0.75625,0.04375,0.0541666666666666
47,428,cl31452bd000n396cl5uyjaty,0,0.8669479166666667,0.6273333333333333,0.0515625,0.0708333333333333
47,428,cl31459ks000r396cqrqm7umg,0,0.4878605769230769,0.0616185897435897,0.05,0.0604166666666666
47,428,cl314etiv0013396cef6ngytu,0,0.0692307692307692,0.7290865384615385,0.05,0.06875
47,428,cl314jqvw0018396c8dtr2qtj,0,0.6520833333333333,0.3015625,0.05,0.0604166666666666
47,428,cl31722oi001o396catkehdu1,0,0.6001802884615385,0.9633814102564102,0.0515625,0.0604166666666666
47,429,cl31445hf0007396cqok6byk7,0,0.6833533653846154,0.1451923076923077,0.0453125,0.0625
47,429,cl3144hts000b396c4ihaxgzt,0,0.2381578947368421,0.75625,0.04375,0.0541666666666666
47,429,cl31452bd000n396cl5uyjaty,0,0.8671145833333334,0.62725,0.0515625,0.0708333333333333
47,429,cl31459ks000r396cqrqm7umg,0,0.4891826923076923,0.0608173076923076,0.05,0.0604166666666666
47,429,cl314etiv0013396cef6ngytu,0,0.066826923076923,0.7284455128205127,0.05,0.06875
47,429,cl314jqvw0018396c8dtr2qtj,0,0.6515625,0.3041666666666666,0.05,0.0604166666666666
47,429,cl31722oi001o396catkehdu1,0,0.6000600961538461,0.962099358974359,0.0515625,0.0604166666666666
47,42,cl31445hf0007396cqok6byk7,0,0.16390625,0.4789583333333333,0.0390625,0.05625
47,42,cl3144hts000b396c4ihaxgzt,0,0.1855385638297872,0.7803782505910166,0.04375,0.0541666666666666
47,42,cl3144p8j000g396ci3uqwj2m,0,0.16953125,0.8045833333333333,0.0421875,0.05
47,42,cl31452bd000n396cl5uyjaty,0,0.8068709935897436,0.6440705128205128,0.0515625,0.0708333333333333
47,42,cl31459ks000r396cqrqm7umg,0,0.7011363636363637,0.2038825757575757,0.05,0.0604166666666666
47,430,cl31445hf0007396cqok6byk7,0,0.6838341346153846,0.1464743589743589,0.0453125,0.0625
47,430,cl3144hts000b396c4ihaxgzt,0,0.2383223684210526,0.75625,0.04375,0.0541666666666666
47,430,cl31452bd000n396cl5uyjaty,0,0.8672812499999999,0.6271666666666668,0.0515625,0.0708333333333333
47,430,cl31459ks000r396cqrqm7umg,0,0.4905048076923076,0.0600160256410256,0.05,0.0604166666666666
47,430,cl314etiv0013396cef6ngytu,0,0.0644230769230769,0.7278044871794872,0.05,0.06875
47,430,cl314jqvw0018396c8dtr2qtj,0,0.6510416666666667,0.3067708333333333,0.05,0.0604166666666666
47,430,cl31722oi001o396catkehdu1,0,0.5999399038461538,0.9608173076923076,0.0515625,0.0604166666666666
47,431,cl31445hf0007396cqok6byk7,0,0.6843149038461538,0.1477564102564102,0.0453125,0.0625
47,431,cl3144hts000b396c4ihaxgzt,0,0.2384868421052631,0.75625,0.04375,0.0541666666666666
47,431,cl31452bd000n396cl5uyjaty,0,0.8674479166666667,0.6270833333333333,0.0515625,0.0708333333333333
47,431,cl31459ks000r396cqrqm7umg,0,0.4918269230769231,0.0592147435897435,0.05,0.0604166666666666
47,431,cl314etiv0013396cef6ngytu,0,0.0620192307692307,0.7271634615384616,0.05,0.06875
47,431,cl314jqvw0018396c8dtr2qtj,0,0.6505208333333333,0.309375,0.05,0.0604166666666666
47,431,cl31722oi001o396catkehdu1,0,0.5998197115384615,0.9595352564102564,0.0515625,0.0604166666666666
47,432,cl31445hf0007396cqok6byk7,0,0.6847956730769231,0.1490384615384615,0.0453125,0.0624999999999999
47,432,cl3144hts000b396c4ihaxgzt,0,0.2386513157894736,0.75625,0.04375,0.0541666666666666
47,432,cl31452bd000n396cl5uyjaty,0,0.8676145833333333,0.627,0.0515625,0.0708333333333333
47,432,cl31459ks000r396cqrqm7umg,0,0.4931490384615385,0.0584134615384615,0.05,0.0604166666666666
47,432,cl314etiv0013396cef6ngytu,0,0.0596153846153846,0.7265224358974359,0.05,0.06875
47,432,cl314jqvw0018396c8dtr2qtj,0,0.65,0.3119791666666666,0.05,0.0604166666666666
47,432,cl31722oi001o396catkehdu1,0,0.5996995192307693,0.9582532051282052,0.0515625,0.0604166666666666
47,433,cl31445hf0007396cqok6byk7,0,0.6852764423076924,0.1503205128205128,0.0453125,0.0625
47,433,cl3144hts000b396c4ihaxgzt,0,0.2388157894736842,0.75625,0.04375,0.0541666666666666
47,433,cl31452bd000n396cl5uyjaty,0,0.86778125,0.6269166666666667,0.0515625,0.0708333333333333
47,433,cl31459ks000r396cqrqm7umg,0,0.4944711538461538,0.0576121794871794,0.05,0.0604166666666666
47,433,cl314etiv0013396cef6ngytu,0,0.0572115384615384,0.7258814102564102,0.05,0.06875
47,433,cl314jqvw0018396c8dtr2qtj,0,0.6494791666666667,0.3145833333333333,0.05,0.0604166666666666
47,433,cl31722oi001o396catkehdu1,0,0.5995793269230769,0.956971153846154,0.0515625,0.0604166666666666
47,434,cl31445hf0007396cqok6byk7,0,0.6857572115384615,0.1516025641025641,0.0453125,0.0625
47,434,cl3144hts000b396c4ihaxgzt,0,0.2389802631578947,0.75625,0.04375,0.0541666666666666
47,434,cl31452bd000n396cl5uyjaty,0,0.8679479166666667,0.6268333333333334,0.0515625,0.0708333333333333
47,434,cl31459ks000r396cqrqm7umg,0,0.4957932692307693,0.0568108974358974,0.05,0.0604166666666666
47,434,cl314etiv0013396cef6ngytu,0,0.0548076923076923,0.7252403846153846,0.05,0.06875
47,434,cl314jqvw0018396c8dtr2qtj,0,0.6489583333333333,0.3171875,0.05,0.0604166666666666
47,434,cl31722oi001o396catkehdu1,0,0.5994591346153846,0.9556891025641026,0.0515625,0.0604166666666666
47,435,cl31445hf0007396cqok6byk7,0,0.6862379807692307,0.1528846153846154,0.0453125,0.0625
47,435,cl3144hts000b396c4ihaxgzt,0,0.2391447368421052,0.75625,0.04375,0.0541666666666666
47,435,cl31452bd000n396cl5uyjaty,0,0.8681145833333334,0.6267499999999999,0.0515625,0.0708333333333333
47,435,cl31459ks000r396cqrqm7umg,0,0.4971153846153845,0.0560096153846153,0.05,0.0604166666666666
47,435,cl314etiv0013396cef6ngytu,0,0.0524038461538461,0.724599358974359,0.0499999999999999,0.06875
47,435,cl314jqvw0018396c8dtr2qtj,0,0.6484375,0.3197916666666666,0.05,0.0604166666666666
47,435,cl31722oi001o396catkehdu1,0,0.5993389423076924,0.9544070512820514,0.0515625,0.0604166666666666
47,436,cl31445hf0007396cqok6byk7,0,0.68671875,0.1541666666666666,0.0453125,0.0625
47,436,cl3144hts000b396c4ihaxgzt,0,0.2393092105263158,0.75625,0.04375,0.0541666666666666
47,436,cl31452bd000n396cl5uyjaty,0,0.8682812500000001,0.6266666666666667,0.0515625,0.0708333333333333
47,436,cl31459ks000r396cqrqm7umg,0,0.4984375,0.0552083333333333,0.05,0.0604166666666666
47,436,cl314etiv0013396cef6ngytu,0,0.05,0.7239583333333334,0.05,0.06875
47,436,cl314jqvw0018396c8dtr2qtj,0,0.65,0.3177083333333333,0.05,0.0520833333333333
47,436,cl31722oi001o396catkehdu1,0,0.59921875,0.953125,0.0515625,0.0604166666666666
47,436,cl3175c4i001s396cws1cud05,0,0.8359375,0.0166666666666666,0.05625,0.0291666666666666
47,437,cl31445hf0007396cqok6byk7,0,0.6845703125,0.15859375,0.0453125,0.0625
47,437,cl3144hts000b396c4ihaxgzt,0,0.2394736842105263,0.75625,0.04375,0.0541666666666666
47,437,cl31452bd000n396cl5uyjaty,0,0.8684479166666665,0.6265833333333333,0.0515625,0.0708333333333333
47,437,cl31459ks000r396cqrqm7umg,0,0.5,0.0544507575757575,0.05,0.0604166666666666
47,437,cl314etiv0013396cef6ngytu,0,0.0484375,0.72421875,0.05,0.06875
47,437,cl314jqvw0018396c8dtr2qtj,0,0.6509765625,0.3209635416666667,0.05,0.0528645833333333
47,437,cl31722oi001o396catkehdu1,0,0.59921875,0.9515625,0.0515625,0.0604166666666666
47,437,cl3175c4i001s396cws1cud05,0,0.8365056818181819,0.0177083333333333,0.05625,0.03125
47,438,cl31445hf0007396cqok6byk7,0,0.682421875,0.1630208333333333,0.0453125,0.0625
47,438,cl3144hts000b396c4ihaxgzt,0,0.2396381578947368,0.75625,0.04375,0.0541666666666666
47,438,cl31452bd000n396cl5uyjaty,0,0.8686145833333333,0.6265000000000001,0.0515625,0.0708333333333333
47,438,cl31459ks000r396cqrqm7umg,0,0.5015625,0.0536931818181818,0.05,0.0604166666666666
47,438,cl314etiv0013396cef6ngytu,0,0.046875,0.7244791666666667,0.05,0.06875
47,438,cl314jqvw0018396c8dtr2qtj,0,0.651953125,0.32421875,0.05,0.0536458333333333
47,438,cl31722oi001o396catkehdu1,0,0.59921875,0.95,0.0515625,0.0604166666666666
47,438,cl3175c4i001s396cws1cud05,0,0.8370738636363637,0.01875,0.05625,0.0333333333333333
47,439,cl31445hf0007396cqok6byk7,0,0.6802734375,0.1674479166666666,0.0453125,0.0625
47,439,cl3144hts000b396c4ihaxgzt,0,0.2398026315789473,0.75625,0.04375,0.0541666666666666
47,439,cl31452bd000n396cl5uyjaty,0,0.86878125,0.6264166666666667,0.0515625,0.0708333333333333
47,439,cl31459ks000r396cqrqm7umg,0,0.503125,0.052935606060606,0.05,0.0604166666666666
47,439,cl314etiv0013396cef6ngytu,0,0.0453125,0.7247395833333333,0.05,0.06875
47,439,cl314jqvw0018396c8dtr2qtj,0,0.6529296875,0.3274739583333333,0.05,0.0544270833333333
47,439,cl31722oi001o396catkehdu1,0,0.59921875,0.9484375,0.0515625,0.0604166666666666
47,439,cl3175c4i001s396cws1cud05,0,0.8376420454545455,0.0197916666666666,0.05625,0.0354166666666666
47,43,cl31445hf0007396cqok6byk7,0,0.16515625,0.4764583333333333,0.0390625,0.05625
47,43,cl3144hts000b396c4ihaxgzt,0,0.1856050531914893,0.7804078014184397,0.04375,0.0541666666666666
47,43,cl3144p8j000g396ci3uqwj2m,0,0.17578125,0.8054166666666667,0.0421875,0.05
47,43,cl31452bd000n396cl5uyjaty,0,0.8069511217948717,0.6439102564102565,0.0515624999999999,0.0708333333333333
47,43,cl31459ks000r396cqrqm7umg,0,0.7005681818181818,0.2035037878787879,0.05,0.0604166666666666
47,440,cl31445hf0007396cqok6byk7,0,0.678125,0.171875,0.0453125,0.0625
47,440,cl3144hts000b396c4ihaxgzt,0,0.2399671052631578,0.75625,0.04375,0.0541666666666666
47,440,cl31452bd000n396cl5uyjaty,0,0.8689479166666667,0.6263333333333333,0.0515625,0.0708333333333333
47,440,cl31459ks000r396cqrqm7umg,0,0.5046875,0.0521780303030303,0.05,0.0604166666666666
47,440,cl314etiv0013396cef6ngytu,0,0.04375,0.725,0.05,0.06875
47,440,cl314jqvw0018396c8dtr2qtj,0,0.65390625,0.3307291666666667,0.05,0.0552083333333333
47,440,cl31722oi001o396catkehdu1,0,0.59921875,0.946875,0.0515625,0.0604166666666666
47,440,cl3175c4i001s396cws1cud05,0,0.8382102272727273,0.0208333333333333,0.05625,0.0375
47,441,cl31445hf0007396cqok6byk7,0,0.6759765625,0.1763020833333333,0.0453125,0.0625
47,441,cl3144hts000b396c4ihaxgzt,0,0.2401315789473684,0.75625,0.04375,0.0541666666666666
47,441,cl31452bd000n396cl5uyjaty,0,0.8691145833333334,0.6262500000000001,0.0515625,0.0708333333333333
47,441,cl31459ks000r396cqrqm7umg,0,0.50625,0.0514204545454545,0.05,0.0604166666666666
47,441,cl314etiv0013396cef6ngytu,0,0.0421875,0.7252604166666666,0.05,0.06875
47,441,cl314jqvw0018396c8dtr2qtj,0,0.6548828125,0.333984375,0.05,0.0559895833333333
47,441,cl31722oi001o396catkehdu1,0,0.59921875,0.9453125,0.0515625,0.0604166666666666
47,441,cl3175c4i001s396cws1cud05,0,0.8387784090909092,0.021875,0.05625,0.0395833333333333
47,442,cl31445hf0007396cqok6byk7,0,0.673828125,0.1807291666666666,0.0453125,0.0625
47,442,cl3144hts000b396c4ihaxgzt,0,0.2402960526315789,0.75625,0.04375,0.0541666666666666
47,442,cl31452bd000n396cl5uyjaty,0,0.86928125,0.6261666666666666,0.0515625,0.0708333333333333
47,442,cl31459ks000r396cqrqm7umg,0,0.5078125,0.0506628787878787,0.05,0.0604166666666666
47,442,cl314etiv0013396cef6ngytu,0,0.040625,0.7255208333333333,0.05,0.06875
47,442,cl314jqvw0018396c8dtr2qtj,0,0.655859375,0.3372395833333333,0.05,0.0567708333333333
47,442,cl31722oi001o396catkehdu1,0,0.59921875,0.94375,0.0515625,0.0604166666666666
47,442,cl3175c4i001s396cws1cud05,0,0.8393465909090908,0.0229166666666666,0.05625,0.0416666666666666
47,443,cl31445hf0007396cqok6byk7,0,0.6716796875,0.18515625,0.0453125,0.0625
47,443,cl3144hts000b396c4ihaxgzt,0,0.2404605263157894,0.75625,0.04375,0.0541666666666666
47,443,cl31452bd000n396cl5uyjaty,0,0.8694479166666668,0.6260833333333333,0.0515625,0.0708333333333333
47,443,cl31459ks000r396cqrqm7umg,0,0.509375,0.049905303030303,0.05,0.0604166666666666
47,443,cl314etiv0013396cef6ngytu,0,0.0390625,0.72578125,0.05,0.06875
47,443,cl314jqvw0018396c8dtr2qtj,0,0.6568359375,0.3404947916666667,0.05,0.0575520833333333
47,443,cl31722oi001o396catkehdu1,0,0.59921875,0.9421875,0.0515625,0.0604166666666666
47,443,cl3175c4i001s396cws1cud05,0,0.8399147727272727,0.0239583333333333,0.05625,0.04375
47,444,cl31445hf0007396cqok6byk7,0,0.66953125,0.1895833333333333,0.0453125,0.0625
47,444,cl3144hts000b396c4ihaxgzt,0,0.240625,0.75625,0.04375,0.0541666666666666
47,444,cl31452bd000n396cl5uyjaty,0,0.8696145833333333,0.626,0.0515625,0.0708333333333333
47,444,cl31459ks000r396cqrqm7umg,0,0.5109375,0.0491477272727272,0.05,0.0604166666666666
47,444,cl314etiv0013396cef6ngytu,0,0.0375,0.7260416666666667,0.05,0.06875
47,444,cl314jqvw0018396c8dtr2qtj,0,0.6578125,0.34375,0.05,0.0583333333333333
47,444,cl31722oi001o396catkehdu1,0,0.59921875,0.940625,0.0515625,0.0604166666666666
47,444,cl3175c4i001s396cws1cud05,0,0.8404829545454545,0.025,0.05625,0.0458333333333333
47,444,cl3178ar0001w396cxexl3rlk,0,0.2640625,0.0177083333333333,0.04375,0.0354166666666666
47,445,cl31445hf0007396cqok6byk7,0,0.6721354166666667,0.1902777777777777,0.0453125,0.0625
47,445,cl3144hts000b396c4ihaxgzt,0,0.240828804347826,0.756159420289855,0.04375,0.0541666666666666
47,445,cl31452bd000n396cl5uyjaty,0,0.86978125,0.6259166666666667,0.0515625,0.0708333333333333
47,445,cl31459ks000r396cqrqm7umg,0,0.5125,0.0483901515151515,0.05,0.0604166666666666
47,445,cl314etiv0013396cef6ngytu,0,0.0367647058823529,0.7259191176470589,0.05,0.06875
47,445,cl314jqvw0018396c8dtr2qtj,0,0.6565257352941176,0.3458333333333333,0.05,0.0583333333333333
47,445,cl31722oi001o396catkehdu1,0,0.5981158088235294,0.9411151960784314,0.0515625,0.0604166666666666
47,445,cl3175c4i001s396cws1cud05,0,0.8410511363636364,0.0260416666666666,0.05625,0.0479166666666666
47,445,cl3178ar0001w396cxexl3rlk,0,0.2654411764705882,0.0177083333333333,0.04375,0.0354166666666666
47,446,cl31445hf0007396cqok6byk7,0,0.6747395833333333,0.1909722222222222,0.0453125,0.0625
47,446,cl3144hts000b396c4ihaxgzt,0,0.2410326086956521,0.7560688405797101,0.04375,0.0541666666666666
47,446,cl31452bd000n396cl5uyjaty,0,0.8699479166666666,0.6258333333333332,0.0515625,0.0708333333333333
47,446,cl31459ks000r396cqrqm7umg,0,0.5140625,0.0476325757575757,0.05,0.0604166666666666
47,446,cl314etiv0013396cef6ngytu,0,0.0360294117647058,0.725796568627451,0.05,0.06875
47,446,cl314jqvw0018396c8dtr2qtj,0,0.6552389705882353,0.3479166666666666,0.05,0.0583333333333333
47,446,cl31722oi001o396catkehdu1,0,0.5970128676470587,0.9416053921568628,0.0515625,0.0604166666666666
47,446,cl3175c4i001s396cws1cud05,0,0.8416193181818181,0.0270833333333333,0.05625,0.05
47,446,cl3178ar0001w396cxexl3rlk,0,0.2668198529411764,0.0177083333333333,0.04375,0.0354166666666666
47,447,cl31445hf0007396cqok6byk7,0,0.67734375,0.1916666666666666,0.0453125,0.0625
47,447,cl3144hts000b396c4ihaxgzt,0,0.2412364130434782,0.7559782608695652,0.04375,0.0541666666666666
47,447,cl31452bd000n396cl5uyjaty,0,0.8701145833333334,0.62575,0.0515625,0.0708333333333333
47,447,cl31459ks000r396cqrqm7umg,0,0.515625,0.046875,0.05,0.0604166666666666
47,447,cl314etiv0013396cef6ngytu,0,0.0352941176470588,0.7256740196078432,0.05,0.06875
47,447,cl314jqvw0018396c8dtr2qtj,0,0.6539522058823529,0.35,0.05,0.0583333333333333
47,447,cl31722oi001o396catkehdu1,0,0.5959099264705883,0.942095588235294,0.0515625,0.0604166666666666
47,447,cl3175c4i001s396cws1cud05,0,0.8421875,0.028125,0.05625,0.0520833333333333
47,447,cl3178ar0001w396cxexl3rlk,0,0.2681985294117647,0.0177083333333333,0.04375,0.0354166666666666
47,448,cl31445hf0007396cqok6byk7,0,0.6765625,0.1950892857142857,0.0453125,0.0625
47,448,cl3144hts000b396c4ihaxgzt,0,0.2414402173913043,0.7558876811594203,0.04375,0.0541666666666666
47,448,cl31452bd000n396cl5uyjaty,0,0.87028125,0.6256666666666667,0.0515625,0.0708333333333333
47,448,cl31459ks000r396cqrqm7umg,0,0.51796875,0.0464285714285714,0.05,0.0604166666666666
47,448,cl314etiv0013396cef6ngytu,0,0.0345588235294117,0.7255514705882352,0.05,0.06875
47,448,cl314jqvw0018396c8dtr2qtj,0,0.6526654411764705,0.3520833333333333,0.05,0.0583333333333333
47,448,cl31722oi001o396catkehdu1,0,0.5948069852941177,0.9425857843137256,0.0515625,0.0604166666666666
47,448,cl3175c4i001s396cws1cud05,0,0.8435825892857143,0.028720238095238,0.0556919642857142,0.0520833333333333
47,448,cl3178ar0001w396cxexl3rlk,0,0.2695772058823529,0.0177083333333333,0.04375,0.0354166666666666
47,449,cl31445hf0007396cqok6byk7,0,0.67578125,0.1985119047619047,0.0453125,0.0625
47,449,cl3144hts000b396c4ihaxgzt,0,0.2416440217391304,0.7557971014492754,0.04375,0.0541666666666666
47,449,cl31452bd000n396cl5uyjaty,0,0.8704479166666668,0.6255833333333333,0.0515625,0.0708333333333333
47,449,cl31459ks000r396cqrqm7umg,0,0.5203125,0.0459821428571428,0.05,0.0604166666666666
47,449,cl314etiv0013396cef6ngytu,0,0.0338235294117647,0.7254289215686274,0.05,0.06875
47,449,cl314jqvw0018396c8dtr2qtj,0,0.6513786764705882,0.3541666666666667,0.05,0.0583333333333333
47,449,cl31722oi001o396catkehdu1,0,0.5937040441176471,0.9430759803921568,0.0515625,0.0604166666666666
47,449,cl3175c4i001s396cws1cud05,0,0.8449776785714285,0.0293154761904761,0.0551339285714286,0.0520833333333333
47,449,cl3178ar0001w396cxexl3rlk,0,0.2709558823529411,0.0177083333333333,0.04375,0.0354166666666666
47,44,cl31445hf0007396cqok6byk7,0,0.16640625,0.4739583333333333,0.0390625,0.05625
47,44,cl3144hts000b396c4ihaxgzt,0,0.1856715425531915,0.780437352245863,0.04375,0.0541666666666666
47,44,cl3144p8j000g396ci3uqwj2m,0,0.18203125,0.80625,0.0421875,0.05
47,44,cl31452bd000n396cl5uyjaty,0,0.80703125,0.64375,0.0515625,0.0708333333333333
47,44,cl31459ks000r396cqrqm7umg,0,0.7,0.203125,0.05,0.0604166666666666
47,450,cl31445hf0007396cqok6byk7,0,0.675,0.2019345238095238,0.0453125,0.0625
47,450,cl3144hts000b396c4ihaxgzt,0,0.2418478260869565,0.7557065217391304,0.04375,0.0541666666666666
47,450,cl31452bd000n396cl5uyjaty,0,0.8706145833333334,0.6255000000000001,0.0515625,0.0708333333333333
47,450,cl31459ks000r396cqrqm7umg,0,0.52265625,0.0455357142857142,0.05,0.0604166666666666
47,450,cl314etiv0013396cef6ngytu,0,0.0330882352941176,0.7253063725490195,0.0499999999999999,0.06875
47,450,cl314jqvw0018396c8dtr2qtj,0,0.6500919117647059,0.35625,0.05,0.0583333333333333
47,450,cl31722oi001o396catkehdu1,0,0.5926011029411764,0.9435661764705884,0.0515625,0.0604166666666666
47,450,cl3175c4i001s396cws1cud05,0,0.8463727678571427,0.0299107142857142,0.0545758928571428,0.0520833333333333
47,450,cl3178ar0001w396cxexl3rlk,0,0.2723345588235294,0.0177083333333333,0.04375,0.0354166666666666
47,451,cl31445hf0007396cqok6byk7,0,0.67421875,0.2053571428571428,0.0453125,0.0625
47,451,cl3144hts000b396c4ihaxgzt,0,0.2420516304347826,0.7556159420289855,0.04375,0.0541666666666666
47,451,cl31452bd000n396cl5uyjaty,0,0.87078125,0.6254166666666666,0.0515625,0.0708333333333333
47,451,cl31459ks000r396cqrqm7umg,0,0.525,0.0450892857142857,0.05,0.0604166666666666
47,451,cl314etiv0013396cef6ngytu,0,0.0323529411764705,0.7251838235294117,0.0499999999999999,0.06875
47,451,cl314jqvw0018396c8dtr2qtj,0,0.6488051470588235,0.3583333333333333,0.05,0.0583333333333333
47,451,cl31722oi001o396catkehdu1,0,0.5914981617647059,0.9440563725490196,0.0515625,0.0604166666666666
47,451,cl3175c4i001s396cws1cud05,0,0.8477678571428573,0.0305059523809523,0.0540178571428571,0.0520833333333333
47,451,cl3178ar0001w396cxexl3rlk,0,0.2737132352941177,0.0177083333333333,0.04375,0.0354166666666666
47,452,cl31445hf0007396cqok6byk7,0,0.6734375,0.2087797619047619,0.0453125,0.0625
47,452,cl3144hts000b396c4ihaxgzt,0,0.2422554347826087,0.7555253623188406,0.04375,0.0541666666666666
47,452,cl31452bd000n396cl5uyjaty,0,0.8709479166666666,0.6253333333333334,0.0515625,0.0708333333333333
47,452,cl31459ks000r396cqrqm7umg,0,0.52734375,0.0446428571428571,0.05,0.0604166666666666
47,452,cl314etiv0013396cef6ngytu,0,0.0316176470588235,0.7250612745098038,0.05,0.06875
47,452,cl314jqvw0018396c8dtr2qtj,0,0.6475183823529412,0.3604166666666666,0.05,0.0583333333333333
47,452,cl31722oi001o396catkehdu1,0,0.5903952205882353,0.944546568627451,0.0515625,0.0604166666666666
47,452,cl3175c4i001s396cws1cud05,0,0.8491629464285715,0.0311011904761904,0.0534598214285713,0.0520833333333333
47,452,cl3178ar0001w396cxexl3rlk,0,0.2750919117647059,0.0177083333333333,0.04375,0.0354166666666666
47,453,cl31445hf0007396cqok6byk7,0,0.67265625,0.2122023809523809,0.0453125,0.0625
47,453,cl3144hts000b396c4ihaxgzt,0,0.2424592391304347,0.7554347826086957,0.04375,0.0541666666666666
47,453,cl31452bd000n396cl5uyjaty,0,0.8711145833333334,0.62525,0.0515625,0.0708333333333333
47,453,cl31459ks000r396cqrqm7umg,0,0.5296875,0.0441964285714285,0.05,0.0604166666666666
47,453,cl314etiv0013396cef6ngytu,0,0.0308823529411764,0.7249387254901961,0.05,0.06875
47,453,cl314jqvw0018396c8dtr2qtj,0,0.6462316176470588,0.3625,0.05,0.0583333333333333
47,453,cl31722oi001o396catkehdu1,0,0.5892922794117647,0.9450367647058824,0.0515625,0.0604166666666666
47,453,cl3175c4i001s396cws1cud05,0,0.8505580357142858,0.0316964285714285,0.0529017857142857,0.0520833333333333
47,453,cl3178ar0001w396cxexl3rlk,0,0.2764705882352941,0.0177083333333333,0.04375,0.0354166666666666
47,454,cl31445hf0007396cqok6byk7,0,0.671875,0.215625,0.0453125,0.0625
47,454,cl3144hts000b396c4ihaxgzt,0,0.2426630434782609,0.7553442028985508,0.04375,0.0541666666666666
47,454,cl31452bd000n396cl5uyjaty,0,0.87128125,0.6251666666666666,0.0515625,0.0708333333333333
47,454,cl31459ks000r396cqrqm7umg,0,0.53203125,0.04375,0.05,0.0604166666666666
47,454,cl314etiv0013396cef6ngytu,0,0.0301470588235294,0.7248161764705883,0.05,0.06875
47,454,cl314jqvw0018396c8dtr2qtj,0,0.6449448529411764,0.3645833333333333,0.05,0.0583333333333333
47,454,cl31722oi001o396catkehdu1,0,0.5881893382352941,0.9455269607843138,0.0515625,0.0604166666666666
47,454,cl3175c4i001s396cws1cud05,0,0.851953125,0.0322916666666666,0.05234375,0.0520833333333333
47,454,cl3178ar0001w396cxexl3rlk,0,0.2778492647058823,0.0177083333333333,0.04375,0.0354166666666666
47,455,cl31445hf0007396cqok6byk7,0,0.67109375,0.219047619047619,0.0453125,0.0625
47,455,cl3144hts000b396c4ihaxgzt,0,0.2428668478260869,0.7552536231884058,0.04375,0.0541666666666666
47,455,cl31452bd000n396cl5uyjaty,0,0.8714479166666667,0.6250833333333333,0.0515625,0.0708333333333333
47,455,cl31459ks000r396cqrqm7umg,0,0.534375,0.0433035714285714,0.05,0.0604166666666666
47,455,cl314etiv0013396cef6ngytu,0,0.0294117647058823,0.7246936274509804,0.0499999999999999,0.06875
47,455,cl314jqvw0018396c8dtr2qtj,0,0.6436580882352941,0.3666666666666666,0.05,0.0583333333333333
47,455,cl31722oi001o396catkehdu1,0,0.5870863970588236,0.946017156862745,0.0515625,0.0604166666666666
47,455,cl3175c4i001s396cws1cud05,0,0.8533482142857143,0.0328869047619047,0.0517857142857142,0.0520833333333333
47,455,cl3178ar0001w396cxexl3rlk,0,0.2792279411764706,0.0177083333333333,0.04375,0.0354166666666666
47,456,cl31445hf0007396cqok6byk7,0,0.6703125,0.2224702380952381,0.0453125,0.0625
47,456,cl3144hts000b396c4ihaxgzt,0,0.243070652173913,0.7551630434782608,0.04375,0.0541666666666666
47,456,cl31452bd000n396cl5uyjaty,0,0.8716145833333334,0.625,0.0515625,0.0708333333333333
47,456,cl31459ks000r396cqrqm7umg,0,0.53671875,0.0428571428571428,0.05,0.0604166666666666
47,456,cl314etiv0013396cef6ngytu,0,0.0286764705882352,0.7245710784313726,0.05,0.06875
47,456,cl314jqvw0018396c8dtr2qtj,0,0.6423713235294117,0.36875,0.05,0.0583333333333333
47,456,cl31722oi001o396catkehdu1,0,0.5859834558823529,0.9465073529411764,0.0515625,0.0604166666666666
47,456,cl3175c4i001s396cws1cud05,0,0.8547433035714285,0.0334821428571428,0.0512276785714286,0.0520833333333333
47,456,cl3178ar0001w396cxexl3rlk,0,0.2806066176470588,0.0177083333333333,0.04375,0.0354166666666666
47,457,cl31445hf0007396cqok6byk7,0,0.66953125,0.2258928571428571,0.0453125,0.0625
47,457,cl3144hts000b396c4ihaxgzt,0,0.2432744565217391,0.7550724637681159,0.04375,0.0541666666666666
47,457,cl31452bd000n396cl5uyjaty,0,0.8717812500000001,0.6249166666666667,0.0515625,0.0708333333333333
47,457,cl31459ks000r396cqrqm7umg,0,0.5390625,0.0424107142857142,0.05,0.0604166666666666
47,457,cl314etiv0013396cef6ngytu,0,0.0279411764705882,0.7244485294117647,0.05,0.06875
47,457,cl314jqvw0018396c8dtr2qtj,0,0.6410845588235294,0.3708333333333333,0.05,0.0583333333333333
47,457,cl31722oi001o396catkehdu1,0,0.5848805147058823,0.946997549019608,0.0515625,0.0604166666666666
47,457,cl3175c4i001s396cws1cud05,0,0.8561383928571427,0.0340773809523809,0.0506696428571428,0.0520833333333333
47,457,cl3178ar0001w396cxexl3rlk,0,0.281985294117647,0.0177083333333333,0.04375,0.0354166666666666
47,458,cl31445hf0007396cqok6byk7,0,0.66875,0.2293154761904761,0.0453125,0.0625
47,458,cl3144hts000b396c4ihaxgzt,0,0.2434782608695652,0.754981884057971,0.04375,0.0541666666666666
47,458,cl31452bd000n396cl5uyjaty,0,0.8719479166666666,0.6248333333333334,0.0515625,0.0708333333333333
47,458,cl31459ks000r396cqrqm7umg,0,0.54140625,0.0419642857142857,0.05,0.0604166666666666
47,458,cl314etiv0013396cef6ngytu,0,0.0272058823529411,0.7243259803921569,0.05,0.06875
47,458,cl314jqvw0018396c8dtr2qtj,0,0.6397977941176471,0.3729166666666667,0.05,0.0583333333333333
47,458,cl31722oi001o396catkehdu1,0,0.5837775735294117,0.9474877450980392,0.0515625,0.0604166666666666
47,458,cl3175c4i001s396cws1cud05,0,0.8575334821428573,0.034672619047619,0.0501116071428571,0.0520833333333333
47,458,cl3178ar0001w396cxexl3rlk,0,0.2833639705882352,0.0177083333333333,0.04375,0.0354166666666666
47,459,cl31445hf0007396cqok6byk7,0,0.66796875,0.2327380952380952,0.0453125,0.0625
47,459,cl3144hts000b396c4ihaxgzt,0,0.2436820652173913,0.754891304347826,0.04375,0.0541666666666666
47,459,cl31452bd000n396cl5uyjaty,0,0.8721145833333332,0.62475,0.0515625,0.0708333333333333
47,459,cl31459ks000r396cqrqm7umg,0,0.54375,0.0415178571428571,0.05,0.0604166666666666
47,459,cl314etiv0013396cef6ngytu,0,0.0264705882352941,0.7242034313725491,0.0499999999999999,0.06875
47,459,cl314jqvw0018396c8dtr2qtj,0,0.6385110294117646,0.375,0.05,0.0583333333333333
47,459,cl31722oi001o396catkehdu1,0,0.5826746323529413,0.9479779411764704,0.0515625,0.0604166666666666
47,459,cl3175c4i001s396cws1cud05,0,0.8589285714285715,0.0352678571428571,0.0495535714285713,0.0520833333333333
47,459,cl3178ar0001w396cxexl3rlk,0,0.2847426470588236,0.0177083333333333,0.04375,0.0354166666666666
47,45,cl31445hf0007396cqok6byk7,0,0.1671875,0.4708333333333333,0.0390625,0.05625
47,45,cl3144hts000b396c4ihaxgzt,0,0.1857380319148936,0.780466903073286,0.04375,0.0541666666666666
47,45,cl3144p8j000g396ci3uqwj2m,0,0.185546875,0.7989583333333333,0.0421875,0.05
47,45,cl31452bd000n396cl5uyjaty,0,0.80859375,0.6442708333333333,0.0515625,0.0708333333333333
47,45,cl31459ks000r396cqrqm7umg,0,0.695703125,0.2015625,0.05,0.0604166666666666
47,45,cl314etiv0013396cef6ngytu,0,0.0125,0.6822916666666666,0.025,0.06875
47,460,cl31445hf0007396cqok6byk7,0,0.6671875,0.2361607142857143,0.0453125,0.0625
47,460,cl3144hts000b396c4ihaxgzt,0,0.2438858695652173,0.7548007246376811,0.04375,0.0541666666666666
47,460,cl31452bd000n396cl5uyjaty,0,0.87228125,0.6246666666666666,0.0515625,0.0708333333333333
47,460,cl31459ks000r396cqrqm7umg,0,0.54609375,0.0410714285714285,0.05,0.0604166666666666
47,460,cl314etiv0013396cef6ngytu,0,0.025735294117647,0.7240808823529412,0.05,0.06875
47,460,cl314jqvw0018396c8dtr2qtj,0,0.6372242647058823,0.3770833333333333,0.05,0.0583333333333333
47,460,cl31722oi001o396catkehdu1,0,0.5815716911764706,0.948468137254902,0.0515625,0.0604166666666666
47,460,cl3175c4i001s396cws1cud05,0,0.8603236607142858,0.0358630952380952,0.0489955357142857,0.0520833333333333
47,460,cl3178ar0001w396cxexl3rlk,0,0.2861213235294118,0.0177083333333333,0.04375,0.0354166666666666
47,461,cl31445hf0007396cqok6byk7,0,0.66640625,0.2395833333333333,0.0453125,0.0625
47,461,cl3144hts000b396c4ihaxgzt,0,0.2440896739130434,0.7547101449275362,0.04375,0.0541666666666666
47,461,cl31452bd000n396cl5uyjaty,0,0.8724479166666667,0.6245833333333334,0.0515625,0.0708333333333333
47,461,cl31459ks000r396cqrqm7umg,0,0.5484375,0.040625,0.05,0.0604166666666666
47,461,cl314etiv0013396cef6ngytu,0,0.025,0.7239583333333334,0.05,0.06875
47,461,cl314jqvw0018396c8dtr2qtj,0,0.6359375,0.3791666666666666,0.05,0.0583333333333333
47,461,cl31722oi001o396catkehdu1,0,0.58046875,0.9489583333333332,0.0515625,0.0604166666666666
47,461,cl3175c4i001s396cws1cud05,0,0.86171875,0.0364583333333333,0.0484375,0.0520833333333333
47,461,cl3178ar0001w396cxexl3rlk,0,0.2875,0.0177083333333333,0.04375,0.0354166666666666
47,462,cl31445hf0007396cqok6byk7,0,0.6663281249999999,0.2413541666666666,0.0453125,0.0625
47,462,cl3144hts000b396c4ihaxgzt,0,0.2442934782608695,0.7546195652173913,0.04375,0.0541666666666666
47,462,cl31452bd000n396cl5uyjaty,0,0.8726145833333334,0.6244999999999999,0.0515625,0.0708333333333333
47,462,cl31459ks000r396cqrqm7umg,0,0.55015625,0.0409374999999999,0.05,0.0604166666666666
47,462,cl314etiv0013396cef6ngytu,0,0.025,0.7288194444444444,0.05,0.06875
47,462,cl314jqvw0018396c8dtr2qtj,0,0.6353125000000001,0.3814583333333333,0.05,0.0583333333333333
47,462,cl31722oi001o396catkehdu1,0,0.58,0.9472916666666666,0.0515625,0.0604166666666666
47,462,cl3175c4i001s396cws1cud05,0,0.86328125,0.0370833333333333,0.0484375,0.0520833333333333
47,462,cl3178ar0001w396cxexl3rlk,0,0.287890625,0.01796875,0.04375,0.0359375
47,463,cl31445hf0007396cqok6byk7,0,0.66625,0.2431249999999999,0.0453125,0.0624999999999999
47,463,cl3144hts000b396c4ihaxgzt,0,0.2444972826086956,0.7545289855072463,0.04375,0.0541666666666666
47,463,cl31452bd000n396cl5uyjaty,0,0.8727812500000001,0.6244166666666667,0.0515625,0.0708333333333333
47,463,cl31459ks000r396cqrqm7umg,0,0.551875,0.0412499999999999,0.05,0.0604166666666666
47,463,cl314etiv0013396cef6ngytu,0,0.025,0.7336805555555556,0.05,0.06875
47,463,cl314jqvw0018396c8dtr2qtj,0,0.6346875,0.38375,0.05,0.0583333333333333
47,463,cl31722oi001o396catkehdu1,0,0.5795312499999999,0.945625,0.0515625,0.0604166666666666
47,463,cl3175c4i001s396cws1cud05,0,0.86484375,0.0377083333333333,0.0484375,0.0520833333333333
47,463,cl3178ar0001w396cxexl3rlk,0,0.28828125,0.0182291666666666,0.04375,0.0364583333333333
47,464,cl31445hf0007396cqok6byk7,0,0.6661718750000001,0.2448958333333333,0.0453125,0.0625
47,464,cl3144hts000b396c4ihaxgzt,0,0.2447010869565217,0.7544384057971014,0.04375,0.0541666666666666
47,464,cl31452bd000n396cl5uyjaty,0,0.8729479166666666,0.6243333333333333,0.0515625,0.0708333333333333
47,464,cl31459ks000r396cqrqm7umg,0,0.55359375,0.0415625,0.05,0.0604166666666666
47,464,cl314etiv0013396cef6ngytu,0,0.025,0.7385416666666667,0.05,0.06875
47,464,cl314jqvw0018396c8dtr2qtj,0,0.6340625,0.3860416666666666,0.05,0.0583333333333333
47,464,cl31722oi001o396catkehdu1,0,0.5790625,0.9439583333333332,0.0515625,0.0604166666666666
47,464,cl3175c4i001s396cws1cud05,0,0.86640625,0.0383333333333333,0.0484375,0.0520833333333333
47,464,cl3178ar0001w396cxexl3rlk,0,0.288671875,0.0184895833333333,0.04375,0.0369791666666666
47,465,cl31445hf0007396cqok6byk7,0,0.66609375,0.2466666666666666,0.0453125,0.0625
47,465,cl3144hts000b396c4ihaxgzt,0,0.2449048913043478,0.7543478260869565,0.04375,0.0541666666666666
47,465,cl31452bd000n396cl5uyjaty,0,0.8731145833333332,0.62425,0.0515625,0.0708333333333333
47,465,cl31459ks000r396cqrqm7umg,0,0.5553125,0.041875,0.05,0.0604166666666666
47,465,cl314etiv0013396cef6ngytu,0,0.025,0.7434027777777777,0.05,0.06875
47,465,cl314jqvw0018396c8dtr2qtj,0,0.6334375,0.3883333333333333,0.05,0.0583333333333333
47,465,cl31722oi001o396catkehdu1,0,0.57859375,0.9422916666666666,0.0515625,0.0604166666666666
47,465,cl3175c4i001s396cws1cud05,0,0.86796875,0.0389583333333333,0.0484375,0.0520833333333333
47,465,cl3178ar0001w396cxexl3rlk,0,0.2890625,0.01875,0.04375,0.0375
47,466,cl31445hf0007396cqok6byk7,0,0.666015625,0.2484375,0.0453125,0.0625
47,466,cl3144hts000b396c4ihaxgzt,0,0.2451086956521739,0.7542572463768116,0.04375,0.0541666666666666
47,466,cl31452bd000n396cl5uyjaty,0,0.87328125,0.6241666666666668,0.0515625,0.0708333333333333
47,466,cl31459ks000r396cqrqm7umg,0,0.55703125,0.0421875,0.05,0.0604166666666666
47,466,cl314etiv0013396cef6ngytu,0,0.025,0.748263888888889,0.05,0.06875
47,466,cl314jqvw0018396c8dtr2qtj,0,0.6328125,0.390625,0.05,0.0583333333333333
47,466,cl31722oi001o396catkehdu1,0,0.578125,0.940625,0.0515625,0.0604166666666666
47,466,cl3175c4i001s396cws1cud05,0,0.86953125,0.0395833333333333,0.0484375,0.0520833333333333
47,466,cl3178ar0001w396cxexl3rlk,0,0.289453125,0.0190104166666666,0.04375,0.0380208333333333
47,467,cl31445hf0007396cqok6byk7,0,0.6659375,0.2502083333333333,0.0453125,0.0625
47,467,cl3144hts000b396c4ihaxgzt,0,0.2453125,0.7541666666666667,0.04375,0.0541666666666666
47,467,cl31452bd000n396cl5uyjaty,0,0.8734479166666667,0.6240833333333333,0.0515625,0.0708333333333333
47,467,cl31459ks000r396cqrqm7umg,0,0.5587500000000001,0.0424999999999999,0.05,0.0604166666666666
47,467,cl314etiv0013396cef6ngytu,0,0.025,0.753125,0.05,0.06875
47,467,cl314jqvw0018396c8dtr2qtj,0,0.6321875,0.3929166666666666,0.05,0.0583333333333333
47,467,cl31722oi001o396catkehdu1,0,0.57765625,0.9389583333333332,0.0515625,0.0604166666666666
47,467,cl3175c4i001s396cws1cud05,0,0.87109375,0.0402083333333333,0.0484375,0.0520833333333333
47,467,cl3178ar0001w396cxexl3rlk,0,0.28984375,0.0192708333333333,0.04375,0.0385416666666666
47,468,cl31445hf0007396cqok6byk7,0,0.6658593749999999,0.2519791666666666,0.0453125,0.0624999999999999
47,468,cl3144hts000b396c4ihaxgzt,0,0.245516304347826,0.7540760869565217,0.04375,0.0541666666666666
47,468,cl31452bd000n396cl5uyjaty,0,0.8736145833333333,0.624,0.0515625,0.0708333333333333
47,468,cl31459ks000r396cqrqm7umg,0,0.56046875,0.0428124999999999,0.05,0.0604166666666666
47,468,cl314etiv0013396cef6ngytu,0,0.025,0.753125,0.05,0.06875
47,468,cl314jqvw0018396c8dtr2qtj,0,0.6315625,0.3952083333333333,0.05,0.0583333333333333
47,468,cl31722oi001o396catkehdu1,0,0.5771875,0.9372916666666666,0.0515625,0.0604166666666666
47,468,cl3175c4i001s396cws1cud05,0,0.87265625,0.0408333333333333,0.0484375,0.0520833333333333
47,468,cl3178ar0001w396cxexl3rlk,0,0.290234375,0.01953125,0.04375,0.0390625
47,469,cl31445hf0007396cqok6byk7,0,0.66578125,0.25375,0.0453125,0.0625
47,469,cl3144hts000b396c4ihaxgzt,0,0.2457201086956522,0.7539855072463768,0.04375,0.0541666666666666
47,469,cl31452bd000n396cl5uyjaty,0,0.8737812500000001,0.6239166666666667,0.0515625,0.0708333333333333
47,469,cl31459ks000r396cqrqm7umg,0,0.5621875000000001,0.043125,0.05,0.0604166666666666
47,469,cl314etiv0013396cef6ngytu,0,0.025,0.753125,0.05,0.06875
47,469,cl314jqvw0018396c8dtr2qtj,0,0.6309375,0.3975,0.05,0.0583333333333333
47,469,cl31722oi001o396catkehdu1,0,0.5767187500000001,0.935625,0.0515625,0.0604166666666666
47,469,cl3175c4i001s396cws1cud05,0,0.87421875,0.0414583333333333,0.0484375,0.0520833333333333
47,469,cl3178ar0001w396cxexl3rlk,0,0.290625,0.0197916666666666,0.04375,0.0395833333333333
47,46,cl31445hf0007396cqok6byk7,0,0.16796875,0.4677083333333333,0.0390625,0.05625
47,46,cl3144hts000b396c4ihaxgzt,0,0.1858045212765957,0.7804964539007092,0.04375,0.0541666666666666
47,46,cl3144p8j000g396ci3uqwj2m,0,0.1890625,0.7916666666666666,0.0421875,0.05
47,46,cl31452bd000n396cl5uyjaty,0,0.81015625,0.6447916666666667,0.0515625,0.0708333333333333
47,46,cl31459ks000r396cqrqm7umg,0,0.69140625,0.2,0.05,0.0604166666666666
47,46,cl314etiv0013396cef6ngytu,0,0.015625,0.6871527777777777,0.03125,0.06875
47,470,cl31445hf0007396cqok6byk7,0,0.6657031250000001,0.2555208333333333,0.0453125,0.0625
47,470,cl3144hts000b396c4ihaxgzt,0,0.2459239130434782,0.7538949275362319,0.04375,0.0541666666666666
47,470,cl31452bd000n396cl5uyjaty,0,0.8739479166666667,0.6238333333333334,0.0515625,0.0708333333333333
47,470,cl31459ks000r396cqrqm7umg,0,0.5639062499999999,0.0434375,0.05,0.0604166666666666
47,470,cl314jqvw0018396c8dtr2qtj,0,0.6303124999999999,0.3997916666666666,0.05,0.0583333333333333
47,470,cl31722oi001o396catkehdu1,0,0.57625,0.9339583333333332,0.0515625,0.0604166666666666
47,470,cl3175c4i001s396cws1cud05,0,0.87578125,0.0420833333333333,0.0484375,0.0520833333333333
47,470,cl3178ar0001w396cxexl3rlk,0,0.291015625,0.0200520833333333,0.04375,0.0401041666666666
47,471,cl31445hf0007396cqok6byk7,0,0.665625,0.2572916666666666,0.0453125,0.0625
47,471,cl3144hts000b396c4ihaxgzt,0,0.2461277173913043,0.753804347826087,0.04375,0.0541666666666666
47,471,cl31452bd000n396cl5uyjaty,0,0.8741145833333333,0.6237499999999999,0.0515625,0.0708333333333333
47,471,cl31459ks000r396cqrqm7umg,0,0.565625,0.04375,0.05,0.0604166666666666
47,471,cl314jqvw0018396c8dtr2qtj,0,0.6296875,0.4020833333333333,0.05,0.0583333333333333
47,471,cl31722oi001o396catkehdu1,0,0.57578125,0.9322916666666666,0.0515625,0.0604166666666666
47,471,cl3175c4i001s396cws1cud05,0,0.87734375,0.0427083333333333,0.0484375,0.0520833333333333
47,471,cl3178ar0001w396cxexl3rlk,0,0.29140625,0.0203125,0.04375,0.040625
47,472,cl31445hf0007396cqok6byk7,0,0.665546875,0.2590625,0.0453125,0.0625
47,472,cl3144hts000b396c4ihaxgzt,0,0.2463315217391304,0.753713768115942,0.04375,0.0541666666666666
47,472,cl31452bd000n396cl5uyjaty,0,0.8742812499999999,0.6236666666666667,0.0515625,0.0708333333333333
47,472,cl31459ks000r396cqrqm7umg,0,0.56734375,0.0440625,0.05,0.0604166666666666
47,472,cl314jqvw0018396c8dtr2qtj,0,0.6290625000000001,0.404375,0.05,0.0583333333333333
47,472,cl31722oi001o396catkehdu1,0,0.5753125,0.930625,0.0515625,0.0604166666666666
47,472,cl3175c4i001s396cws1cud05,0,0.87890625,0.0433333333333333,0.0484375,0.0520833333333333
47,472,cl3178ar0001w396cxexl3rlk,0,0.291796875,0.0205729166666666,0.04375,0.0411458333333333
47,473,cl31445hf0007396cqok6byk7,0,0.6654687499999999,0.2608333333333333,0.0453125,0.0624999999999999
47,473,cl3144hts000b396c4ihaxgzt,0,0.2465353260869565,0.7536231884057971,0.04375,0.0541666666666666
47,473,cl31452bd000n396cl5uyjaty,0,0.8744479166666667,0.6235833333333333,0.0515625,0.0708333333333333
47,473,cl31459ks000r396cqrqm7umg,0,0.5690625,0.0443749999999999,0.05,0.0604166666666666
47,473,cl314jqvw0018396c8dtr2qtj,0,0.6284375,0.4066666666666666,0.05,0.0583333333333333
47,473,cl31722oi001o396catkehdu1,0,0.57484375,0.9289583333333332,0.0515625,0.0604166666666666
47,473,cl3175c4i001s396cws1cud05,0,0.88046875,0.0439583333333333,0.0484375,0.0520833333333333
47,473,cl3178ar0001w396cxexl3rlk,0,0.2921875,0.0208333333333333,0.04375,0.0416666666666666
47,474,cl31445hf0007396cqok6byk7,0,0.665390625,0.2626041666666667,0.0453125,0.0625
47,474,cl3144hts000b396c4ihaxgzt,0,0.2467391304347826,0.7535326086956522,0.04375,0.0541666666666666
47,474,cl31452bd000n396cl5uyjaty,0,0.8746145833333333,0.6234999999999999,0.0515625,0.0708333333333333
47,474,cl31459ks000r396cqrqm7umg,0,0.57078125,0.0446875,0.05,0.0604166666666666
47,474,cl314jqvw0018396c8dtr2qtj,0,0.6278125,0.4089583333333333,0.05,0.0583333333333333
47,474,cl31722oi001o396catkehdu1,0,0.5743750000000001,0.9272916666666668,0.0515625,0.0604166666666666
47,474,cl3175c4i001s396cws1cud05,0,0.88203125,0.0445833333333333,0.0484375,0.0520833333333333
47,474,cl3178ar0001w396cxexl3rlk,0,0.292578125,0.02109375,0.04375,0.0421875
47,475,cl31445hf0007396cqok6byk7,0,0.6653125,0.264375,0.0453125,0.0625
47,475,cl3144hts000b396c4ihaxgzt,0,0.2469429347826087,0.7534420289855073,0.04375,0.0541666666666666
47,475,cl31452bd000n396cl5uyjaty,0,0.8747812500000001,0.6234166666666667,0.0515625,0.0708333333333333
47,475,cl31459ks000r396cqrqm7umg,0,0.5725,0.045,0.05,0.0604166666666666
47,475,cl314jqvw0018396c8dtr2qtj,0,0.6271875,0.41125,0.05,0.0583333333333333
47,475,cl31722oi001o396catkehdu1,0,0.5739062500000001,0.925625,0.0515625,0.0604166666666666
47,475,cl3175c4i001s396cws1cud05,0,0.88359375,0.0452083333333333,0.0484375,0.0520833333333333
47,475,cl3178ar0001w396cxexl3rlk,0,0.29296875,0.0213541666666666,0.04375,0.0427083333333333
47,476,cl31445hf0007396cqok6byk7,0,0.665234375,0.2661458333333333,0.0453125,0.0625
47,476,cl3144hts000b396c4ihaxgzt,0,0.2471467391304347,0.7533514492753624,0.04375,0.0541666666666666
47,476,cl31452bd000n396cl5uyjaty,0,0.8749479166666667,0.6233333333333333,0.0515625,0.0708333333333333
47,476,cl31459ks000r396cqrqm7umg,0,0.57421875,0.0453125,0.05,0.0604166666666666
47,476,cl314jqvw0018396c8dtr2qtj,0,0.6265625,0.4135416666666666,0.05,0.0583333333333333
47,476,cl31722oi001o396catkehdu1,0,0.5734375,0.9239583333333332,0.0515625,0.0604166666666666
47,476,cl3175c4i001s396cws1cud05,0,0.88515625,0.0458333333333333,0.0484375,0.0520833333333333
47,476,cl3178ar0001w396cxexl3rlk,0,0.293359375,0.0216145833333333,0.04375,0.0432291666666666
47,477,cl31445hf0007396cqok6byk7,0,0.66515625,0.2679166666666666,0.0453125,0.0625
47,477,cl3144hts000b396c4ihaxgzt,0,0.2473505434782608,0.7532608695652174,0.04375,0.0541666666666666
47,477,cl31452bd000n396cl5uyjaty,0,0.8751145833333334,0.6232500000000001,0.0515625,0.0708333333333333
47,477,cl31459ks000r396cqrqm7umg,0,0.5759375,0.045625,0.05,0.0604166666666666
47,477,cl314jqvw0018396c8dtr2qtj,0,0.6259375,0.4158333333333333,0.05,0.0583333333333333
47,477,cl31722oi001o396catkehdu1,0,0.57296875,0.9222916666666666,0.0515625,0.0604166666666666
47,477,cl3175c4i001s396cws1cud05,0,0.88671875,0.0464583333333333,0.0484375,0.0520833333333333
47,477,cl3178ar0001w396cxexl3rlk,0,0.29375,0.021875,0.04375,0.04375
47,478,cl31445hf0007396cqok6byk7,0,0.665078125,0.2696874999999999,0.0453125,0.0624999999999999
47,478,cl3144hts000b396c4ihaxgzt,0,0.2475543478260869,0.7531702898550725,0.04375,0.0541666666666666
47,478,cl31452bd000n396cl5uyjaty,0,0.8752812499999999,0.6231666666666666,0.0515625,0.0708333333333333
47,478,cl31459ks000r396cqrqm7umg,0,0.57765625,0.0459374999999999,0.05,0.0604166666666666
47,478,cl314jqvw0018396c8dtr2qtj,0,0.6253124999999999,0.4181249999999999,0.05,0.0583333333333333
47,478,cl31722oi001o396catkehdu1,0,0.5725,0.920625,0.0515625,0.0604166666666666
47,478,cl3175c4i001s396cws1cud05,0,0.88828125,0.0470833333333333,0.0484375,0.0520833333333333
47,478,cl3178ar0001w396cxexl3rlk,0,0.294140625,0.0221354166666666,0.04375,0.0442708333333333
47,479,cl31445hf0007396cqok6byk7,0,0.665,0.2714583333333333,0.0453125,0.0625
47,479,cl3144hts000b396c4ihaxgzt,0,0.247758152173913,0.7530797101449275,0.04375,0.0541666666666666
47,479,cl31452bd000n396cl5uyjaty,0,0.8754479166666667,0.6230833333333333,0.0515625,0.0708333333333333
47,479,cl31459ks000r396cqrqm7umg,0,0.579375,0.04625,0.05,0.0604166666666666
47,479,cl314jqvw0018396c8dtr2qtj,0,0.6246875000000001,0.4204166666666667,0.05,0.0583333333333333
47,479,cl31722oi001o396catkehdu1,0,0.57203125,0.9189583333333334,0.0515625,0.0604166666666666
47,479,cl3175c4i001s396cws1cud05,0,0.88984375,0.0477083333333333,0.0484375,0.0520833333333333
47,479,cl3178ar0001w396cxexl3rlk,0,0.29453125,0.0223958333333333,0.04375,0.0447916666666666
47,47,cl31445hf0007396cqok6byk7,0,0.16875,0.4645833333333333,0.0390625,0.05625
47,47,cl3144hts000b396c4ihaxgzt,0,0.1858710106382978,0.7805260047281324,0.04375,0.0541666666666666
47,47,cl3144p8j000g396ci3uqwj2m,0,0.192578125,0.784375,0.0421875,0.05
47,47,cl31452bd000n396cl5uyjaty,0,0.81171875,0.6453125,0.0515625,0.0708333333333333
47,47,cl31459ks000r396cqrqm7umg,0,0.687109375,0.1984375,0.05,0.0604166666666666
47,47,cl314etiv0013396cef6ngytu,0,0.01875,0.6920138888888889,0.0375,0.06875
47,480,cl31445hf0007396cqok6byk7,0,0.664921875,0.2732291666666667,0.0453125,0.0625
47,480,cl3144hts000b396c4ihaxgzt,0,0.2479619565217391,0.7529891304347825,0.04375,0.0541666666666666
47,480,cl31452bd000n396cl5uyjaty,0,0.8756145833333333,0.623,0.0515625,0.0708333333333333
47,480,cl31459ks000r396cqrqm7umg,0,0.58109375,0.0465625,0.05,0.0604166666666666
47,480,cl314jqvw0018396c8dtr2qtj,0,0.6240625,0.4227083333333333,0.05,0.0583333333333333
47,480,cl31722oi001o396catkehdu1,0,0.5715625,0.9172916666666668,0.0515625,0.0604166666666666
47,480,cl3175c4i001s396cws1cud05,0,0.89140625,0.0483333333333333,0.0484375,0.0520833333333333
47,480,cl3178ar0001w396cxexl3rlk,0,0.294921875,0.02265625,0.04375,0.0453125
47,481,cl31445hf0007396cqok6byk7,0,0.66484375,0.275,0.0453125,0.0625
47,481,cl3144hts000b396c4ihaxgzt,0,0.2481657608695652,0.7528985507246376,0.04375,0.0541666666666666
47,481,cl31452bd000n396cl5uyjaty,0,0.87578125,0.6229166666666667,0.0515625,0.0708333333333333
47,481,cl31459ks000r396cqrqm7umg,0,0.5828125,0.046875,0.05,0.0604166666666666
47,481,cl314jqvw0018396c8dtr2qtj,0,0.6234375,0.425,0.05,0.0583333333333333
47,481,cl31722oi001o396catkehdu1,0,0.57109375,0.915625,0.0515625,0.0604166666666666
47,481,cl3175c4i001s396cws1cud05,0,0.89296875,0.0489583333333333,0.0484375,0.0520833333333333
47,481,cl3178ar0001w396cxexl3rlk,0,0.2953125,0.0229166666666666,0.04375,0.0458333333333333
47,482,cl31445hf0007396cqok6byk7,0,0.6655381944444445,0.2775462962962963,0.0453125,0.0625
47,482,cl3144hts000b396c4ihaxgzt,0,0.2483695652173913,0.7528079710144927,0.04375,0.0541666666666666
47,482,cl31452bd000n396cl5uyjaty,0,0.8758456829896908,0.6228737113402062,0.0515625,0.0708333333333333
47,482,cl31459ks000r396cqrqm7umg,0,0.584201388888889,0.0480324074074074,0.05,0.0604166666666666
47,482,cl314jqvw0018396c8dtr2qtj,0,0.624826388888889,0.4268518518518518,0.05,0.0583333333333333
47,482,cl31722oi001o396catkehdu1,0,0.57109375,0.914699074074074,0.0515625,0.0604166666666666
47,482,cl3175c4i001s396cws1cud05,0,0.8938368055555556,0.0480324074074074,0.0484375,0.0520833333333333
47,482,cl3178ar0001w396cxexl3rlk,0,0.29375,0.0229166666666666,0.04375,0.0458333333333333
47,483,cl31445hf0007396cqok6byk7,0,0.666232638888889,0.2800925925925926,0.0453125,0.0625
47,483,cl3144hts000b396c4ihaxgzt,0,0.2485733695652174,0.7527173913043478,0.04375,0.0541666666666666
47,483,cl31452bd000n396cl5uyjaty,0,0.8759101159793815,0.6228307560137457,0.0515625,0.0708333333333333
47,483,cl31459ks000r396cqrqm7umg,0,0.5855902777777777,0.0491898148148148,0.05,0.0604166666666666
47,483,cl314jqvw0018396c8dtr2qtj,0,0.6262152777777777,0.4287037037037037,0.05,0.0583333333333333
47,483,cl31722oi001o396catkehdu1,0,0.57109375,0.913773148148148,0.0515625,0.0604166666666666
47,483,cl3175c4i001s396cws1cud05,0,0.894704861111111,0.0471064814814814,0.0484375,0.0520833333333333
47,483,cl3178ar0001w396cxexl3rlk,0,0.2921875,0.0229166666666666,0.04375,0.0458333333333333
47,484,cl31445hf0007396cqok6byk7,0,0.6669270833333333,0.2826388888888889,0.0453125,0.0624999999999999
47,484,cl3144hts000b396c4ihaxgzt,0,0.2487771739130434,0.7526268115942029,0.04375,0.0541666666666666
47,484,cl31452bd000n396cl5uyjaty,0,0.8759745489690722,0.6227878006872852,0.0515625,0.0708333333333333
47,484,cl31459ks000r396cqrqm7umg,0,0.5869791666666667,0.0503472222222222,0.05,0.0604166666666666
47,484,cl314jqvw0018396c8dtr2qtj,0,0.6276041666666667,0.4305555555555555,0.05,0.0583333333333333
47,484,cl31722oi001o396catkehdu1,0,0.57109375,0.9128472222222224,0.0515625,0.0604166666666666
47,484,cl3175c4i001s396cws1cud05,0,0.8955729166666666,0.0461805555555555,0.0484375,0.0520833333333333
47,484,cl3178ar0001w396cxexl3rlk,0,0.290625,0.0229166666666666,0.04375,0.0458333333333333
47,485,cl31445hf0007396cqok6byk7,0,0.6676215277777777,0.2851851851851851,0.0453125,0.0625
47,485,cl3144hts000b396c4ihaxgzt,0,0.2489809782608695,0.7525362318840579,0.04375,0.0541666666666666
47,485,cl31452bd000n396cl5uyjaty,0,0.876038981958763,0.6227448453608246,0.0515625,0.0708333333333333
47,485,cl31459ks000r396cqrqm7umg,0,0.5883680555555555,0.0515046296296296,0.05,0.0604166666666666
47,485,cl314jqvw0018396c8dtr2qtj,0,0.6289930555555555,0.4324074074074074,0.05,0.0583333333333333
47,485,cl31722oi001o396catkehdu1,0,0.57109375,0.9119212962962964,0.0515625,0.0604166666666666
47,485,cl3175c4i001s396cws1cud05,0,0.8964409722222222,0.0452546296296296,0.0484375,0.0520833333333333
47,485,cl3178ar0001w396cxexl3rlk,0,0.2890625,0.0229166666666666,0.04375,0.0458333333333333
47,486,cl31445hf0007396cqok6byk7,0,0.6683159722222223,0.2877314814814815,0.0453125,0.0625
47,486,cl3144hts000b396c4ihaxgzt,0,0.2491847826086956,0.752445652173913,0.04375,0.0541666666666666
47,486,cl31452bd000n396cl5uyjaty,0,0.8761034149484536,0.6227018900343643,0.0515625,0.0708333333333333
47,486,cl31459ks000r396cqrqm7umg,0,0.5897569444444445,0.052662037037037,0.05,0.0604166666666666
47,486,cl314jqvw0018396c8dtr2qtj,0,0.6303819444444445,0.4342592592592593,0.05,0.0583333333333333
47,486,cl31722oi001o396catkehdu1,0,0.57109375,0.9109953703703704,0.0515625,0.0604166666666666
47,486,cl3175c4i001s396cws1cud05,0,0.8973090277777779,0.0443287037037037,0.0484375,0.0520833333333333
47,486,cl3178ar0001w396cxexl3rlk,0,0.2875,0.0229166666666666,0.04375,0.0458333333333333
47,487,cl31445hf0007396cqok6byk7,0,0.6690104166666667,0.2902777777777778,0.0453125,0.0625
47,487,cl3144hts000b396c4ihaxgzt,0,0.2493885869565217,0.7523550724637681,0.04375,0.0541666666666666
47,487,cl31452bd000n396cl5uyjaty,0,0.8761678479381443,0.6226589347079038,0.0515625,0.0708333333333333
47,487,cl31459ks000r396cqrqm7umg,0,0.5911458333333333,0.0538194444444444,0.05,0.0604166666666666
47,487,cl314jqvw0018396c8dtr2qtj,0,0.6317708333333333,0.4361111111111111,0.05,0.0583333333333333
47,487,cl31722oi001o396catkehdu1,0,0.57109375,0.9100694444444444,0.0515625,0.0604166666666666
47,487,cl3175c4i001s396cws1cud05,0,0.8981770833333333,0.0434027777777777,0.0484375,0.0520833333333333
47,487,cl3178ar0001w396cxexl3rlk,0,0.2859375,0.0229166666666666,0.04375,0.0458333333333333
47,488,cl31445hf0007396cqok6byk7,0,0.669704861111111,0.292824074074074,0.0453125,0.0624999999999999
47,488,cl3144hts000b396c4ihaxgzt,0,0.2495923913043478,0.7522644927536232,0.04375,0.0541666666666666
47,488,cl31452bd000n396cl5uyjaty,0,0.876232280927835,0.6226159793814433,0.0515625,0.0708333333333333
47,488,cl31459ks000r396cqrqm7umg,0,0.5925347222222223,0.0549768518518518,0.05,0.0604166666666666
47,488,cl314jqvw0018396c8dtr2qtj,0,0.6331597222222223,0.437962962962963,0.05,0.0583333333333333
47,488,cl31722oi001o396catkehdu1,0,0.57109375,0.9091435185185186,0.0515625,0.0604166666666666
47,488,cl3175c4i001s396cws1cud05,0,0.8990451388888889,0.0424768518518518,0.0484375,0.0520833333333333
47,488,cl3178ar0001w396cxexl3rlk,0,0.284375,0.0229166666666666,0.04375,0.0458333333333333
47,489,cl31445hf0007396cqok6byk7,0,0.6703993055555555,0.2953703703703703,0.0453125,0.0625
47,489,cl3144hts000b396c4ihaxgzt,0,0.2497961956521739,0.7521739130434782,0.04375,0.0541666666666666
47,489,cl31452bd000n396cl5uyjaty,0,0.8762967139175257,0.6225730240549828,0.0515625,0.0708333333333333
47,489,cl31459ks000r396cqrqm7umg,0,0.593923611111111,0.0561342592592592,0.05,0.0604166666666666
47,489,cl314jqvw0018396c8dtr2qtj,0,0.634548611111111,0.4398148148148148,0.05,0.0583333333333333
47,489,cl31722oi001o396catkehdu1,0,0.57109375,0.9082175925925926,0.0515625,0.0604166666666666
47,489,cl3175c4i001s396cws1cud05,0,0.8999131944444445,0.0415509259259259,0.0484375,0.0520833333333333
47,489,cl3178ar0001w396cxexl3rlk,0,0.2828125,0.0229166666666666,0.04375,0.0458333333333333
47,48,cl31445hf0007396cqok6byk7,0,0.16953125,0.4614583333333333,0.0390625,0.05625
47,48,cl3144hts000b396c4ihaxgzt,0,0.1859375,0.7805555555555556,0.04375,0.0541666666666666
47,48,cl3144p8j000g396ci3uqwj2m,0,0.19609375,0.7770833333333333,0.0421875,0.05
47,48,cl31452bd000n396cl5uyjaty,0,0.81328125,0.6458333333333334,0.0515625,0.0708333333333333
47,48,cl31459ks000r396cqrqm7umg,0,0.6828125,0.196875,0.05,0.0604166666666666
47,48,cl314etiv0013396cef6ngytu,0,0.021875,0.696875,0.04375,0.06875
47,490,cl31445hf0007396cqok6byk7,0,0.67109375,0.2979166666666666,0.0453125,0.0625
47,490,cl3144hts000b396c4ihaxgzt,0,0.25,0.7520833333333333,0.04375,0.0541666666666666
47,490,cl31452bd000n396cl5uyjaty,0,0.8763611469072166,0.6225300687285223,0.0515625,0.0708333333333333
47,490,cl31459ks000r396cqrqm7umg,0,0.5953125,0.0572916666666666,0.05,0.0604166666666666
47,490,cl314jqvw0018396c8dtr2qtj,0,0.6359375,0.4416666666666666,0.05,0.0583333333333333
47,490,cl31722oi001o396catkehdu1,0,0.57109375,0.9072916666666668,0.0515625,0.0604166666666666
47,490,cl3175c4i001s396cws1cud05,0,0.90078125,0.040625,0.0484375,0.0520833333333333
47,490,cl3178ar0001w396cxexl3rlk,0,0.28125,0.0229166666666666,0.04375,0.0458333333333333
47,491,cl31445hf0007396cqok6byk7,0,0.6706321022727273,0.2995738636363637,0.0455255681818181,0.0627840909090909
47,491,cl3144hts000b396c4ihaxgzt,0,0.2501280737704918,0.7519467213114753,0.04375,0.0541666666666666
47,491,cl31452bd000n396cl5uyjaty,0,0.8764255798969073,0.6224871134020619,0.0515625,0.0708333333333333
47,491,cl31459ks000r396cqrqm7umg,0,0.5963068181818182,0.0587121212121212,0.05,0.0604166666666666
47,491,cl314jqvw0018396c8dtr2qtj,0,0.6369318181818182,0.4401515151515152,0.05,0.0583333333333333
47,491,cl31722oi001o396catkehdu1,0,0.5710227272727273,0.9059659090909092,0.0515625,0.0604166666666666
47,491,cl3175c4i001s396cws1cud05,0,0.901775568181818,0.0410984848484848,0.0484375,0.0520833333333333
47,491,cl3178ar0001w396cxexl3rlk,0,0.2816761363636363,0.0234375,0.0438920454545454,0.0463068181818181
47,492,cl31445hf0007396cqok6byk7,0,0.6701704545454545,0.3012310606060606,0.0457386363636364,0.0630681818181817
47,492,cl3144hts000b396c4ihaxgzt,0,0.2502561475409836,0.7518101092896176,0.04375,0.0541666666666666
47,492,cl31452bd000n396cl5uyjaty,0,0.876490012886598,0.6224441580756014,0.0515625,0.0708333333333333
47,492,cl31459ks000r396cqrqm7umg,0,0.5973011363636364,0.0601325757575757,0.05,0.0604166666666666
47,492,cl314jqvw0018396c8dtr2qtj,0,0.6379261363636364,0.4386363636363636,0.05,0.0583333333333333
47,492,cl31722oi001o396catkehdu1,0,0.5709517045454546,0.9046401515151516,0.0515625,0.0604166666666666
47,492,cl3175c4i001s396cws1cud05,0,0.9027698863636364,0.0415719696969697,0.0484375,0.0520833333333333
47,492,cl3178ar0001w396cxexl3rlk,0,0.2821022727272727,0.0239583333333333,0.0440340909090908,0.046780303030303
47,493,cl31445hf0007396cqok6byk7,0,0.6697088068181818,0.3028882575757575,0.0459517045454545,0.0633522727272727
47,493,cl3144hts000b396c4ihaxgzt,0,0.2503842213114754,0.7516734972677596,0.04375,0.0541666666666666
47,493,cl31452bd000n396cl5uyjaty,0,0.8765544458762887,0.6224012027491408,0.0515625,0.0708333333333333
47,493,cl31459ks000r396cqrqm7umg,0,0.5982954545454546,0.0615530303030303,0.05,0.0604166666666666
47,493,cl314jqvw0018396c8dtr2qtj,0,0.6389204545454545,0.4371212121212121,0.05,0.0583333333333333
47,493,cl31722oi001o396catkehdu1,0,0.5708806818181819,0.9033143939393938,0.0515625,0.0604166666666666
47,493,cl3175c4i001s396cws1cud05,0,0.9037642045454544,0.0420454545454545,0.0484375,0.0520833333333333
47,493,cl3178ar0001w396cxexl3rlk,0,0.2825284090909091,0.0244791666666666,0.0441761363636363,0.0472537878787878
47,494,cl31445hf0007396cqok6byk7,0,0.669247159090909,0.3045454545454545,0.0461647727272726,0.0636363636363636
47,494,cl3144hts000b396c4ihaxgzt,0,0.2505122950819672,0.7515368852459016,0.04375,0.0541666666666666
47,494,cl31452bd000n396cl5uyjaty,0,0.8766188788659793,0.6223582474226804,0.0515625,0.0708333333333333
47,494,cl31459ks000r396cqrqm7umg,0,0.5992897727272728,0.0629734848484848,0.05,0.0604166666666666
47,494,cl314jqvw0018396c8dtr2qtj,0,0.6399147727272727,0.4356060606060606,0.05,0.0583333333333333
47,494,cl31722oi001o396catkehdu1,0,0.5708096590909091,0.9019886363636364,0.0515625,0.0604166666666666
47,494,cl3175c4i001s396cws1cud05,0,0.9047585227272726,0.0425189393939393,0.0484375,0.0520833333333333
47,494,cl3178ar0001w396cxexl3rlk,0,0.2829545454545454,0.025,0.0443181818181818,0.0477272727272727
47,495,cl31445hf0007396cqok6byk7,0,0.6687855113636363,0.3062026515151515,0.0463778409090909,0.0639204545454545
47,495,cl3144hts000b396c4ihaxgzt,0,0.250640368852459,0.7514002732240438,0.04375,0.0541666666666666
47,495,cl31452bd000n396cl5uyjaty,0,0.87668331185567,0.6223152920962199,0.0515625,0.0708333333333333
47,495,cl31459ks000r396cqrqm7umg,0,0.600284090909091,0.0643939393939393,0.05,0.0604166666666666
47,495,cl314jqvw0018396c8dtr2qtj,0,0.6409090909090909,0.4340909090909091,0.05,0.0583333333333333
47,495,cl31722oi001o396catkehdu1,0,0.5707386363636363,0.9006628787878788,0.0515625,0.0604166666666666
47,495,cl3175c4i001s396cws1cud05,0,0.9057528409090908,0.0429924242424242,0.0484375,0.0520833333333333
47,495,cl3178ar0001w396cxexl3rlk,0,0.2833806818181818,0.0255208333333333,0.0444602272727272,0.0482007575757575
47,496,cl31445hf0007396cqok6byk7,0,0.6683238636363636,0.3078598484848485,0.046590909090909,0.0642045454545454
47,496,cl3144hts000b396c4ihaxgzt,0,0.2507684426229508,0.7512636612021858,0.04375,0.0541666666666666
47,496,cl31452bd000n396cl5uyjaty,0,0.8767477448453608,0.6222723367697595,0.0515625,0.0708333333333333
47,496,cl31459ks000r396cqrqm7umg,0,0.6012784090909091,0.0658143939393939,0.05,0.0604166666666666
47,496,cl314jqvw0018396c8dtr2qtj,0,0.641903409090909,0.4325757575757575,0.05,0.0583333333333333
47,496,cl31722oi001o396catkehdu1,0,0.5706676136363636,0.8993371212121212,0.0515625,0.0604166666666666
47,496,cl3175c4i001s396cws1cud05,0,0.9067471590909092,0.0434659090909091,0.0484375,0.0520833333333333
47,496,cl3178ar0001w396cxexl3rlk,0,0.2838068181818182,0.0260416666666666,0.0446022727272727,0.0486742424242424
47,497,cl31445hf0007396cqok6byk7,0,0.6678622159090909,0.3095170454545454,0.0468039772727273,0.0644886363636363
47,497,cl3144hts000b396c4ihaxgzt,0,0.2508965163934426,0.7511270491803279,0.04375,0.0541666666666666
47,497,cl31452bd000n396cl5uyjaty,0,0.8768121778350515,0.622229381443299,0.0515625,0.0708333333333333
47,497,cl31459ks000r396cqrqm7umg,0,0.6022727272727273,0.0672348484848484,0.05,0.0604166666666666
47,497,cl314jqvw0018396c8dtr2qtj,0,0.6428977272727272,0.431060606060606,0.05,0.0583333333333333
47,497,cl31722oi001o396catkehdu1,0,0.5705965909090909,0.8980113636363637,0.0515625,0.0604166666666666
47,497,cl3175c4i001s396cws1cud05,0,0.9077414772727274,0.0439393939393939,0.0484375,0.0520833333333333
47,497,cl3178ar0001w396cxexl3rlk,0,0.2842329545454545,0.0265625,0.0447443181818181,0.0491477272727272
47,498,cl31445hf0007396cqok6byk7,0,0.6674005681818181,0.3111742424242424,0.0470170454545455,0.0647727272727272
47,498,cl3144hts000b396c4ihaxgzt,0,0.2510245901639344,0.7509904371584699,0.04375,0.0541666666666666
47,498,cl31452bd000n396cl5uyjaty,0,0.8768766108247423,0.6221864261168385,0.0515625,0.0708333333333333
47,498,cl31459ks000r396cqrqm7umg,0,0.6032670454545455,0.068655303030303,0.05,0.0604166666666666
47,498,cl314jqvw0018396c8dtr2qtj,0,0.6438920454545454,0.4295454545454545,0.05,0.0583333333333333
47,498,cl31722oi001o396catkehdu1,0,0.5705255681818182,0.8966856060606061,0.0515625,0.0604166666666666
47,498,cl3175c4i001s396cws1cud05,0,0.9087357954545456,0.0444128787878787,0.0484375,0.0520833333333333
47,498,cl3178ar0001w396cxexl3rlk,0,0.2846590909090909,0.0270833333333333,0.0448863636363636,0.0496212121212121
47,499,cl31445hf0007396cqok6byk7,0,0.6669389204545455,0.3128314393939393,0.0472301136363635,0.0650568181818182
47,499,cl3144hts000b396c4ihaxgzt,0,0.2511526639344262,0.750853825136612,0.04375,0.0541666666666666
47,499,cl31452bd000n396cl5uyjaty,0,0.876941043814433,0.622143470790378,0.0515625,0.0708333333333333
47,499,cl31459ks000r396cqrqm7umg,0,0.6042613636363636,0.0700757575757575,0.05,0.0604166666666666
47,499,cl314jqvw0018396c8dtr2qtj,0,0.6448863636363636,0.428030303030303,0.05,0.0583333333333333
47,499,cl31722oi001o396catkehdu1,0,0.5704545454545454,0.8953598484848484,0.0515625,0.0604166666666666
47,499,cl3175c4i001s396cws1cud05,0,0.9097301136363636,0.0448863636363636,0.0484375,0.0520833333333333
47,499,cl3178ar0001w396cxexl3rlk,0,0.2850852272727272,0.0276041666666666,0.0450284090909091,0.0500946969696969
47,49,cl31445hf0007396cqok6byk7,0,0.1715625,0.4622916666666666,0.0390625,0.05625
47,49,cl3144hts000b396c4ihaxgzt,0,0.1860039893617021,0.7805851063829787,0.04375,0.0541666666666666
47,49,cl3144p8j000g396ci3uqwj2m,0,0.195625,0.7731250000000001,0.0421874999999999,0.05
47,49,cl31452bd000n396cl5uyjaty,0,0.8133512126865672,0.6457711442786069,0.0515625,0.0708333333333333
47,49,cl31459ks000r396cqrqm7umg,0,0.68171875,0.19625,0.05,0.0604166666666666
47,49,cl314etiv0013396cef6ngytu,0,0.0225,0.6956249999999999,0.04375,0.06875
47,4,ckz3x1hsf001j3867igiqk5mn,0,0.2064453125,0.0416666666666666,0.041015625,0.0583333333333333
47,4,cl3143jm20003396cuges2p86,0,0.021484375,0.3979166666666666,0.0375,0.0583333333333333
47,4,cl31445hf0007396cqok6byk7,0,0.112890625,0.5,0.0390625,0.05625
47,4,cl3144hts000b396c4ihaxgzt,0,0.1830119680851064,0.7792553191489362,0.04375,0.0541666666666666
47,4,cl3144p8j000g396ci3uqwj2m,0,0.21484375,0.8260416666666667,0.0421875,0.05
47,4,cl31452bd000n396cl5uyjaty,0,0.8026562500000001,0.65,0.0515625,0.0708333333333333
47,4,cl31459ks000r396cqrqm7umg,0,0.7515625,0.2536458333333333,0.05,0.0604166666666666
47,4,cl3146m3g000z396ce2oi4n9l,0,0.673828125,0.0270833333333333,0.0375,0.05
47,500,cl31445hf0007396cqok6byk7,0,0.6664772727272728,0.3144886363636363,0.0474431818181818,0.065340909090909
47,500,cl3144hts000b396c4ihaxgzt,0,0.251280737704918,0.7507172131147541,0.04375,0.0541666666666666
47,500,cl31452bd000n396cl5uyjaty,0,0.8770054768041238,0.6221005154639175,0.0515625,0.0708333333333333
47,500,cl31459ks000r396cqrqm7umg,0,0.6052556818181818,0.0714962121212121,0.05,0.0604166666666666
47,500,cl314jqvw0018396c8dtr2qtj,0,0.6458806818181818,0.4265151515151515,0.05,0.0583333333333333
47,500,cl31722oi001o396catkehdu1,0,0.5703835227272728,0.8940340909090909,0.0515625,0.0604166666666666
47,500,cl3175c4i001s396cws1cud05,0,0.910724431818182,0.0453598484848484,0.0484375,0.0520833333333333
47,500,cl3178ar0001w396cxexl3rlk,0,0.2855113636363636,0.028125,0.0451704545454545,0.0505681818181818
47,501,cl31445hf0007396cqok6byk7,0,0.666015625,0.3161458333333333,0.04765625,0.065625
47,501,cl3144hts000b396c4ihaxgzt,0,0.2514088114754098,0.7505806010928961,0.04375,0.0541666666666666
47,501,cl31452bd000n396cl5uyjaty,0,0.8770699097938145,0.6220575601374569,0.0515625,0.0708333333333333
47,501,cl31459ks000r396cqrqm7umg,0,0.60625,0.0729166666666666,0.05,0.0604166666666666
47,501,cl314jqvw0018396c8dtr2qtj,0,0.646875,0.425,0.05,0.0583333333333333
47,501,cl31722oi001o396catkehdu1,0,0.5703125,0.8927083333333333,0.0515625,0.0604166666666666
47,501,cl3175c4i001s396cws1cud05,0,0.91171875,0.0458333333333333,0.0484375,0.0520833333333333
47,501,cl3178ar0001w396cxexl3rlk,0,0.2859375,0.0286458333333333,0.0453125,0.0510416666666666
47,502,cl31445hf0007396cqok6byk7,0,0.6655539772727272,0.3178030303030303,0.0478693181818181,0.0659090909090909
47,502,cl3144hts000b396c4ihaxgzt,0,0.2515368852459016,0.7504439890710383,0.04375,0.0541666666666666
47,502,cl31452bd000n396cl5uyjaty,0,0.8771343427835051,0.6220146048109966,0.0515625,0.0708333333333333
47,502,cl31459ks000r396cqrqm7umg,0,0.6072443181818181,0.0743371212121212,0.05,0.0604166666666666
47,502,cl314jqvw0018396c8dtr2qtj,0,0.6478693181818181,0.4234848484848485,0.05,0.0583333333333333
47,502,cl31722oi001o396catkehdu1,0,0.5702414772727272,0.8913825757575757,0.0515625,0.0604166666666666
47,502,cl3175c4i001s396cws1cud05,0,0.9127130681818182,0.0463068181818181,0.0484375,0.0520833333333333
47,502,cl3178ar0001w396cxexl3rlk,0,0.2863636363636363,0.0291666666666666,0.0454545454545454,0.0515151515151515
47,503,cl31445hf0007396cqok6byk7,0,0.6650923295454545,0.3194602272727272,0.0480823863636364,0.0661931818181817
47,503,cl3144hts000b396c4ihaxgzt,0,0.2516649590163934,0.7503073770491804,0.04375,0.0541666666666666
47,503,cl31452bd000n396cl5uyjaty,0,0.8771987757731958,0.6219716494845361,0.0515625,0.0708333333333333
47,503,cl31459ks000r396cqrqm7umg,0,0.6082386363636363,0.0757575757575757,0.05,0.0604166666666666
47,503,cl314jqvw0018396c8dtr2qtj,0,0.6488636363636363,0.4219696969696969,0.05,0.0583333333333333
47,503,cl31722oi001o396catkehdu1,0,0.5701704545454546,0.8900568181818183,0.0515625,0.0604166666666666
47,503,cl3175c4i001s396cws1cud05,0,0.9137073863636364,0.046780303030303,0.0484375,0.0520833333333333
47,503,cl3178ar0001w396cxexl3rlk,0,0.2867897727272727,0.0296875,0.0455965909090908,0.0519886363636363
47,504,cl31445hf0007396cqok6byk7,0,0.6646306818181819,0.3211174242424242,0.0482954545454544,0.0664772727272727
47,504,cl3144hts000b396c4ihaxgzt,0,0.2517930327868852,0.7501707650273224,0.04375,0.0541666666666666
47,504,cl31452bd000n396cl5uyjaty,0,0.8772632087628865,0.6219286941580756,0.0515625,0.0708333333333333
47,504,cl31459ks000r396cqrqm7umg,0,0.6092329545454546,0.0771780303030303,0.05,0.0604166666666666
47,504,cl314jqvw0018396c8dtr2qtj,0,0.6498579545454546,0.4204545454545454,0.05,0.0583333333333333
47,504,cl31722oi001o396catkehdu1,0,0.5700994318181818,0.8887310606060606,0.0515625,0.0604166666666666
47,504,cl3175c4i001s396cws1cud05,0,0.9147017045454544,0.0472537878787878,0.0484375,0.0520833333333333
47,504,cl3178ar0001w396cxexl3rlk,0,0.2872159090909091,0.0302083333333333,0.0457386363636363,0.0524621212121212
47,505,cl31445hf0007396cqok6byk7,0,0.6641690340909091,0.3227746212121212,0.0485085227272726,0.0667613636363636
47,505,cl3144hts000b396c4ihaxgzt,0,0.251921106557377,0.7500341530054644,0.04375,0.0541666666666666
47,505,cl31452bd000n396cl5uyjaty,0,0.8773276417525773,0.6218857388316151,0.0515625,0.0708333333333333
47,505,cl31459ks000r396cqrqm7umg,0,0.6102272727272727,0.0785984848484848,0.05,0.0604166666666666
47,505,cl314jqvw0018396c8dtr2qtj,0,0.6508522727272728,0.4189393939393939,0.05,0.0583333333333333
47,505,cl31722oi001o396catkehdu1,0,0.5700284090909091,0.887405303030303,0.0515625,0.0604166666666666
47,505,cl3175c4i001s396cws1cud05,0,0.9156960227272728,0.0477272727272727,0.0484375,0.0520833333333333
47,505,cl3178ar0001w396cxexl3rlk,0,0.2876420454545454,0.0307291666666666,0.0458806818181818,0.052935606060606
47,506,cl31445hf0007396cqok6byk7,0,0.6637073863636364,0.3244318181818181,0.0487215909090909,0.0670454545454545
47,506,cl3144hts000b396c4ihaxgzt,0,0.2520491803278689,0.7498975409836066,0.04375,0.0541666666666666
47,506,cl31452bd000n396cl5uyjaty,0,0.8773920747422681,0.6218427835051547,0.0515625,0.0708333333333333
47,506,cl31459ks000r396cqrqm7umg,0,0.6112215909090909,0.0800189393939393,0.05,0.0604166666666666
47,506,cl314jqvw0018396c8dtr2qtj,0,0.6518465909090909,0.4174242424242424,0.05,0.0583333333333333
47,506,cl31722oi001o396catkehdu1,0,0.5699573863636364,0.8860795454545455,0.0515625,0.0604166666666666
47,506,cl3175c4i001s396cws1cud05,0,0.9166903409090909,0.0482007575757575,0.0484375,0.0520833333333333
47,506,cl3178ar0001w396cxexl3rlk,0,0.2880681818181818,0.03125,0.0460227272727272,0.0534090909090909
47,507,cl31445hf0007396cqok6byk7,0,0.6632457386363637,0.3260890151515151,0.048934659090909,0.0673295454545454
47,507,cl3144hts000b396c4ihaxgzt,0,0.2521772540983606,0.7497609289617486,0.04375,0.0541666666666666
47,507,cl31452bd000n396cl5uyjaty,0,0.8774565077319588,0.6217998281786942,0.0515625,0.0708333333333333
47,507,cl31459ks000r396cqrqm7umg,0,0.6122159090909091,0.0814393939393939,0.05,0.0604166666666666
47,507,cl314jqvw0018396c8dtr2qtj,0,0.6528409090909091,0.4159090909090909,0.05,0.0583333333333333
47,507,cl31722oi001o396catkehdu1,0,0.5698863636363637,0.8847537878787879,0.0515625,0.0604166666666666
47,507,cl3175c4i001s396cws1cud05,0,0.9176846590909092,0.0486742424242424,0.0484375,0.0520833333333333
47,507,cl3178ar0001w396cxexl3rlk,0,0.2884943181818181,0.0317708333333333,0.0461647727272727,0.0538825757575757
47,508,cl31445hf0007396cqok6byk7,0,0.662784090909091,0.3277462121212121,0.0491477272727273,0.0676136363636363
47,508,cl3144hts000b396c4ihaxgzt,0,0.2523053278688524,0.7496243169398906,0.04375,0.0541666666666666
47,508,cl31452bd000n396cl5uyjaty,0,0.8775209407216495,0.6217568728522337,0.0515625,0.0708333333333333
47,508,cl31459ks000r396cqrqm7umg,0,0.6132102272727272,0.0828598484848484,0.05,0.0604166666666666
47,508,cl314jqvw0018396c8dtr2qtj,0,0.6538352272727272,0.4143939393939393,0.05,0.0583333333333333
47,508,cl31722oi001o396catkehdu1,0,0.5698153409090909,0.8834280303030303,0.0515625,0.0604166666666666
47,508,cl3175c4i001s396cws1cud05,0,0.9186789772727272,0.0491477272727272,0.0484375,0.0520833333333333
47,508,cl3178ar0001w396cxexl3rlk,0,0.2889204545454545,0.0322916666666666,0.0463068181818181,0.0543560606060606
47,509,cl31445hf0007396cqok6byk7,0,0.6623224431818182,0.3294034090909091,0.0493607954545455,0.0678977272727272
47,509,cl3144hts000b396c4ihaxgzt,0,0.2524334016393442,0.7494877049180328,0.04375,0.0541666666666666
47,509,cl31452bd000n396cl5uyjaty,0,0.8775853737113403,0.6217139175257731,0.0515625,0.0708333333333333
47,509,cl31459ks000r396cqrqm7umg,0,0.6142045454545454,0.084280303030303,0.05,0.0604166666666666
47,509,cl314jqvw0018396c8dtr2qtj,0,0.6548295454545454,0.4128787878787879,0.05,0.0583333333333333
47,509,cl31722oi001o396catkehdu1,0,0.5697443181818181,0.8821022727272728,0.0515625,0.0604166666666666
47,509,cl3175c4i001s396cws1cud05,0,0.9196732954545456,0.0496212121212121,0.0484375,0.0520833333333333
47,509,cl3178ar0001w396cxexl3rlk,0,0.2893465909090909,0.0328125,0.0464488636363636,0.0548295454545454
47,50,cl31445hf0007396cqok6byk7,0,0.17359375,0.463125,0.0390625,0.05625
47,50,cl3144hts000b396c4ihaxgzt,0,0.1860704787234042,0.7806146572104019,0.04375,0.0541666666666666
47,50,cl3144p8j000g396ci3uqwj2m,0,0.19515625,0.7691666666666667,0.0421875,0.05
47,50,cl31452bd000n396cl5uyjaty,0,0.8134211753731343,0.6457089552238806,0.0515624999999999,0.0708333333333333
47,50,cl31459ks000r396cqrqm7umg,0,0.680625,0.195625,0.05,0.0604166666666666
47,50,cl314etiv0013396cef6ngytu,0,0.023125,0.6943750000000001,0.04375,0.06875
47,510,cl31445hf0007396cqok6byk7,0,0.6618607954545455,0.331060606060606,0.0495738636363635,0.0681818181818182
47,510,cl3144hts000b396c4ihaxgzt,0,0.2525614754098361,0.7493510928961749,0.04375,0.0541666666666666
47,510,cl31452bd000n396cl5uyjaty,0,0.8776498067010309,0.6216709621993127,0.0515625,0.0708333333333333
47,510,cl31459ks000r396cqrqm7umg,0,0.6151988636363637,0.0857007575757575,0.05,0.0604166666666666
47,510,cl314jqvw0018396c8dtr2qtj,0,0.6558238636363637,0.4113636363636364,0.05,0.0583333333333333
47,510,cl31722oi001o396catkehdu1,0,0.5696732954545454,0.8807765151515151,0.0515625,0.0604166666666666
47,510,cl3175c4i001s396cws1cud05,0,0.9206676136363636,0.0500946969696969,0.0484375,0.0520833333333333
47,510,cl3178ar0001w396cxexl3rlk,0,0.2897727272727272,0.0333333333333333,0.0465909090909091,0.0553030303030303
47,511,cl31445hf0007396cqok6byk7,0,0.6613991477272727,0.332717803030303,0.0497869318181818,0.068465909090909
47,511,cl3144hts000b396c4ihaxgzt,0,0.2526895491803279,0.749214480874317,0.04375,0.0541666666666666
47,511,cl31452bd000n396cl5uyjaty,0,0.8777142396907216,0.6216280068728522,0.0515625,0.0708333333333333
47,511,cl31459ks000r396cqrqm7umg,0,0.6161931818181818,0.0871212121212121,0.05,0.0604166666666666
47,511,cl314jqvw0018396c8dtr2qtj,0,0.6568181818181819,0.4098484848484848,0.05,0.0583333333333333
47,511,cl31722oi001o396catkehdu1,0,0.5696022727272727,0.8794507575757575,0.0515625,0.0604166666666666
47,511,cl3175c4i001s396cws1cud05,0,0.9216619318181818,0.0505681818181818,0.0484375,0.0520833333333333
47,511,cl3178ar0001w396cxexl3rlk,0,0.2901988636363636,0.0338541666666666,0.0467329545454545,0.0557765151515151
47,512,cl31445hf0007396cqok6byk7,0,0.6609375,0.334375,0.05,0.06875
47,512,cl3144hts000b396c4ihaxgzt,0,0.2528176229508196,0.749077868852459,0.04375,0.0541666666666666
47,512,cl31452bd000n396cl5uyjaty,0,0.8777786726804123,0.6215850515463918,0.0515625,0.0708333333333333
47,512,cl31459ks000r396cqrqm7umg,0,0.6171875,0.0885416666666666,0.05,0.0604166666666666
47,512,cl314jqvw0018396c8dtr2qtj,0,0.6578125,0.4083333333333333,0.05,0.0583333333333333
47,512,cl31722oi001o396catkehdu1,0,0.56953125,0.878125,0.0515625,0.0604166666666666
47,512,cl3175c4i001s396cws1cud05,0,0.92265625,0.0510416666666666,0.0484375,0.0520833333333333
47,512,cl3178ar0001w396cxexl3rlk,0,0.290625,0.034375,0.046875,0.05625
47,513,cl31445hf0007396cqok6byk7,0,0.6599609375,0.3360677083333333,0.05,0.06875
47,513,cl3144hts000b396c4ihaxgzt,0,0.2529456967213114,0.7489412568306011,0.04375,0.0541666666666666
47,513,cl31452bd000n396cl5uyjaty,0,0.877843105670103,0.6215420962199313,0.0515625,0.0708333333333333
47,513,cl31459ks000r396cqrqm7umg,0,0.6169791666666666,0.0907638888888889,0.05,0.0604166666666666
47,513,cl314jqvw0018396c8dtr2qtj,0,0.66142578125,0.4091145833333333,0.05,0.0583333333333333
47,513,cl31722oi001o396catkehdu1,0,0.57021484375,0.8770833333333333,0.0515625,0.0604166666666666
47,513,cl3175c4i001s396cws1cud05,0,0.92412109375,0.0520833333333333,0.0484375,0.0520833333333333
47,513,cl3178ar0001w396cxexl3rlk,0,0.29013671875,0.03515625,0.046875,0.05625
47,514,cl31445hf0007396cqok6byk7,0,0.658984375,0.3377604166666667,0.05,0.06875
47,514,cl3144hts000b396c4ihaxgzt,0,0.2530737704918032,0.7488046448087432,0.04375,0.0541666666666666
47,514,cl31452bd000n396cl5uyjaty,0,0.8779075386597939,0.6214991408934708,0.0515625,0.0708333333333333
47,514,cl31459ks000r396cqrqm7umg,0,0.6167708333333334,0.0929861111111111,0.05,0.0604166666666666
47,514,cl314jqvw0018396c8dtr2qtj,0,0.6650390625,0.4098958333333333,0.05,0.0583333333333333
47,514,cl31722oi001o396catkehdu1,0,0.5708984375,0.8760416666666667,0.0515625,0.0604166666666666
47,514,cl3175c4i001s396cws1cud05,0,0.9255859375,0.053125,0.0484375,0.0520833333333333
47,514,cl3178ar0001w396cxexl3rlk,0,0.2896484375,0.0359375,0.046875,0.05625
47,515,cl31445hf0007396cqok6byk7,0,0.6580078125,0.339453125,0.05,0.06875
47,515,cl3144hts000b396c4ihaxgzt,0,0.2532018442622951,0.7486680327868852,0.04375,0.0541666666666666
47,515,cl31452bd000n396cl5uyjaty,0,0.8779719716494846,0.6214561855670103,0.0515625,0.0708333333333333
47,515,cl31459ks000r396cqrqm7umg,0,0.6165625,0.0952083333333333,0.05,0.0604166666666666
47,515,cl314jqvw0018396c8dtr2qtj,0,0.66865234375,0.4106770833333333,0.05,0.0583333333333333
47,515,cl31722oi001o396catkehdu1,0,0.57158203125,0.875,0.0515625,0.0604166666666666
47,515,cl3175c4i001s396cws1cud05,0,0.92705078125,0.0541666666666666,0.0484375,0.0520833333333333
47,515,cl3178ar0001w396cxexl3rlk,0,0.28916015625,0.03671875,0.046875,0.05625
47,516,cl31445hf0007396cqok6byk7,0,0.65703125,0.3411458333333333,0.05,0.06875
47,516,cl3144hts000b396c4ihaxgzt,0,0.2533299180327869,0.7485314207650273,0.04375,0.0541666666666666
47,516,cl31452bd000n396cl5uyjaty,0,0.8780364046391753,0.6214132302405498,0.0515625,0.0708333333333333
47,516,cl31459ks000r396cqrqm7umg,0,0.6163541666666666,0.0974305555555555,0.05,0.0604166666666666
47,516,cl314jqvw0018396c8dtr2qtj,0,0.672265625,0.4114583333333333,0.05,0.0583333333333333
47,516,cl31722oi001o396catkehdu1,0,0.572265625,0.8739583333333333,0.0515625,0.0604166666666666
47,516,cl3175c4i001s396cws1cud05,0,0.928515625,0.0552083333333333,0.0484375,0.0520833333333333
47,516,cl3178ar0001w396cxexl3rlk,0,0.288671875,0.0375,0.046875,0.05625
47,517,cl31445hf0007396cqok6byk7,0,0.6560546875,0.3428385416666666,0.05,0.06875
47,517,cl3144hts000b396c4ihaxgzt,0,0.2534579918032787,0.7483948087431694,0.04375,0.0541666666666666
47,517,cl31452bd000n396cl5uyjaty,0,0.878100837628866,0.6213702749140892,0.0515625,0.0708333333333333
47,517,cl31459ks000r396cqrqm7umg,0,0.6161458333333333,0.0996527777777777,0.05,0.0604166666666666
47,517,cl314jqvw0018396c8dtr2qtj,0,0.67587890625,0.4122395833333333,0.05,0.0583333333333333
47,517,cl31722oi001o396catkehdu1,0,0.57294921875,0.8729166666666667,0.0515625,0.0604166666666666
47,517,cl3175c4i001s396cws1cud05,0,0.92998046875,0.05625,0.0484375,0.0520833333333333
47,517,cl3178ar0001w396cxexl3rlk,0,0.28818359375,0.03828125,0.046875,0.05625
47,518,cl31445hf0007396cqok6byk7,0,0.655078125,0.34453125,0.05,0.06875
47,518,cl3144hts000b396c4ihaxgzt,0,0.2535860655737705,0.7482581967213114,0.04375,0.0541666666666666
47,518,cl31452bd000n396cl5uyjaty,0,0.8781652706185566,0.6213273195876289,0.0515625,0.0708333333333333
47,518,cl31459ks000r396cqrqm7umg,0,0.6159375,0.101875,0.05,0.0604166666666666
47,518,cl314jqvw0018396c8dtr2qtj,0,0.6794921875,0.4130208333333333,0.05,0.0583333333333333
47,518,cl31722oi001o396catkehdu1,0,0.5736328125,0.871875,0.0515625,0.0604166666666666
47,518,cl3175c4i001s396cws1cud05,0,0.9314453125,0.0572916666666666,0.0484375,0.0520833333333333
47,518,cl3178ar0001w396cxexl3rlk,0,0.2876953125,0.0390625,0.046875,0.05625
47,519,cl31445hf0007396cqok6byk7,0,0.6541015625,0.3462239583333333,0.05,0.06875
47,519,cl3144hts000b396c4ihaxgzt,0,0.2537141393442623,0.7481215846994534,0.04375,0.0541666666666666
47,519,cl31452bd000n396cl5uyjaty,0,0.8782297036082474,0.6212843642611684,0.0515625,0.0708333333333333
47,519,cl31459ks000r396cqrqm7umg,0,0.6157291666666667,0.1040972222222222,0.05,0.0604166666666666
47,519,cl314jqvw0018396c8dtr2qtj,0,0.68310546875,0.4138020833333333,0.05,0.0583333333333333
47,519,cl31722oi001o396catkehdu1,0,0.57431640625,0.8708333333333333,0.0515625,0.0604166666666666
47,519,cl3175c4i001s396cws1cud05,0,0.93291015625,0.0583333333333333,0.0484375,0.0520833333333333
47,519,cl3178ar0001w396cxexl3rlk,0,0.28720703125,0.03984375,0.046875,0.05625
47,51,cl31445hf0007396cqok6byk7,0,0.175625,0.4639583333333333,0.0390625,0.05625
47,51,cl3144hts000b396c4ihaxgzt,0,0.1861369680851063,0.7806442080378251,0.04375,0.0541666666666666
47,51,cl3144p8j000g396ci3uqwj2m,0,0.1946874999999999,0.7652083333333334,0.0421875,0.05
47,51,cl31452bd000n396cl5uyjaty,0,0.8134911380597014,0.6456467661691542,0.0515624999999999,0.0708333333333333
47,51,cl31459ks000r396cqrqm7umg,0,0.6795312499999999,0.1949999999999999,0.05,0.0604166666666666
47,51,cl314etiv0013396cef6ngytu,0,0.02375,0.693125,0.04375,0.06875
47,520,cl31445hf0007396cqok6byk7,0,0.653125,0.3479166666666666,0.05,0.06875
47,520,cl3144hts000b396c4ihaxgzt,0,0.2538422131147541,0.7479849726775957,0.04375,0.0541666666666666
47,520,cl31452bd000n396cl5uyjaty,0,0.8782941365979381,0.6212414089347079,0.0515625,0.0708333333333333
47,520,cl31459ks000r396cqrqm7umg,0,0.6155208333333333,0.1063194444444444,0.05,0.0604166666666666
47,520,cl314jqvw0018396c8dtr2qtj,0,0.68671875,0.4145833333333333,0.05,0.0583333333333333
47,520,cl31722oi001o396catkehdu1,0,0.575,0.8697916666666666,0.0515625,0.0604166666666666
47,520,cl3175c4i001s396cws1cud05,0,0.934375,0.059375,0.0484375,0.0520833333333333
47,520,cl3178ar0001w396cxexl3rlk,0,0.28671875,0.040625,0.046875,0.05625
47,521,cl31445hf0007396cqok6byk7,0,0.6521484375,0.349609375,0.05,0.06875
47,521,cl3144hts000b396c4ihaxgzt,0,0.2539702868852459,0.7478483606557377,0.04375,0.0541666666666666
47,521,cl31452bd000n396cl5uyjaty,0,0.8783585695876288,0.6211984536082474,0.0515625,0.0708333333333333
47,521,cl31459ks000r396cqrqm7umg,0,0.6153125,0.1085416666666666,0.05,0.0604166666666666
47,521,cl314jqvw0018396c8dtr2qtj,0,0.69033203125,0.4153645833333333,0.05,0.0583333333333333
47,521,cl31722oi001o396catkehdu1,0,0.57568359375,0.86875,0.0515625,0.0604166666666666
47,521,cl3175c4i001s396cws1cud05,0,0.93583984375,0.0604166666666666,0.0484375,0.0520833333333333
47,521,cl3178ar0001w396cxexl3rlk,0,0.28623046875,0.04140625,0.046875,0.05625
47,522,cl31445hf0007396cqok6byk7,0,0.651171875,0.3513020833333333,0.05,0.06875
47,522,cl3144hts000b396c4ihaxgzt,0,0.2540983606557377,0.7477117486338798,0.04375,0.0541666666666666
47,522,cl31452bd000n396cl5uyjaty,0,0.8784230025773196,0.621155498281787,0.0515625,0.0708333333333333
47,522,cl31459ks000r396cqrqm7umg,0,0.6151041666666667,0.1107638888888889,0.05,0.0604166666666666
47,522,cl314jqvw0018396c8dtr2qtj,0,0.6939453125,0.4161458333333333,0.05,0.0583333333333333
47,522,cl31722oi001o396catkehdu1,0,0.5763671875,0.8677083333333333,0.0515625,0.0604166666666666
47,522,cl3175c4i001s396cws1cud05,0,0.9373046875,0.0614583333333333,0.0484375,0.0520833333333333
47,522,cl3178ar0001w396cxexl3rlk,0,0.2857421875,0.0421875,0.046875,0.05625
47,523,cl31445hf0007396cqok6byk7,0,0.6501953125,0.3529947916666666,0.05,0.06875
47,523,cl3144hts000b396c4ihaxgzt,0,0.2542264344262295,0.7475751366120219,0.04375,0.0541666666666666
47,523,cl31452bd000n396cl5uyjaty,0,0.8784874355670104,0.6211125429553265,0.0515625,0.0708333333333333
47,523,cl31459ks000r396cqrqm7umg,0,0.6148958333333334,0.1129861111111111,0.05,0.0604166666666666
47,523,cl314jqvw0018396c8dtr2qtj,0,0.69755859375,0.4169270833333333,0.05,0.0583333333333333
47,523,cl31722oi001o396catkehdu1,0,0.57705078125,0.8666666666666667,0.0515625,0.0604166666666666
47,523,cl3175c4i001s396cws1cud05,0,0.93876953125,0.0625,0.0484375,0.0520833333333333
47,523,cl3178ar0001w396cxexl3rlk,0,0.28525390625,0.04296875,0.046875,0.05625
47,524,cl31445hf0007396cqok6byk7,0,0.64921875,0.3546875,0.05,0.06875
47,524,cl3144hts000b396c4ihaxgzt,0,0.2543545081967213,0.7474385245901639,0.04375,0.0541666666666666
47,524,cl31452bd000n396cl5uyjaty,0,0.8785518685567011,0.621069587628866,0.0515625,0.0708333333333333
47,524,cl31459ks000r396cqrqm7umg,0,0.6146874999999999,0.1152083333333333,0.05,0.0604166666666666
47,524,cl314jqvw0018396c8dtr2qtj,0,0.701171875,0.4177083333333333,0.05,0.0583333333333333
47,524,cl31722oi001o396catkehdu1,0,0.577734375,0.865625,0.0515625,0.0604166666666666
47,524,cl3175c4i001s396cws1cud05,0,0.940234375,0.0635416666666666,0.0484375,0.0520833333333333
47,524,cl3178ar0001w396cxexl3rlk,0,0.284765625,0.04375,0.046875,0.05625
47,525,cl31445hf0007396cqok6byk7,0,0.6482421875,0.3563802083333333,0.05,0.06875
47,525,cl3144hts000b396c4ihaxgzt,0,0.2544825819672131,0.747301912568306,0.04375,0.0541666666666666
47,525,cl31452bd000n396cl5uyjaty,0,0.8786163015463918,0.6210266323024054,0.0515625,0.0708333333333333
47,525,cl31459ks000r396cqrqm7umg,0,0.6144791666666667,0.1174305555555555,0.05,0.0604166666666666
47,525,cl314jqvw0018396c8dtr2qtj,0,0.70478515625,0.4184895833333333,0.05,0.0583333333333333
47,525,cl31722oi001o396catkehdu1,0,0.57841796875,0.8645833333333334,0.0515625,0.0604166666666666
47,525,cl3175c4i001s396cws1cud05,0,0.94169921875,0.0645833333333333,0.0484375,0.0520833333333333
47,525,cl3178ar0001w396cxexl3rlk,0,0.28427734375,0.04453125,0.046875,0.05625
47,526,cl31445hf0007396cqok6byk7,0,0.647265625,0.3580729166666667,0.05,0.06875
47,526,cl3144hts000b396c4ihaxgzt,0,0.2546106557377049,0.7471653005464481,0.04375,0.0541666666666666
47,526,cl31452bd000n396cl5uyjaty,0,0.8786807345360824,0.620983676975945,0.0515625,0.0708333333333333
47,526,cl31459ks000r396cqrqm7umg,0,0.6142708333333333,0.1196527777777777,0.05,0.0604166666666666
47,526,cl314jqvw0018396c8dtr2qtj,0,0.7083984375,0.4192708333333333,0.05,0.0583333333333333
47,526,cl31722oi001o396catkehdu1,0,0.5791015625,0.8635416666666667,0.0515625,0.0604166666666666
47,526,cl3175c4i001s396cws1cud05,0,0.9431640625,0.065625,0.0484375,0.0520833333333333
47,526,cl3178ar0001w396cxexl3rlk,0,0.2837890625,0.0453125,0.046875,0.05625
47,527,cl31445hf0007396cqok6byk7,0,0.6462890625,0.359765625,0.05,0.06875
47,527,cl3144hts000b396c4ihaxgzt,0,0.2547387295081967,0.7470286885245901,0.04375,0.0541666666666666
47,527,cl31452bd000n396cl5uyjaty,0,0.8787451675257731,0.6209407216494846,0.0515625,0.0708333333333333
47,527,cl31459ks000r396cqrqm7umg,0,0.6140625,0.121875,0.05,0.0604166666666666
47,527,cl314jqvw0018396c8dtr2qtj,0,0.71201171875,0.4200520833333333,0.05,0.0583333333333333
47,527,cl31722oi001o396catkehdu1,0,0.57978515625,0.8625,0.0515625,0.0604166666666666
47,527,cl3175c4i001s396cws1cud05,0,0.94462890625,0.0666666666666666,0.0484375,0.0520833333333333
47,527,cl3178ar0001w396cxexl3rlk,0,0.28330078125,0.04609375,0.046875,0.05625
47,528,cl31445hf0007396cqok6byk7,0,0.6453125,0.3614583333333333,0.05,0.06875
47,528,cl3144hts000b396c4ihaxgzt,0,0.2548668032786885,0.7468920765027323,0.04375,0.0541666666666666
47,528,cl31452bd000n396cl5uyjaty,0,0.8788096005154639,0.6208977663230241,0.0515625,0.0708333333333333
47,528,cl31459ks000r396cqrqm7umg,0,0.6138541666666667,0.1240972222222222,0.05,0.0604166666666666
47,528,cl314jqvw0018396c8dtr2qtj,0,0.715625,0.4208333333333333,0.05,0.0583333333333333
47,528,cl31722oi001o396catkehdu1,0,0.58046875,0.8614583333333333,0.0515625,0.0604166666666666
47,528,cl3175c4i001s396cws1cud05,0,0.94609375,0.0677083333333333,0.0484375,0.0520833333333333
47,528,cl3178ar0001w396cxexl3rlk,0,0.2828125,0.046875,0.046875,0.05625
47,529,cl31445hf0007396cqok6byk7,0,0.6462053571428571,0.362797619047619,0.05,0.06875
47,529,cl3144hts000b396c4ihaxgzt,0,0.2549948770491803,0.7467554644808743,0.04375,0.0541666666666666
47,529,cl31452bd000n396cl5uyjaty,0,0.8788740335051546,0.6208548109965636,0.0515625,0.0708333333333333
47,529,cl31459ks000r396cqrqm7umg,0,0.6136458333333333,0.1263194444444444,0.05,0.0604166666666666
47,529,cl314jqvw0018396c8dtr2qtj,0,0.7176339285714286,0.4188988095238095,0.05,0.0583333333333333
47,529,cl31722oi001o396catkehdu1,0,0.5801339285714285,0.8602678571428571,0.0515625,0.0604166666666666
47,529,cl3175c4i001s396cws1cud05,0,0.9467633928571428,0.0693452380952381,0.0484375,0.0520833333333333
47,529,cl3178ar0001w396cxexl3rlk,0,0.2818080357142857,0.0464285714285714,0.046875,0.05625
47,52,cl31445hf0007396cqok6byk7,0,0.17765625,0.4647916666666666,0.0390625,0.05625
47,52,cl3144hts000b396c4ihaxgzt,0,0.1862034574468085,0.7806737588652483,0.04375,0.0541666666666666
47,52,cl3144p8j000g396ci3uqwj2m,0,0.19421875,0.76125,0.0421875,0.05
47,52,cl31452bd000n396cl5uyjaty,0,0.8135611007462688,0.645584577114428,0.0515625,0.0708333333333333
47,52,cl31459ks000r396cqrqm7umg,0,0.6784375,0.194375,0.05,0.0604166666666666
47,52,cl314etiv0013396cef6ngytu,0,0.024375,0.691875,0.04375,0.06875
47,530,cl31445hf0007396cqok6byk7,0,0.6470982142857143,0.3641369047619047,0.05,0.06875
47,530,cl3144hts000b396c4ihaxgzt,0,0.2551229508196721,0.7466188524590164,0.04375,0.0541666666666666
47,530,cl31452bd000n396cl5uyjaty,0,0.8789384664948454,0.6208118556701031,0.0515625,0.0708333333333333
47,530,cl31459ks000r396cqrqm7umg,0,0.6134375000000001,0.1285416666666666,0.05,0.0604166666666666
47,530,cl314jqvw0018396c8dtr2qtj,0,0.7196428571428571,0.4169642857142857,0.05,0.0583333333333333
47,530,cl31722oi001o396catkehdu1,0,0.5797991071428571,0.859077380952381,0.0515625,0.0604166666666666
47,530,cl3175c4i001s396cws1cud05,0,0.9474330357142856,0.0709821428571428,0.0484375,0.0520833333333333
47,530,cl3178ar0001w396cxexl3rlk,0,0.2808035714285714,0.0459821428571428,0.046875,0.05625
47,531,cl31445hf0007396cqok6byk7,0,0.6479910714285715,0.3654761904761904,0.05,0.06875
47,531,cl3144hts000b396c4ihaxgzt,0,0.2552510245901639,0.7464822404371585,0.04375,0.0541666666666666
47,531,cl31452bd000n396cl5uyjaty,0,0.8790028994845361,0.6207689003436426,0.0515625,0.0708333333333333
47,531,cl31459ks000r396cqrqm7umg,0,0.6132291666666666,0.1307638888888888,0.05,0.0604166666666666
47,531,cl314jqvw0018396c8dtr2qtj,0,0.7216517857142857,0.4150297619047619,0.05,0.0583333333333333
47,531,cl31722oi001o396catkehdu1,0,0.5794642857142857,0.8578869047619048,0.0515625,0.0604166666666666
47,531,cl3175c4i001s396cws1cud05,0,0.9481026785714286,0.0726190476190476,0.0484375,0.0520833333333333
47,531,cl3178ar0001w396cxexl3rlk,0,0.2797991071428571,0.0455357142857142,0.046875,0.0562499999999999
47,532,cl31445hf0007396cqok6byk7,0,0.6488839285714285,0.3668154761904762,0.05,0.06875
47,532,cl3144hts000b396c4ihaxgzt,0,0.2553790983606557,0.7463456284153005,0.04375,0.0541666666666666
47,532,cl31452bd000n396cl5uyjaty,0,0.8790673324742269,0.6207259450171821,0.0515625,0.0708333333333333
47,532,cl31459ks000r396cqrqm7umg,0,0.6130208333333333,0.1329861111111111,0.05,0.0604166666666666
47,532,cl314jqvw0018396c8dtr2qtj,0,0.7236607142857143,0.413095238095238,0.05,0.0583333333333333
47,532,cl31722oi001o396catkehdu1,0,0.5791294642857143,0.8566964285714286,0.0515625,0.0604166666666666
47,532,cl3175c4i001s396cws1cud05,0,0.9487723214285714,0.0742559523809523,0.0484375,0.0520833333333333
47,532,cl3178ar0001w396cxexl3rlk,0,0.2787946428571428,0.0450892857142857,0.046875,0.05625
47,533,cl31445hf0007396cqok6byk7,0,0.6497767857142857,0.3681547619047619,0.05,0.06875
47,533,cl3144hts000b396c4ihaxgzt,0,0.2555071721311475,0.7462090163934427,0.04375,0.0541666666666666
47,533,cl31452bd000n396cl5uyjaty,0,0.8791317654639176,0.6206829896907216,0.0515625,0.0708333333333333
47,533,cl31459ks000r396cqrqm7umg,0,0.6128125,0.1352083333333333,0.05,0.0604166666666666
47,533,cl314jqvw0018396c8dtr2qtj,0,0.7256696428571429,0.4111607142857142,0.05,0.0583333333333333
47,533,cl31722oi001o396catkehdu1,0,0.5787946428571429,0.8555059523809524,0.0515625,0.0604166666666666
47,533,cl3175c4i001s396cws1cud05,0,0.9494419642857144,0.0758928571428571,0.0484375,0.0520833333333333
47,533,cl3178ar0001w396cxexl3rlk,0,0.2777901785714285,0.0446428571428571,0.046875,0.05625
47,534,cl31445hf0007396cqok6byk7,0,0.6506696428571429,0.3694940476190476,0.05,0.06875
47,534,cl3144hts000b396c4ihaxgzt,0,0.2556352459016393,0.7460724043715847,0.04375,0.0541666666666666
47,534,cl31452bd000n396cl5uyjaty,0,0.8791961984536082,0.6206400343642612,0.0515625,0.0708333333333333
47,534,cl31459ks000r396cqrqm7umg,0,0.6126041666666666,0.1374305555555555,0.05,0.0604166666666666
47,534,cl314jqvw0018396c8dtr2qtj,0,0.7276785714285714,0.4092261904761904,0.05,0.0583333333333333
47,534,cl31722oi001o396catkehdu1,0,0.5784598214285714,0.8543154761904762,0.0515625,0.0604166666666666
47,534,cl3175c4i001s396cws1cud05,0,0.9501116071428573,0.0775297619047619,0.0484375,0.0520833333333333
47,534,cl3178ar0001w396cxexl3rlk,0,0.2767857142857143,0.0441964285714285,0.046875,0.05625
47,535,cl31445hf0007396cqok6byk7,0,0.6515625,0.3708333333333333,0.05,0.06875
47,535,cl3144hts000b396c4ihaxgzt,0,0.2557633196721311,0.7459357923497267,0.04375,0.0541666666666666
47,535,cl31452bd000n396cl5uyjaty,0,0.8792606314432989,0.6205970790378007,0.0515625,0.0708333333333333
47,535,cl31459ks000r396cqrqm7umg,0,0.6123958333333334,0.1396527777777777,0.05,0.0604166666666666
47,535,cl314jqvw0018396c8dtr2qtj,0,0.7296875,0.4072916666666666,0.05,0.0583333333333333
47,535,cl31722oi001o396catkehdu1,0,0.578125,0.853125,0.0515625,0.0604166666666666
47,535,cl3175c4i001s396cws1cud05,0,0.95078125,0.0791666666666666,0.0484375,0.0520833333333333
47,535,cl3178ar0001w396cxexl3rlk,0,0.27578125,0.04375,0.046875,0.05625
47,536,cl31445hf0007396cqok6byk7,0,0.6524553571428571,0.372172619047619,0.05,0.06875
47,536,cl3144hts000b396c4ihaxgzt,0,0.2558913934426229,0.7457991803278688,0.04375,0.0541666666666666
47,536,cl31452bd000n396cl5uyjaty,0,0.8793250644329896,0.6205541237113402,0.0515625,0.0708333333333333
47,536,cl31459ks000r396cqrqm7umg,0,0.6121875,0.141875,0.05,0.0604166666666666
47,536,cl314jqvw0018396c8dtr2qtj,0,0.7316964285714286,0.4053571428571428,0.05,0.0583333333333333
47,536,cl31722oi001o396catkehdu1,0,0.5777901785714286,0.8519345238095238,0.0515625,0.0604166666666666
47,536,cl3175c4i001s396cws1cud05,0,0.9514508928571428,0.0808035714285714,0.0484375,0.0520833333333333
47,536,cl3178ar0001w396cxexl3rlk,0,0.2747767857142857,0.0433035714285714,0.046875,0.05625
47,537,cl31445hf0007396cqok6byk7,0,0.6533482142857143,0.3735119047619047,0.05,0.06875
47,537,cl3144hts000b396c4ihaxgzt,0,0.2560194672131147,0.745662568306011,0.04375,0.0541666666666666
47,537,cl31452bd000n396cl5uyjaty,0,0.8793894974226804,0.6205111683848797,0.0515625,0.0708333333333333
47,537,cl31459ks000r396cqrqm7umg,0,0.6119791666666667,0.1440972222222222,0.05,0.0604166666666666
47,537,cl314jqvw0018396c8dtr2qtj,0,0.7337053571428571,0.403422619047619,0.05,0.0583333333333333
47,537,cl31722oi001o396catkehdu1,0,0.5774553571428571,0.8507440476190475,0.0515625,0.0604166666666666
47,537,cl3175c4i001s396cws1cud05,0,0.9521205357142858,0.0824404761904761,0.0484375,0.0520833333333333
47,537,cl3178ar0001w396cxexl3rlk,0,0.2737723214285714,0.0428571428571428,0.046875,0.05625
47,538,cl31445hf0007396cqok6byk7,0,0.6542410714285715,0.3748511904761905,0.05,0.06875
47,538,cl3144hts000b396c4ihaxgzt,0,0.2561475409836066,0.745525956284153,0.04375,0.0541666666666666
47,538,cl31452bd000n396cl5uyjaty,0,0.8794539304123712,0.6204682130584193,0.0515625,0.0708333333333333
47,538,cl31459ks000r396cqrqm7umg,0,0.6117708333333334,0.1463194444444444,0.05,0.0604166666666666
47,538,cl314jqvw0018396c8dtr2qtj,0,0.7357142857142857,0.4014880952380952,0.05,0.0583333333333333
47,538,cl31722oi001o396catkehdu1,0,0.5771205357142857,0.8495535714285715,0.0515625,0.0604166666666666
47,538,cl3175c4i001s396cws1cud05,0,0.9527901785714288,0.0840773809523809,0.0484375,0.0520833333333333
47,538,cl3178ar0001w396cxexl3rlk,0,0.2727678571428572,0.0424107142857142,0.046875,0.0562499999999999
47,539,cl31445hf0007396cqok6byk7,0,0.6551339285714286,0.3761904761904762,0.05,0.06875
47,539,cl3144hts000b396c4ihaxgzt,0,0.2562756147540984,0.7453893442622951,0.04375,0.0541666666666666
47,539,cl31452bd000n396cl5uyjaty,0,0.8795183634020619,0.6204252577319588,0.0515625,0.0708333333333333
47,539,cl31459ks000r396cqrqm7umg,0,0.6115625,0.1485416666666666,0.05,0.0604166666666666
47,539,cl314jqvw0018396c8dtr2qtj,0,0.7377232142857143,0.3995535714285714,0.05,0.0583333333333333
47,539,cl31722oi001o396catkehdu1,0,0.5767857142857143,0.8483630952380953,0.0515625,0.0604166666666666
47,539,cl3175c4i001s396cws1cud05,0,0.9534598214285712,0.0857142857142857,0.0484375,0.0520833333333333
47,539,cl3178ar0001w396cxexl3rlk,0,0.2717633928571428,0.0419642857142857,0.046875,0.05625
47,53,cl31445hf0007396cqok6byk7,0,0.1796875,0.465625,0.0390625,0.05625
47,53,cl3144hts000b396c4ihaxgzt,0,0.1862699468085106,0.7807033096926713,0.04375,0.0541666666666666
47,53,cl3144p8j000g396ci3uqwj2m,0,0.19375,0.7572916666666667,0.0421875,0.05
47,53,cl31452bd000n396cl5uyjaty,0,0.8136310634328359,0.6455223880597015,0.0515625,0.0708333333333333
47,53,cl31459ks000r396cqrqm7umg,0,0.67734375,0.19375,0.05,0.0604166666666666
47,53,cl314etiv0013396cef6ngytu,0,0.025,0.690625,0.04375,0.06875
47,540,cl31445hf0007396cqok6byk7,0,0.6560267857142856,0.3775297619047619,0.05,0.06875
47,540,cl3144hts000b396c4ihaxgzt,0,0.2564036885245901,0.7452527322404372,0.04375,0.0541666666666666
47,540,cl31452bd000n396cl5uyjaty,0,0.8795827963917526,0.6203823024054983,0.0515625,0.0708333333333333
47,540,cl31459ks000r396cqrqm7umg,0,0.6113541666666666,0.1507638888888889,0.05,0.0604166666666666
47,540,cl314jqvw0018396c8dtr2qtj,0,0.7397321428571428,0.3976190476190476,0.05,0.0583333333333333
47,540,cl31722oi001o396catkehdu1,0,0.5764508928571429,0.8471726190476191,0.0515625,0.0604166666666666
47,540,cl3175c4i001s396cws1cud05,0,0.9541294642857142,0.0873511904761904,0.0484375,0.0520833333333333
47,540,cl3178ar0001w396cxexl3rlk,0,0.2707589285714286,0.0415178571428571,0.046875,0.05625
47,541,cl31445hf0007396cqok6byk7,0,0.6569196428571429,0.3788690476190476,0.05,0.06875
47,541,cl3144hts000b396c4ihaxgzt,0,0.2565317622950819,0.7451161202185792,0.04375,0.0541666666666666
47,541,cl31452bd000n396cl5uyjaty,0,0.8796472293814434,0.6203393470790377,0.0515625,0.0708333333333333
47,541,cl31459ks000r396cqrqm7umg,0,0.6111458333333333,0.1529861111111111,0.05,0.0604166666666666
47,541,cl314jqvw0018396c8dtr2qtj,0,0.7417410714285715,0.3956845238095238,0.05,0.0583333333333333
47,541,cl31722oi001o396catkehdu1,0,0.5761160714285715,0.8459821428571428,0.0515625,0.0604166666666666
47,541,cl3175c4i001s396cws1cud05,0,0.9547991071428572,0.0889880952380952,0.0484375,0.0520833333333333
47,541,cl3178ar0001w396cxexl3rlk,0,0.2697544642857142,0.0410714285714285,0.046875,0.05625
47,542,cl31445hf0007396cqok6byk7,0,0.6578125,0.3802083333333333,0.05,0.06875
47,542,cl3144hts000b396c4ihaxgzt,0,0.2566598360655737,0.7449795081967213,0.04375,0.0541666666666666
47,542,cl31452bd000n396cl5uyjaty,0,0.879711662371134,0.6202963917525773,0.0515625,0.0708333333333333
47,542,cl31459ks000r396cqrqm7umg,0,0.6109375,0.1552083333333333,0.05,0.0604166666666666
47,542,cl314jqvw0018396c8dtr2qtj,0,0.74375,0.39375,0.05,0.0583333333333333
47,542,cl31722oi001o396catkehdu1,0,0.57578125,0.8447916666666667,0.0515625,0.0604166666666666
47,542,cl3175c4i001s396cws1cud05,0,0.95546875,0.090625,0.0484375,0.0520833333333333
47,542,cl3178ar0001w396cxexl3rlk,0,0.26875,0.040625,0.046875,0.05625
47,543,cl31445hf0007396cqok6byk7,0,0.6571180555555556,0.383449074074074,0.05,0.06875
47,543,cl3144hts000b396c4ihaxgzt,0,0.2567879098360656,0.7448428961748633,0.04375,0.0541666666666666
47,543,cl31452bd000n396cl5uyjaty,0,0.8797760953608247,0.6202534364261169,0.0515625,0.0708333333333333
47,543,cl31459ks000r396cqrqm7umg,0,0.6098958333333333,0.1572916666666666,0.05,0.0604166666666666
47,543,cl314jqvw0018396c8dtr2qtj,0,0.7440972222222222,0.3925925925925926,0.05,0.0583333333333333
47,543,cl31722oi001o396catkehdu1,0,0.5769965277777778,0.8436342592592593,0.0515625,0.0604166666666666
47,543,cl3175c4i001s396cws1cud05,0,0.9544270833333334,0.0920138888888888,0.0484375,0.0520833333333333
47,543,cl3178ar0001w396cxexl3rlk,0,0.2710069444444444,0.0403935185185185,0.046875,0.0562499999999999
47,544,cl31445hf0007396cqok6byk7,0,0.656423611111111,0.3866898148148148,0.05,0.06875
47,544,cl3144hts000b396c4ihaxgzt,0,0.2569159836065574,0.7447062841530054,0.04375,0.0541666666666666
47,544,cl31452bd000n396cl5uyjaty,0,0.8798405283505154,0.6202104810996564,0.0515625,0.0708333333333333
47,544,cl31459ks000r396cqrqm7umg,0,0.6088541666666667,0.159375,0.05,0.0604166666666666
47,544,cl314jqvw0018396c8dtr2qtj,0,0.7444444444444445,0.3914351851851851,0.05,0.0583333333333333
47,544,cl31722oi001o396catkehdu1,0,0.5782118055555555,0.842476851851852,0.0515625,0.0604166666666666
47,544,cl3175c4i001s396cws1cud05,0,0.9533854166666668,0.0934027777777777,0.0484375,0.0520833333333333
47,544,cl3178ar0001w396cxexl3rlk,0,0.2732638888888888,0.040162037037037,0.046875,0.05625
47,545,cl31445hf0007396cqok6byk7,0,0.6557291666666667,0.3899305555555555,0.05,0.06875
47,545,cl3144hts000b396c4ihaxgzt,0,0.2570440573770491,0.7445696721311476,0.04375,0.0541666666666666
47,545,cl31452bd000n396cl5uyjaty,0,0.8799049613402061,0.6201675257731959,0.0515625,0.0708333333333333
47,545,cl31459ks000r396cqrqm7umg,0,0.6078125,0.1614583333333333,0.05,0.0604166666666666
47,545,cl314jqvw0018396c8dtr2qtj,0,0.7447916666666667,0.3902777777777778,0.05,0.0583333333333333
47,545,cl31722oi001o396catkehdu1,0,0.5794270833333333,0.8413194444444444,0.0515625,0.0604166666666666
47,545,cl3175c4i001s396cws1cud05,0,0.95234375,0.0947916666666666,0.0484375,0.0520833333333333
47,545,cl3178ar0001w396cxexl3rlk,0,0.2755208333333333,0.0399305555555555,0.046875,0.0562499999999999
47,546,cl31445hf0007396cqok6byk7,0,0.6550347222222223,0.3931712962962963,0.05,0.06875
47,546,cl3144hts000b396c4ihaxgzt,0,0.257172131147541,0.7444330601092896,0.04375,0.0541666666666666
47,546,cl31452bd000n396cl5uyjaty,0,0.879969394329897,0.6201245704467354,0.0515625,0.0708333333333333
47,546,cl31459ks000r396cqrqm7umg,0,0.6067708333333333,0.1635416666666666,0.05,0.0604166666666666
47,546,cl314jqvw0018396c8dtr2qtj,0,0.7451388888888889,0.3891203703703703,0.05,0.0583333333333333
47,546,cl31722oi001o396catkehdu1,0,0.5806423611111111,0.8401620370370371,0.0515625,0.0604166666666666
47,546,cl3175c4i001s396cws1cud05,0,0.9513020833333334,0.0961805555555555,0.0484375,0.0520833333333333
47,546,cl3178ar0001w396cxexl3rlk,0,0.2777777777777778,0.039699074074074,0.046875,0.05625
47,547,cl31445hf0007396cqok6byk7,0,0.6543402777777778,0.396412037037037,0.05,0.06875
47,547,cl3144hts000b396c4ihaxgzt,0,0.2573002049180328,0.7442964480874318,0.04375,0.0541666666666666
47,547,cl31452bd000n396cl5uyjaty,0,0.8800338273195877,0.6200816151202749,0.0515625,0.0708333333333333
47,547,cl31459ks000r396cqrqm7umg,0,0.6057291666666667,0.165625,0.05,0.0604166666666666
47,547,cl314jqvw0018396c8dtr2qtj,0,0.7454861111111111,0.3879629629629629,0.05,0.0583333333333333
47,547,cl31722oi001o396catkehdu1,0,0.581857638888889,0.8390046296296296,0.0515625,0.0604166666666666
47,547,cl3175c4i001s396cws1cud05,0,0.9502604166666666,0.0975694444444444,0.0484375,0.0520833333333333
47,547,cl3178ar0001w396cxexl3rlk,0,0.2800347222222222,0.0394675925925925,0.046875,0.05625
47,548,cl31445hf0007396cqok6byk7,0,0.6536458333333333,0.3996527777777778,0.05,0.06875
47,548,cl3144hts000b396c4ihaxgzt,0,0.2574282786885246,0.7441598360655738,0.04375,0.0541666666666666
47,548,cl31452bd000n396cl5uyjaty,0,0.8800982603092784,0.6200386597938145,0.0515625,0.0708333333333333
47,548,cl31459ks000r396cqrqm7umg,0,0.6046875,0.1677083333333333,0.05,0.0604166666666666
47,548,cl314jqvw0018396c8dtr2qtj,0,0.7458333333333333,0.3868055555555555,0.05,0.0583333333333333
47,548,cl31722oi001o396catkehdu1,0,0.5830729166666667,0.8378472222222223,0.0515625,0.0604166666666666
47,548,cl3175c4i001s396cws1cud05,0,0.94921875,0.0989583333333333,0.0484375,0.0520833333333333
47,548,cl3178ar0001w396cxexl3rlk,0,0.2822916666666666,0.0392361111111111,0.046875,0.05625
47,549,cl31445hf0007396cqok6byk7,0,0.6529513888888889,0.4028935185185185,0.05,0.06875
47,549,cl3144hts000b396c4ihaxgzt,0,0.2575563524590164,0.7440232240437158,0.04375,0.0541666666666666
47,549,cl31452bd000n396cl5uyjaty,0,0.8801626932989691,0.6199957044673539,0.0515625,0.0708333333333333
47,549,cl31459ks000r396cqrqm7umg,0,0.6036458333333333,0.1697916666666666,0.05,0.0604166666666666
47,549,cl314jqvw0018396c8dtr2qtj,0,0.7461805555555555,0.3856481481481481,0.05,0.0583333333333333
47,549,cl31722oi001o396catkehdu1,0,0.5842881944444445,0.8366898148148147,0.0515625,0.0604166666666666
47,549,cl3175c4i001s396cws1cud05,0,0.9481770833333334,0.1003472222222222,0.0484375,0.0520833333333333
47,549,cl3178ar0001w396cxexl3rlk,0,0.2845486111111111,0.0390046296296296,0.046875,0.05625
47,54,cl31445hf0007396cqok6byk7,0,0.18171875,0.4664583333333333,0.0390625,0.05625
47,54,cl3144hts000b396c4ihaxgzt,0,0.1863364361702127,0.7807328605200946,0.04375,0.0541666666666666
47,54,cl3144p8j000g396ci3uqwj2m,0,0.19328125,0.7533333333333334,0.0421874999999999,0.05
47,54,cl31452bd000n396cl5uyjaty,0,0.813701026119403,0.6454601990049752,0.0515625,0.0708333333333333
47,54,cl31459ks000r396cqrqm7umg,0,0.67625,0.193125,0.05,0.0604166666666666
47,54,cl314etiv0013396cef6ngytu,0,0.025625,0.689375,0.04375,0.06875
47,550,cl31445hf0007396cqok6byk7,0,0.6522569444444445,0.4061342592592593,0.05,0.06875
47,550,cl3144hts000b396c4ihaxgzt,0,0.2576844262295082,0.743886612021858,0.04375,0.0541666666666666
47,550,cl31452bd000n396cl5uyjaty,0,0.8802271262886597,0.6199527491408935,0.0515625,0.0708333333333333
47,550,cl31459ks000r396cqrqm7umg,0,0.6026041666666667,0.171875,0.05,0.0604166666666666
47,550,cl314jqvw0018396c8dtr2qtj,0,0.7465277777777778,0.3844907407407407,0.05,0.0583333333333333
47,550,cl31722oi001o396catkehdu1,0,0.5855034722222222,0.8355324074074074,0.0515625,0.0604166666666666
47,550,cl3175c4i001s396cws1cud05,0,0.9471354166666666,0.1017361111111111,0.0484375,0.0520833333333333
47,550,cl3178ar0001w396cxexl3rlk,0,0.2868055555555555,0.0387731481481481,0.046875,0.05625
47,551,cl31445hf0007396cqok6byk7,0,0.6515625,0.409375,0.05,0.06875
47,551,cl3144hts000b396c4ihaxgzt,0,0.2578125,0.74375,0.04375,0.0541666666666666
47,551,cl31452bd000n396cl5uyjaty,0,0.8802915592783505,0.619909793814433,0.0515625,0.0708333333333333
47,551,cl31459ks000r396cqrqm7umg,0,0.6015625,0.1739583333333333,0.05,0.0604166666666666
47,551,cl314jqvw0018396c8dtr2qtj,0,0.746875,0.3833333333333333,0.05,0.0583333333333333
47,551,cl31722oi001o396catkehdu1,0,0.58671875,0.834375,0.0515625,0.0604166666666666
47,551,cl3175c4i001s396cws1cud05,0,0.94609375,0.103125,0.0484375,0.0520833333333333
47,551,cl3178ar0001w396cxexl3rlk,0,0.2890625,0.0385416666666666,0.046875,0.05625
47,552,cl31445hf0007396cqok6byk7,0,0.6510110294117647,0.4107230392156863,0.05,0.06875
47,552,cl3144hts000b396c4ihaxgzt,0,0.2579241071428572,0.74375,0.04375,0.0541666666666666
47,552,cl31452bd000n396cl5uyjaty,0,0.8803559922680412,0.6198668384879725,0.0515625,0.0708333333333333
47,552,cl31459ks000r396cqrqm7umg,0,0.6010110294117647,0.1757965686274509,0.05,0.0604166666666666
47,552,cl314jqvw0018396c8dtr2qtj,0,0.7431985294117647,0.3843137254901961,0.05,0.0583333333333333
47,552,cl31722oi001o396catkehdu1,0,0.5861672794117647,0.8333946078431372,0.0515625,0.0604166666666666
47,552,cl3175c4i001s396cws1cud05,0,0.9477481617647058,0.1044730392156862,0.0484375,0.0520833333333333
47,552,cl3178ar0001w396cxexl3rlk,0,0.2885110294117647,0.039031862745098,0.046875,0.05625
47,553,cl31445hf0007396cqok6byk7,0,0.6504595588235295,0.4120710784313725,0.05,0.06875
47,553,cl3144hts000b396c4ihaxgzt,0,0.2580357142857142,0.74375,0.04375,0.0541666666666666
47,553,cl31452bd000n396cl5uyjaty,0,0.8804204252577319,0.619823883161512,0.0515625,0.0708333333333333
47,553,cl31459ks000r396cqrqm7umg,0,0.6004595588235294,0.1776348039215686,0.05,0.0604166666666666
47,553,cl314jqvw0018396c8dtr2qtj,0,0.7395220588235294,0.3852941176470588,0.05,0.0583333333333333
47,553,cl31722oi001o396catkehdu1,0,0.5856158088235295,0.8324142156862745,0.0515625,0.0604166666666666
47,553,cl3175c4i001s396cws1cud05,0,0.9494025735294118,0.1058210784313725,0.0484375,0.0520833333333333
47,553,cl3178ar0001w396cxexl3rlk,0,0.2879595588235294,0.0395220588235294,0.046875,0.05625
47,554,cl31445hf0007396cqok6byk7,0,0.6499080882352941,0.4134191176470588,0.05,0.06875
47,554,cl3144hts000b396c4ihaxgzt,0,0.2581473214285714,0.74375,0.04375,0.0541666666666666
47,554,cl31452bd000n396cl5uyjaty,0,0.8804848582474227,0.6197809278350516,0.0515625,0.0708333333333333
47,554,cl31459ks000r396cqrqm7umg,0,0.5999080882352941,0.1794730392156862,0.05,0.0604166666666666
47,554,cl314jqvw0018396c8dtr2qtj,0,0.7358455882352941,0.3862745098039216,0.05,0.0583333333333333
47,554,cl31722oi001o396catkehdu1,0,0.5850643382352941,0.8314338235294118,0.0515625,0.0604166666666666
47,554,cl3175c4i001s396cws1cud05,0,0.9510569852941176,0.1071691176470588,0.0484375,0.0520833333333333
47,554,cl3178ar0001w396cxexl3rlk,0,0.2874080882352941,0.0400122549019607,0.046875,0.0562499999999999
47,555,cl31445hf0007396cqok6byk7,0,0.6493566176470588,0.4147671568627451,0.05,0.06875
47,555,cl3144hts000b396c4ihaxgzt,0,0.2582589285714285,0.74375,0.04375,0.0541666666666666
47,555,cl31452bd000n396cl5uyjaty,0,0.8805492912371135,0.6197379725085911,0.0515625,0.0708333333333333
47,555,cl31459ks000r396cqrqm7umg,0,0.5993566176470588,0.1813112745098039,0.05,0.0604166666666666
47,555,cl314jqvw0018396c8dtr2qtj,0,0.7321691176470588,0.3872549019607843,0.05,0.0583333333333333
47,555,cl31722oi001o396catkehdu1,0,0.5845128676470588,0.830453431372549,0.0515625,0.0604166666666666
47,555,cl3175c4i001s396cws1cud05,0,0.9527113970588236,0.1085171568627451,0.0484375,0.0520833333333333
47,555,cl3178ar0001w396cxexl3rlk,0,0.2868566176470588,0.0405024509803921,0.046875,0.0562499999999999
47,556,cl31445hf0007396cqok6byk7,0,0.6488051470588235,0.4161151960784314,0.05,0.06875
47,556,cl3144hts000b396c4ihaxgzt,0,0.2583705357142857,0.74375,0.04375,0.0541666666666666
47,556,cl31452bd000n396cl5uyjaty,0,0.8806137242268042,0.6196950171821306,0.0515625,0.0708333333333333
47,556,cl31459ks000r396cqrqm7umg,0,0.5988051470588236,0.1831495098039215,0.05,0.0604166666666666
47,556,cl314jqvw0018396c8dtr2qtj,0,0.7284926470588236,0.388235294117647,0.05,0.0583333333333333
47,556,cl31722oi001o396catkehdu1,0,0.5839613970588236,0.8294730392156863,0.0515625,0.0604166666666666
47,556,cl3175c4i001s396cws1cud05,0,0.9543658088235294,0.1098651960784313,0.0484375,0.0520833333333333
47,556,cl3178ar0001w396cxexl3rlk,0,0.2863051470588235,0.0409926470588235,0.046875,0.05625
47,557,cl31445hf0007396cqok6byk7,0,0.6482536764705882,0.4174632352941176,0.05,0.06875
47,557,cl3144hts000b396c4ihaxgzt,0,0.2584821428571428,0.74375,0.04375,0.0541666666666666
47,557,cl31452bd000n396cl5uyjaty,0,0.8806781572164949,0.61965206185567,0.0515625,0.0708333333333333
47,557,cl31459ks000r396cqrqm7umg,0,0.5982536764705882,0.1849877450980392,0.05,0.0604166666666666
47,557,cl314jqvw0018396c8dtr2qtj,0,0.7248161764705883,0.3892156862745098,0.05,0.0583333333333333
47,557,cl31722oi001o396catkehdu1,0,0.5834099264705882,0.8284926470588235,0.0515625,0.0604166666666666
47,557,cl3175c4i001s396cws1cud05,0,0.9560202205882352,0.1112132352941176,0.0484375,0.0520833333333333
47,557,cl3178ar0001w396cxexl3rlk,0,0.2857536764705882,0.0414828431372549,0.046875,0.05625
47,558,cl31445hf0007396cqok6byk7,0,0.6477022058823529,0.4188112745098039,0.05,0.06875
47,558,cl3144hts000b396c4ihaxgzt,0,0.25859375,0.74375,0.04375,0.0541666666666666
47,558,cl31452bd000n396cl5uyjaty,0,0.8807425902061855,0.6196091065292096,0.0515625,0.0708333333333333
47,558,cl31459ks000r396cqrqm7umg,0,0.5977022058823529,0.1868259803921568,0.05,0.0604166666666666
47,558,cl314jqvw0018396c8dtr2qtj,0,0.7211397058823529,0.3901960784313725,0.05,0.0583333333333333
47,558,cl31722oi001o396catkehdu1,0,0.5828584558823529,0.8275122549019608,0.0515625,0.0604166666666666
47,558,cl3175c4i001s396cws1cud05,0,0.9576746323529411,0.1125612745098039,0.0484375,0.0520833333333333
47,558,cl3178ar0001w396cxexl3rlk,0,0.2852022058823529,0.0419730392156862,0.046875,0.05625
47,559,cl31445hf0007396cqok6byk7,0,0.6471507352941177,0.4201593137254902,0.05,0.06875
47,559,cl3144hts000b396c4ihaxgzt,0,0.2587053571428571,0.74375,0.04375,0.0541666666666666
47,559,cl31452bd000n396cl5uyjaty,0,0.8808070231958762,0.6195661512027492,0.0515625,0.0708333333333333
47,559,cl31459ks000r396cqrqm7umg,0,0.5971507352941177,0.1886642156862745,0.05,0.0604166666666666
47,559,cl314jqvw0018396c8dtr2qtj,0,0.7174632352941177,0.3911764705882353,0.05,0.0583333333333333
47,559,cl31722oi001o396catkehdu1,0,0.5823069852941176,0.826531862745098,0.0515625,0.0604166666666666
47,559,cl3175c4i001s396cws1cud05,0,0.9593290441176472,0.1139093137254902,0.0484375,0.0520833333333333
47,559,cl3178ar0001w396cxexl3rlk,0,0.2846507352941176,0.0424632352941176,0.046875,0.05625
47,55,cl31445hf0007396cqok6byk7,0,0.18375,0.4672916666666667,0.0390625,0.05625
47,55,cl3144hts000b396c4ihaxgzt,0,0.1864029255319149,0.7807624113475177,0.04375,0.0541666666666666
47,55,cl3144p8j000g396ci3uqwj2m,0,0.1928125,0.749375,0.0421875,0.05
47,55,cl31452bd000n396cl5uyjaty,0,0.8137709888059701,0.6453980099502488,0.0515625,0.0708333333333333
47,55,cl31459ks000r396cqrqm7umg,0,0.67515625,0.1925,0.05,0.0604166666666666
47,55,cl314etiv0013396cef6ngytu,0,0.02625,0.688125,0.04375,0.06875
47,560,cl31445hf0007396cqok6byk7,0,0.6465992647058824,0.4215073529411764,0.05,0.06875
47,560,cl3144hts000b396c4ihaxgzt,0,0.2588169642857142,0.74375,0.04375,0.0541666666666666
47,560,cl31452bd000n396cl5uyjaty,0,0.880871456185567,0.6195231958762887,0.0515625,0.0708333333333333
47,560,cl31459ks000r396cqrqm7umg,0,0.5965992647058823,0.1905024509803921,0.05,0.0604166666666666
47,560,cl314jqvw0018396c8dtr2qtj,0,0.7137867647058823,0.3921568627450981,0.05,0.0583333333333333
47,560,cl31722oi001o396catkehdu1,0,0.5817555147058824,0.8255514705882353,0.0515625,0.0604166666666666
47,560,cl3175c4i001s396cws1cud05,0,0.9609834558823528,0.1152573529411764,0.0484375,0.0520833333333333
47,560,cl3178ar0001w396cxexl3rlk,0,0.2840992647058823,0.042953431372549,0.046875,0.05625
47,561,cl31445hf0007396cqok6byk7,0,0.6460477941176471,0.4228553921568627,0.05,0.06875
47,561,cl3144hts000b396c4ihaxgzt,0,0.2589285714285714,0.74375,0.04375,0.0541666666666666
47,561,cl31452bd000n396cl5uyjaty,0,0.8809358891752577,0.6194802405498282,0.0515625,0.0708333333333333
47,561,cl31459ks000r396cqrqm7umg,0,0.5960477941176471,0.1923406862745098,0.05,0.0604166666666666
47,561,cl314jqvw0018396c8dtr2qtj,0,0.7101102941176471,0.3931372549019608,0.05,0.0583333333333333
47,561,cl31722oi001o396catkehdu1,0,0.5812040441176471,0.8245710784313726,0.0515625,0.0604166666666666
47,561,cl3175c4i001s396cws1cud05,0,0.9626378676470588,0.1166053921568627,0.0484375,0.0520833333333333
47,561,cl3178ar0001w396cxexl3rlk,0,0.2835477941176471,0.0434436274509803,0.046875,0.05625
47,562,cl31445hf0007396cqok6byk7,0,0.6454963235294118,0.424203431372549,0.05,0.06875
47,562,cl3144hts000b396c4ihaxgzt,0,0.2590401785714286,0.74375,0.04375,0.0541666666666666
47,562,cl31452bd000n396cl5uyjaty,0,0.8810003221649485,0.6194372852233677,0.0515625,0.0708333333333333
47,562,cl31459ks000r396cqrqm7umg,0,0.5954963235294117,0.1941789215686274,0.05,0.0604166666666666
47,562,cl314jqvw0018396c8dtr2qtj,0,0.7064338235294118,0.3941176470588236,0.05,0.0583333333333333
47,562,cl31722oi001o396catkehdu1,0,0.5806525735294118,0.8235906862745098,0.0515625,0.0604166666666666
47,562,cl3175c4i001s396cws1cud05,0,0.9642922794117648,0.117953431372549,0.0484375,0.0520833333333333
47,562,cl3178ar0001w396cxexl3rlk,0,0.2829963235294118,0.0439338235294117,0.046875,0.05625
47,563,cl31445hf0007396cqok6byk7,0,0.6449448529411764,0.4255514705882353,0.05,0.06875
47,563,cl3144hts000b396c4ihaxgzt,0,0.2591517857142857,0.74375,0.04375,0.0541666666666666
47,563,cl31452bd000n396cl5uyjaty,0,0.8810647551546392,0.6193943298969072,0.0515625,0.0708333333333333
47,563,cl31459ks000r396cqrqm7umg,0,0.5949448529411765,0.1960171568627451,0.05,0.0604166666666666
47,563,cl314jqvw0018396c8dtr2qtj,0,0.7027573529411765,0.3950980392156863,0.05,0.0583333333333333
47,563,cl31722oi001o396catkehdu1,0,0.5801011029411764,0.8226102941176471,0.0515625,0.0604166666666666
47,563,cl3175c4i001s396cws1cud05,0,0.9659466911764708,0.1193014705882353,0.0484375,0.0520833333333333
47,563,cl3178ar0001w396cxexl3rlk,0,0.2824448529411764,0.0444240196078431,0.046875,0.0562499999999999
47,564,cl31445hf0007396cqok6byk7,0,0.6443933823529412,0.4268995098039215,0.05,0.06875
47,564,cl3144hts000b396c4ihaxgzt,0,0.2592633928571428,0.74375,0.04375,0.0541666666666666
47,564,cl31452bd000n396cl5uyjaty,0,0.88112918814433,0.6193513745704468,0.0515625,0.0708333333333333
47,564,cl31459ks000r396cqrqm7umg,0,0.5943933823529413,0.1978553921568627,0.05,0.0604166666666666
47,564,cl314jqvw0018396c8dtr2qtj,0,0.6990808823529412,0.396078431372549,0.05,0.0583333333333333
47,564,cl31722oi001o396catkehdu1,0,0.5795496323529412,0.8216299019607843,0.0515625,0.0604166666666666
47,564,cl3175c4i001s396cws1cud05,0,0.9676011029411764,0.1206495098039215,0.0484375,0.0520833333333333
47,564,cl3178ar0001w396cxexl3rlk,0,0.2818933823529411,0.0449142156862745,0.046875,0.05625
47,565,cl31445hf0007396cqok6byk7,0,0.6438419117647058,0.4282475490196079,0.05,0.06875
47,565,cl3144hts000b396c4ihaxgzt,0,0.259375,0.74375,0.04375,0.0541666666666666
47,565,cl31452bd000n396cl5uyjaty,0,0.8811936211340207,0.6193084192439862,0.0515625,0.0708333333333333
47,565,cl31459ks000r396cqrqm7umg,0,0.5938419117647059,0.1996936274509803,0.05,0.0604166666666666
47,565,cl314jqvw0018396c8dtr2qtj,0,0.6954044117647059,0.3970588235294118,0.05,0.0583333333333333
47,565,cl31722oi001o396catkehdu1,0,0.5789981617647059,0.8206495098039216,0.0515625,0.0604166666666666
47,565,cl3175c4i001s396cws1cud05,0,0.9692555147058824,0.1219975490196078,0.0484375,0.0520833333333333
47,565,cl3178ar0001w396cxexl3rlk,0,0.2813419117647059,0.0454044117647058,0.046875,0.05625
47,566,cl31445hf0007396cqok6byk7,0,0.6432904411764706,0.4295955882352941,0.05,0.06875
47,566,cl3144hts000b396c4ihaxgzt,0,0.2594866071428571,0.74375,0.04375,0.0541666666666666
47,566,cl31452bd000n396cl5uyjaty,0,0.8812580541237113,0.6192654639175258,0.0515625,0.0708333333333333
47,566,cl31459ks000r396cqrqm7umg,0,0.5932904411764706,0.201531862745098,0.05,0.0604166666666666
47,566,cl314jqvw0018396c8dtr2qtj,0,0.6917279411764705,0.3980392156862745,0.05,0.0583333333333333
47,566,cl31722oi001o396catkehdu1,0,0.5784466911764705,0.8196691176470589,0.0515625,0.0604166666666666
47,566,cl3175c4i001s396cws1cud05,0,0.9709099264705884,0.1233455882352941,0.0484375,0.0520833333333333
47,566,cl3178ar0001w396cxexl3rlk,0,0.2807904411764706,0.0458946078431372,0.046875,0.05625
47,567,cl31445hf0007396cqok6byk7,0,0.6427389705882354,0.4309436274509803,0.05,0.06875
47,567,cl3144hts000b396c4ihaxgzt,0,0.2595982142857143,0.74375,0.04375,0.0541666666666666
47,567,cl31452bd000n396cl5uyjaty,0,0.881322487113402,0.6192225085910653,0.0515625,0.0708333333333333
47,567,cl31459ks000r396cqrqm7umg,0,0.5927389705882353,0.2033700980392157,0.05,0.0604166666666666
47,567,cl314jqvw0018396c8dtr2qtj,0,0.6880514705882353,0.3990196078431373,0.05,0.0583333333333333
47,567,cl31722oi001o396catkehdu1,0,0.5778952205882353,0.8186887254901961,0.0515625,0.0604166666666666
47,567,cl3175c4i001s396cws1cud05,0,0.9725643382352942,0.1246936274509804,0.0484375,0.0520833333333333
47,567,cl3178ar0001w396cxexl3rlk,0,0.2802389705882352,0.0463848039215686,0.046875,0.05625
47,568,cl31445hf0007396cqok6byk7,0,0.6421875,0.4322916666666667,0.05,0.06875
47,568,cl3144hts000b396c4ihaxgzt,0,0.2597098214285714,0.74375,0.04375,0.0541666666666666
47,568,cl31452bd000n396cl5uyjaty,0,0.8813869201030927,0.6191795532646048,0.0515625,0.0708333333333333
47,568,cl31459ks000r396cqrqm7umg,0,0.5921875,0.2052083333333333,0.05,0.0604166666666666
47,568,cl314jqvw0018396c8dtr2qtj,0,0.684375,0.4,0.05,0.0583333333333333
47,568,cl31722oi001o396catkehdu1,0,0.57734375,0.8177083333333334,0.0515625,0.0604166666666666
47,568,cl3175c4i001s396cws1cud05,0,0.97421875,0.1260416666666666,0.0484375,0.0520833333333333
47,568,cl3178ar0001w396cxexl3rlk,0,0.2796875,0.046875,0.046875,0.05625
47,569,cl31445hf0007396cqok6byk7,0,0.6421875,0.4341666666666667,0.05,0.06875
47,569,cl3144hts000b396c4ihaxgzt,0,0.2598214285714285,0.74375,0.04375,0.0541666666666666
47,569,cl31452bd000n396cl5uyjaty,0,0.8814513530927834,0.6191365979381444,0.0515625,0.0708333333333333
47,569,cl31459ks000r396cqrqm7umg,0,0.59046875,0.2060416666666666,0.05,0.0604166666666666
47,569,cl314jqvw0018396c8dtr2qtj,0,0.6815625,0.3966666666666666,0.05,0.0583333333333333
47,569,cl31722oi001o396catkehdu1,0,0.576875,0.815625,0.0515625,0.0604166666666666
47,569,cl3175c4i001s396cws1cud05,0,0.974375,0.1252083333333333,0.0484375,0.0520833333333333
47,569,cl3178ar0001w396cxexl3rlk,0,0.28203125,0.0470833333333333,0.046875,0.05625
47,56,cl31445hf0007396cqok6byk7,0,0.18578125,0.4681249999999999,0.0390625,0.05625
47,56,cl3144hts000b396c4ihaxgzt,0,0.186469414893617,0.780791962174941,0.04375,0.0541666666666666
47,56,cl3144p8j000g396ci3uqwj2m,0,0.1923437499999999,0.7454166666666667,0.0421875,0.05
47,56,cl31452bd000n396cl5uyjaty,0,0.8138409514925373,0.6453358208955223,0.0515625,0.0708333333333333
47,56,cl31459ks000r396cqrqm7umg,0,0.6740625,0.191875,0.05,0.0604166666666666
47,56,cl314etiv0013396cef6ngytu,0,0.026875,0.686875,0.04375,0.06875
47,570,cl31445hf0007396cqok6byk7,0,0.6421875,0.4360416666666667,0.05,0.06875
47,570,cl3144hts000b396c4ihaxgzt,0,0.2599330357142857,0.74375,0.04375,0.0541666666666666
47,570,cl31452bd000n396cl5uyjaty,0,0.8815157860824743,0.6190936426116839,0.0515625,0.0708333333333333
47,570,cl31459ks000r396cqrqm7umg,0,0.58875,0.206875,0.05,0.0604166666666666
47,570,cl314jqvw0018396c8dtr2qtj,0,0.67875,0.3933333333333333,0.05,0.0583333333333333
47,570,cl31722oi001o396catkehdu1,0,0.57640625,0.8135416666666667,0.0515625,0.0604166666666666
47,570,cl3175c4i001s396cws1cud05,0,0.97453125,0.124375,0.0484375,0.0520833333333333
47,570,cl3178ar0001w396cxexl3rlk,0,0.284375,0.0472916666666666,0.046875,0.05625
47,571,cl31445hf0007396cqok6byk7,0,0.6421875,0.4379166666666666,0.05,0.06875
47,571,cl3144hts000b396c4ihaxgzt,0,0.2600446428571428,0.74375,0.04375,0.0541666666666666
47,571,cl31452bd000n396cl5uyjaty,0,0.881580219072165,0.6190506872852234,0.0515625,0.0708333333333333
47,571,cl31459ks000r396cqrqm7umg,0,0.58703125,0.2077083333333333,0.05,0.0604166666666666
47,571,cl314jqvw0018396c8dtr2qtj,0,0.6759375000000001,0.3899999999999999,0.05,0.0583333333333333
47,571,cl31722oi001o396catkehdu1,0,0.5759375,0.8114583333333333,0.0515625,0.0604166666666666
47,571,cl3175c4i001s396cws1cud05,0,0.9746875,0.1235416666666666,0.0484375,0.0520833333333333
47,571,cl3178ar0001w396cxexl3rlk,0,0.28671875,0.0474999999999999,0.046875,0.0562499999999999
47,572,cl31445hf0007396cqok6byk7,0,0.6421875,0.4397916666666666,0.05,0.06875
47,572,cl3144hts000b396c4ihaxgzt,0,0.26015625,0.74375,0.04375,0.0541666666666666
47,572,cl31452bd000n396cl5uyjaty,0,0.8816446520618557,0.6190077319587629,0.0515625,0.0708333333333333
47,572,cl31459ks000r396cqrqm7umg,0,0.5853125,0.2085416666666666,0.05,0.0604166666666666
47,572,cl314jqvw0018396c8dtr2qtj,0,0.673125,0.3866666666666666,0.05,0.0583333333333333
47,572,cl31722oi001o396catkehdu1,0,0.57546875,0.809375,0.0515625,0.0604166666666666
47,572,cl3175c4i001s396cws1cud05,0,0.97484375,0.1227083333333333,0.0484375,0.0520833333333333
47,572,cl3178ar0001w396cxexl3rlk,0,0.2890625,0.0477083333333333,0.046875,0.05625
47,573,cl31445hf0007396cqok6byk7,0,0.6421875,0.4416666666666666,0.05,0.06875
47,573,cl3144hts000b396c4ihaxgzt,0,0.2602678571428571,0.74375,0.04375,0.0541666666666666
47,573,cl31452bd000n396cl5uyjaty,0,0.8817090850515464,0.6189647766323023,0.0515625,0.0708333333333333
47,573,cl31459ks000r396cqrqm7umg,0,0.58359375,0.209375,0.05,0.0604166666666666
47,573,cl314jqvw0018396c8dtr2qtj,0,0.6703125,0.3833333333333333,0.05,0.0583333333333333
47,573,cl31722oi001o396catkehdu1,0,0.575,0.8072916666666666,0.0515625,0.0604166666666666
47,573,cl3175c4i001s396cws1cud05,0,0.975,0.121875,0.0484375,0.0520833333333333
47,573,cl3178ar0001w396cxexl3rlk,0,0.29140625,0.0479166666666666,0.046875,0.05625
47,574,cl31445hf0007396cqok6byk7,0,0.6421875,0.4435416666666666,0.05,0.06875
47,574,cl3144hts000b396c4ihaxgzt,0,0.2603794642857143,0.74375,0.04375,0.0541666666666666
47,574,cl31452bd000n396cl5uyjaty,0,0.881773518041237,0.618921821305842,0.0515625,0.0708333333333333
47,574,cl31459ks000r396cqrqm7umg,0,0.5818749999999999,0.2102083333333333,0.05,0.0604166666666666
47,574,cl314jqvw0018396c8dtr2qtj,0,0.6675,0.38,0.05,0.0583333333333333
47,574,cl31722oi001o396catkehdu1,0,0.5745312499999999,0.8052083333333333,0.0515625,0.0604166666666666
47,574,cl3175c4i001s396cws1cud05,0,0.97515625,0.1210416666666666,0.0484375,0.0520833333333333
47,574,cl3178ar0001w396cxexl3rlk,0,0.29375,0.048125,0.046875,0.05625
47,575,cl31445hf0007396cqok6byk7,0,0.6421875,0.4454166666666667,0.05,0.06875
47,575,cl3144hts000b396c4ihaxgzt,0,0.2604910714285714,0.74375,0.04375,0.0541666666666666
47,575,cl31452bd000n396cl5uyjaty,0,0.8818379510309278,0.6188788659793815,0.0515625,0.0708333333333333
47,575,cl31459ks000r396cqrqm7umg,0,0.58015625,0.2110416666666666,0.05,0.0604166666666666
47,575,cl314jqvw0018396c8dtr2qtj,0,0.6646875,0.3766666666666667,0.05,0.0583333333333333
47,575,cl31722oi001o396catkehdu1,0,0.5740624999999999,0.803125,0.0515625,0.0604166666666666
47,575,cl3175c4i001s396cws1cud05,0,0.9753125,0.1202083333333333,0.0484375,0.0520833333333333
47,575,cl3178ar0001w396cxexl3rlk,0,0.29609375,0.0483333333333333,0.046875,0.05625
47,576,cl31445hf0007396cqok6byk7,0,0.6421875,0.4472916666666666,0.05,0.06875
47,576,cl3144hts000b396c4ihaxgzt,0,0.2606026785714285,0.74375,0.04375,0.0541666666666666
47,576,cl31452bd000n396cl5uyjaty,0,0.8819023840206185,0.618835910652921,0.0515625,0.0708333333333333
47,576,cl31459ks000r396cqrqm7umg,0,0.5784374999999999,0.211875,0.05,0.0604166666666666
47,576,cl314jqvw0018396c8dtr2qtj,0,0.661875,0.3733333333333333,0.05,0.0583333333333333
47,576,cl31722oi001o396catkehdu1,0,0.57359375,0.8010416666666667,0.0515625,0.0604166666666666
47,576,cl3175c4i001s396cws1cud05,0,0.97546875,0.119375,0.0484375,0.0520833333333333
47,576,cl3178ar0001w396cxexl3rlk,0,0.2984375,0.0485416666666666,0.046875,0.0562499999999999
47,577,cl31445hf0007396cqok6byk7,0,0.6421875,0.4491666666666666,0.05,0.06875
47,577,cl3144hts000b396c4ihaxgzt,0,0.2607142857142857,0.74375,0.04375,0.0541666666666666
47,577,cl31452bd000n396cl5uyjaty,0,0.8819668170103092,0.6187929553264605,0.0515625,0.0708333333333333
47,577,cl31459ks000r396cqrqm7umg,0,0.5767187500000001,0.2127083333333333,0.05,0.0604166666666666
47,577,cl314jqvw0018396c8dtr2qtj,0,0.6590625,0.37,0.05,0.0583333333333333
47,577,cl31722oi001o396catkehdu1,0,0.573125,0.7989583333333333,0.0515625,0.0604166666666666
47,577,cl3175c4i001s396cws1cud05,0,0.975625,0.1185416666666666,0.0484375,0.0520833333333333
47,577,cl3178ar0001w396cxexl3rlk,0,0.30078125,0.0487499999999999,0.046875,0.05625
47,578,cl31445hf0007396cqok6byk7,0,0.6421875,0.4510416666666667,0.05,0.06875
47,578,cl3144hts000b396c4ihaxgzt,0,0.2608258928571428,0.74375,0.04375,0.0541666666666666
47,578,cl31452bd000n396cl5uyjaty,0,0.88203125,0.61875,0.0515625,0.0708333333333333
47,578,cl31459ks000r396cqrqm7umg,0,0.575,0.2135416666666666,0.05,0.0604166666666666
47,578,cl314jqvw0018396c8dtr2qtj,0,0.65625,0.3666666666666666,0.05,0.0583333333333333
47,578,cl31722oi001o396catkehdu1,0,0.57265625,0.796875,0.0515625,0.0604166666666666
47,578,cl3175c4i001s396cws1cud05,0,0.97578125,0.1177083333333333,0.0484375,0.0520833333333333
47,578,cl3178ar0001w396cxexl3rlk,0,0.303125,0.0489583333333333,0.046875,0.05625
47,579,cl31445hf0007396cqok6byk7,0,0.6423295454545455,0.4535037878787878,0.05,0.06875
47,579,cl3144hts000b396c4ihaxgzt,0,0.2609375,0.74375,0.04375,0.0541666666666666
47,579,cl31452bd000n396cl5uyjaty,0,0.8821047794117647,0.6187009803921569,0.0515625,0.0708333333333333
47,579,cl31459ks000r396cqrqm7umg,0,0.5730113636363636,0.2148674242424242,0.05,0.0604166666666666
47,579,cl314jqvw0018396c8dtr2qtj,0,0.6565340909090909,0.3638257575757576,0.05,0.0583333333333333
47,579,cl31722oi001o396catkehdu1,0,0.5735085227272727,0.7959280303030304,0.0515625,0.0604166666666666
47,579,cl3175c4i001s396cws1cud05,0,0.97578125,0.118465909090909,0.0484375,0.0520833333333333
47,579,cl3178ar0001w396cxexl3rlk,0,0.3019886363636364,0.0500946969696969,0.046875,0.05625
47,57,cl31445hf0007396cqok6byk7,0,0.1878125,0.4689583333333333,0.0390624999999999,0.05625
47,57,cl3144hts000b396c4ihaxgzt,0,0.1865359042553191,0.780821513002364,0.04375,0.0541666666666666
47,57,cl3144p8j000g396ci3uqwj2m,0,0.191875,0.7414583333333333,0.0421875,0.05
47,57,cl31452bd000n396cl5uyjaty,0,0.8139109141791044,0.645273631840796,0.0515624999999999,0.0708333333333333
47,57,cl31459ks000r396cqrqm7umg,0,0.67296875,0.19125,0.05,0.0604166666666666
47,57,cl314etiv0013396cef6ngytu,0,0.0275,0.685625,0.04375,0.06875
47,580,cl31445hf0007396cqok6byk7,0,0.6424715909090909,0.4559659090909091,0.05,0.06875
47,580,cl3144hts000b396c4ihaxgzt,0,0.2610491071428572,0.74375,0.04375,0.0541666666666666
47,580,cl31452bd000n396cl5uyjaty,0,0.8821783088235294,0.6186519607843137,0.0515625,0.0708333333333333
47,580,cl31459ks000r396cqrqm7umg,0,0.5710227272727273,0.2161931818181818,0.05,0.0604166666666666
47,580,cl314jqvw0018396c8dtr2qtj,0,0.6568181818181819,0.3609848484848485,0.05,0.0583333333333333
47,580,cl31722oi001o396catkehdu1,0,0.5743607954545454,0.7949810606060606,0.0515625,0.0604166666666666
47,580,cl3175c4i001s396cws1cud05,0,0.97578125,0.1192234848484848,0.0484375,0.0520833333333333
47,580,cl3178ar0001w396cxexl3rlk,0,0.3008522727272727,0.0512310606060606,0.046875,0.05625
47,581,cl31445hf0007396cqok6byk7,0,0.6426136363636363,0.4584280303030302,0.05,0.06875
47,581,cl3144hts000b396c4ihaxgzt,0,0.2611607142857143,0.74375,0.04375,0.0541666666666666
47,581,cl31452bd000n396cl5uyjaty,0,0.8822518382352941,0.6186029411764706,0.0515625,0.0708333333333333
47,581,cl31459ks000r396cqrqm7umg,0,0.569034090909091,0.2175189393939393,0.05,0.0604166666666666
47,581,cl314jqvw0018396c8dtr2qtj,0,0.6571022727272727,0.3581439393939394,0.05,0.0583333333333333
47,581,cl31722oi001o396catkehdu1,0,0.5752130681818182,0.7940340909090909,0.0515625,0.0604166666666666
47,581,cl3175c4i001s396cws1cud05,0,0.97578125,0.1199810606060606,0.0484375,0.0520833333333333
47,581,cl3178ar0001w396cxexl3rlk,0,0.299715909090909,0.0523674242424242,0.046875,0.0562499999999999
47,582,cl31445hf0007396cqok6byk7,0,0.6427556818181819,0.4608901515151515,0.05,0.06875
47,582,cl3144hts000b396c4ihaxgzt,0,0.2612723214285714,0.74375,0.04375,0.0541666666666666
47,582,cl31452bd000n396cl5uyjaty,0,0.8823253676470589,0.6185539215686274,0.0515625,0.0708333333333333
47,582,cl31459ks000r396cqrqm7umg,0,0.5670454545454546,0.2188446969696969,0.05,0.0604166666666666
47,582,cl314jqvw0018396c8dtr2qtj,0,0.6573863636363637,0.3553030303030303,0.05,0.0583333333333333
47,582,cl31722oi001o396catkehdu1,0,0.5760653409090909,0.7930871212121212,0.0515625,0.0604166666666666
47,582,cl3175c4i001s396cws1cud05,0,0.97578125,0.1207386363636363,0.0484375,0.0520833333333333
47,582,cl3178ar0001w396cxexl3rlk,0,0.2985795454545454,0.0535037878787878,0.046875,0.05625
47,583,cl31445hf0007396cqok6byk7,0,0.6428977272727272,0.4633522727272727,0.05,0.06875
47,583,cl3144hts000b396c4ihaxgzt,0,0.2613839285714285,0.74375,0.04375,0.0541666666666666
47,583,cl31452bd000n396cl5uyjaty,0,0.8823988970588236,0.6185049019607843,0.0515625,0.0708333333333333
47,583,cl31459ks000r396cqrqm7umg,0,0.5650568181818182,0.2201704545454545,0.05,0.0604166666666666
47,583,cl314jqvw0018396c8dtr2qtj,0,0.6576704545454546,0.3524621212121212,0.05,0.0583333333333333
47,583,cl31722oi001o396catkehdu1,0,0.5769176136363636,0.7921401515151516,0.0515625,0.0604166666666666
47,583,cl3175c4i001s396cws1cud05,0,0.97578125,0.1214962121212121,0.0484375,0.0520833333333333
47,583,cl3178ar0001w396cxexl3rlk,0,0.2974431818181818,0.0546401515151515,0.046875,0.05625
47,584,cl31445hf0007396cqok6byk7,0,0.6430397727272728,0.4658143939393939,0.05,0.06875
47,584,cl3144hts000b396c4ihaxgzt,0,0.2614955357142857,0.74375,0.04375,0.0541666666666666
47,584,cl31452bd000n396cl5uyjaty,0,0.8824724264705882,0.6184558823529412,0.0515625,0.0708333333333333
47,584,cl31459ks000r396cqrqm7umg,0,0.5630681818181819,0.2214962121212121,0.05,0.0604166666666666
47,584,cl314jqvw0018396c8dtr2qtj,0,0.6579545454545455,0.3496212121212121,0.05,0.0583333333333333
47,584,cl31722oi001o396catkehdu1,0,0.5777698863636364,0.7911931818181818,0.0515625,0.0604166666666666
47,584,cl3175c4i001s396cws1cud05,0,0.97578125,0.1222537878787878,0.0484375,0.0520833333333333
47,584,cl3178ar0001w396cxexl3rlk,0,0.2963068181818181,0.0557765151515151,0.046875,0.05625
47,585,cl31445hf0007396cqok6byk7,0,0.6431818181818182,0.4682765151515152,0.05,0.06875
47,585,cl3144hts000b396c4ihaxgzt,0,0.2616071428571428,0.74375,0.04375,0.0541666666666666
47,585,cl31452bd000n396cl5uyjaty,0,0.882545955882353,0.618406862745098,0.0515625,0.0708333333333333
47,585,cl31459ks000r396cqrqm7umg,0,0.5610795454545454,0.2228219696969696,0.05,0.0604166666666666
47,585,cl314jqvw0018396c8dtr2qtj,0,0.6582386363636363,0.346780303030303,0.05,0.0583333333333333
47,585,cl31722oi001o396catkehdu1,0,0.5786221590909091,0.7902462121212122,0.0515625,0.0604166666666666
47,585,cl3175c4i001s396cws1cud05,0,0.97578125,0.1230113636363636,0.0484375,0.0520833333333333
47,585,cl3178ar0001w396cxexl3rlk,0,0.2951704545454545,0.0569128787878787,0.046875,0.05625
47,586,cl31445hf0007396cqok6byk7,0,0.6433238636363636,0.4707386363636364,0.05,0.06875
47,586,cl3144hts000b396c4ihaxgzt,0,0.26171875,0.74375,0.04375,0.0541666666666666
47,586,cl31452bd000n396cl5uyjaty,0,0.8826194852941176,0.618357843137255,0.0515625,0.0708333333333333
47,586,cl31459ks000r396cqrqm7umg,0,0.5590909090909091,0.2241477272727272,0.05,0.0604166666666666
47,586,cl314jqvw0018396c8dtr2qtj,0,0.6585227272727272,0.3439393939393939,0.05,0.0583333333333333
47,586,cl31722oi001o396catkehdu1,0,0.5794744318181818,0.7892992424242424,0.0515625,0.0604166666666666
47,586,cl3175c4i001s396cws1cud05,0,0.97578125,0.1237689393939393,0.0484375,0.0520833333333333
47,586,cl3178ar0001w396cxexl3rlk,0,0.2940340909090909,0.0580492424242424,0.046875,0.0562499999999999
47,587,cl31445hf0007396cqok6byk7,0,0.6434659090909091,0.4732007575757576,0.05,0.06875
47,587,cl3144hts000b396c4ihaxgzt,0,0.2618303571428572,0.74375,0.04375,0.0541666666666666
47,587,cl31452bd000n396cl5uyjaty,0,0.8826930147058822,0.6183088235294119,0.0515625,0.0708333333333333
47,587,cl31459ks000r396cqrqm7umg,0,0.5571022727272728,0.2254734848484848,0.05,0.0604166666666666
47,587,cl314jqvw0018396c8dtr2qtj,0,0.6588068181818182,0.3410984848484848,0.05,0.0583333333333333
47,587,cl31722oi001o396catkehdu1,0,0.5803267045454545,0.7883522727272728,0.0515625,0.0604166666666666
47,587,cl3175c4i001s396cws1cud05,0,0.97578125,0.1245265151515151,0.0484375,0.0520833333333333
47,587,cl3178ar0001w396cxexl3rlk,0,0.2928977272727273,0.059185606060606,0.046875,0.0562499999999999
47,588,cl31445hf0007396cqok6byk7,0,0.6436079545454546,0.4756628787878788,0.05,0.06875
47,588,cl3144hts000b396c4ihaxgzt,0,0.2619419642857142,0.74375,0.04375,0.0541666666666666
47,588,cl31452bd000n396cl5uyjaty,0,0.8827665441176471,0.6182598039215687,0.0515625,0.0708333333333333
47,588,cl31459ks000r396cqrqm7umg,0,0.5551136363636363,0.2267992424242424,0.05,0.0604166666666666
47,588,cl314jqvw0018396c8dtr2qtj,0,0.6590909090909091,0.3382575757575757,0.05,0.0583333333333333
47,588,cl31722oi001o396catkehdu1,0,0.5811789772727273,0.787405303030303,0.0515625,0.0604166666666666
47,588,cl3175c4i001s396cws1cud05,0,0.97578125,0.1252840909090909,0.0484375,0.0520833333333333
47,588,cl3178ar0001w396cxexl3rlk,0,0.2917613636363636,0.0603219696969696,0.046875,0.05625
47,589,cl31445hf0007396cqok6byk7,0,0.64375,0.478125,0.05,0.06875
47,589,cl3144hts000b396c4ihaxgzt,0,0.2620535714285714,0.74375,0.04375,0.0541666666666666
47,589,cl31452bd000n396cl5uyjaty,0,0.8828400735294117,0.6182107843137256,0.0515625,0.0708333333333333
47,589,cl31459ks000r396cqrqm7umg,0,0.553125,0.228125,0.05,0.0604166666666666
47,589,cl314jqvw0018396c8dtr2qtj,0,0.659375,0.3354166666666666,0.05,0.0583333333333333
47,589,cl31722oi001o396catkehdu1,0,0.58203125,0.7864583333333334,0.0515625,0.0604166666666666
47,589,cl3175c4i001s396cws1cud05,0,0.97578125,0.1260416666666666,0.0484375,0.0520833333333333
47,589,cl3178ar0001w396cxexl3rlk,0,0.290625,0.0614583333333333,0.046875,0.05625
47,58,cl31445hf0007396cqok6byk7,0,0.18984375,0.4697916666666666,0.0390625,0.05625
47,58,cl3144hts000b396c4ihaxgzt,0,0.1866023936170212,0.7808510638297873,0.04375,0.0541666666666666
47,58,cl3144p8j000g396ci3uqwj2m,0,0.19140625,0.7375,0.0421875,0.05
47,58,cl31452bd000n396cl5uyjaty,0,0.8139808768656716,0.6452114427860696,0.0515624999999999,0.0708333333333333
47,58,cl31459ks000r396cqrqm7umg,0,0.671875,0.190625,0.05,0.0604166666666666
47,58,cl314etiv0013396cef6ngytu,0,0.028125,0.684375,0.04375,0.06875
47,590,cl31445hf0007396cqok6byk7,0,0.6447916666666667,0.4799768518518518,0.05,0.06875
47,590,cl3144hts000b396c4ihaxgzt,0,0.2621651785714285,0.74375,0.04375,0.0541666666666666
47,590,cl31452bd000n396cl5uyjaty,0,0.8829136029411766,0.6181617647058822,0.0515625,0.0708333333333333
47,590,cl31459ks000r396cqrqm7umg,0,0.5520833333333333,0.2274305555555555,0.05,0.0604166666666666
47,590,cl314jqvw0018396c8dtr2qtj,0,0.6597222222222222,0.3321759259259259,0.05,0.0583333333333333
47,590,cl31722oi001o396catkehdu1,0,0.58203125,0.7857638888888889,0.0515625,0.0604166666666666
47,590,cl3175c4i001s396cws1cud05,0,0.97578125,0.1270833333333333,0.0484375,0.0520833333333333
47,590,cl3178ar0001w396cxexl3rlk,0,0.2907986111111111,0.0614583333333333,0.046875,0.05625
47,591,cl31445hf0007396cqok6byk7,0,0.6458333333333333,0.4818287037037037,0.05,0.06875
47,591,cl3144hts000b396c4ihaxgzt,0,0.2622767857142857,0.74375,0.04375,0.0541666666666666
47,591,cl31452bd000n396cl5uyjaty,0,0.8829871323529412,0.6181127450980392,0.0515625,0.0708333333333333
47,591,cl31459ks000r396cqrqm7umg,0,0.5510416666666667,0.2267361111111111,0.05,0.0604166666666666
47,591,cl314jqvw0018396c8dtr2qtj,0,0.6600694444444445,0.3289351851851851,0.05,0.0583333333333333
47,591,cl31722oi001o396catkehdu1,0,0.58203125,0.7850694444444444,0.0515625,0.0604166666666666
47,591,cl3175c4i001s396cws1cud05,0,0.97578125,0.128125,0.0484375,0.0520833333333333
47,591,cl3178ar0001w396cxexl3rlk,0,0.2909722222222222,0.0614583333333333,0.046875,0.05625
47,592,cl31445hf0007396cqok6byk7,0,0.646875,0.4836805555555555,0.05,0.06875
47,592,cl3144hts000b396c4ihaxgzt,0,0.2623883928571428,0.74375,0.04375,0.0541666666666666
47,592,cl31452bd000n396cl5uyjaty,0,0.8830606617647059,0.6180637254901961,0.0515625,0.0708333333333333
47,592,cl31459ks000r396cqrqm7umg,0,0.55,0.2260416666666666,0.05,0.0604166666666666
47,592,cl314jqvw0018396c8dtr2qtj,0,0.6604166666666667,0.3256944444444444,0.05,0.0583333333333333
47,592,cl31722oi001o396catkehdu1,0,0.58203125,0.784375,0.0515625,0.0604166666666666
47,592,cl3175c4i001s396cws1cud05,0,0.97578125,0.1291666666666666,0.0484375,0.0520833333333333
47,592,cl3178ar0001w396cxexl3rlk,0,0.2911458333333333,0.0614583333333333,0.046875,0.05625
47,593,cl31445hf0007396cqok6byk7,0,0.6479166666666667,0.4855324074074074,0.05,0.06875
47,593,cl3144hts000b396c4ihaxgzt,0,0.2625,0.74375,0.04375,0.0541666666666666
47,593,cl31452bd000n396cl5uyjaty,0,0.8831341911764706,0.6180147058823529,0.0515625,0.0708333333333333
47,593,cl31459ks000r396cqrqm7umg,0,0.5489583333333333,0.2253472222222222,0.05,0.0604166666666666
47,593,cl314jqvw0018396c8dtr2qtj,0,0.6607638888888889,0.3224537037037037,0.05,0.0583333333333333
47,593,cl31722oi001o396catkehdu1,0,0.58203125,0.7836805555555556,0.0515625,0.0604166666666666
47,593,cl3175c4i001s396cws1cud05,0,0.97578125,0.1302083333333333,0.0484375,0.0520833333333333
47,593,cl3178ar0001w396cxexl3rlk,0,0.2913194444444444,0.0614583333333333,0.046875,0.05625
47,594,cl31445hf0007396cqok6byk7,0,0.6489583333333333,0.4873842592592592,0.05,0.06875
47,594,cl3144hts000b396c4ihaxgzt,0,0.2626116071428571,0.74375,0.04375,0.0541666666666666
47,594,cl31452bd000n396cl5uyjaty,0,0.8832077205882353,0.6179656862745098,0.0515625,0.0708333333333333
47,594,cl31459ks000r396cqrqm7umg,0,0.5479166666666667,0.2246527777777777,0.05,0.0604166666666666
47,594,cl314jqvw0018396c8dtr2qtj,0,0.6611111111111111,0.319212962962963,0.05,0.0583333333333333
47,594,cl31722oi001o396catkehdu1,0,0.58203125,0.782986111111111,0.0515625,0.0604166666666666
47,594,cl3175c4i001s396cws1cud05,0,0.97578125,0.13125,0.0484375,0.0520833333333333
47,594,cl3178ar0001w396cxexl3rlk,0,0.2914930555555555,0.0614583333333333,0.046875,0.05625
47,595,cl31445hf0007396cqok6byk7,0,0.65,0.4892361111111111,0.05,0.06875
47,595,cl3144hts000b396c4ihaxgzt,0,0.2627232142857142,0.74375,0.04375,0.0541666666666666
47,595,cl31452bd000n396cl5uyjaty,0,0.8832812499999999,0.6179166666666667,0.0515625,0.0708333333333333
47,595,cl31459ks000r396cqrqm7umg,0,0.546875,0.2239583333333333,0.05,0.0604166666666666
47,595,cl314jqvw0018396c8dtr2qtj,0,0.6614583333333333,0.3159722222222222,0.05,0.0583333333333333
47,595,cl31722oi001o396catkehdu1,0,0.58203125,0.7822916666666667,0.0515625,0.0604166666666666
47,595,cl3175c4i001s396cws1cud05,0,0.97578125,0.1322916666666666,0.0484375,0.0520833333333333
47,595,cl3178ar0001w396cxexl3rlk,0,0.2916666666666666,0.0614583333333333,0.046875,0.05625
47,596,cl31445hf0007396cqok6byk7,0,0.6510416666666667,0.491087962962963,0.05,0.06875
47,596,cl3144hts000b396c4ihaxgzt,0,0.2628348214285714,0.74375,0.04375,0.0541666666666666
47,596,cl31452bd000n396cl5uyjaty,0,0.8833547794117648,0.6178676470588235,0.0515625,0.0708333333333333
47,596,cl31459ks000r396cqrqm7umg,0,0.5458333333333333,0.2232638888888889,0.05,0.0604166666666666
47,596,cl314jqvw0018396c8dtr2qtj,0,0.6618055555555555,0.3127314814814815,0.05,0.0583333333333333
47,596,cl31722oi001o396catkehdu1,0,0.58203125,0.7815972222222223,0.0515625,0.0604166666666666
47,596,cl3175c4i001s396cws1cud05,0,0.97578125,0.1333333333333333,0.0484375,0.0520833333333333
47,596,cl3178ar0001w396cxexl3rlk,0,0.2918402777777777,0.0614583333333333,0.046875,0.05625
47,597,cl31445hf0007396cqok6byk7,0,0.6520833333333333,0.4929398148148148,0.05,0.06875
47,597,cl3144hts000b396c4ihaxgzt,0,0.2629464285714286,0.74375,0.04375,0.0541666666666666
47,597,cl31452bd000n396cl5uyjaty,0,0.8834283088235294,0.6178186274509804,0.0515625,0.0708333333333333
47,597,cl31459ks000r396cqrqm7umg,0,0.5447916666666667,0.2225694444444444,0.05,0.0604166666666666
47,597,cl314jqvw0018396c8dtr2qtj,0,0.6621527777777778,0.3094907407407407,0.05,0.0583333333333333
47,597,cl31722oi001o396catkehdu1,0,0.58203125,0.7809027777777777,0.0515625,0.0604166666666666
47,597,cl3175c4i001s396cws1cud05,0,0.97578125,0.134375,0.0484375,0.0520833333333333
47,597,cl3178ar0001w396cxexl3rlk,0,0.2920138888888889,0.0614583333333333,0.046875,0.05625
47,598,cl31445hf0007396cqok6byk7,0,0.653125,0.4947916666666667,0.05,0.06875
47,598,cl3144hts000b396c4ihaxgzt,0,0.2630580357142857,0.74375,0.04375,0.0541666666666666
47,598,cl31452bd000n396cl5uyjaty,0,0.8835018382352942,0.6177696078431372,0.0515625,0.0708333333333333
47,598,cl31459ks000r396cqrqm7umg,0,0.54375,0.221875,0.05,0.0604166666666666
47,598,cl314jqvw0018396c8dtr2qtj,0,0.6625,0.30625,0.05,0.0583333333333333
47,598,cl31722oi001o396catkehdu1,0,0.58203125,0.7802083333333333,0.0515625,0.0604166666666666
47,598,cl3178ar0001w396cxexl3rlk,0,0.2921875,0.0614583333333333,0.046875,0.05625
47,599,cl31445hf0007396cqok6byk7,0,0.6520833333333333,0.4974305555555556,0.05,0.06875
47,599,cl3144hts000b396c4ihaxgzt,0,0.2631696428571428,0.74375,0.04375,0.0541666666666666
47,599,cl31452bd000n396cl5uyjaty,0,0.8835753676470588,0.6177205882352941,0.0515625,0.0708333333333333
47,599,cl31459ks000r396cqrqm7umg,0,0.5422916666666666,0.2211805555555555,0.05,0.0604166666666666
47,599,cl314jqvw0018396c8dtr2qtj,0,0.663125,0.3041666666666666,0.05,0.0583333333333333
47,599,cl31722oi001o396catkehdu1,0,0.58203125,0.779375,0.0515625,0.0604166666666666
47,599,cl3178ar0001w396cxexl3rlk,0,0.2915625,0.0622916666666666,0.046875,0.05625
47,59,cl31445hf0007396cqok6byk7,0,0.1908380681818181,0.4682765151515152,0.0390624999999999,0.05625
47,59,cl3144hts000b396c4ihaxgzt,0,0.1866688829787234,0.7808806146572104,0.04375,0.0541666666666666
47,59,cl3144p8j000g396ci3uqwj2m,0,0.1926846590909091,0.7365530303030303,0.0421875,0.05
47,59,cl31452bd000n396cl5uyjaty,0,0.8140508395522389,0.6451492537313432,0.0515625,0.0708333333333333
47,59,cl31459ks000r396cqrqm7umg,0,0.6704545454545454,0.190625,0.05,0.0604166666666666
47,59,cl314etiv0013396cef6ngytu,0,0.0279829545454545,0.6862689393939394,0.04375,0.06875
47,5,ckz3x1hsf001j3867igiqk5mn,0,0.20859375,0.0375,0.0421875,0.0583333333333333
47,5,cl3143jm20003396cuges2p86,0,0.01875,0.3979166666666666,0.0375,0.0583333333333333
47,5,cl31445hf0007396cqok6byk7,0,0.11484375,0.496875,0.0390625,0.05625
47,5,cl3144hts000b396c4ihaxgzt,0,0.1830784574468085,0.7792848699763594,0.04375,0.0541666666666666
47,5,cl3144p8j000g396ci3uqwj2m,0,0.2158854166666666,0.8277777777777777,0.0421874999999999,0.05
47,5,cl31452bd000n396cl5uyjaty,0,0.80390625,0.65,0.0515625,0.0708333333333333
47,5,cl31459ks000r396cqrqm7umg,0,0.75,0.2517361111111111,0.05,0.0604166666666666
47,5,cl3146m3g000z396ce2oi4n9l,0,0.6765625,0.0270833333333333,0.0375,0.05
47,600,cl31445hf0007396cqok6byk7,0,0.6510416666666667,0.5000694444444445,0.05,0.06875
47,600,cl3144hts000b396c4ihaxgzt,0,0.26328125,0.74375,0.04375,0.0541666666666666
47,600,cl31452bd000n396cl5uyjaty,0,0.8836488970588234,0.617671568627451,0.0515625,0.0708333333333333
47,600,cl31459ks000r396cqrqm7umg,0,0.5408333333333333,0.2204861111111111,0.05,0.0604166666666666
47,600,cl314jqvw0018396c8dtr2qtj,0,0.6637500000000001,0.3020833333333333,0.05,0.0583333333333333
47,600,cl31722oi001o396catkehdu1,0,0.58203125,0.7785416666666667,0.0515625,0.0604166666666666
47,600,cl3178ar0001w396cxexl3rlk,0,0.2909374999999999,0.063125,0.046875,0.0562499999999999
47,601,cl31445hf0007396cqok6byk7,0,0.65,0.5027083333333333,0.05,0.06875
47,601,cl3144hts000b396c4ihaxgzt,0,0.2633928571428571,0.74375,0.04375,0.0541666666666666
47,601,cl31452bd000n396cl5uyjaty,0,0.8837224264705883,0.6176225490196078,0.0515625,0.0708333333333333
47,601,cl31459ks000r396cqrqm7umg,0,0.5393749999999999,0.2197916666666666,0.05,0.0604166666666666
47,601,cl314jqvw0018396c8dtr2qtj,0,0.6643749999999999,0.3,0.05,0.0583333333333333
47,601,cl31722oi001o396catkehdu1,0,0.58203125,0.7777083333333333,0.0515625,0.0604166666666666
47,601,cl3178ar0001w396cxexl3rlk,0,0.2903125,0.0639583333333333,0.046875,0.05625
47,602,cl31445hf0007396cqok6byk7,0,0.6489583333333333,0.5053472222222222,0.05,0.06875
47,602,cl3144hts000b396c4ihaxgzt,0,0.2635044642857143,0.74375,0.04375,0.0541666666666666
47,602,cl31452bd000n396cl5uyjaty,0,0.8837959558823529,0.6175735294117647,0.0515625,0.0708333333333333
47,602,cl31459ks000r396cqrqm7umg,0,0.5379166666666666,0.2190972222222222,0.05,0.0604166666666666
47,602,cl314jqvw0018396c8dtr2qtj,0,0.665,0.2979166666666666,0.05,0.0583333333333333
47,602,cl31722oi001o396catkehdu1,0,0.58203125,0.776875,0.0515625,0.0604166666666666
47,602,cl3178ar0001w396cxexl3rlk,0,0.2896875,0.0647916666666666,0.046875,0.05625
47,603,cl31445hf0007396cqok6byk7,0,0.6479166666666667,0.507986111111111,0.05,0.0687499999999999
47,603,cl3144hts000b396c4ihaxgzt,0,0.2636160714285714,0.74375,0.04375,0.0541666666666666
47,603,cl31452bd000n396cl5uyjaty,0,0.8838694852941176,0.6175245098039216,0.0515625,0.0708333333333333
47,603,cl31459ks000r396cqrqm7umg,0,0.5364583333333333,0.2184027777777777,0.05,0.0604166666666666
47,603,cl314jqvw0018396c8dtr2qtj,0,0.665625,0.2958333333333333,0.05,0.0583333333333333
47,603,cl31722oi001o396catkehdu1,0,0.58203125,0.7760416666666666,0.0515625,0.0604166666666666
47,603,cl3178ar0001w396cxexl3rlk,0,0.2890625,0.065625,0.046875,0.05625
47,604,cl31445hf0007396cqok6byk7,0,0.646875,0.510625,0.05,0.06875
47,604,cl3144hts000b396c4ihaxgzt,0,0.2637276785714285,0.74375,0.04375,0.0541666666666666
47,604,cl31452bd000n396cl5uyjaty,0,0.8839430147058824,0.6174754901960784,0.0515625,0.0708333333333333
47,604,cl31459ks000r396cqrqm7umg,0,0.5349999999999999,0.2177083333333333,0.05,0.0604166666666666
47,604,cl314jqvw0018396c8dtr2qtj,0,0.66625,0.29375,0.05,0.0583333333333333
47,604,cl31722oi001o396catkehdu1,0,0.58203125,0.7752083333333334,0.0515625,0.0604166666666666
47,604,cl3178ar0001w396cxexl3rlk,0,0.2884375,0.0664583333333333,0.046875,0.05625
47,605,cl31445hf0007396cqok6byk7,0,0.6458333333333333,0.5132638888888889,0.05,0.06875
47,605,cl3144hts000b396c4ihaxgzt,0,0.2638392857142857,0.74375,0.04375,0.0541666666666666
47,605,cl31452bd000n396cl5uyjaty,0,0.8840165441176471,0.6174264705882353,0.0515625,0.0708333333333333
47,605,cl31459ks000r396cqrqm7umg,0,0.5335416666666666,0.2170138888888889,0.05,0.0604166666666666
47,605,cl314jqvw0018396c8dtr2qtj,0,0.666875,0.2916666666666667,0.05,0.0583333333333333
47,605,cl31722oi001o396catkehdu1,0,0.58203125,0.7743749999999999,0.0515625,0.0604166666666666
47,605,cl3178ar0001w396cxexl3rlk,0,0.2878124999999999,0.0672916666666666,0.046875,0.0562499999999999
47,606,cl31445hf0007396cqok6byk7,0,0.6447916666666667,0.5159027777777777,0.05,0.06875
47,606,cl3144hts000b396c4ihaxgzt,0,0.2639508928571428,0.74375,0.04375,0.0541666666666666
47,606,cl31452bd000n396cl5uyjaty,0,0.8840900735294118,0.6173774509803921,0.0515625,0.0708333333333333
47,606,cl31459ks000r396cqrqm7umg,0,0.5320833333333334,0.2163194444444444,0.05,0.0604166666666666
47,606,cl314jqvw0018396c8dtr2qtj,0,0.6675,0.2895833333333333,0.05,0.0583333333333333
47,606,cl31722oi001o396catkehdu1,0,0.58203125,0.7735416666666667,0.0515625,0.0604166666666666
47,606,cl3178ar0001w396cxexl3rlk,0,0.2871875,0.068125,0.046875,0.05625
47,607,cl31445hf0007396cqok6byk7,0,0.64375,0.5185416666666666,0.05,0.0687499999999999
47,607,cl3144hts000b396c4ihaxgzt,0,0.2640625,0.74375,0.04375,0.0541666666666666
47,607,cl31452bd000n396cl5uyjaty,0,0.8841636029411765,0.617328431372549,0.0515625,0.0708333333333333
47,607,cl31459ks000r396cqrqm7umg,0,0.530625,0.215625,0.05,0.0604166666666666
47,607,cl314jqvw0018396c8dtr2qtj,0,0.6681250000000001,0.2875,0.05,0.0583333333333333
47,607,cl31722oi001o396catkehdu1,0,0.58203125,0.7727083333333333,0.0515625,0.0604166666666666
47,607,cl3178ar0001w396cxexl3rlk,0,0.2865625,0.0689583333333333,0.046875,0.05625
47,608,cl31445hf0007396cqok6byk7,0,0.6427083333333333,0.5211805555555556,0.05,0.06875
47,608,cl3144hts000b396c4ihaxgzt,0,0.2641741071428571,0.74375,0.04375,0.0541666666666666
47,608,cl31452bd000n396cl5uyjaty,0,0.8842371323529411,0.6172794117647059,0.0515625,0.0708333333333333
47,608,cl31459ks000r396cqrqm7umg,0,0.5291666666666667,0.2149305555555555,0.05,0.0604166666666666
47,608,cl314jqvw0018396c8dtr2qtj,0,0.66875,0.2854166666666666,0.05,0.0583333333333333
47,608,cl31722oi001o396catkehdu1,0,0.58203125,0.771875,0.0515625,0.0604166666666666
47,608,cl3178ar0001w396cxexl3rlk,0,0.2859375,0.0697916666666666,0.046875,0.05625
47,609,cl31445hf0007396cqok6byk7,0,0.6416666666666667,0.5238194444444445,0.05,0.06875
47,609,cl3144hts000b396c4ihaxgzt,0,0.2642857142857143,0.74375,0.04375,0.0541666666666666
47,609,cl31452bd000n396cl5uyjaty,0,0.884310661764706,0.6172303921568627,0.0515625,0.0708333333333333
47,609,cl31459ks000r396cqrqm7umg,0,0.5277083333333333,0.2142361111111111,0.05,0.0604166666666666
47,609,cl314jqvw0018396c8dtr2qtj,0,0.6693749999999999,0.2833333333333333,0.05,0.0583333333333333
47,609,cl31722oi001o396catkehdu1,0,0.58203125,0.7710416666666667,0.0515625,0.0604166666666666
47,609,cl3178ar0001w396cxexl3rlk,0,0.2853124999999999,0.070625,0.046875,0.05625
47,60,cl31445hf0007396cqok6byk7,0,0.1918323863636363,0.4667613636363636,0.0390625,0.05625
47,60,cl3144hts000b396c4ihaxgzt,0,0.1867353723404255,0.7809101654846337,0.04375,0.0541666666666666
47,60,cl3144p8j000g396ci3uqwj2m,0,0.1939630681818181,0.7356060606060606,0.0421874999999999,0.05
47,60,cl31452bd000n396cl5uyjaty,0,0.814120802238806,0.6450870646766169,0.0515625,0.0708333333333333
47,60,cl31459ks000r396cqrqm7umg,0,0.6690340909090909,0.190625,0.05,0.0604166666666666
47,60,cl314etiv0013396cef6ngytu,0,0.027840909090909,0.6881628787878787,0.04375,0.06875
47,610,cl31445hf0007396cqok6byk7,0,0.640625,0.5264583333333334,0.05,0.06875
47,610,cl3144hts000b396c4ihaxgzt,0,0.2643973214285714,0.74375,0.04375,0.0541666666666666
47,610,cl31452bd000n396cl5uyjaty,0,0.8843841911764706,0.6171813725490196,0.0515625,0.0708333333333333
47,610,cl31459ks000r396cqrqm7umg,0,0.52625,0.2135416666666666,0.05,0.0604166666666666
47,610,cl314jqvw0018396c8dtr2qtj,0,0.67,0.28125,0.05,0.0583333333333333
47,610,cl31722oi001o396catkehdu1,0,0.58203125,0.7702083333333333,0.0515625,0.0604166666666666
47,610,cl3178ar0001w396cxexl3rlk,0,0.2846875,0.0714583333333333,0.046875,0.0562499999999999
47,611,cl31445hf0007396cqok6byk7,0,0.6395833333333333,0.5290972222222223,0.05,0.06875
47,611,cl3144hts000b396c4ihaxgzt,0,0.2645089285714285,0.74375,0.04375,0.0541666666666666
47,611,cl31452bd000n396cl5uyjaty,0,0.8844577205882352,0.6171323529411765,0.0515625,0.0708333333333333
47,611,cl31459ks000r396cqrqm7umg,0,0.5247916666666667,0.2128472222222222,0.05,0.0604166666666666
47,611,cl314jqvw0018396c8dtr2qtj,0,0.670625,0.2791666666666667,0.05,0.0583333333333333
47,611,cl31722oi001o396catkehdu1,0,0.58203125,0.769375,0.0515625,0.0604166666666666
47,611,cl3178ar0001w396cxexl3rlk,0,0.2840625,0.0722916666666666,0.046875,0.05625
47,612,cl31445hf0007396cqok6byk7,0,0.6385416666666667,0.5317361111111112,0.05,0.06875
47,612,cl3144hts000b396c4ihaxgzt,0,0.2646205357142857,0.74375,0.04375,0.0541666666666666
47,612,cl31452bd000n396cl5uyjaty,0,0.88453125,0.6170833333333333,0.0515625,0.0708333333333333
47,612,cl31459ks000r396cqrqm7umg,0,0.5233333333333333,0.2121527777777777,0.05,0.0604166666666666
47,612,cl314jqvw0018396c8dtr2qtj,0,0.67125,0.2770833333333333,0.05,0.0583333333333333
47,612,cl31722oi001o396catkehdu1,0,0.58203125,0.7685416666666666,0.0515625,0.0604166666666666
47,612,cl3178ar0001w396cxexl3rlk,0,0.2834375,0.073125,0.046875,0.05625
47,613,cl31445hf0007396cqok6byk7,0,0.6375,0.534375,0.05,0.06875
47,613,cl3144hts000b396c4ihaxgzt,0,0.2647321428571428,0.74375,0.04375,0.0541666666666666
47,613,cl31452bd000n396cl5uyjaty,0,0.8846047794117646,0.6170343137254902,0.0515625,0.0708333333333333
47,613,cl31459ks000r396cqrqm7umg,0,0.521875,0.2114583333333333,0.05,0.0604166666666666
47,613,cl314jqvw0018396c8dtr2qtj,0,0.671875,0.275,0.05,0.0583333333333333
47,613,cl31722oi001o396catkehdu1,0,0.58203125,0.7677083333333333,0.0515625,0.0604166666666666
47,613,cl3178ar0001w396cxexl3rlk,0,0.2828125,0.0739583333333333,0.046875,0.05625
47,614,cl31445hf0007396cqok6byk7,0,0.6359375,0.5359375,0.05,0.06875
47,614,cl3144hts000b396c4ihaxgzt,0,0.26484375,0.74375,0.04375,0.0541666666666666
47,614,cl31452bd000n396cl5uyjaty,0,0.8846783088235295,0.616985294117647,0.0515625,0.0708333333333333
47,614,cl31459ks000r396cqrqm7umg,0,0.51953125,0.21171875,0.05,0.0604166666666666
47,614,cl314jqvw0018396c8dtr2qtj,0,0.6736328125,0.2734375,0.05,0.0583333333333333
47,614,cl31722oi001o396catkehdu1,0,0.5822265625,0.76640625,0.0515625,0.0604166666666666
47,614,cl3178ar0001w396cxexl3rlk,0,0.2865234375,0.0739583333333333,0.046875,0.05625
47,615,cl31445hf0007396cqok6byk7,0,0.634375,0.5375,0.05,0.06875
47,615,cl3144hts000b396c4ihaxgzt,0,0.2649553571428572,0.74375,0.04375,0.0541666666666666
47,615,cl31452bd000n396cl5uyjaty,0,0.8847518382352941,0.6169362745098039,0.0515625,0.0708333333333333
47,615,cl31459ks000r396cqrqm7umg,0,0.5171875,0.2119791666666666,0.05,0.0604166666666666
47,615,cl314jqvw0018396c8dtr2qtj,0,0.675390625,0.271875,0.05,0.0583333333333333
47,615,cl31722oi001o396catkehdu1,0,0.582421875,0.7651041666666667,0.0515625,0.0604166666666666
47,615,cl3178ar0001w396cxexl3rlk,0,0.290234375,0.0739583333333333,0.046875,0.05625
47,616,cl31445hf0007396cqok6byk7,0,0.6328125,0.5390625,0.05,0.06875
47,616,cl3144hts000b396c4ihaxgzt,0,0.2650669642857143,0.74375,0.04375,0.0541666666666666
47,616,cl31452bd000n396cl5uyjaty,0,0.8848253676470588,0.6168872549019608,0.0515625,0.0708333333333333
47,616,cl31459ks000r396cqrqm7umg,0,0.51484375,0.2122395833333333,0.05,0.0604166666666666
47,616,cl314jqvw0018396c8dtr2qtj,0,0.6771484375,0.2703125,0.05,0.0583333333333333
47,616,cl31722oi001o396catkehdu1,0,0.5826171875,0.7638020833333333,0.0515625,0.0604166666666666
47,616,cl3178ar0001w396cxexl3rlk,0,0.2939453125,0.0739583333333333,0.046875,0.05625
47,617,cl31445hf0007396cqok6byk7,0,0.63125,0.540625,0.05,0.06875
47,617,cl3144hts000b396c4ihaxgzt,0,0.2651785714285714,0.74375,0.04375,0.0541666666666666
47,617,cl31452bd000n396cl5uyjaty,0,0.8848988970588236,0.6168382352941176,0.0515625,0.0708333333333333
47,617,cl31459ks000r396cqrqm7umg,0,0.5125,0.2125,0.05,0.0604166666666666
47,617,cl314jqvw0018396c8dtr2qtj,0,0.67890625,0.26875,0.05,0.0583333333333333
47,617,cl31722oi001o396catkehdu1,0,0.5828125,0.7625,0.0515625,0.0604166666666666
47,617,cl3178ar0001w396cxexl3rlk,0,0.29765625,0.0739583333333333,0.046875,0.05625
47,618,cl31445hf0007396cqok6byk7,0,0.6296875,0.5421875,0.05,0.06875
47,618,cl3144hts000b396c4ihaxgzt,0,0.2652901785714285,0.74375,0.04375,0.0541666666666666
47,618,cl31452bd000n396cl5uyjaty,0,0.8849724264705883,0.6167892156862745,0.0515625,0.0708333333333333
47,618,cl31459ks000r396cqrqm7umg,0,0.51015625,0.2127604166666666,0.05,0.0604166666666666
47,618,cl314jqvw0018396c8dtr2qtj,0,0.6806640625,0.2671875,0.05,0.0583333333333333
47,618,cl31722oi001o396catkehdu1,0,0.5830078125,0.7611979166666667,0.0515625,0.0604166666666666
47,618,cl3178ar0001w396cxexl3rlk,0,0.3013671875,0.0739583333333333,0.046875,0.05625
47,619,cl31445hf0007396cqok6byk7,0,0.628125,0.54375,0.05,0.06875
47,619,cl3144hts000b396c4ihaxgzt,0,0.2654017857142857,0.74375,0.04375,0.0541666666666666
47,619,cl31452bd000n396cl5uyjaty,0,0.8850459558823529,0.6167401960784314,0.0515625,0.0708333333333333
47,619,cl31459ks000r396cqrqm7umg,0,0.5078125,0.2130208333333333,0.05,0.0604166666666666
47,619,cl314jqvw0018396c8dtr2qtj,0,0.682421875,0.265625,0.05,0.0583333333333333
47,619,cl31722oi001o396catkehdu1,0,0.583203125,0.7598958333333333,0.0515625,0.0604166666666666
47,619,cl3178ar0001w396cxexl3rlk,0,0.305078125,0.0739583333333333,0.046875,0.05625
47,61,cl31445hf0007396cqok6byk7,0,0.1928267045454545,0.4652462121212121,0.0390625,0.05625
47,61,cl3144hts000b396c4ihaxgzt,0,0.1868018617021276,0.7809397163120567,0.0437499999999999,0.0541666666666666
47,61,cl3144p8j000g396ci3uqwj2m,0,0.1952414772727272,0.7346590909090909,0.0421875,0.05
47,61,cl31452bd000n396cl5uyjaty,0,0.8141907649253731,0.6450248756218906,0.0515625,0.0708333333333333
47,61,cl31459ks000r396cqrqm7umg,0,0.6676136363636364,0.190625,0.05,0.0604166666666666
47,61,cl314etiv0013396cef6ngytu,0,0.0276988636363636,0.6900568181818182,0.04375,0.06875
47,620,cl31445hf0007396cqok6byk7,0,0.6265625,0.5453125,0.05,0.06875
47,620,cl3144hts000b396c4ihaxgzt,0,0.2655133928571428,0.74375,0.04375,0.0541666666666666
47,620,cl31452bd000n396cl5uyjaty,0,0.8851194852941177,0.6166911764705882,0.0515625,0.0708333333333333
47,620,cl31459ks000r396cqrqm7umg,0,0.50546875,0.21328125,0.05,0.0604166666666666
47,620,cl314jqvw0018396c8dtr2qtj,0,0.6841796875,0.2640625,0.05,0.0583333333333333
47,620,cl31722oi001o396catkehdu1,0,0.5833984375,0.75859375,0.0515625,0.0604166666666666
47,620,cl3178ar0001w396cxexl3rlk,0,0.3087890625,0.0739583333333333,0.046875,0.05625
47,621,cl31445hf0007396cqok6byk7,0,0.625,0.546875,0.05,0.06875
47,621,cl3144hts000b396c4ihaxgzt,0,0.265625,0.74375,0.04375,0.0541666666666666
47,621,cl31452bd000n396cl5uyjaty,0,0.8851930147058823,0.6166421568627451,0.0515625,0.0708333333333333
47,621,cl31459ks000r396cqrqm7umg,0,0.503125,0.2135416666666666,0.05,0.0604166666666666
47,621,cl314jqvw0018396c8dtr2qtj,0,0.6859375,0.2625,0.05,0.0583333333333333
47,621,cl31722oi001o396catkehdu1,0,0.58359375,0.7572916666666667,0.0515625,0.0604166666666666
47,621,cl3178ar0001w396cxexl3rlk,0,0.3125,0.0739583333333333,0.046875,0.05625
47,622,cl31445hf0007396cqok6byk7,0,0.6266741071428571,0.5488095238095239,0.05,0.06875
47,622,cl3144hts000b396c4ihaxgzt,0,0.2656828703703703,0.7435956790123457,0.04375,0.0541666666666666
47,622,cl31452bd000n396cl5uyjaty,0,0.8852665441176472,0.616593137254902,0.0515625,0.0708333333333333
47,622,cl31459ks000r396cqrqm7umg,0,0.5021205357142857,0.2116071428571428,0.05,0.0604166666666666
47,622,cl314jqvw0018396c8dtr2qtj,0,0.68671875,0.2605654761904762,0.05,0.0583333333333333
47,622,cl31722oi001o396catkehdu1,0,0.5840401785714285,0.7561011904761905,0.0515625,0.0604166666666666
47,622,cl3178ar0001w396cxexl3rlk,0,0.3114955357142857,0.0745535714285714,0.046875,0.05625
47,623,cl31445hf0007396cqok6byk7,0,0.6283482142857143,0.5507440476190476,0.05,0.0687499999999999
47,623,cl3144hts000b396c4ihaxgzt,0,0.2657407407407407,0.7434413580246914,0.04375,0.0541666666666666
47,623,cl31452bd000n396cl5uyjaty,0,0.8853400735294118,0.6165441176470589,0.0515625,0.0708333333333333
47,623,cl31459ks000r396cqrqm7umg,0,0.5011160714285714,0.209672619047619,0.05,0.0604166666666666
47,623,cl314jqvw0018396c8dtr2qtj,0,0.6875,0.2586309523809523,0.05,0.0583333333333333
47,623,cl31722oi001o396catkehdu1,0,0.5844866071428572,0.7549107142857142,0.0515625,0.0604166666666666
47,623,cl3178ar0001w396cxexl3rlk,0,0.3104910714285714,0.0751488095238095,0.046875,0.0562499999999999
47,624,cl31445hf0007396cqok6byk7,0,0.6300223214285714,0.5526785714285715,0.05,0.06875
47,624,cl3144hts000b396c4ihaxgzt,0,0.2657986111111111,0.743287037037037,0.04375,0.0541666666666666
47,624,cl31452bd000n396cl5uyjaty,0,0.8854136029411764,0.6164950980392158,0.0515625,0.0708333333333333
47,624,cl31459ks000r396cqrqm7umg,0,0.5001116071428571,0.2077380952380952,0.05,0.0604166666666666
47,624,cl314jqvw0018396c8dtr2qtj,0,0.68828125,0.2566964285714286,0.05,0.0583333333333333
47,624,cl31722oi001o396catkehdu1,0,0.5849330357142857,0.753720238095238,0.0515625,0.0604166666666666
47,624,cl3178ar0001w396cxexl3rlk,0,0.3094866071428571,0.0757440476190476,0.046875,0.0562499999999999
47,625,cl31445hf0007396cqok6byk7,0,0.6316964285714286,0.5546130952380952,0.05,0.06875
47,625,cl3144hts000b396c4ihaxgzt,0,0.2658564814814815,0.7431327160493827,0.04375,0.0541666666666666
47,625,cl31452bd000n396cl5uyjaty,0,0.8854871323529412,0.6164460784313726,0.0515625,0.0708333333333333
47,625,cl31459ks000r396cqrqm7umg,0,0.4991071428571428,0.2058035714285714,0.05,0.0604166666666666
47,625,cl314jqvw0018396c8dtr2qtj,0,0.6890625,0.2547619047619047,0.05,0.0583333333333333
47,625,cl31722oi001o396catkehdu1,0,0.5853794642857143,0.752529761904762,0.0515625,0.0604166666666666
47,625,cl3178ar0001w396cxexl3rlk,0,0.3084821428571428,0.0763392857142857,0.046875,0.05625
47,626,cl31445hf0007396cqok6byk7,0,0.6333705357142857,0.5565476190476191,0.05,0.06875
47,626,cl3144hts000b396c4ihaxgzt,0,0.2659143518518518,0.7429783950617284,0.04375,0.0541666666666666
47,626,cl31452bd000n396cl5uyjaty,0,0.8855606617647058,0.6163970588235295,0.0515625,0.0708333333333333
47,626,cl31459ks000r396cqrqm7umg,0,0.4981026785714285,0.2038690476190476,0.05,0.0604166666666666
47,626,cl314jqvw0018396c8dtr2qtj,0,0.68984375,0.2528273809523809,0.05,0.0583333333333333
47,626,cl31722oi001o396catkehdu1,0,0.5858258928571429,0.7513392857142858,0.0515625,0.0604166666666666
47,626,cl3178ar0001w396cxexl3rlk,0,0.3074776785714285,0.0769345238095238,0.046875,0.05625
47,627,cl31445hf0007396cqok6byk7,0,0.6350446428571429,0.5584821428571428,0.05,0.0687499999999999
47,627,cl3144hts000b396c4ihaxgzt,0,0.2659722222222222,0.742824074074074,0.04375,0.0541666666666666
47,627,cl31452bd000n396cl5uyjaty,0,0.8856341911764705,0.6163480392156864,0.0515625,0.0708333333333333
47,627,cl31459ks000r396cqrqm7umg,0,0.4970982142857143,0.2019345238095238,0.05,0.0604166666666666
47,627,cl314jqvw0018396c8dtr2qtj,0,0.690625,0.2508928571428571,0.05,0.0583333333333333
47,627,cl31722oi001o396catkehdu1,0,0.5862723214285714,0.7501488095238095,0.0515625,0.0604166666666666
47,627,cl3178ar0001w396cxexl3rlk,0,0.3064732142857143,0.0775297619047619,0.046875,0.05625
47,628,cl31445hf0007396cqok6byk7,0,0.63671875,0.5604166666666667,0.05,0.06875
47,628,cl3144hts000b396c4ihaxgzt,0,0.2660300925925926,0.7426697530864197,0.04375,0.0541666666666666
47,628,cl31452bd000n396cl5uyjaty,0,0.8857077205882353,0.6162990196078432,0.0515625,0.0708333333333333
47,628,cl31459ks000r396cqrqm7umg,0,0.49609375,0.2,0.05,0.0604166666666666
47,628,cl314jqvw0018396c8dtr2qtj,0,0.69140625,0.2489583333333333,0.05,0.0583333333333333
47,628,cl31722oi001o396catkehdu1,0,0.58671875,0.7489583333333333,0.0515625,0.0604166666666666
47,628,cl3178ar0001w396cxexl3rlk,0,0.30546875,0.078125,0.046875,0.05625
47,629,cl31445hf0007396cqok6byk7,0,0.6383928571428571,0.5623511904761905,0.05,0.06875
47,629,cl3144hts000b396c4ihaxgzt,0,0.266087962962963,0.7425154320987654,0.04375,0.0541666666666666
47,629,cl31452bd000n396cl5uyjaty,0,0.88578125,0.6162500000000001,0.0515625,0.0708333333333333
47,629,cl31459ks000r396cqrqm7umg,0,0.4950892857142857,0.1980654761904761,0.05,0.0604166666666666
47,629,cl314jqvw0018396c8dtr2qtj,0,0.6921875,0.2470238095238095,0.05,0.0583333333333333
47,629,cl31722oi001o396catkehdu1,0,0.5871651785714286,0.7477678571428572,0.0515625,0.0604166666666666
47,629,cl3178ar0001w396cxexl3rlk,0,0.3044642857142857,0.0787202380952381,0.046875,0.05625
47,62,cl31445hf0007396cqok6byk7,0,0.1938210227272727,0.4637310606060606,0.0390624999999999,0.05625
47,62,cl3144hts000b396c4ihaxgzt,0,0.1868683510638297,0.7809692671394799,0.0437499999999999,0.0541666666666666
47,62,cl3144p8j000g396ci3uqwj2m,0,0.1965198863636363,0.7337121212121213,0.0421875,0.05
47,62,cl31452bd000n396cl5uyjaty,0,0.8142607276119402,0.6449626865671642,0.0515625,0.0708333333333333
47,62,cl31459ks000r396cqrqm7umg,0,0.6661931818181819,0.190625,0.05,0.0604166666666666
47,62,cl314etiv0013396cef6ngytu,0,0.0275568181818181,0.6919507575757575,0.04375,0.06875
47,630,cl31445hf0007396cqok6byk7,0,0.6400669642857143,0.5642857142857143,0.05,0.0687499999999999
47,630,cl3144hts000b396c4ihaxgzt,0,0.2661458333333333,0.742361111111111,0.04375,0.0541666666666666
47,630,cl31452bd000n396cl5uyjaty,0,0.8858547794117648,0.6162009803921568,0.0515625,0.0708333333333333
47,630,cl31459ks000r396cqrqm7umg,0,0.4940848214285714,0.1961309523809523,0.05,0.0604166666666666
47,630,cl314jqvw0018396c8dtr2qtj,0,0.69296875,0.2450892857142857,0.05,0.0583333333333333
47,630,cl31722oi001o396catkehdu1,0,0.5876116071428571,0.7465773809523809,0.0515625,0.0604166666666666
47,630,cl3178ar0001w396cxexl3rlk,0,0.3034598214285714,0.0793154761904761,0.046875,0.0562499999999999
47,631,cl31445hf0007396cqok6byk7,0,0.6417410714285714,0.566220238095238,0.05,0.06875
47,631,cl3144hts000b396c4ihaxgzt,0,0.2662037037037037,0.7422067901234567,0.04375,0.0541666666666666
47,631,cl31452bd000n396cl5uyjaty,0,0.8859283088235295,0.6161519607843137,0.0515625,0.0708333333333333
47,631,cl31459ks000r396cqrqm7umg,0,0.4930803571428571,0.1941964285714285,0.05,0.0604166666666666
47,631,cl314jqvw0018396c8dtr2qtj,0,0.69375,0.2431547619047619,0.05,0.0583333333333333
47,631,cl31722oi001o396catkehdu1,0,0.5880580357142857,0.7453869047619047,0.0515625,0.0604166666666666
47,631,cl3178ar0001w396cxexl3rlk,0,0.3024553571428571,0.0799107142857142,0.046875,0.0562499999999999
47,632,cl31445hf0007396cqok6byk7,0,0.6434151785714286,0.5681547619047619,0.05,0.06875
47,632,cl3144hts000b396c4ihaxgzt,0,0.2662615740740741,0.7420524691358025,0.04375,0.0541666666666666
47,632,cl31452bd000n396cl5uyjaty,0,0.8860018382352941,0.6161029411764706,0.0515625,0.0708333333333333
47,632,cl31459ks000r396cqrqm7umg,0,0.4920758928571428,0.1922619047619047,0.05,0.0604166666666666
47,632,cl314jqvw0018396c8dtr2qtj,0,0.69453125,0.241220238095238,0.05,0.0583333333333333
47,632,cl31722oi001o396catkehdu1,0,0.5885044642857143,0.7441964285714285,0.0515625,0.0604166666666666
47,632,cl3178ar0001w396cxexl3rlk,0,0.3014508928571428,0.0805059523809523,0.046875,0.05625
47,633,cl31445hf0007396cqok6byk7,0,0.6450892857142857,0.5700892857142857,0.05,0.06875
47,633,cl3144hts000b396c4ihaxgzt,0,0.2663194444444444,0.7418981481481481,0.04375,0.0541666666666666
47,633,cl31452bd000n396cl5uyjaty,0,0.8860753676470589,0.6160539215686274,0.0515625,0.0708333333333333
47,633,cl31459ks000r396cqrqm7umg,0,0.4910714285714285,0.1903273809523809,0.05,0.0604166666666666
47,633,cl314jqvw0018396c8dtr2qtj,0,0.6953125,0.2392857142857143,0.05,0.0583333333333333
47,633,cl31722oi001o396catkehdu1,0,0.5889508928571429,0.7430059523809525,0.0515625,0.0604166666666666
47,633,cl3178ar0001w396cxexl3rlk,0,0.3004464285714285,0.0811011904761904,0.046875,0.05625
47,634,cl31445hf0007396cqok6byk7,0,0.6467633928571429,0.5720238095238095,0.05,0.06875
47,634,cl3144hts000b396c4ihaxgzt,0,0.2663773148148148,0.7417438271604938,0.04375,0.0541666666666666
47,634,cl31452bd000n396cl5uyjaty,0,0.8861488970588235,0.6160049019607843,0.0515625,0.0708333333333333
47,634,cl31459ks000r396cqrqm7umg,0,0.4900669642857143,0.1883928571428571,0.05,0.0604166666666666
47,634,cl314jqvw0018396c8dtr2qtj,0,0.69609375,0.2373511904761905,0.05,0.0583333333333333
47,634,cl31722oi001o396catkehdu1,0,0.5893973214285715,0.7418154761904762,0.0515625,0.0604166666666666
47,634,cl3178ar0001w396cxexl3rlk,0,0.2994419642857143,0.0816964285714285,0.046875,0.05625
47,635,cl31445hf0007396cqok6byk7,0,0.6484375,0.5739583333333333,0.05,0.06875
47,635,cl3144hts000b396c4ihaxgzt,0,0.2664351851851851,0.7415895061728396,0.04375,0.0541666666666666
47,635,cl31452bd000n396cl5uyjaty,0,0.8862224264705881,0.6159558823529412,0.0515625,0.0708333333333333
47,635,cl31459ks000r396cqrqm7umg,0,0.4890625,0.1864583333333333,0.05,0.0604166666666666
47,635,cl314jqvw0018396c8dtr2qtj,0,0.696875,0.2354166666666666,0.05,0.0583333333333333
47,635,cl31722oi001o396catkehdu1,0,0.58984375,0.740625,0.0515625,0.0604166666666666
47,635,cl3178ar0001w396cxexl3rlk,0,0.2984375,0.0822916666666666,0.046875,0.05625
47,636,cl31445hf0007396cqok6byk7,0,0.6473958333333333,0.576388888888889,0.05,0.06875
47,636,cl3144hts000b396c4ihaxgzt,0,0.2664930555555555,0.7414351851851853,0.04375,0.0541666666666666
47,636,cl31452bd000n396cl5uyjaty,0,0.886295955882353,0.615906862745098,0.0515625,0.0708333333333333
47,636,cl31459ks000r396cqrqm7umg,0,0.4885416666666667,0.1857638888888889,0.05,0.0604166666666666
47,636,cl314jqvw0018396c8dtr2qtj,0,0.69609375,0.2324652777777777,0.05,0.0583333333333333
47,636,cl31722oi001o396catkehdu1,0,0.5904947916666667,0.7390625,0.0515625,0.0604166666666666
47,636,cl3178ar0001w396cxexl3rlk,0,0.2989583333333333,0.0833333333333333,0.046875,0.05625
47,637,cl31445hf0007396cqok6byk7,0,0.6463541666666667,0.5788194444444444,0.05,0.06875
47,637,cl3144hts000b396c4ihaxgzt,0,0.2665509259259259,0.7412808641975309,0.04375,0.0541666666666666
47,637,cl31452bd000n396cl5uyjaty,0,0.8863694852941176,0.6158578431372549,0.0515625,0.0708333333333333
47,637,cl31459ks000r396cqrqm7umg,0,0.4880208333333333,0.1850694444444444,0.05,0.0604166666666666
47,637,cl314jqvw0018396c8dtr2qtj,0,0.6953125,0.2295138888888889,0.05,0.0583333333333333
47,637,cl31722oi001o396catkehdu1,0,0.5911458333333333,0.7375,0.0515625,0.0604166666666666
47,637,cl3178ar0001w396cxexl3rlk,0,0.2994791666666666,0.084375,0.046875,0.05625
47,638,cl31445hf0007396cqok6byk7,0,0.6453125,0.58125,0.05,0.06875
47,638,cl3144hts000b396c4ihaxgzt,0,0.2666087962962963,0.7411265432098766,0.04375,0.0541666666666666
47,638,cl31452bd000n396cl5uyjaty,0,0.8864430147058824,0.6158088235294117,0.0515625,0.0708333333333333
47,638,cl31459ks000r396cqrqm7umg,0,0.4875,0.184375,0.05,0.0604166666666666
47,638,cl314jqvw0018396c8dtr2qtj,0,0.69453125,0.2265625,0.05,0.0583333333333333
47,638,cl31722oi001o396catkehdu1,0,0.591796875,0.7359375,0.0515625,0.0604166666666666
47,638,cl3178ar0001w396cxexl3rlk,0,0.3,0.0854166666666666,0.046875,0.05625
47,639,cl31445hf0007396cqok6byk7,0,0.6442708333333333,0.5836805555555556,0.05,0.06875
47,639,cl3144hts000b396c4ihaxgzt,0,0.2666666666666666,0.7409722222222223,0.04375,0.0541666666666666
47,639,cl31452bd000n396cl5uyjaty,0,0.886516544117647,0.6157598039215686,0.0515625,0.0708333333333333
47,639,cl31459ks000r396cqrqm7umg,0,0.4869791666666667,0.1836805555555555,0.05,0.0604166666666666
47,639,cl314jqvw0018396c8dtr2qtj,0,0.69375,0.2236111111111111,0.05,0.0583333333333333
47,639,cl31722oi001o396catkehdu1,0,0.5924479166666667,0.734375,0.0515625,0.0604166666666666
47,639,cl3178ar0001w396cxexl3rlk,0,0.3005208333333333,0.0864583333333333,0.046875,0.05625
47,63,cl31445hf0007396cqok6byk7,0,0.1948153409090909,0.4622159090909091,0.0390625,0.05625
47,63,cl3144hts000b396c4ihaxgzt,0,0.1869348404255319,0.7809988179669031,0.0437499999999999,0.0541666666666666
47,63,cl3144p8j000g396ci3uqwj2m,0,0.1977982954545454,0.7327651515151515,0.0421875,0.05
47,63,cl31452bd000n396cl5uyjaty,0,0.8143306902985075,0.6449004975124378,0.0515625,0.0708333333333333
47,63,cl31459ks000r396cqrqm7umg,0,0.6647727272727273,0.190625,0.05,0.0604166666666666
47,63,cl314etiv0013396cef6ngytu,0,0.0274147727272727,0.693844696969697,0.04375,0.06875
47,640,cl31445hf0007396cqok6byk7,0,0.6432291666666667,0.586111111111111,0.05,0.06875
47,640,cl3144hts000b396c4ihaxgzt,0,0.266724537037037,0.7408179012345679,0.04375,0.0541666666666666
47,640,cl31452bd000n396cl5uyjaty,0,0.8865900735294117,0.6157107843137255,0.0515625,0.0708333333333333
47,640,cl31459ks000r396cqrqm7umg,0,0.4864583333333333,0.1829861111111111,0.05,0.0604166666666666
47,640,cl314jqvw0018396c8dtr2qtj,0,0.69296875,0.2206597222222222,0.05,0.0583333333333333
47,640,cl31722oi001o396catkehdu1,0,0.5930989583333333,0.7328125,0.0515625,0.0604166666666666
47,640,cl3178ar0001w396cxexl3rlk,0,0.3010416666666666,0.0875,0.046875,0.05625
47,641,cl31445hf0007396cqok6byk7,0,0.6421875,0.5885416666666666,0.05,0.06875
47,641,cl3144hts000b396c4ihaxgzt,0,0.2667824074074074,0.7406635802469136,0.04375,0.0541666666666666
47,641,cl31452bd000n396cl5uyjaty,0,0.8866636029411765,0.6156617647058823,0.0515625,0.0708333333333333
47,641,cl31459ks000r396cqrqm7umg,0,0.4859375,0.1822916666666666,0.05,0.0604166666666666
47,641,cl314jqvw0018396c8dtr2qtj,0,0.6921875,0.2177083333333333,0.05,0.0583333333333333
47,641,cl31722oi001o396catkehdu1,0,0.59375,0.73125,0.0515625,0.0604166666666666
47,641,cl3178ar0001w396cxexl3rlk,0,0.3015625,0.0885416666666666,0.046875,0.05625
47,642,cl31445hf0007396cqok6byk7,0,0.6411458333333333,0.5909722222222222,0.05,0.06875
47,642,cl3144hts000b396c4ihaxgzt,0,0.2668402777777777,0.7405092592592593,0.04375,0.0541666666666666
47,642,cl31452bd000n396cl5uyjaty,0,0.8867371323529412,0.6156127450980392,0.0515625,0.0708333333333333
47,642,cl31459ks000r396cqrqm7umg,0,0.4854166666666667,0.1815972222222222,0.05,0.0604166666666666
47,642,cl314jqvw0018396c8dtr2qtj,0,0.69140625,0.2147569444444444,0.05,0.0583333333333333
47,642,cl31722oi001o396catkehdu1,0,0.5944010416666667,0.7296875,0.0515625,0.0604166666666666
47,642,cl3178ar0001w396cxexl3rlk,0,0.3020833333333333,0.0895833333333333,0.046875,0.05625
47,643,cl31445hf0007396cqok6byk7,0,0.6401041666666667,0.5934027777777777,0.05,0.06875
47,643,cl3144hts000b396c4ihaxgzt,0,0.2668981481481481,0.7403549382716049,0.04375,0.0541666666666666
47,643,cl31452bd000n396cl5uyjaty,0,0.8868106617647058,0.6155637254901961,0.0515625,0.0708333333333333
47,643,cl31459ks000r396cqrqm7umg,0,0.4848958333333333,0.1809027777777777,0.05,0.0604166666666666
47,643,cl314jqvw0018396c8dtr2qtj,0,0.690625,0.2118055555555555,0.05,0.0583333333333333
47,643,cl31722oi001o396catkehdu1,0,0.5950520833333333,0.728125,0.0515625,0.0604166666666666
47,643,cl3178ar0001w396cxexl3rlk,0,0.3026041666666667,0.090625,0.046875,0.05625
47,644,cl31445hf0007396cqok6byk7,0,0.6390625,0.5958333333333333,0.05,0.06875
47,644,cl3144hts000b396c4ihaxgzt,0,0.2669560185185185,0.7402006172839506,0.04375,0.0541666666666666
47,644,cl31452bd000n396cl5uyjaty,0,0.8868841911764707,0.6155147058823529,0.0515625,0.0708333333333333
47,644,cl31459ks000r396cqrqm7umg,0,0.484375,0.1802083333333333,0.05,0.0604166666666666
47,644,cl314jqvw0018396c8dtr2qtj,0,0.68984375,0.2088541666666666,0.05,0.0583333333333333
47,644,cl31722oi001o396catkehdu1,0,0.595703125,0.7265625,0.0515625,0.0604166666666666
47,644,cl3178ar0001w396cxexl3rlk,0,0.303125,0.0916666666666666,0.046875,0.05625
47,645,cl31445hf0007396cqok6byk7,0,0.6380208333333333,0.5982638888888889,0.05,0.06875
47,645,cl3144hts000b396c4ihaxgzt,0,0.2670138888888889,0.7400462962962963,0.04375,0.0541666666666666
47,645,cl31452bd000n396cl5uyjaty,0,0.8869577205882353,0.6154656862745098,0.0515625,0.0708333333333333
47,645,cl31459ks000r396cqrqm7umg,0,0.4838541666666667,0.1795138888888889,0.05,0.0604166666666666
47,645,cl314jqvw0018396c8dtr2qtj,0,0.6890625,0.2059027777777777,0.05,0.0583333333333333
47,645,cl31722oi001o396catkehdu1,0,0.5963541666666667,0.725,0.0515625,0.0604166666666666
47,645,cl3178ar0001w396cxexl3rlk,0,0.3036458333333333,0.0927083333333333,0.046875,0.05625
47,646,cl31445hf0007396cqok6byk7,0,0.6369791666666667,0.6006944444444444,0.05,0.06875
47,646,cl3144hts000b396c4ihaxgzt,0,0.2670717592592592,0.739891975308642,0.04375,0.0541666666666666
47,646,cl31452bd000n396cl5uyjaty,0,0.88703125,0.6154166666666666,0.0515625,0.0708333333333333
47,646,cl31459ks000r396cqrqm7umg,0,0.4833333333333333,0.1788194444444444,0.05,0.0604166666666666
47,646,cl314jqvw0018396c8dtr2qtj,0,0.68828125,0.2029513888888889,0.05,0.0583333333333333
47,646,cl31722oi001o396catkehdu1,0,0.5970052083333333,0.7234375,0.0515625,0.0604166666666666
47,646,cl3178ar0001w396cxexl3rlk,0,0.3041666666666666,0.09375,0.046875,0.05625
47,647,cl31445hf0007396cqok6byk7,0,0.6359375,0.603125,0.05,0.06875
47,647,cl3144hts000b396c4ihaxgzt,0,0.2671296296296296,0.7397376543209877,0.04375,0.0541666666666666
47,647,cl31452bd000n396cl5uyjaty,0,0.8871047794117647,0.6153676470588235,0.0515625,0.0708333333333333
47,647,cl31459ks000r396cqrqm7umg,0,0.4828125,0.178125,0.05,0.0604166666666666
47,647,cl314jqvw0018396c8dtr2qtj,0,0.6875,0.2,0.05,0.0583333333333333
47,647,cl31722oi001o396catkehdu1,0,0.59765625,0.721875,0.0515625,0.0604166666666666
47,647,cl3178ar0001w396cxexl3rlk,0,0.3046875,0.0947916666666666,0.046875,0.05625
47,648,cl31445hf0007396cqok6byk7,0,0.63583984375,0.605078125,0.05,0.06875
47,648,cl3144hts000b396c4ihaxgzt,0,0.2671875,0.7395833333333334,0.04375,0.0541666666666666
47,648,cl31452bd000n396cl5uyjaty,0,0.8871783088235293,0.6153186274509804,0.0515625,0.0708333333333333
47,648,cl31459ks000r396cqrqm7umg,0,0.48291015625,0.1755208333333333,0.05,0.0604166666666666
47,648,cl314jqvw0018396c8dtr2qtj,0,0.68828125,0.1975260416666666,0.05,0.0583333333333333
47,648,cl31722oi001o396catkehdu1,0,0.598046875,0.7204427083333333,0.0515625,0.0604166666666666
47,648,cl3178ar0001w396cxexl3rlk,0,0.30546875,0.09453125,0.046875,0.05625
47,649,cl31445hf0007396cqok6byk7,0,0.6357421875,0.60703125,0.05,0.06875
47,649,cl3144hts000b396c4ihaxgzt,0,0.2672453703703704,0.739429012345679,0.04375,0.0541666666666666
47,649,cl31452bd000n396cl5uyjaty,0,0.8872518382352942,0.6152696078431372,0.0515625,0.0708333333333333
47,649,cl31459ks000r396cqrqm7umg,0,0.4830078125,0.1729166666666666,0.05,0.0604166666666666
47,649,cl314jqvw0018396c8dtr2qtj,0,0.6890625,0.1950520833333333,0.05,0.0583333333333333
47,649,cl31722oi001o396catkehdu1,0,0.5984375,0.7190104166666667,0.0515625,0.0604166666666666
47,649,cl3178ar0001w396cxexl3rlk,0,0.30625,0.0942708333333333,0.046875,0.05625
47,64,cl31445hf0007396cqok6byk7,0,0.195809659090909,0.4607007575757575,0.0390625,0.05625
47,64,cl3144hts000b396c4ihaxgzt,0,0.187001329787234,0.7810283687943262,0.0437499999999999,0.0541666666666666
47,64,cl3144p8j000g396ci3uqwj2m,0,0.1990767045454545,0.7318181818181818,0.0421875,0.05
47,64,cl31452bd000n396cl5uyjaty,0,0.8144006529850746,0.6448383084577114,0.0515624999999999,0.0708333333333333
47,64,cl31459ks000r396cqrqm7umg,0,0.6633522727272727,0.190625,0.05,0.0604166666666666
47,64,cl314etiv0013396cef6ngytu,0,0.0272727272727272,0.6957386363636363,0.04375,0.06875
47,650,cl31445hf0007396cqok6byk7,0,0.63564453125,0.608984375,0.05,0.06875
47,650,cl3144hts000b396c4ihaxgzt,0,0.2673032407407407,0.7392746913580247,0.04375,0.0541666666666666
47,650,cl31452bd000n396cl5uyjaty,0,0.8873253676470588,0.6152205882352941,0.0515625,0.0708333333333333
47,650,cl31459ks000r396cqrqm7umg,0,0.48310546875,0.1703125,0.05,0.0604166666666666
47,650,cl314jqvw0018396c8dtr2qtj,0,0.68984375,0.192578125,0.05,0.0583333333333333
47,650,cl31722oi001o396catkehdu1,0,0.598828125,0.717578125,0.0515625,0.0604166666666666
47,650,cl3178ar0001w396cxexl3rlk,0,0.30703125,0.0940104166666666,0.046875,0.05625
47,651,cl31445hf0007396cqok6byk7,0,0.635546875,0.6109375,0.05,0.06875
47,651,cl3144hts000b396c4ihaxgzt,0,0.2673611111111111,0.7391203703703704,0.04375,0.0541666666666666
47,651,cl31452bd000n396cl5uyjaty,0,0.8873988970588235,0.615171568627451,0.0515625,0.0708333333333333
47,651,cl31459ks000r396cqrqm7umg,0,0.483203125,0.1677083333333333,0.05,0.0604166666666666
47,651,cl314jqvw0018396c8dtr2qtj,0,0.690625,0.1901041666666666,0.05,0.0583333333333333
47,651,cl31722oi001o396catkehdu1,0,0.59921875,0.7161458333333334,0.0515625,0.0604166666666666
47,651,cl3178ar0001w396cxexl3rlk,0,0.3078125,0.09375,0.046875,0.05625
47,652,cl31445hf0007396cqok6byk7,0,0.63544921875,0.612890625,0.05,0.06875
47,652,cl3144hts000b396c4ihaxgzt,0,0.2674189814814814,0.738966049382716,0.04375,0.0541666666666666
47,652,cl31452bd000n396cl5uyjaty,0,0.8874724264705882,0.6151225490196078,0.0515625,0.0708333333333333
47,652,cl31459ks000r396cqrqm7umg,0,0.48330078125,0.1651041666666666,0.05,0.0604166666666666
47,652,cl314jqvw0018396c8dtr2qtj,0,0.69140625,0.1876302083333333,0.05,0.0583333333333333
47,652,cl31722oi001o396catkehdu1,0,0.599609375,0.7147135416666667,0.0515625,0.0604166666666666
47,652,cl3178ar0001w396cxexl3rlk,0,0.30859375,0.0934895833333333,0.046875,0.05625
47,653,cl31445hf0007396cqok6byk7,0,0.6353515625,0.61484375,0.05,0.06875
47,653,cl3144hts000b396c4ihaxgzt,0,0.2674768518518519,0.7388117283950617,0.04375,0.0541666666666666
47,653,cl31452bd000n396cl5uyjaty,0,0.8875459558823529,0.6150735294117647,0.0515625,0.0708333333333333
47,653,cl31459ks000r396cqrqm7umg,0,0.4833984375,0.1625,0.05,0.0604166666666666
47,653,cl314jqvw0018396c8dtr2qtj,0,0.6921875,0.18515625,0.05,0.0583333333333333
47,653,cl31722oi001o396catkehdu1,0,0.6,0.71328125,0.0515625,0.0604166666666666
47,653,cl3178ar0001w396cxexl3rlk,0,0.309375,0.0932291666666666,0.046875,0.05625
47,654,cl31445hf0007396cqok6byk7,0,0.63525390625,0.616796875,0.05,0.06875
47,654,cl3144hts000b396c4ihaxgzt,0,0.2675347222222222,0.7386574074074074,0.04375,0.0541666666666666
47,654,cl31452bd000n396cl5uyjaty,0,0.8876194852941177,0.6150245098039215,0.0515625,0.0708333333333333
47,654,cl31459ks000r396cqrqm7umg,0,0.48349609375,0.1598958333333333,0.05,0.0604166666666666
47,654,cl314jqvw0018396c8dtr2qtj,0,0.69296875,0.1826822916666666,0.05,0.0583333333333333
47,654,cl31722oi001o396catkehdu1,0,0.600390625,0.7118489583333333,0.0515625,0.0604166666666666
47,654,cl3178ar0001w396cxexl3rlk,0,0.31015625,0.09296875,0.046875,0.05625
47,655,cl31445hf0007396cqok6byk7,0,0.63515625,0.61875,0.05,0.06875
47,655,cl3144hts000b396c4ihaxgzt,0,0.2675925925925926,0.738503086419753,0.04375,0.0541666666666666
47,655,cl31452bd000n396cl5uyjaty,0,0.8876930147058824,0.6149754901960784,0.0515625,0.0708333333333333
47,655,cl31459ks000r396cqrqm7umg,0,0.48359375,0.1572916666666666,0.05,0.0604166666666666
47,655,cl314jqvw0018396c8dtr2qtj,0,0.69375,0.1802083333333333,0.05,0.0583333333333333
47,655,cl31722oi001o396catkehdu1,0,0.60078125,0.7104166666666667,0.0515625,0.0604166666666666
47,655,cl3178ar0001w396cxexl3rlk,0,0.3109375,0.0927083333333333,0.046875,0.05625
47,656,cl31445hf0007396cqok6byk7,0,0.63505859375,0.620703125,0.05,0.06875
47,656,cl3144hts000b396c4ihaxgzt,0,0.2676504629629629,0.7383487654320987,0.04375,0.0541666666666666
47,656,cl31452bd000n396cl5uyjaty,0,0.887766544117647,0.6149264705882354,0.0515625,0.0708333333333333
47,656,cl31459ks000r396cqrqm7umg,0,0.48369140625,0.1546875,0.05,0.0604166666666666
47,656,cl314jqvw0018396c8dtr2qtj,0,0.69453125,0.177734375,0.05,0.0583333333333333
47,656,cl31722oi001o396catkehdu1,0,0.601171875,0.708984375,0.0515625,0.0604166666666666
47,656,cl3178ar0001w396cxexl3rlk,0,0.31171875,0.0924479166666666,0.046875,0.05625
47,657,cl31445hf0007396cqok6byk7,0,0.6349609375,0.62265625,0.05,0.06875
47,657,cl3144hts000b396c4ihaxgzt,0,0.2677083333333333,0.7381944444444444,0.04375,0.0541666666666666
47,657,cl31452bd000n396cl5uyjaty,0,0.8878400735294119,0.6148774509803921,0.0515625,0.0708333333333333
47,657,cl31459ks000r396cqrqm7umg,0,0.4837890625,0.1520833333333333,0.05,0.0604166666666666
47,657,cl314jqvw0018396c8dtr2qtj,0,0.6953125,0.1752604166666666,0.05,0.0583333333333333
47,657,cl31722oi001o396catkehdu1,0,0.6015625,0.7075520833333333,0.0515625,0.0604166666666666
47,657,cl3178ar0001w396cxexl3rlk,0,0.3125,0.0921875,0.046875,0.05625
47,658,cl31445hf0007396cqok6byk7,0,0.63486328125,0.624609375,0.05,0.06875
47,658,cl3144hts000b396c4ihaxgzt,0,0.2677662037037037,0.73804012345679,0.04375,0.0541666666666666
47,658,cl31452bd000n396cl5uyjaty,0,0.8879136029411765,0.6148284313725491,0.0515625,0.0708333333333333
47,658,cl31459ks000r396cqrqm7umg,0,0.48388671875,0.1494791666666666,0.05,0.0604166666666666
47,658,cl314jqvw0018396c8dtr2qtj,0,0.69609375,0.1727864583333333,0.05,0.0583333333333333
47,658,cl31722oi001o396catkehdu1,0,0.601953125,0.7061197916666667,0.0515625,0.0604166666666666
47,658,cl3178ar0001w396cxexl3rlk,0,0.31328125,0.0919270833333333,0.046875,0.05625
47,659,cl31445hf0007396cqok6byk7,0,0.634765625,0.6265625,0.05,0.06875
47,659,cl3144hts000b396c4ihaxgzt,0,0.2678240740740741,0.7378858024691357,0.04375,0.0541666666666666
47,659,cl31452bd000n396cl5uyjaty,0,0.8879871323529411,0.614779411764706,0.0515625,0.0708333333333333
47,659,cl31459ks000r396cqrqm7umg,0,0.483984375,0.146875,0.05,0.0604166666666666
47,659,cl314jqvw0018396c8dtr2qtj,0,0.696875,0.1703125,0.05,0.0583333333333333
47,659,cl31722oi001o396catkehdu1,0,0.60234375,0.7046875,0.0515625,0.0604166666666666
47,659,cl3178ar0001w396cxexl3rlk,0,0.3140625,0.0916666666666666,0.046875,0.05625
47,65,cl31445hf0007396cqok6byk7,0,0.1968039772727273,0.459185606060606,0.0390625,0.05625
47,65,cl3144hts000b396c4ihaxgzt,0,0.1870678191489361,0.7810579196217494,0.0437499999999999,0.0541666666666666
47,65,cl3144p8j000g396ci3uqwj2m,0,0.2003551136363636,0.7308712121212121,0.0421874999999999,0.05
47,65,cl31452bd000n396cl5uyjaty,0,0.8144706156716419,0.6447761194029851,0.0515625,0.0708333333333333
47,65,cl31459ks000r396cqrqm7umg,0,0.6619318181818181,0.190625,0.05,0.0604166666666666
47,65,cl314etiv0013396cef6ngytu,0,0.0271306818181818,0.6976325757575758,0.04375,0.06875
47,660,cl31445hf0007396cqok6byk7,0,0.63466796875,0.628515625,0.05,0.06875
47,660,cl3144hts000b396c4ihaxgzt,0,0.2678819444444444,0.7377314814814814,0.04375,0.0541666666666666
47,660,cl31452bd000n396cl5uyjaty,0,0.8880606617647059,0.6147303921568628,0.0515625,0.0708333333333333
47,660,cl31459ks000r396cqrqm7umg,0,0.48408203125,0.1442708333333333,0.05,0.0604166666666666
47,660,cl314jqvw0018396c8dtr2qtj,0,0.69765625,0.1678385416666666,0.05,0.0583333333333333
47,660,cl31722oi001o396catkehdu1,0,0.602734375,0.7032552083333333,0.0515625,0.0604166666666666
47,660,cl3178ar0001w396cxexl3rlk,0,0.31484375,0.09140625,0.046875,0.05625
47,661,cl31445hf0007396cqok6byk7,0,0.6345703125,0.63046875,0.05,0.06875
47,661,cl3144hts000b396c4ihaxgzt,0,0.2679398148148148,0.7375771604938272,0.04375,0.0541666666666666
47,661,cl31452bd000n396cl5uyjaty,0,0.8881341911764705,0.6146813725490197,0.0515625,0.0708333333333333
47,661,cl31459ks000r396cqrqm7umg,0,0.4841796875,0.1416666666666666,0.05,0.0604166666666666
47,661,cl314jqvw0018396c8dtr2qtj,0,0.6984375,0.1653645833333333,0.05,0.0583333333333333
47,661,cl31722oi001o396catkehdu1,0,0.603125,0.7018229166666666,0.0515625,0.0604166666666666
47,661,cl3178ar0001w396cxexl3rlk,0,0.315625,0.0911458333333333,0.046875,0.05625
47,662,cl31445hf0007396cqok6byk7,0,0.63447265625,0.632421875,0.05,0.06875
47,662,cl3144hts000b396c4ihaxgzt,0,0.2679976851851852,0.7374228395061729,0.04375,0.0541666666666666
47,662,cl31452bd000n396cl5uyjaty,0,0.8882077205882354,0.6146323529411765,0.0515625,0.0708333333333333
47,662,cl31459ks000r396cqrqm7umg,0,0.48427734375,0.1390625,0.05,0.0604166666666666
47,662,cl314jqvw0018396c8dtr2qtj,0,0.69921875,0.162890625,0.05,0.0583333333333333
47,662,cl31722oi001o396catkehdu1,0,0.603515625,0.700390625,0.0515625,0.0604166666666666
47,662,cl3178ar0001w396cxexl3rlk,0,0.31640625,0.0908854166666666,0.046875,0.05625
47,663,cl31445hf0007396cqok6byk7,0,0.634375,0.634375,0.05,0.06875
47,663,cl3144hts000b396c4ihaxgzt,0,0.2680555555555555,0.7372685185185186,0.04375,0.0541666666666666
47,663,cl31452bd000n396cl5uyjaty,0,0.88828125,0.6145833333333334,0.0515625,0.0708333333333333
47,663,cl31459ks000r396cqrqm7umg,0,0.484375,0.1364583333333333,0.05,0.0604166666666666
47,663,cl314jqvw0018396c8dtr2qtj,0,0.7,0.1604166666666666,0.05,0.0583333333333333
47,663,cl31722oi001o396catkehdu1,0,0.60390625,0.6989583333333333,0.0515625,0.0604166666666666
47,663,cl3178ar0001w396cxexl3rlk,0,0.3171875,0.090625,0.046875,0.05625
47,664,cl31445hf0007396cqok6byk7,0,0.63359375,0.6357638888888889,0.05,0.06875
47,664,cl3144hts000b396c4ihaxgzt,0,0.2681134259259259,0.7371141975308643,0.04375,0.0541666666666666
47,664,cl31452bd000n396cl5uyjaty,0,0.8884114583333333,0.6144965277777777,0.0515625,0.0708333333333333
47,664,cl31459ks000r396cqrqm7umg,0,0.484375,0.1345486111111111,0.05,0.0604166666666666
47,664,cl314jqvw0018396c8dtr2qtj,0,0.7005208333333333,0.1579861111111111,0.05,0.0583333333333333
47,664,cl31722oi001o396catkehdu1,0,0.60365625,0.697875,0.0515625,0.0604166666666666
47,664,cl3178ar0001w396cxexl3rlk,0,0.3166666666666666,0.0918402777777777,0.046875,0.05625
47,665,cl31445hf0007396cqok6byk7,0,0.6328125,0.6371527777777778,0.05,0.06875
47,665,cl3144hts000b396c4ihaxgzt,0,0.2681712962962962,0.7369598765432099,0.04375,0.0541666666666666
47,665,cl31452bd000n396cl5uyjaty,0,0.8885416666666666,0.6144097222222222,0.0515625,0.0708333333333333
47,665,cl31459ks000r396cqrqm7umg,0,0.484375,0.1326388888888889,0.05,0.0604166666666666
47,665,cl314jqvw0018396c8dtr2qtj,0,0.7010416666666667,0.1555555555555555,0.05,0.0583333333333333
47,665,cl31722oi001o396catkehdu1,0,0.60340625,0.6967916666666666,0.0515625,0.0604166666666666
47,665,cl3178ar0001w396cxexl3rlk,0,0.3161458333333333,0.0930555555555555,0.046875,0.0562499999999999
47,666,cl31445hf0007396cqok6byk7,0,0.63203125,0.6385416666666667,0.05,0.06875
47,666,cl3144hts000b396c4ihaxgzt,0,0.2682291666666666,0.7368055555555556,0.04375,0.0541666666666666
47,666,cl31452bd000n396cl5uyjaty,0,0.888671875,0.6143229166666667,0.0515625,0.0708333333333333
47,666,cl31459ks000r396cqrqm7umg,0,0.484375,0.1307291666666666,0.05,0.0604166666666666
47,666,cl314jqvw0018396c8dtr2qtj,0,0.7015625,0.153125,0.05,0.0583333333333333
47,666,cl31722oi001o396catkehdu1,0,0.60315625,0.6957083333333334,0.0515625,0.0604166666666666
47,666,cl3178ar0001w396cxexl3rlk,0,0.315625,0.0942708333333333,0.046875,0.05625
47,667,cl31445hf0007396cqok6byk7,0,0.63125,0.6399305555555556,0.05,0.06875
47,667,cl3144hts000b396c4ihaxgzt,0,0.268287037037037,0.7366512345679013,0.04375,0.0541666666666666
47,667,cl31452bd000n396cl5uyjaty,0,0.8888020833333334,0.6142361111111111,0.0515625,0.0708333333333333
47,667,cl31459ks000r396cqrqm7umg,0,0.484375,0.1288194444444444,0.05,0.0604166666666666
47,667,cl314jqvw0018396c8dtr2qtj,0,0.7020833333333333,0.1506944444444444,0.05,0.0583333333333333
47,667,cl31722oi001o396catkehdu1,0,0.60290625,0.694625,0.0515625,0.0604166666666666
47,667,cl3178ar0001w396cxexl3rlk,0,0.3151041666666666,0.0954861111111111,0.046875,0.05625
47,668,cl31445hf0007396cqok6byk7,0,0.63046875,0.6413194444444444,0.05,0.06875
47,668,cl3144hts000b396c4ihaxgzt,0,0.2683449074074074,0.7364969135802469,0.04375,0.0541666666666666
47,668,cl31452bd000n396cl5uyjaty,0,0.8889322916666667,0.6141493055555556,0.0515625,0.0708333333333333
47,668,cl31459ks000r396cqrqm7umg,0,0.484375,0.1269097222222222,0.05,0.0604166666666666
47,668,cl314jqvw0018396c8dtr2qtj,0,0.7026041666666667,0.1482638888888889,0.05,0.0583333333333333
47,668,cl31722oi001o396catkehdu1,0,0.60265625,0.6935416666666666,0.0515625,0.0604166666666666
47,668,cl3178ar0001w396cxexl3rlk,0,0.3145833333333333,0.0967013888888888,0.046875,0.05625
47,669,cl31445hf0007396cqok6byk7,0,0.6296875,0.6427083333333333,0.05,0.06875
47,669,cl3144hts000b396c4ihaxgzt,0,0.2684027777777777,0.7363425925925926,0.04375,0.0541666666666666
47,669,cl31452bd000n396cl5uyjaty,0,0.8890625,0.6140625,0.0515625,0.0708333333333333
47,669,cl31459ks000r396cqrqm7umg,0,0.484375,0.125,0.05,0.0604166666666666
47,669,cl314jqvw0018396c8dtr2qtj,0,0.703125,0.1458333333333333,0.05,0.0583333333333333
47,669,cl31722oi001o396catkehdu1,0,0.60240625,0.6924583333333333,0.0515625,0.0604166666666666
47,669,cl3178ar0001w396cxexl3rlk,0,0.3140625,0.0979166666666666,0.046875,0.05625
47,66,cl31445hf0007396cqok6byk7,0,0.1977982954545454,0.4576704545454546,0.0390625,0.05625
47,66,cl3144hts000b396c4ihaxgzt,0,0.1871343085106382,0.7810874704491726,0.0437499999999999,0.0541666666666666
47,66,cl3144p8j000g396ci3uqwj2m,0,0.2016335227272727,0.7299242424242425,0.0421874999999999,0.05
47,66,cl31452bd000n396cl5uyjaty,0,0.814540578358209,0.6447139303482586,0.0515625,0.0708333333333333
47,66,cl31459ks000r396cqrqm7umg,0,0.6605113636363636,0.190625,0.05,0.0604166666666666
47,66,cl314etiv0013396cef6ngytu,0,0.0269886363636363,0.6995265151515151,0.04375,0.06875
47,670,cl31445hf0007396cqok6byk7,0,0.62890625,0.6440972222222222,0.05,0.06875
47,670,cl3144hts000b396c4ihaxgzt,0,0.2684606481481481,0.7361882716049383,0.04375,0.0541666666666666
47,670,cl31452bd000n396cl5uyjaty,0,0.8891927083333334,0.6139756944444444,0.0515625,0.0708333333333333
47,670,cl31459ks000r396cqrqm7umg,0,0.484375,0.1230902777777777,0.05,0.0604166666666666
47,670,cl314jqvw0018396c8dtr2qtj,0,0.7036458333333333,0.1434027777777777,0.05,0.0583333333333333
47,670,cl31722oi001o396catkehdu1,0,0.60215625,0.6913750000000001,0.0515625,0.0604166666666666
47,670,cl3178ar0001w396cxexl3rlk,0,0.3135416666666666,0.0991319444444444,0.046875,0.05625
47,671,cl31445hf0007396cqok6byk7,0,0.628125,0.6454861111111111,0.05,0.06875
47,671,cl3144hts000b396c4ihaxgzt,0,0.2685185185185185,0.7360339506172839,0.04375,0.0541666666666666
47,671,cl31452bd000n396cl5uyjaty,0,0.8893229166666666,0.6138888888888889,0.0515625,0.0708333333333333
47,671,cl31459ks000r396cqrqm7umg,0,0.484375,0.1211805555555555,0.05,0.0604166666666666
47,671,cl314jqvw0018396c8dtr2qtj,0,0.7041666666666667,0.1409722222222222,0.05,0.0583333333333333
47,671,cl31722oi001o396catkehdu1,0,0.6019062500000001,0.6902916666666666,0.0515625,0.0604166666666666
47,671,cl3178ar0001w396cxexl3rlk,0,0.3130208333333333,0.1003472222222222,0.046875,0.05625
47,672,cl31445hf0007396cqok6byk7,0,0.62734375,0.646875,0.05,0.06875
47,672,cl3144hts000b396c4ihaxgzt,0,0.2685763888888889,0.7358796296296296,0.04375,0.0541666666666666
47,672,cl31452bd000n396cl5uyjaty,0,0.889453125,0.6138020833333333,0.0515625,0.0708333333333333
47,672,cl31459ks000r396cqrqm7umg,0,0.484375,0.1192708333333333,0.05,0.0604166666666666
47,672,cl314jqvw0018396c8dtr2qtj,0,0.7046875,0.1385416666666666,0.05,0.0583333333333333
47,672,cl31722oi001o396catkehdu1,0,0.60165625,0.6892083333333333,0.0515625,0.0604166666666666
47,672,cl3178ar0001w396cxexl3rlk,0,0.3125,0.1015625,0.046875,0.05625
47,673,cl31445hf0007396cqok6byk7,0,0.6265625,0.648263888888889,0.05,0.06875
47,673,cl3144hts000b396c4ihaxgzt,0,0.2686342592592592,0.7357253086419753,0.04375,0.0541666666666666
47,673,cl31452bd000n396cl5uyjaty,0,0.8895833333333334,0.6137152777777778,0.0515625,0.0708333333333333
47,673,cl31459ks000r396cqrqm7umg,0,0.484375,0.1173611111111111,0.05,0.0604166666666666
47,673,cl314jqvw0018396c8dtr2qtj,0,0.7052083333333333,0.1361111111111111,0.05,0.0583333333333333
47,673,cl31722oi001o396catkehdu1,0,0.6014062499999999,0.688125,0.0515625,0.0604166666666666
47,673,cl3178ar0001w396cxexl3rlk,0,0.3119791666666666,0.1027777777777777,0.046875,0.05625
47,674,cl31445hf0007396cqok6byk7,0,0.62578125,0.6496527777777777,0.05,0.06875
47,674,cl3144hts000b396c4ihaxgzt,0,0.2686921296296296,0.7355709876543209,0.04375,0.0541666666666666
47,674,cl31452bd000n396cl5uyjaty,0,0.8897135416666666,0.6136284722222223,0.0515625,0.0708333333333333
47,674,cl31459ks000r396cqrqm7umg,0,0.484375,0.1154513888888889,0.05,0.0604166666666666
47,674,cl314jqvw0018396c8dtr2qtj,0,0.7057291666666667,0.1336805555555555,0.05,0.0583333333333333
47,674,cl31722oi001o396catkehdu1,0,0.6011562500000001,0.6870416666666667,0.0515625,0.0604166666666666
47,674,cl3178ar0001w396cxexl3rlk,0,0.3114583333333333,0.1039930555555555,0.046875,0.05625
47,675,cl31445hf0007396cqok6byk7,0,0.625,0.6510416666666666,0.05,0.06875
47,675,cl3144hts000b396c4ihaxgzt,0,0.26875,0.7354166666666667,0.04375,0.0541666666666666
47,675,cl31452bd000n396cl5uyjaty,0,0.88984375,0.6135416666666667,0.0515625,0.0708333333333333
47,675,cl31459ks000r396cqrqm7umg,0,0.484375,0.1135416666666666,0.05,0.0604166666666666
47,675,cl314jqvw0018396c8dtr2qtj,0,0.70625,0.13125,0.05,0.0583333333333333
47,675,cl31722oi001o396catkehdu1,0,0.60090625,0.6859583333333333,0.0515625,0.0604166666666666
47,675,cl3178ar0001w396cxexl3rlk,0,0.3109375,0.1052083333333333,0.046875,0.05625
47,676,cl31445hf0007396cqok6byk7,0,0.6248798076923077,0.6536057692307692,0.05,0.06875
47,676,cl3144hts000b396c4ihaxgzt,0,0.2689453125,0.7353298611111111,0.04375,0.0541666666666666
47,676,cl31452bd000n396cl5uyjaty,0,0.8899739583333334,0.613454861111111,0.0515625,0.0708333333333333
47,676,cl31459ks000r396cqrqm7umg,0,0.4844951923076923,0.1114583333333333,0.05,0.0604166666666666
47,676,cl314jqvw0018396c8dtr2qtj,0,0.7087740384615385,0.1299679487179487,0.05,0.0583333333333333
47,676,cl31722oi001o396catkehdu1,0,0.60065625,0.684875,0.0515625,0.0604166666666666
47,676,cl3178ar0001w396cxexl3rlk,0,0.3126201923076923,0.1045673076923077,0.046875,0.05625
47,677,cl31445hf0007396cqok6byk7,0,0.6247596153846154,0.6561698717948717,0.05,0.06875
47,677,cl3144hts000b396c4ihaxgzt,0,0.269140625,0.7352430555555556,0.04375,0.0541666666666666
47,677,cl31452bd000n396cl5uyjaty,0,0.8901041666666666,0.6133680555555556,0.0515625,0.0708333333333333
47,677,cl31459ks000r396cqrqm7umg,0,0.4846153846153845,0.109375,0.05,0.0604166666666666
47,677,cl314jqvw0018396c8dtr2qtj,0,0.7112980769230769,0.1286858974358974,0.05,0.0583333333333333
47,677,cl31722oi001o396catkehdu1,0,0.60040625,0.6837916666666667,0.0515625,0.0604166666666666
47,677,cl3178ar0001w396cxexl3rlk,0,0.3143028846153846,0.103926282051282,0.046875,0.05625
47,678,cl31445hf0007396cqok6byk7,0,0.6246394230769231,0.6587339743589743,0.05,0.06875
47,678,cl3144hts000b396c4ihaxgzt,0,0.2693359375,0.73515625,0.04375,0.0541666666666666
47,678,cl31452bd000n396cl5uyjaty,0,0.890234375,0.61328125,0.0515625,0.0708333333333333
47,678,cl31459ks000r396cqrqm7umg,0,0.4847355769230769,0.1072916666666666,0.05,0.0604166666666666
47,678,cl314jqvw0018396c8dtr2qtj,0,0.7138221153846154,0.1274038461538461,0.05,0.0583333333333333
47,678,cl31722oi001o396catkehdu1,0,0.6001562500000001,0.6827083333333334,0.0515625,0.0604166666666666
47,678,cl3178ar0001w396cxexl3rlk,0,0.3159855769230769,0.1032852564102564,0.046875,0.05625
47,679,cl31445hf0007396cqok6byk7,0,0.6245192307692308,0.6612980769230768,0.05,0.06875
47,679,cl3144hts000b396c4ihaxgzt,0,0.26953125,0.7350694444444444,0.04375,0.0541666666666666
47,679,cl31452bd000n396cl5uyjaty,0,0.8903645833333333,0.6131944444444444,0.0515625,0.0708333333333333
47,679,cl31459ks000r396cqrqm7umg,0,0.4848557692307692,0.1052083333333333,0.05,0.0604166666666666
47,679,cl314jqvw0018396c8dtr2qtj,0,0.7163461538461539,0.1261217948717948,0.05,0.0583333333333333
47,679,cl31722oi001o396catkehdu1,0,0.59990625,0.681625,0.0515625,0.0604166666666666
47,679,cl3178ar0001w396cxexl3rlk,0,0.3176682692307692,0.1026442307692307,0.046875,0.05625
47,67,cl31445hf0007396cqok6byk7,0,0.1987926136363636,0.456155303030303,0.0390624999999999,0.05625
47,67,cl3144hts000b396c4ihaxgzt,0,0.1872007978723404,0.7811170212765958,0.0437499999999999,0.0541666666666666
47,67,cl3144p8j000g396ci3uqwj2m,0,0.2029119318181818,0.7289772727272728,0.0421875,0.05
47,67,cl31452bd000n396cl5uyjaty,0,0.8146105410447761,0.6446517412935324,0.0515625,0.0708333333333333
47,67,cl31459ks000r396cqrqm7umg,0,0.6590909090909091,0.190625,0.05,0.0604166666666666
47,67,cl314etiv0013396cef6ngytu,0,0.0268465909090909,0.7014204545454545,0.04375,0.06875
47,680,cl31445hf0007396cqok6byk7,0,0.6243990384615385,0.6638621794871794,0.05,0.06875
47,680,cl3144hts000b396c4ihaxgzt,0,0.2697265625,0.7349826388888889,0.04375,0.0541666666666666
47,680,cl31452bd000n396cl5uyjaty,0,0.8904947916666666,0.613107638888889,0.0515625,0.0708333333333333
47,680,cl31459ks000r396cqrqm7umg,0,0.4849759615384615,0.103125,0.05,0.0604166666666666
47,680,cl314jqvw0018396c8dtr2qtj,0,0.7188701923076923,0.1248397435897435,0.05,0.0583333333333333
47,680,cl31722oi001o396catkehdu1,0,0.59965625,0.6805416666666667,0.0515625,0.0604166666666666
47,680,cl3178ar0001w396cxexl3rlk,0,0.3193509615384615,0.1020032051282051,0.046875,0.05625
47,681,cl31445hf0007396cqok6byk7,0,0.6242788461538462,0.666426282051282,0.05,0.06875
47,681,cl3144hts000b396c4ihaxgzt,0,0.269921875,0.7348958333333333,0.04375,0.0541666666666666
47,681,cl31452bd000n396cl5uyjaty,0,0.890625,0.6130208333333333,0.0515625,0.0708333333333333
47,681,cl31459ks000r396cqrqm7umg,0,0.4850961538461538,0.1010416666666666,0.05,0.0604166666666666
47,681,cl314jqvw0018396c8dtr2qtj,0,0.7213942307692307,0.1235576923076923,0.05,0.0583333333333333
47,681,cl31722oi001o396catkehdu1,0,0.59940625,0.6794583333333333,0.0515625,0.0604166666666666
47,681,cl3178ar0001w396cxexl3rlk,0,0.3210336538461538,0.1013621794871794,0.046875,0.05625
47,682,cl31445hf0007396cqok6byk7,0,0.6241586538461539,0.6689903846153846,0.05,0.06875
47,682,cl3144hts000b396c4ihaxgzt,0,0.2701171875,0.7348090277777778,0.04375,0.0541666666666666
47,682,cl31452bd000n396cl5uyjaty,0,0.8907552083333334,0.6129340277777777,0.0515625,0.0708333333333333
47,682,cl31459ks000r396cqrqm7umg,0,0.4852163461538462,0.0989583333333333,0.05,0.0604166666666666
47,682,cl314jqvw0018396c8dtr2qtj,0,0.7239182692307693,0.122275641025641,0.05,0.0583333333333333
47,682,cl31722oi001o396catkehdu1,0,0.59915625,0.6783750000000001,0.0515625,0.0604166666666666
47,682,cl3178ar0001w396cxexl3rlk,0,0.3227163461538461,0.1007211538461538,0.046875,0.05625
47,683,cl31445hf0007396cqok6byk7,0,0.6240384615384615,0.6715544871794872,0.05,0.06875
47,683,cl3144hts000b396c4ihaxgzt,0,0.2703125,0.7347222222222223,0.04375,0.0541666666666666
47,683,cl31452bd000n396cl5uyjaty,0,0.8908854166666667,0.6128472222222222,0.0515625,0.0708333333333333
47,683,cl31459ks000r396cqrqm7umg,0,0.4853365384615385,0.096875,0.05,0.0604166666666666
47,683,cl314jqvw0018396c8dtr2qtj,0,0.7264423076923077,0.1209935897435897,0.05,0.0583333333333333
47,683,cl31722oi001o396catkehdu1,0,0.59890625,0.6772916666666667,0.0515625,0.0604166666666666
47,683,cl3178ar0001w396cxexl3rlk,0,0.3243990384615384,0.1000801282051282,0.046875,0.05625
47,684,cl31445hf0007396cqok6byk7,0,0.6239182692307692,0.6741185897435897,0.05,0.06875
47,684,cl3144hts000b396c4ihaxgzt,0,0.2705078125,0.7346354166666667,0.04375,0.0541666666666666
47,684,cl31452bd000n396cl5uyjaty,0,0.891015625,0.6127604166666667,0.0515625,0.0708333333333333
47,684,cl31459ks000r396cqrqm7umg,0,0.4854567307692307,0.0947916666666666,0.05,0.0604166666666666
47,684,cl314jqvw0018396c8dtr2qtj,0,0.7289663461538461,0.1197115384615384,0.05,0.0583333333333333
47,684,cl31722oi001o396catkehdu1,0,0.59865625,0.6762083333333333,0.0515625,0.0604166666666666
47,684,cl3178ar0001w396cxexl3rlk,0,0.3260817307692307,0.0994391025641025,0.046875,0.05625
47,685,cl31445hf0007396cqok6byk7,0,0.6237980769230769,0.6766826923076923,0.05,0.06875
47,685,cl3144hts000b396c4ihaxgzt,0,0.270703125,0.734548611111111,0.04375,0.0541666666666666
47,685,cl31452bd000n396cl5uyjaty,0,0.8911458333333334,0.6126736111111111,0.0515625,0.0708333333333333
47,685,cl31459ks000r396cqrqm7umg,0,0.4855769230769231,0.0927083333333333,0.05,0.0604166666666666
47,685,cl314jqvw0018396c8dtr2qtj,0,0.7314903846153846,0.1184294871794871,0.05,0.0583333333333333
47,685,cl31722oi001o396catkehdu1,0,0.59840625,0.675125,0.0515625,0.0604166666666666
47,685,cl3178ar0001w396cxexl3rlk,0,0.3277644230769231,0.0987980769230769,0.046875,0.05625
47,686,cl31445hf0007396cqok6byk7,0,0.6236778846153845,0.6792467948717948,0.05,0.06875
47,686,cl3144hts000b396c4ihaxgzt,0,0.2708984375,0.7344618055555556,0.04375,0.0541666666666666
47,686,cl31452bd000n396cl5uyjaty,0,0.8912760416666666,0.6125868055555556,0.0515625,0.0708333333333333
47,686,cl31459ks000r396cqrqm7umg,0,0.4856971153846154,0.090625,0.05,0.0604166666666666
47,686,cl314jqvw0018396c8dtr2qtj,0,0.7340144230769231,0.1171474358974358,0.05,0.0583333333333333
47,686,cl31722oi001o396catkehdu1,0,0.59815625,0.6740416666666668,0.0515625,0.0604166666666666
47,686,cl3178ar0001w396cxexl3rlk,0,0.3294471153846153,0.0981570512820512,0.046875,0.05625
47,687,cl31445hf0007396cqok6byk7,0,0.6235576923076923,0.6818108974358974,0.05,0.06875
47,687,cl3144hts000b396c4ihaxgzt,0,0.27109375,0.734375,0.04375,0.0541666666666666
47,687,cl31452bd000n396cl5uyjaty,0,0.89140625,0.6125,0.0515625,0.0708333333333333
47,687,cl31459ks000r396cqrqm7umg,0,0.4858173076923077,0.0885416666666666,0.05,0.0604166666666666
47,687,cl314jqvw0018396c8dtr2qtj,0,0.7365384615384615,0.1158653846153846,0.05,0.0583333333333333
47,687,cl31722oi001o396catkehdu1,0,0.5979062500000001,0.6729583333333333,0.0515625,0.0604166666666666
47,687,cl3178ar0001w396cxexl3rlk,0,0.3311298076923077,0.0975160256410256,0.046875,0.05625
47,688,cl31445hf0007396cqok6byk7,0,0.6234375,0.684375,0.05,0.06875
47,688,cl3144hts000b396c4ihaxgzt,0,0.2712890625,0.7342881944444444,0.04375,0.0541666666666666
47,688,cl31452bd000n396cl5uyjaty,0,0.8915364583333334,0.6124131944444444,0.0515625,0.0708333333333333
47,688,cl31459ks000r396cqrqm7umg,0,0.4859375,0.0864583333333333,0.05,0.0604166666666666
47,688,cl314jqvw0018396c8dtr2qtj,0,0.7390625,0.1145833333333333,0.05,0.0583333333333333
47,688,cl31722oi001o396catkehdu1,0,0.59765625,0.671875,0.0515625,0.0604166666666666
47,688,cl3178ar0001w396cxexl3rlk,0,0.3328125,0.096875,0.046875,0.05625
47,689,cl31445hf0007396cqok6byk7,0,0.621875,0.6851325757575758,0.05,0.06875
47,689,cl3144hts000b396c4ihaxgzt,0,0.271484375,0.734201388888889,0.04375,0.0541666666666666
47,689,cl31452bd000n396cl5uyjaty,0,0.8916666666666666,0.6123263888888889,0.0515625,0.0708333333333333
47,689,cl31459ks000r396cqrqm7umg,0,0.4859375,0.0839962121212121,0.05,0.0604166666666666
47,689,cl314jqvw0018396c8dtr2qtj,0,0.7382102272727272,0.1115530303030303,0.05,0.0583333333333333
47,689,cl31722oi001o396catkehdu1,0,0.5975142045454546,0.6720643939393939,0.0515625,0.0604166666666666
47,689,cl3178ar0001w396cxexl3rlk,0,0.3308238636363636,0.0961174242424242,0.046875,0.05625
47,68,cl31445hf0007396cqok6byk7,0,0.1997869318181818,0.4546401515151515,0.0390625,0.05625
47,68,cl3144hts000b396c4ihaxgzt,0,0.1872672872340425,0.7811465721040189,0.0437499999999999,0.0541666666666666
47,68,cl3144p8j000g396ci3uqwj2m,0,0.2041903409090909,0.728030303030303,0.0421875,0.05
47,68,cl31452bd000n396cl5uyjaty,0,0.8146805037313433,0.644589552238806,0.0515625,0.0708333333333333
47,68,cl31459ks000r396cqrqm7umg,0,0.6576704545454546,0.190625,0.05,0.0604166666666666
47,68,cl314etiv0013396cef6ngytu,0,0.0267045454545454,0.7033143939393939,0.04375,0.06875
47,690,cl31445hf0007396cqok6byk7,0,0.6203125,0.6858901515151515,0.05,0.06875
47,690,cl3144hts000b396c4ihaxgzt,0,0.2716796875,0.7341145833333333,0.04375,0.0541666666666666
47,690,cl31452bd000n396cl5uyjaty,0,0.891796875,0.6122395833333333,0.0515625,0.0708333333333333
47,690,cl31459ks000r396cqrqm7umg,0,0.4859375,0.0815340909090909,0.05,0.0604166666666666
47,690,cl314jqvw0018396c8dtr2qtj,0,0.7373579545454546,0.1085227272727272,0.05,0.0583333333333333
47,690,cl31722oi001o396catkehdu1,0,0.5973721590909091,0.6722537878787879,0.0515625,0.0604166666666666
47,690,cl3178ar0001w396cxexl3rlk,0,0.3288352272727273,0.0953598484848484,0.046875,0.05625
47,691,cl31445hf0007396cqok6byk7,0,0.61875,0.6866477272727273,0.05,0.06875
47,691,cl3144hts000b396c4ihaxgzt,0,0.271875,0.7340277777777777,0.04375,0.0541666666666666
47,691,cl31452bd000n396cl5uyjaty,0,0.8919270833333334,0.6121527777777778,0.0515625,0.0708333333333333
47,691,cl31459ks000r396cqrqm7umg,0,0.4859375,0.0790719696969697,0.05,0.0604166666666666
47,691,cl314jqvw0018396c8dtr2qtj,0,0.7365056818181819,0.1054924242424242,0.05,0.0583333333333333
47,691,cl31722oi001o396catkehdu1,0,0.5972301136363637,0.6724431818181817,0.0515625,0.0604166666666666
47,691,cl3178ar0001w396cxexl3rlk,0,0.3268465909090909,0.0946022727272727,0.046875,0.0562499999999999
47,692,cl31445hf0007396cqok6byk7,0,0.6171875,0.687405303030303,0.05,0.06875
47,692,cl3144hts000b396c4ihaxgzt,0,0.2720703125,0.7339409722222222,0.04375,0.0541666666666666
47,692,cl31452bd000n396cl5uyjaty,0,0.8920572916666666,0.6120659722222223,0.0515625,0.0708333333333333
47,692,cl31459ks000r396cqrqm7umg,0,0.4859375,0.0766098484848484,0.05,0.0604166666666666
47,692,cl314jqvw0018396c8dtr2qtj,0,0.735653409090909,0.1024621212121212,0.05,0.0583333333333333
47,692,cl31722oi001o396catkehdu1,0,0.5970880681818181,0.6726325757575757,0.0515625,0.0604166666666666
47,692,cl3178ar0001w396cxexl3rlk,0,0.3248579545454545,0.0938446969696969,0.046875,0.05625
47,693,cl31445hf0007396cqok6byk7,0,0.615625,0.6881628787878787,0.05,0.06875
47,693,cl3144hts000b396c4ihaxgzt,0,0.272265625,0.7338541666666667,0.04375,0.0541666666666666
47,693,cl31452bd000n396cl5uyjaty,0,0.8921875,0.6119791666666666,0.0515625,0.0708333333333333
47,693,cl31459ks000r396cqrqm7umg,0,0.4859375,0.0741477272727272,0.05,0.0604166666666666
47,693,cl314jqvw0018396c8dtr2qtj,0,0.7348011363636363,0.0994318181818181,0.05,0.0583333333333333
47,693,cl31722oi001o396catkehdu1,0,0.5969460227272727,0.6728219696969696,0.0515625,0.0604166666666666
47,693,cl3178ar0001w396cxexl3rlk,0,0.3228693181818182,0.0930871212121212,0.046875,0.0562499999999999
47,694,cl31445hf0007396cqok6byk7,0,0.6140625,0.6889204545454546,0.05,0.06875
47,694,cl3144hts000b396c4ihaxgzt,0,0.2724609375,0.7337673611111111,0.04375,0.0541666666666666
47,694,cl31452bd000n396cl5uyjaty,0,0.8923177083333333,0.6118923611111111,0.0515625,0.0708333333333333
47,694,cl31459ks000r396cqrqm7umg,0,0.4859375,0.071685606060606,0.05,0.0604166666666666
47,694,cl314jqvw0018396c8dtr2qtj,0,0.7339488636363637,0.0964015151515151,0.05,0.0583333333333333
47,694,cl31722oi001o396catkehdu1,0,0.5968039772727273,0.6730113636363637,0.0515625,0.0604166666666666
47,694,cl3178ar0001w396cxexl3rlk,0,0.3208806818181818,0.0923295454545454,0.046875,0.05625
47,695,cl31445hf0007396cqok6byk7,0,0.6125,0.6896780303030303,0.05,0.06875
47,695,cl3144hts000b396c4ihaxgzt,0,0.27265625,0.7336805555555556,0.04375,0.0541666666666666
47,695,cl31452bd000n396cl5uyjaty,0,0.8924479166666666,0.6118055555555556,0.0515625,0.0708333333333333
47,695,cl31459ks000r396cqrqm7umg,0,0.4859375,0.0692234848484848,0.05,0.0604166666666666
47,695,cl314jqvw0018396c8dtr2qtj,0,0.733096590909091,0.0933712121212121,0.05,0.0583333333333333
47,695,cl31722oi001o396catkehdu1,0,0.5966619318181818,0.6732007575757576,0.0515625,0.0604166666666666
47,695,cl3178ar0001w396cxexl3rlk,0,0.3188920454545454,0.0915719696969697,0.046875,0.05625
47,696,cl31445hf0007396cqok6byk7,0,0.6109375,0.6904356060606062,0.05,0.06875
47,696,cl3144hts000b396c4ihaxgzt,0,0.2728515625,0.73359375,0.04375,0.0541666666666666
47,696,cl31452bd000n396cl5uyjaty,0,0.892578125,0.61171875,0.0515625,0.0708333333333333
47,696,cl31459ks000r396cqrqm7umg,0,0.4859375,0.0667613636363636,0.05,0.0604166666666666
47,696,cl314jqvw0018396c8dtr2qtj,0,0.7322443181818181,0.090340909090909,0.05,0.0583333333333333
47,696,cl31722oi001o396catkehdu1,0,0.5965198863636363,0.6733901515151516,0.0515625,0.0604166666666666
47,696,cl3178ar0001w396cxexl3rlk,0,0.3169034090909091,0.0908143939393939,0.046875,0.05625
47,697,cl31445hf0007396cqok6byk7,0,0.609375,0.6911931818181818,0.05,0.06875
47,697,cl3144hts000b396c4ihaxgzt,0,0.273046875,0.7335069444444444,0.04375,0.0541666666666666
47,697,cl31452bd000n396cl5uyjaty,0,0.8927083333333334,0.6116319444444444,0.0515625,0.0708333333333333
47,697,cl31459ks000r396cqrqm7umg,0,0.4859375,0.0642992424242424,0.05,0.0604166666666666
47,697,cl314jqvw0018396c8dtr2qtj,0,0.7313920454545454,0.087310606060606,0.05,0.0583333333333333
47,697,cl31722oi001o396catkehdu1,0,0.596377840909091,0.6735795454545455,0.0515625,0.0604166666666666
47,697,cl3178ar0001w396cxexl3rlk,0,0.3149147727272727,0.0900568181818181,0.046875,0.05625
47,698,cl31445hf0007396cqok6byk7,0,0.6078125,0.6919507575757575,0.05,0.06875
47,698,cl3144hts000b396c4ihaxgzt,0,0.2732421875,0.7334201388888889,0.04375,0.0541666666666666
47,698,cl31452bd000n396cl5uyjaty,0,0.8928385416666667,0.611545138888889,0.0515625,0.0708333333333333
47,698,cl31459ks000r396cqrqm7umg,0,0.4859375,0.0618371212121212,0.05,0.0604166666666666
47,698,cl314jqvw0018396c8dtr2qtj,0,0.7305397727272728,0.084280303030303,0.05,0.0583333333333333
47,698,cl31722oi001o396catkehdu1,0,0.5962357954545454,0.6737689393939394,0.0515625,0.0604166666666666
47,698,cl3178ar0001w396cxexl3rlk,0,0.3129261363636363,0.0892992424242424,0.046875,0.05625
47,699,cl31445hf0007396cqok6byk7,0,0.60625,0.6927083333333334,0.05,0.06875
47,699,cl3144hts000b396c4ihaxgzt,0,0.2734375,0.7333333333333333,0.04375,0.0541666666666666
47,699,cl31452bd000n396cl5uyjaty,0,0.89296875,0.6114583333333333,0.0515625,0.0708333333333333
47,699,cl31459ks000r396cqrqm7umg,0,0.4859375,0.059375,0.05,0.0604166666666666
47,699,cl314jqvw0018396c8dtr2qtj,0,0.7296875,0.08125,0.05,0.0583333333333333
47,699,cl31722oi001o396catkehdu1,0,0.59609375,0.6739583333333333,0.0515625,0.0604166666666666
47,699,cl3178ar0001w396cxexl3rlk,0,0.3109375,0.0885416666666666,0.046875,0.05625
47,69,cl31445hf0007396cqok6byk7,0,0.20078125,0.453125,0.0390625,0.05625
47,69,cl3144hts000b396c4ihaxgzt,0,0.1873337765957446,0.781176122931442,0.0437499999999999,0.0541666666666666
47,69,cl3144p8j000g396ci3uqwj2m,0,0.20546875,0.7270833333333333,0.0421875,0.05
47,69,cl31452bd000n396cl5uyjaty,0,0.8147504664179104,0.6445273631840797,0.0515625,0.0708333333333333
47,69,cl31459ks000r396cqrqm7umg,0,0.65625,0.190625,0.05,0.0604166666666666
47,69,cl314etiv0013396cef6ngytu,0,0.0265625,0.7052083333333333,0.04375,0.06875
47,6,ckz3x1hsf001j3867igiqk5mn,0,0.2103515625,0.0359375,0.0421875,0.0572916666666666
47,6,cl3143jm20003396cuges2p86,0,0.01875,0.403125,0.0375,0.0583333333333333
47,6,cl31445hf0007396cqok6byk7,0,0.1158203125,0.4997395833333333,0.0390625,0.05625
47,6,cl3144hts000b396c4ihaxgzt,0,0.1831449468085106,0.7793144208037825,0.04375,0.0541666666666666
47,6,cl3144p8j000g396ci3uqwj2m,0,0.2169270833333333,0.8295138888888889,0.0421875,0.05
47,6,cl31452bd000n396cl5uyjaty,0,0.8039863782051283,0.6498397435897435,0.0515625,0.0708333333333333
47,6,cl31459ks000r396cqrqm7umg,0,0.7484375,0.2498263888888888,0.05,0.0604166666666666
47,6,cl3146m3g000z396ce2oi4n9l,0,0.6761160714285714,0.0297619047619047,0.0375,0.05
47,700,cl31445hf0007396cqok6byk7,0,0.6063802083333333,0.6949652777777777,0.05,0.06875
47,700,cl3144hts000b396c4ihaxgzt,0,0.2737068965517241,0.7333333333333333,0.04375,0.0541666666666666
47,700,cl31452bd000n396cl5uyjaty,0,0.8930989583333334,0.6113715277777777,0.0515625,0.0708333333333333
47,700,cl31459ks000r396cqrqm7umg,0,0.4873697916666667,0.0585069444444444,0.05,0.0604166666666666
47,700,cl314jqvw0018396c8dtr2qtj,0,0.72890625,0.0838541666666666,0.05,0.0583333333333333
47,700,cl31722oi001o396catkehdu1,0,0.59609375,0.6723958333333333,0.0515625,0.0604166666666666
47,700,cl3178ar0001w396cxexl3rlk,0,0.3122395833333333,0.0894097222222222,0.046875,0.0562499999999999
47,701,cl31445hf0007396cqok6byk7,0,0.6065104166666667,0.6972222222222223,0.05,0.06875
47,701,cl3144hts000b396c4ihaxgzt,0,0.2739762931034483,0.7333333333333333,0.04375,0.0541666666666666
47,701,cl31452bd000n396cl5uyjaty,0,0.8932291666666666,0.6112847222222223,0.0515625,0.0708333333333333
47,701,cl31459ks000r396cqrqm7umg,0,0.4888020833333333,0.0576388888888888,0.05,0.0604166666666666
47,701,cl314jqvw0018396c8dtr2qtj,0,0.728125,0.0864583333333333,0.05,0.0583333333333333
47,701,cl31722oi001o396catkehdu1,0,0.59609375,0.6708333333333333,0.0515625,0.0604166666666666
47,701,cl3178ar0001w396cxexl3rlk,0,0.3135416666666666,0.0902777777777777,0.046875,0.05625
47,702,cl31445hf0007396cqok6byk7,0,0.606640625,0.6994791666666667,0.05,0.06875
47,702,cl3144hts000b396c4ihaxgzt,0,0.2742456896551724,0.7333333333333333,0.04375,0.0541666666666666
47,702,cl31452bd000n396cl5uyjaty,0,0.893359375,0.6111979166666667,0.0515625,0.0708333333333333
47,702,cl31459ks000r396cqrqm7umg,0,0.490234375,0.0567708333333333,0.05,0.0604166666666666
47,702,cl314jqvw0018396c8dtr2qtj,0,0.72734375,0.0890625,0.05,0.0583333333333333
47,702,cl31722oi001o396catkehdu1,0,0.59609375,0.6692708333333334,0.0515625,0.0604166666666666
47,702,cl3178ar0001w396cxexl3rlk,0,0.31484375,0.0911458333333333,0.046875,0.05625
47,703,cl31445hf0007396cqok6byk7,0,0.6067708333333333,0.7017361111111111,0.05,0.06875
47,703,cl3144hts000b396c4ihaxgzt,0,0.2745150862068965,0.7333333333333333,0.04375,0.0541666666666666
47,703,cl31452bd000n396cl5uyjaty,0,0.8934895833333334,0.611111111111111,0.0515625,0.0708333333333333
47,703,cl31459ks000r396cqrqm7umg,0,0.4916666666666667,0.0559027777777777,0.05,0.0604166666666666
47,703,cl314jqvw0018396c8dtr2qtj,0,0.7265625,0.0916666666666666,0.05,0.0583333333333333
47,703,cl31722oi001o396catkehdu1,0,0.59609375,0.6677083333333333,0.0515625,0.0604166666666666
47,703,cl3178ar0001w396cxexl3rlk,0,0.3161458333333333,0.0920138888888888,0.046875,0.0562499999999999
47,704,cl31445hf0007396cqok6byk7,0,0.6069010416666667,0.7039930555555556,0.05,0.06875
47,704,cl3144hts000b396c4ihaxgzt,0,0.2747844827586206,0.7333333333333333,0.04375,0.0541666666666666
47,704,cl31452bd000n396cl5uyjaty,0,0.8936197916666666,0.6110243055555556,0.0515625,0.0708333333333333
47,704,cl31459ks000r396cqrqm7umg,0,0.4930989583333333,0.0550347222222222,0.05,0.0604166666666666
47,704,cl314jqvw0018396c8dtr2qtj,0,0.72578125,0.0942708333333333,0.05,0.0583333333333333
47,704,cl31722oi001o396catkehdu1,0,0.59609375,0.6661458333333333,0.0515625,0.0604166666666666
47,704,cl3178ar0001w396cxexl3rlk,0,0.3174479166666666,0.0928819444444444,0.046875,0.05625
47,705,cl31445hf0007396cqok6byk7,0,0.60703125,0.70625,0.05,0.06875
47,705,cl3144hts000b396c4ihaxgzt,0,0.2750538793103448,0.7333333333333333,0.04375,0.0541666666666666
47,705,cl31452bd000n396cl5uyjaty,0,0.89375,0.6109375,0.0515625,0.0708333333333333
47,705,cl31459ks000r396cqrqm7umg,0,0.49453125,0.0541666666666666,0.05,0.0604166666666666
47,705,cl314jqvw0018396c8dtr2qtj,0,0.725,0.096875,0.05,0.0583333333333333
47,705,cl31722oi001o396catkehdu1,0,0.59609375,0.6645833333333333,0.0515625,0.0604166666666666
47,705,cl3178ar0001w396cxexl3rlk,0,0.31875,0.09375,0.046875,0.05625
47,706,cl31445hf0007396cqok6byk7,0,0.6071614583333333,0.7085069444444444,0.05,0.06875
47,706,cl3144hts000b396c4ihaxgzt,0,0.2753232758620689,0.7333333333333333,0.04375,0.0541666666666666
47,706,cl31452bd000n396cl5uyjaty,0,0.8938802083333334,0.6108506944444444,0.0515625,0.0708333333333333
47,706,cl31459ks000r396cqrqm7umg,0,0.4959635416666667,0.0532986111111111,0.05,0.0604166666666666
47,706,cl314jqvw0018396c8dtr2qtj,0,0.72421875,0.0994791666666666,0.05,0.0583333333333333
47,706,cl31722oi001o396catkehdu1,0,0.59609375,0.6630208333333333,0.0515625,0.0604166666666666
47,706,cl3178ar0001w396cxexl3rlk,0,0.3200520833333333,0.0946180555555555,0.046875,0.0562499999999999
47,707,cl31445hf0007396cqok6byk7,0,0.6072916666666667,0.710763888888889,0.05,0.06875
47,707,cl3144hts000b396c4ihaxgzt,0,0.2755926724137931,0.7333333333333333,0.04375,0.0541666666666666
47,707,cl31452bd000n396cl5uyjaty,0,0.8940104166666666,0.6107638888888889,0.0515625,0.0708333333333333
47,707,cl31459ks000r396cqrqm7umg,0,0.4973958333333333,0.0524305555555555,0.05,0.0604166666666666
47,707,cl314jqvw0018396c8dtr2qtj,0,0.7234375,0.1020833333333333,0.05,0.0583333333333333
47,707,cl31722oi001o396catkehdu1,0,0.59609375,0.6614583333333334,0.0515625,0.0604166666666666
47,707,cl3178ar0001w396cxexl3rlk,0,0.3213541666666666,0.0954861111111111,0.046875,0.05625
47,708,cl31445hf0007396cqok6byk7,0,0.607421875,0.7130208333333333,0.05,0.06875
47,708,cl3144hts000b396c4ihaxgzt,0,0.2758620689655172,0.7333333333333333,0.04375,0.0541666666666666
47,708,cl31452bd000n396cl5uyjaty,0,0.894140625,0.6106770833333334,0.0515625,0.0708333333333333
47,708,cl31459ks000r396cqrqm7umg,0,0.498828125,0.0515625,0.05,0.0604166666666666
47,708,cl314jqvw0018396c8dtr2qtj,0,0.72265625,0.1046875,0.05,0.0583333333333333
47,708,cl31722oi001o396catkehdu1,0,0.59609375,0.6598958333333333,0.0515625,0.0604166666666666
47,708,cl3178ar0001w396cxexl3rlk,0,0.32265625,0.0963541666666666,0.046875,0.05625
47,709,cl31445hf0007396cqok6byk7,0,0.6075520833333333,0.7152777777777778,0.05,0.06875
47,709,cl3144hts000b396c4ihaxgzt,0,0.2761314655172414,0.7333333333333333,0.04375,0.0541666666666666
47,709,cl31452bd000n396cl5uyjaty,0,0.8942708333333333,0.6105902777777777,0.0515625,0.0708333333333333
47,709,cl31459ks000r396cqrqm7umg,0,0.5002604166666667,0.0506944444444444,0.05,0.0604166666666666
47,709,cl314jqvw0018396c8dtr2qtj,0,0.721875,0.1072916666666666,0.05,0.0583333333333333
47,709,cl31722oi001o396catkehdu1,0,0.59609375,0.6583333333333333,0.0515625,0.0604166666666666
47,709,cl3178ar0001w396cxexl3rlk,0,0.3239583333333333,0.0972222222222222,0.046875,0.05625
47,70,cl31445hf0007396cqok6byk7,0,0.2026562499999999,0.4527083333333334,0.0390624999999999,0.05625
47,70,cl3144hts000b396c4ihaxgzt,0,0.1874002659574468,0.7812056737588653,0.0437499999999999,0.0541666666666666
47,70,cl3144p8j000g396ci3uqwj2m,0,0.2079687499999999,0.7329166666666667,0.0421875,0.05
47,70,cl31452bd000n396cl5uyjaty,0,0.8148204291044776,0.6444651741293532,0.0515624999999999,0.0708333333333333
47,70,cl31459ks000r396cqrqm7umg,0,0.655,0.1908333333333333,0.05,0.0604166666666666
47,70,cl314etiv0013396cef6ngytu,0,0.025625,0.705625,0.04375,0.06875
47,710,cl31445hf0007396cqok6byk7,0,0.6076822916666667,0.7175347222222223,0.05,0.06875
47,710,cl3144hts000b396c4ihaxgzt,0,0.2764008620689655,0.7333333333333333,0.04375,0.0541666666666666
47,710,cl31452bd000n396cl5uyjaty,0,0.8944010416666666,0.6105034722222222,0.0515625,0.0708333333333333
47,710,cl31459ks000r396cqrqm7umg,0,0.5016927083333333,0.0498263888888888,0.05,0.0604166666666666
47,710,cl314jqvw0018396c8dtr2qtj,0,0.72109375,0.1098958333333333,0.05,0.0583333333333333
47,710,cl31722oi001o396catkehdu1,0,0.59609375,0.6567708333333333,0.0515625,0.0604166666666666
47,710,cl3178ar0001w396cxexl3rlk,0,0.3252604166666666,0.0980902777777777,0.046875,0.05625
47,711,cl31445hf0007396cqok6byk7,0,0.6078125,0.7197916666666667,0.05,0.06875
47,711,cl3144hts000b396c4ihaxgzt,0,0.2766702586206896,0.7333333333333333,0.04375,0.0541666666666666
47,711,cl31452bd000n396cl5uyjaty,0,0.89453125,0.6104166666666667,0.0515625,0.0708333333333333
47,711,cl31459ks000r396cqrqm7umg,0,0.503125,0.0489583333333333,0.05,0.0604166666666666
47,711,cl314jqvw0018396c8dtr2qtj,0,0.7203125,0.1125,0.05,0.0583333333333333
47,711,cl31722oi001o396catkehdu1,0,0.59609375,0.6552083333333333,0.0515625,0.0604166666666666
47,711,cl3178ar0001w396cxexl3rlk,0,0.3265625,0.0989583333333333,0.046875,0.05625
47,712,cl31445hf0007396cqok6byk7,0,0.6060763888888889,0.7211805555555556,0.05,0.06875
47,712,cl3144hts000b396c4ihaxgzt,0,0.2769396551724138,0.7333333333333333,0.04375,0.0541666666666666
47,712,cl31452bd000n396cl5uyjaty,0,0.8946469907407406,0.6104166666666667,0.0515625,0.0708333333333333
47,712,cl31459ks000r396cqrqm7umg,0,0.5041666666666667,0.0478009259259259,0.05,0.0604166666666666
47,712,cl314jqvw0018396c8dtr2qtj,0,0.7213541666666667,0.1199074074074074,0.05,0.0583333333333333
47,712,cl31722oi001o396catkehdu1,0,0.5969618055555556,0.6528935185185186,0.0515625,0.0604166666666666
47,712,cl3178ar0001w396cxexl3rlk,0,0.3276041666666666,0.0989583333333333,0.046875,0.05625
47,713,cl31445hf0007396cqok6byk7,0,0.6043402777777778,0.7225694444444444,0.05,0.06875
47,713,cl3144hts000b396c4ihaxgzt,0,0.2772090517241379,0.7333333333333333,0.04375,0.0541666666666666
47,713,cl31452bd000n396cl5uyjaty,0,0.8947627314814814,0.6104166666666667,0.0515625,0.0708333333333333
47,713,cl31459ks000r396cqrqm7umg,0,0.5052083333333333,0.0466435185185185,0.05,0.0604166666666666
47,713,cl314jqvw0018396c8dtr2qtj,0,0.7223958333333333,0.1273148148148148,0.05,0.0583333333333333
47,713,cl31722oi001o396catkehdu1,0,0.597829861111111,0.6505787037037037,0.0515625,0.0604166666666666
47,713,cl3178ar0001w396cxexl3rlk,0,0.3286458333333333,0.0989583333333333,0.046875,0.05625
47,714,cl31445hf0007396cqok6byk7,0,0.6026041666666667,0.7239583333333334,0.05,0.06875
47,714,cl3144hts000b396c4ihaxgzt,0,0.277478448275862,0.7333333333333333,0.04375,0.0541666666666666
47,714,cl31452bd000n396cl5uyjaty,0,0.8948784722222222,0.6104166666666667,0.0515625,0.0708333333333333
47,714,cl31459ks000r396cqrqm7umg,0,0.50625,0.0454861111111111,0.05,0.0604166666666666
47,714,cl314jqvw0018396c8dtr2qtj,0,0.7234375,0.1347222222222222,0.05,0.0583333333333333
47,714,cl31722oi001o396catkehdu1,0,0.5986979166666667,0.648263888888889,0.0515625,0.0604166666666666
47,714,cl3178ar0001w396cxexl3rlk,0,0.3296875,0.0989583333333333,0.046875,0.05625
47,715,cl31445hf0007396cqok6byk7,0,0.6008680555555556,0.7253472222222223,0.05,0.06875
47,715,cl3144hts000b396c4ihaxgzt,0,0.2777478448275862,0.7333333333333333,0.04375,0.0541666666666666
47,715,cl31452bd000n396cl5uyjaty,0,0.894994212962963,0.6104166666666667,0.0515625,0.0708333333333333
47,715,cl31459ks000r396cqrqm7umg,0,0.5072916666666667,0.0443287037037037,0.05,0.0604166666666666
47,715,cl314jqvw0018396c8dtr2qtj,0,0.7244791666666667,0.1421296296296296,0.05,0.0583333333333333
47,715,cl31722oi001o396catkehdu1,0,0.5995659722222222,0.6459490740740741,0.0515625,0.0604166666666666
47,715,cl3178ar0001w396cxexl3rlk,0,0.3307291666666666,0.0989583333333333,0.046875,0.05625
47,716,cl31445hf0007396cqok6byk7,0,0.5991319444444445,0.726736111111111,0.05,0.06875
47,716,cl3144hts000b396c4ihaxgzt,0,0.2780172413793104,0.7333333333333333,0.04375,0.0541666666666666
47,716,cl31452bd000n396cl5uyjaty,0,0.8951099537037036,0.6104166666666667,0.0515625,0.0708333333333333
47,716,cl31459ks000r396cqrqm7umg,0,0.5083333333333333,0.0431712962962963,0.05,0.0604166666666666
47,716,cl314jqvw0018396c8dtr2qtj,0,0.7255208333333333,0.149537037037037,0.05,0.0583333333333333
47,716,cl31722oi001o396catkehdu1,0,0.6004340277777778,0.6436342592592593,0.0515625,0.0604166666666666
47,716,cl3178ar0001w396cxexl3rlk,0,0.3317708333333333,0.0989583333333333,0.046875,0.05625
47,717,cl31445hf0007396cqok6byk7,0,0.5973958333333333,0.728125,0.05,0.06875
47,717,cl3144hts000b396c4ihaxgzt,0,0.2782866379310345,0.7333333333333333,0.04375,0.0541666666666666
47,717,cl31452bd000n396cl5uyjaty,0,0.8952256944444444,0.6104166666666667,0.0515625,0.0708333333333333
47,717,cl31459ks000r396cqrqm7umg,0,0.509375,0.0420138888888888,0.05,0.0604166666666666
47,717,cl314jqvw0018396c8dtr2qtj,0,0.7265625,0.1569444444444444,0.05,0.0583333333333333
47,717,cl31722oi001o396catkehdu1,0,0.6013020833333333,0.6413194444444444,0.0515625,0.0604166666666666
47,717,cl3178ar0001w396cxexl3rlk,0,0.3328125,0.0989583333333333,0.046875,0.05625
47,718,cl31445hf0007396cqok6byk7,0,0.5956597222222222,0.7295138888888889,0.05,0.06875
47,718,cl3144hts000b396c4ihaxgzt,0,0.2785560344827586,0.7333333333333333,0.04375,0.0541666666666666
47,718,cl31452bd000n396cl5uyjaty,0,0.8953414351851852,0.6104166666666667,0.0515625,0.0708333333333333
47,718,cl31459ks000r396cqrqm7umg,0,0.5104166666666667,0.0408564814814814,0.05,0.0604166666666666
47,718,cl314jqvw0018396c8dtr2qtj,0,0.7276041666666667,0.1643518518518518,0.05,0.0583333333333333
47,718,cl31722oi001o396catkehdu1,0,0.6021701388888889,0.6390046296296297,0.0515625,0.0604166666666666
47,718,cl3178ar0001w396cxexl3rlk,0,0.3338541666666667,0.0989583333333333,0.046875,0.05625
47,719,cl31445hf0007396cqok6byk7,0,0.593923611111111,0.7309027777777778,0.05,0.06875
47,719,cl3144hts000b396c4ihaxgzt,0,0.2788254310344827,0.7333333333333333,0.04375,0.0541666666666666
47,719,cl31452bd000n396cl5uyjaty,0,0.895457175925926,0.6104166666666667,0.0515625,0.0708333333333333
47,719,cl31459ks000r396cqrqm7umg,0,0.5114583333333333,0.039699074074074,0.05,0.0604166666666666
47,719,cl314jqvw0018396c8dtr2qtj,0,0.7286458333333333,0.1717592592592592,0.05,0.0583333333333333
47,719,cl31722oi001o396catkehdu1,0,0.6030381944444445,0.6366898148148148,0.0515625,0.0604166666666666
47,719,cl3178ar0001w396cxexl3rlk,0,0.3348958333333333,0.0989583333333333,0.046875,0.05625
47,71,cl31445hf0007396cqok6byk7,0,0.20453125,0.4522916666666666,0.0390625,0.05625
47,71,cl3144hts000b396c4ihaxgzt,0,0.1874667553191489,0.7812352245862884,0.0437499999999999,0.0541666666666666
47,71,cl3144p8j000g396ci3uqwj2m,0,0.2104687499999999,0.73875,0.0421874999999999,0.05
47,71,cl31452bd000n396cl5uyjaty,0,0.8148903917910447,0.6444029850746269,0.0515624999999999,0.0708333333333333
47,71,cl31459ks000r396cqrqm7umg,0,0.6537499999999999,0.1910416666666666,0.05,0.0604166666666666
47,71,cl314etiv0013396cef6ngytu,0,0.0246875,0.7060416666666666,0.04375,0.06875
47,720,cl31445hf0007396cqok6byk7,0,0.5921875,0.7322916666666667,0.05,0.06875
47,720,cl3144hts000b396c4ihaxgzt,0,0.2790948275862069,0.7333333333333333,0.04375,0.0541666666666666
47,720,cl31452bd000n396cl5uyjaty,0,0.8955729166666666,0.6104166666666667,0.0515625,0.0708333333333333
47,720,cl31459ks000r396cqrqm7umg,0,0.5125,0.0385416666666666,0.05,0.0604166666666666
47,720,cl314jqvw0018396c8dtr2qtj,0,0.7296875,0.1791666666666666,0.05,0.0583333333333333
47,720,cl31722oi001o396catkehdu1,0,0.60390625,0.634375,0.0515625,0.0604166666666666
47,720,cl3178ar0001w396cxexl3rlk,0,0.3359375,0.0989583333333333,0.046875,0.05625
47,721,cl31445hf0007396cqok6byk7,0,0.5931640625,0.7341145833333333,0.05,0.06875
47,721,cl3144hts000b396c4ihaxgzt,0,0.279364224137931,0.7333333333333333,0.04375,0.0541666666666666
47,721,cl31452bd000n396cl5uyjaty,0,0.8956886574074074,0.6104166666666667,0.0515625,0.0708333333333333
47,721,cl31459ks000r396cqrqm7umg,0,0.5140625,0.0385416666666666,0.05,0.0604166666666666
47,721,cl314jqvw0018396c8dtr2qtj,0,0.7279296875,0.1828125,0.05,0.0583333333333333
47,721,cl31722oi001o396catkehdu1,0,0.6037109375,0.6328125,0.0515625,0.0604166666666666
47,721,cl3178ar0001w396cxexl3rlk,0,0.3342881944444444,0.0976851851851851,0.046875,0.05625
47,722,cl31445hf0007396cqok6byk7,0,0.594140625,0.7359375,0.05,0.06875
47,722,cl3144hts000b396c4ihaxgzt,0,0.2796336206896551,0.7333333333333333,0.04375,0.0541666666666666
47,722,cl31452bd000n396cl5uyjaty,0,0.895804398148148,0.6104166666666667,0.0515625,0.0708333333333333
47,722,cl31459ks000r396cqrqm7umg,0,0.515625,0.0385416666666666,0.05,0.0604166666666666
47,722,cl314jqvw0018396c8dtr2qtj,0,0.726171875,0.1864583333333333,0.05,0.0583333333333333
47,722,cl31722oi001o396catkehdu1,0,0.603515625,0.63125,0.0515625,0.0604166666666666
47,722,cl3178ar0001w396cxexl3rlk,0,0.3326388888888889,0.096412037037037,0.046875,0.05625
47,723,cl31445hf0007396cqok6byk7,0,0.5951171875,0.7377604166666667,0.05,0.06875
47,723,cl3144hts000b396c4ihaxgzt,0,0.2799030172413793,0.7333333333333333,0.04375,0.0541666666666666
47,723,cl31452bd000n396cl5uyjaty,0,0.8959201388888889,0.6104166666666667,0.0515625,0.0708333333333333
47,723,cl31459ks000r396cqrqm7umg,0,0.5171875,0.0385416666666666,0.05,0.0604166666666666
47,723,cl314jqvw0018396c8dtr2qtj,0,0.7244140625,0.1901041666666666,0.05,0.0583333333333333
47,723,cl31722oi001o396catkehdu1,0,0.6033203125,0.6296875,0.0515625,0.0604166666666666
47,723,cl3178ar0001w396cxexl3rlk,0,0.3309895833333333,0.0951388888888888,0.046875,0.05625
47,724,cl31445hf0007396cqok6byk7,0,0.59609375,0.7395833333333334,0.05,0.06875
47,724,cl3144hts000b396c4ihaxgzt,0,0.2801724137931035,0.7333333333333333,0.04375,0.0541666666666666
47,724,cl31452bd000n396cl5uyjaty,0,0.8960358796296296,0.6104166666666667,0.0515625,0.0708333333333333
47,724,cl31459ks000r396cqrqm7umg,0,0.51875,0.0385416666666666,0.05,0.0604166666666666
47,724,cl314jqvw0018396c8dtr2qtj,0,0.72265625,0.19375,0.05,0.0583333333333333
47,724,cl31722oi001o396catkehdu1,0,0.603125,0.628125,0.0515625,0.0604166666666666
47,724,cl3178ar0001w396cxexl3rlk,0,0.3293402777777777,0.0938657407407407,0.046875,0.05625
47,725,cl31445hf0007396cqok6byk7,0,0.5970703125,0.74140625,0.05,0.06875
47,725,cl3144hts000b396c4ihaxgzt,0,0.2804418103448275,0.7333333333333333,0.04375,0.0541666666666666
47,725,cl31452bd000n396cl5uyjaty,0,0.8961516203703704,0.6104166666666667,0.0515625,0.0708333333333333
47,725,cl31459ks000r396cqrqm7umg,0,0.5203125,0.0385416666666666,0.05,0.0604166666666666
47,725,cl314jqvw0018396c8dtr2qtj,0,0.7208984375,0.1973958333333333,0.05,0.0583333333333333
47,725,cl31722oi001o396catkehdu1,0,0.6029296875,0.6265625,0.0515625,0.0604166666666666
47,725,cl3178ar0001w396cxexl3rlk,0,0.3276909722222222,0.0925925925925925,0.046875,0.05625
47,726,cl31445hf0007396cqok6byk7,0,0.598046875,0.7432291666666667,0.05,0.06875
47,726,cl3144hts000b396c4ihaxgzt,0,0.2807112068965517,0.7333333333333333,0.04375,0.0541666666666666
47,726,cl31452bd000n396cl5uyjaty,0,0.896267361111111,0.6104166666666667,0.0515625,0.0708333333333333
47,726,cl31459ks000r396cqrqm7umg,0,0.521875,0.0385416666666666,0.05,0.0604166666666666
47,726,cl314jqvw0018396c8dtr2qtj,0,0.719140625,0.2010416666666666,0.05,0.0583333333333333
47,726,cl31722oi001o396catkehdu1,0,0.602734375,0.625,0.0515625,0.0604166666666666
47,726,cl3178ar0001w396cxexl3rlk,0,0.3260416666666667,0.0913194444444444,0.046875,0.05625
47,726,cl318fwy20020396cdnb3d3nf,0,0.01328125,0.840625,0.0265625,0.08125
47,727,cl31445hf0007396cqok6byk7,0,0.5990234375,0.7450520833333333,0.05,0.06875
47,727,cl3144hts000b396c4ihaxgzt,0,0.2809806034482758,0.7333333333333333,0.04375,0.0541666666666666
47,727,cl31452bd000n396cl5uyjaty,0,0.8963831018518519,0.6104166666666667,0.0515625,0.0708333333333333
47,727,cl31459ks000r396cqrqm7umg,0,0.5234375,0.0385416666666666,0.05,0.0604166666666666
47,727,cl314jqvw0018396c8dtr2qtj,0,0.7173828125,0.2046875,0.05,0.0583333333333333
47,727,cl31722oi001o396catkehdu1,0,0.6025390625,0.6234375,0.0515625,0.0604166666666666
47,727,cl3178ar0001w396cxexl3rlk,0,0.3243923611111111,0.0900462962962962,0.046875,0.05625
47,727,cl318fwy20020396cdnb3d3nf,0,0.0139973958333333,0.840625,0.0279947916666666,0.08125
47,728,cl31445hf0007396cqok6byk7,0,0.6,0.746875,0.05,0.06875
47,728,cl3144hts000b396c4ihaxgzt,0,0.28125,0.7333333333333333,0.04375,0.0541666666666666
47,728,cl31452bd000n396cl5uyjaty,0,0.8964988425925926,0.6104166666666667,0.0515625,0.0708333333333333
47,728,cl31459ks000r396cqrqm7umg,0,0.525,0.0385416666666666,0.05,0.0604166666666666
47,728,cl314jqvw0018396c8dtr2qtj,0,0.715625,0.2083333333333333,0.05,0.0583333333333333
47,728,cl31722oi001o396catkehdu1,0,0.60234375,0.621875,0.0515625,0.0604166666666666
47,728,cl3178ar0001w396cxexl3rlk,0,0.3227430555555555,0.0887731481481481,0.046875,0.05625
47,728,cl318fwy20020396cdnb3d3nf,0,0.0147135416666666,0.840625,0.0294270833333333,0.08125
47,729,cl31445hf0007396cqok6byk7,0,0.59828125,0.74625,0.05,0.06875
47,729,cl3144hts000b396c4ihaxgzt,0,0.28125,0.7333333333333333,0.04375,0.0541666666666666
47,729,cl31452bd000n396cl5uyjaty,0,0.8966145833333334,0.6104166666666667,0.0515625,0.0708333333333333
47,729,cl31459ks000r396cqrqm7umg,0,0.5265625,0.0377083333333333,0.05,0.0604166666666666
47,729,cl314jqvw0018396c8dtr2qtj,0,0.71375,0.2091666666666666,0.05,0.0583333333333333
47,729,cl31722oi001o396catkehdu1,0,0.60234375,0.6202083333333334,0.0515625,0.0604166666666666
47,729,cl3178ar0001w396cxexl3rlk,0,0.32109375,0.0875,0.046875,0.05625
47,729,cl318fwy20020396cdnb3d3nf,0,0.0154296875,0.840625,0.030859375,0.08125
47,72,cl31445hf0007396cqok6byk7,0,0.2064062499999999,0.451875,0.0390625,0.05625
47,72,cl3144hts000b396c4ihaxgzt,0,0.187533244680851,0.7812647754137116,0.0437499999999999,0.0541666666666666
47,72,cl3144p8j000g396ci3uqwj2m,0,0.21296875,0.7445833333333333,0.0421875,0.05
47,72,cl31452bd000n396cl5uyjaty,0,0.8149603544776121,0.6443407960199005,0.0515625,0.0708333333333333
47,72,cl31459ks000r396cqrqm7umg,0,0.6525000000000001,0.19125,0.05,0.0604166666666666
47,72,cl314etiv0013396cef6ngytu,0,0.02375,0.7064583333333334,0.04375,0.06875
47,730,cl31445hf0007396cqok6byk7,0,0.5965625,0.745625,0.05,0.06875
47,730,cl3144hts000b396c4ihaxgzt,0,0.28125,0.7333333333333333,0.04375,0.0541666666666666
47,730,cl31452bd000n396cl5uyjaty,0,0.896730324074074,0.6104166666666667,0.0515625,0.0708333333333333
47,730,cl31459ks000r396cqrqm7umg,0,0.528125,0.036875,0.05,0.0604166666666666
47,730,cl314jqvw0018396c8dtr2qtj,0,0.711875,0.21,0.05,0.0583333333333333
47,730,cl31722oi001o396catkehdu1,0,0.60234375,0.6185416666666667,0.0515625,0.0604166666666666
47,730,cl3178ar0001w396cxexl3rlk,0,0.3194444444444445,0.0862268518518518,0.046875,0.0562499999999999
47,730,cl318fwy20020396cdnb3d3nf,0,0.0161458333333333,0.840625,0.0322916666666666,0.08125
47,731,cl31445hf0007396cqok6byk7,0,0.59484375,0.745,0.05,0.06875
47,731,cl3144hts000b396c4ihaxgzt,0,0.28125,0.7333333333333333,0.04375,0.0541666666666666
47,731,cl31452bd000n396cl5uyjaty,0,0.8968460648148149,0.6104166666666667,0.0515625,0.0708333333333333
47,731,cl31459ks000r396cqrqm7umg,0,0.5296875,0.0360416666666666,0.05,0.0604166666666666
47,731,cl314jqvw0018396c8dtr2qtj,0,0.71,0.2108333333333333,0.05,0.0583333333333333
47,731,cl31722oi001o396catkehdu1,0,0.60234375,0.6168750000000001,0.0515625,0.0604166666666666
47,731,cl3178ar0001w396cxexl3rlk,0,0.3177951388888889,0.0849537037037037,0.046875,0.05625
47,731,cl318fwy20020396cdnb3d3nf,0,0.0168619791666666,0.840625,0.0337239583333333,0.08125
47,732,cl31445hf0007396cqok6byk7,0,0.593125,0.744375,0.05,0.06875
47,732,cl3144hts000b396c4ihaxgzt,0,0.28125,0.7333333333333333,0.04375,0.0541666666666666
47,732,cl31452bd000n396cl5uyjaty,0,0.8969618055555555,0.6104166666666667,0.0515625,0.0708333333333333
47,732,cl31459ks000r396cqrqm7umg,0,0.53125,0.0352083333333333,0.05,0.0604166666666666
47,732,cl314jqvw0018396c8dtr2qtj,0,0.708125,0.2116666666666666,0.05,0.0583333333333333
47,732,cl31722oi001o396catkehdu1,0,0.60234375,0.6152083333333334,0.0515625,0.0604166666666666
47,732,cl3178ar0001w396cxexl3rlk,0,0.3161458333333333,0.0836805555555555,0.046875,0.0562499999999999
47,732,cl318fwy20020396cdnb3d3nf,0,0.017578125,0.840625,0.03515625,0.08125
47,733,cl31445hf0007396cqok6byk7,0,0.59140625,0.74375,0.05,0.06875
47,733,cl3144hts000b396c4ihaxgzt,0,0.28125,0.7333333333333333,0.04375,0.0541666666666666
47,733,cl31452bd000n396cl5uyjaty,0,0.8970775462962963,0.6104166666666667,0.0515625,0.0708333333333333
47,733,cl31459ks000r396cqrqm7umg,0,0.5328125,0.034375,0.05,0.0604166666666666
47,733,cl314jqvw0018396c8dtr2qtj,0,0.70625,0.2125,0.05,0.0583333333333333
47,733,cl31722oi001o396catkehdu1,0,0.60234375,0.6135416666666667,0.0515625,0.0604166666666666
47,733,cl3178ar0001w396cxexl3rlk,0,0.3144965277777777,0.0824074074074074,0.046875,0.05625
47,733,cl318fwy20020396cdnb3d3nf,0,0.0182942708333333,0.840625,0.0365885416666666,0.08125
47,734,cl31445hf0007396cqok6byk7,0,0.5896874999999999,0.7431249999999999,0.05,0.06875
47,734,cl3144hts000b396c4ihaxgzt,0,0.28125,0.7333333333333333,0.04375,0.0541666666666666
47,734,cl31452bd000n396cl5uyjaty,0,0.897193287037037,0.6104166666666667,0.0515625,0.0708333333333333
47,734,cl31459ks000r396cqrqm7umg,0,0.534375,0.0335416666666666,0.05,0.0604166666666666
47,734,cl314jqvw0018396c8dtr2qtj,0,0.704375,0.2133333333333333,0.05,0.0583333333333333
47,734,cl31722oi001o396catkehdu1,0,0.60234375,0.611875,0.0515625,0.0604166666666666
47,734,cl3178ar0001w396cxexl3rlk,0,0.3128472222222222,0.0811342592592592,0.046875,0.05625
47,734,cl318fwy20020396cdnb3d3nf,0,0.0190104166666666,0.840625,0.0380208333333333,0.08125
47,735,cl31445hf0007396cqok6byk7,0,0.58796875,0.7424999999999999,0.05,0.06875
47,735,cl3144hts000b396c4ihaxgzt,0,0.28125,0.7333333333333333,0.04375,0.0541666666666666
47,735,cl31452bd000n396cl5uyjaty,0,0.8973090277777779,0.6104166666666667,0.0515625,0.0708333333333333
47,735,cl31459ks000r396cqrqm7umg,0,0.5359375,0.0327083333333333,0.05,0.0604166666666666
47,735,cl314jqvw0018396c8dtr2qtj,0,0.7025,0.2141666666666666,0.05,0.0583333333333333
47,735,cl31722oi001o396catkehdu1,0,0.60234375,0.6102083333333332,0.0515625,0.0604166666666666
47,735,cl3178ar0001w396cxexl3rlk,0,0.3111979166666666,0.0798611111111111,0.046875,0.0562499999999999
47,735,cl318fwy20020396cdnb3d3nf,0,0.0197265625,0.840625,0.039453125,0.08125
47,736,cl31445hf0007396cqok6byk7,0,0.5862499999999999,0.7418750000000001,0.05,0.06875
47,736,cl3144hts000b396c4ihaxgzt,0,0.28125,0.7333333333333333,0.04375,0.0541666666666666
47,736,cl31452bd000n396cl5uyjaty,0,0.8974247685185185,0.6104166666666667,0.0515625,0.0708333333333333
47,736,cl31459ks000r396cqrqm7umg,0,0.5375,0.031875,0.05,0.0604166666666666
47,736,cl314jqvw0018396c8dtr2qtj,0,0.7006249999999999,0.215,0.05,0.0583333333333333
47,736,cl31722oi001o396catkehdu1,0,0.60234375,0.6085416666666668,0.0515625,0.0604166666666666
47,736,cl3178ar0001w396cxexl3rlk,0,0.3095486111111111,0.0785879629629629,0.046875,0.05625
47,736,cl318fwy20020396cdnb3d3nf,0,0.0204427083333333,0.840625,0.0408854166666666,0.08125
47,736,cl318hg6u0025396cskue30q4,0,0.74765625,0.9822916666666668,0.0546875,0.0354166666666666
47,737,cl31445hf0007396cqok6byk7,0,0.5845312500000001,0.7412500000000001,0.05,0.06875
47,737,cl3144hts000b396c4ihaxgzt,0,0.28125,0.7333333333333333,0.04375,0.0541666666666666
47,737,cl31452bd000n396cl5uyjaty,0,0.8975405092592593,0.6104166666666667,0.0515625,0.0708333333333333
47,737,cl31459ks000r396cqrqm7umg,0,0.5390625,0.0310416666666666,0.05,0.0604166666666666
47,737,cl314jqvw0018396c8dtr2qtj,0,0.69875,0.2158333333333333,0.05,0.0583333333333333
47,737,cl31722oi001o396catkehdu1,0,0.60234375,0.606875,0.0515625,0.0604166666666666
47,737,cl3178ar0001w396cxexl3rlk,0,0.3078993055555555,0.0773148148148148,0.046875,0.05625
47,737,cl318fwy20020396cdnb3d3nf,0,0.0211588541666666,0.840625,0.0423177083333333,0.08125
47,737,cl318hg6u0025396cskue30q4,0,0.74765625,0.9822916666666668,0.0546875,0.0354166666666666
47,738,cl31445hf0007396cqok6byk7,0,0.5828125,0.740625,0.05,0.06875
47,738,cl3144hts000b396c4ihaxgzt,0,0.28125,0.7333333333333333,0.04375,0.0541666666666666
47,738,cl31452bd000n396cl5uyjaty,0,0.89765625,0.6104166666666667,0.0515625,0.0708333333333333
47,738,cl31459ks000r396cqrqm7umg,0,0.540625,0.0302083333333333,0.05,0.0604166666666666
47,738,cl314jqvw0018396c8dtr2qtj,0,0.696875,0.2166666666666666,0.05,0.0583333333333333
47,738,cl31722oi001o396catkehdu1,0,0.60234375,0.6052083333333333,0.0515625,0.0604166666666666
47,738,cl3178ar0001w396cxexl3rlk,0,0.30625,0.0760416666666666,0.046875,0.05625
47,738,cl318fwy20020396cdnb3d3nf,0,0.021875,0.840625,0.04375,0.08125
47,738,cl318hg6u0025396cskue30q4,0,0.74765625,0.9822916666666668,0.0546875,0.0354166666666666
47,739,cl31b2j7j0029396cj826pcpp,0,0.45859375,0.040625,0.0390625,0.05625
47,739,cl31b33wl002d396cl7y99mp1,0,0.12890625,0.9104166666666668,0.0390625,0.0583333333333333
47,739,cl31b3dpv002h396cthway2ja,0,0.95390625,0.7354166666666667,0.0484375,0.0666666666666666
47,739,cl31b41i8002l396cg1a5d10o,0,0.384375,0.5125,0.046875,0.0583333333333333
47,73,cl31445hf0007396cqok6byk7,0,0.20828125,0.4514583333333333,0.0390625,0.05625
47,73,cl3144hts000b396c4ihaxgzt,0,0.1875997340425532,0.7812943262411347,0.04375,0.0541666666666666
47,73,cl3144p8j000g396ci3uqwj2m,0,0.21546875,0.7504166666666666,0.0421875,0.05
47,73,cl31452bd000n396cl5uyjaty,0,0.8150303171641792,0.6442786069651741,0.0515625,0.0708333333333333
47,73,cl31459ks000r396cqrqm7umg,0,0.65125,0.1914583333333333,0.05,0.0604166666666666
47,73,cl314etiv0013396cef6ngytu,0,0.0228125,0.706875,0.04375,0.06875
47,740,cl31b2j7j0029396cj826pcpp,0,0.4559027777777777,0.0424768518518518,0.0395833333333333,0.0571759259259259
47,740,cl31b33wl002d396cl7y99mp1,0,0.1309895833333333,0.9090277777777778,0.0390625,0.0583333333333333
47,740,cl31b3dpv002h396cthway2ja,0,0.9551215277777778,0.7354166666666667,0.0484375,0.0666666666666666
47,740,cl31b41i8002l396cg1a5d10o,0,0.384375,0.5141203703703704,0.046875,0.0583333333333333
47,741,cl31b2j7j0029396cj826pcpp,0,0.4532118055555555,0.0443287037037037,0.0401041666666667,0.0581018518518518
47,741,cl31b33wl002d396cl7y99mp1,0,0.1330729166666666,0.9076388888888888,0.0390625,0.0583333333333333
47,741,cl31b3dpv002h396cthway2ja,0,0.9563368055555556,0.7354166666666667,0.0484375,0.0666666666666666
47,741,cl31b41i8002l396cg1a5d10o,0,0.384375,0.5157407407407407,0.046875,0.0583333333333333
47,742,cl31b2j7j0029396cj826pcpp,0,0.4505208333333333,0.0461805555555555,0.040625,0.0590277777777777
47,742,cl31b33wl002d396cl7y99mp1,0,0.13515625,0.90625,0.0390625,0.0583333333333333
47,742,cl31b3dpv002h396cthway2ja,0,0.9575520833333334,0.7354166666666667,0.0484375,0.0666666666666666
47,742,cl31b41i8002l396cg1a5d10o,0,0.384375,0.517361111111111,0.046875,0.0583333333333332
47,743,cl31b2j7j0029396cj826pcpp,0,0.447829861111111,0.0480324074074074,0.0411458333333333,0.0599537037037037
47,743,cl31b33wl002d396cl7y99mp1,0,0.1372395833333333,0.9048611111111112,0.0390625,0.0583333333333333
47,743,cl31b3dpv002h396cthway2ja,0,0.958767361111111,0.7354166666666667,0.0484375,0.0666666666666666
47,743,cl31b41i8002l396cg1a5d10o,0,0.384375,0.5189814814814814,0.046875,0.0583333333333332
47,744,cl31b2j7j0029396cj826pcpp,0,0.4451388888888889,0.0498842592592592,0.0416666666666667,0.0608796296296296
47,744,cl31b33wl002d396cl7y99mp1,0,0.1393229166666666,0.9034722222222222,0.0390625,0.0583333333333333
47,744,cl31b3dpv002h396cthway2ja,0,0.9599826388888888,0.7354166666666667,0.0484375,0.0666666666666666
47,744,cl31b41i8002l396cg1a5d10o,0,0.384375,0.5206018518518519,0.046875,0.0583333333333333
47,745,cl31b2j7j0029396cj826pcpp,0,0.4424479166666667,0.0517361111111111,0.0421875,0.0618055555555555
47,745,cl31b33wl002d396cl7y99mp1,0,0.14140625,0.9020833333333332,0.0390625,0.0583333333333333
47,745,cl31b3dpv002h396cthway2ja,0,0.9611979166666668,0.7354166666666667,0.0484375,0.0666666666666666
47,745,cl31b41i8002l396cg1a5d10o,0,0.384375,0.5222222222222223,0.046875,0.0583333333333333
47,746,cl31b2j7j0029396cj826pcpp,0,0.4397569444444444,0.0535879629629629,0.0427083333333333,0.0627314814814814
47,746,cl31b33wl002d396cl7y99mp1,0,0.1434895833333333,0.9006944444444444,0.0390625,0.0583333333333333
47,746,cl31b3dpv002h396cthway2ja,0,0.9624131944444444,0.7354166666666667,0.0484375,0.0666666666666666
47,746,cl31b41i8002l396cg1a5d10o,0,0.384375,0.5238425925925926,0.046875,0.0583333333333333
47,747,cl31b2j7j0029396cj826pcpp,0,0.4370659722222222,0.0554398148148148,0.0432291666666666,0.0636574074074074
47,747,cl31b33wl002d396cl7y99mp1,0,0.1455729166666666,0.8993055555555556,0.0390625,0.0583333333333333
47,747,cl31b3dpv002h396cthway2ja,0,0.963628472222222,0.7354166666666667,0.0484375,0.0666666666666666
47,747,cl31b41i8002l396cg1a5d10o,0,0.384375,0.525462962962963,0.046875,0.0583333333333333
47,748,cl31b2j7j0029396cj826pcpp,0,0.434375,0.0572916666666666,0.04375,0.0645833333333333
47,748,cl31b33wl002d396cl7y99mp1,0,0.14765625,0.8979166666666667,0.0390625,0.0583333333333333
47,748,cl31b3dpv002h396cthway2ja,0,0.96484375,0.7354166666666667,0.0484375,0.0666666666666666
47,748,cl31b41i8002l396cg1a5d10o,0,0.384375,0.5270833333333333,0.046875,0.0583333333333333
47,749,cl31b2j7j0029396cj826pcpp,0,0.4318080357142856,0.0581845238095238,0.04375,0.0645833333333333
47,749,cl31b33wl002d396cl7y99mp1,0,0.1492745535714285,0.8964285714285715,0.0396205357142857,0.0586309523809523
47,749,cl31b3dpv002h396cthway2ja,0,0.965625,0.7345238095238095,0.0484375,0.0666666666666666
47,749,cl31b41i8002l396cg1a5d10o,0,0.3822544642857143,0.528125,0.046875,0.0583333333333333
47,74,cl31445hf0007396cqok6byk7,0,0.21015625,0.4510416666666667,0.0390625,0.05625
47,74,cl3144hts000b396c4ihaxgzt,0,0.1876662234042553,0.781323877068558,0.04375,0.0541666666666666
47,74,cl3144p8j000g396ci3uqwj2m,0,0.21796875,0.75625,0.0421875,0.05
47,74,cl31452bd000n396cl5uyjaty,0,0.8151002798507463,0.6442164179104477,0.0515625,0.0708333333333333
47,74,cl31459ks000r396cqrqm7umg,0,0.65,0.1916666666666666,0.05,0.0604166666666666
47,74,cl314etiv0013396cef6ngytu,0,0.021875,0.7072916666666667,0.04375,0.06875
47,750,cl31b2j7j0029396cj826pcpp,0,0.4292410714285714,0.0590773809523809,0.04375,0.0645833333333333
47,750,cl31b33wl002d396cl7y99mp1,0,0.1508928571428571,0.8949404761904761,0.0401785714285714,0.0589285714285714
47,750,cl31b3dpv002h396cthway2ja,0,0.96640625,0.7336309523809524,0.0484375,0.0666666666666666
47,750,cl31b41i8002l396cg1a5d10o,0,0.3801339285714286,0.5291666666666667,0.046875,0.0583333333333333
47,751,cl31b2j7j0029396cj826pcpp,0,0.4266741071428571,0.059970238095238,0.04375,0.0645833333333333
47,751,cl31b33wl002d396cl7y99mp1,0,0.1525111607142857,0.893452380952381,0.0407366071428571,0.0592261904761903
47,751,cl31b3dpv002h396cthway2ja,0,0.9671875,0.7327380952380953,0.0484375,0.0666666666666666
47,751,cl31b41i8002l396cg1a5d10o,0,0.3780133928571428,0.5302083333333333,0.046875,0.0583333333333333
47,752,cl31b2j7j0029396cj826pcpp,0,0.4241071428571429,0.0608630952380952,0.04375,0.0645833333333333
47,752,cl31b33wl002d396cl7y99mp1,0,0.1541294642857142,0.8919642857142857,0.0412946428571428,0.0595238095238096
47,752,cl31b3dpv002h396cthway2ja,0,0.96796875,0.731845238095238,0.0484375,0.0666666666666666
47,752,cl31b41i8002l396cg1a5d10o,0,0.3758928571428571,0.53125,0.046875,0.0583333333333333
47,753,cl31b2j7j0029396cj826pcpp,0,0.4215401785714285,0.0617559523809523,0.04375,0.0645833333333333
47,753,cl31b33wl002d396cl7y99mp1,0,0.1557477678571428,0.8904761904761905,0.0418526785714285,0.0598214285714285
47,753,cl31b3dpv002h396cthway2ja,0,0.96875,0.7309523809523809,0.0484375,0.0666666666666666
47,753,cl31b41i8002l396cg1a5d10o,0,0.3737723214285714,0.5322916666666667,0.046875,0.0583333333333333
47,754,cl31b2j7j0029396cj826pcpp,0,0.4189732142857143,0.0626488095238095,0.04375,0.0645833333333333
47,754,cl31b33wl002d396cl7y99mp1,0,0.1573660714285714,0.8889880952380953,0.0424107142857143,0.0601190476190476
47,754,cl31b3dpv002h396cthway2ja,0,0.96953125,0.7300595238095239,0.0484375,0.0666666666666666
47,754,cl31b41i8002l396cg1a5d10o,0,0.3716517857142857,0.5333333333333333,0.046875,0.0583333333333333
47,755,cl31b2j7j0029396cj826pcpp,0,0.41640625,0.0635416666666666,0.04375,0.0645833333333333
47,755,cl31b33wl002d396cl7y99mp1,0,0.158984375,0.8875,0.04296875,0.0604166666666666
47,755,cl31b3dpv002h396cthway2ja,0,0.9703125,0.7291666666666666,0.0484375,0.0666666666666666
47,755,cl31b41i8002l396cg1a5d10o,0,0.36953125,0.534375,0.046875,0.0583333333333333
47,756,cl31b2j7j0029396cj826pcpp,0,0.4138392857142857,0.0644345238095238,0.0437499999999999,0.0645833333333333
47,756,cl31b33wl002d396cl7y99mp1,0,0.1606026785714285,0.8860119047619047,0.0435267857142857,0.0607142857142856
47,756,cl31b3dpv002h396cthway2ja,0,0.97109375,0.7282738095238095,0.0484375,0.0666666666666666
47,756,cl31b41i8002l396cg1a5d10o,0,0.3674107142857142,0.5354166666666667,0.046875,0.0583333333333333
47,757,cl31b2j7j0029396cj826pcpp,0,0.4112723214285714,0.0653273809523809,0.04375,0.0645833333333333
47,757,cl31b33wl002d396cl7y99mp1,0,0.1622209821428571,0.8845238095238095,0.0440848214285714,0.0610119047619047
47,757,cl31b3dpv002h396cthway2ja,0,0.971875,0.7273809523809525,0.0484375,0.0666666666666666
47,757,cl31b41i8002l396cg1a5d10o,0,0.3652901785714285,0.5364583333333334,0.046875,0.0583333333333333
47,758,cl31b2j7j0029396cj826pcpp,0,0.4087053571428571,0.0662202380952381,0.04375,0.0645833333333333
47,758,cl31b33wl002d396cl7y99mp1,0,0.1638392857142857,0.8830357142857144,0.0446428571428571,0.0613095238095237
47,758,cl31b3dpv002h396cthway2ja,0,0.97265625,0.7264880952380952,0.0484375,0.0666666666666666
47,758,cl31b41i8002l396cg1a5d10o,0,0.3631696428571428,0.5375,0.046875,0.0583333333333333
47,759,cl31b2j7j0029396cj826pcpp,0,0.4061383928571428,0.0671130952380952,0.04375,0.0645833333333333
47,759,cl31b33wl002d396cl7y99mp1,0,0.1654575892857142,0.881547619047619,0.0452008928571428,0.0616071428571429
47,759,cl31b3dpv002h396cthway2ja,0,0.9734375,0.7255952380952381,0.0484375,0.0666666666666666
47,759,cl31b41i8002l396cg1a5d10o,0,0.3610491071428571,0.5385416666666667,0.046875,0.0583333333333333
47,75,cl31445hf0007396cqok6byk7,0,0.21140625,0.4489583333333333,0.0390625,0.05625
47,75,cl3144hts000b396c4ihaxgzt,0,0.1877327127659574,0.7813534278959811,0.04375,0.0541666666666666
47,75,cl3144p8j000g396ci3uqwj2m,0,0.22484375,0.7545833333333333,0.0421875,0.05
47,75,cl31452bd000n396cl5uyjaty,0,0.8151702425373134,0.6441542288557215,0.0515625,0.0708333333333333
47,75,cl31459ks000r396cqrqm7umg,0,0.6487499999999999,0.191875,0.05,0.0604166666666666
47,75,cl314etiv0013396cef6ngytu,0,0.021875,0.7072916666666667,0.04375,0.06875
47,760,cl31b2j7j0029396cj826pcpp,0,0.4035714285714286,0.0680059523809523,0.04375,0.0645833333333333
47,760,cl31b33wl002d396cl7y99mp1,0,0.1670758928571428,0.8800595238095238,0.0457589285714285,0.0619047619047619
47,760,cl31b3dpv002h396cthway2ja,0,0.97421875,0.7247023809523809,0.0484375,0.0666666666666666
47,760,cl31b41i8002l396cg1a5d10o,0,0.3589285714285714,0.5395833333333333,0.046875,0.0583333333333333
47,761,cl31b2j7j0029396cj826pcpp,0,0.4010044642857143,0.0688988095238095,0.04375,0.0645833333333333
47,761,cl31b33wl002d396cl7y99mp1,0,0.1686941964285714,0.8785714285714286,0.0463169642857143,0.062202380952381
47,761,cl31b3dpv002h396cthway2ja,0,0.975,0.7238095238095238,0.0484375,0.0666666666666666
47,761,cl31b41i8002l396cg1a5d10o,0,0.3568080357142857,0.540625,0.046875,0.0583333333333333
47,762,cl31b2j7j0029396cj826pcpp,0,0.3984375,0.0697916666666666,0.04375,0.0645833333333333
47,762,cl31b33wl002d396cl7y99mp1,0,0.1703125,0.8770833333333333,0.046875,0.0625
47,762,cl31b3dpv002h396cthway2ja,0,0.97578125,0.7229166666666667,0.0484375,0.0666666666666666
47,762,cl31b41i8002l396cg1a5d10o,0,0.3546875,0.5416666666666666,0.046875,0.0583333333333333
47,763,cl31b2j7j0029396cj826pcpp,0,0.3955357142857143,0.0674107142857142,0.04375,0.0645833333333333
47,763,cl31b33wl002d396cl7y99mp1,0,0.1723214285714285,0.8764880952380952,0.046875,0.0625
47,763,cl31b3dpv002h396cthway2ja,0,0.9754261363636364,0.7222537878787879,0.0484375,0.0666666666666666
47,763,cl31b41i8002l396cg1a5d10o,0,0.353125,0.5434523809523809,0.046875,0.0583333333333332
47,764,cl31b2j7j0029396cj826pcpp,0,0.3926339285714285,0.0650297619047619,0.04375,0.0645833333333333
47,764,cl31b33wl002d396cl7y99mp1,0,0.1743303571428571,0.8758928571428571,0.046875,0.0625
47,764,cl31b3dpv002h396cthway2ja,0,0.9750710227272726,0.7215909090909091,0.0484375,0.0666666666666666
47,764,cl31b41i8002l396cg1a5d10o,0,0.3515625,0.5452380952380953,0.046875,0.0583333333333333
47,765,cl31b2j7j0029396cj826pcpp,0,0.3897321428571428,0.0626488095238095,0.04375,0.0645833333333333
47,765,cl31b33wl002d396cl7y99mp1,0,0.1763392857142857,0.875297619047619,0.046875,0.0625
47,765,cl31b3dpv002h396cthway2ja,0,0.9747159090909092,0.7209280303030303,0.0484375,0.0666666666666666
47,765,cl31b41i8002l396cg1a5d10o,0,0.35,0.5470238095238095,0.046875,0.0583333333333332
47,766,cl31b2j7j0029396cj826pcpp,0,0.3868303571428571,0.0602678571428571,0.0437499999999999,0.0645833333333333
47,766,cl31b33wl002d396cl7y99mp1,0,0.1783482142857143,0.874702380952381,0.046875,0.0625
47,766,cl31b3dpv002h396cthway2ja,0,0.9743607954545456,0.7202651515151516,0.0484375,0.0666666666666666
47,766,cl31b41i8002l396cg1a5d10o,0,0.3484375,0.5488095238095239,0.046875,0.0583333333333333
47,767,cl31b2j7j0029396cj826pcpp,0,0.3839285714285714,0.0578869047619047,0.04375,0.0645833333333333
47,767,cl31b33wl002d396cl7y99mp1,0,0.1803571428571428,0.8741071428571429,0.0468749999999999,0.0625
47,767,cl31b3dpv002h396cthway2ja,0,0.9740056818181818,0.7196022727272727,0.0484375,0.0666666666666666
47,767,cl31b41i8002l396cg1a5d10o,0,0.346875,0.550595238095238,0.046875,0.0583333333333333
47,768,cl31b2j7j0029396cj826pcpp,0,0.3810267857142856,0.0555059523809523,0.0437499999999999,0.0645833333333333
47,768,cl31b33wl002d396cl7y99mp1,0,0.1823660714285714,0.8735119047619048,0.046875,0.0625
47,768,cl31b3dpv002h396cthway2ja,0,0.9736505681818182,0.7189393939393939,0.0484375,0.0666666666666666
47,768,cl31b41i8002l396cg1a5d10o,0,0.3453125,0.5523809523809524,0.046875,0.0583333333333333
47,769,cl31b2j7j0029396cj826pcpp,0,0.378125,0.053125,0.04375,0.0645833333333333
47,769,cl31b33wl002d396cl7y99mp1,0,0.184375,0.8729166666666667,0.046875,0.0625
47,769,cl31b3dpv002h396cthway2ja,0,0.9732954545454544,0.7182765151515151,0.0484375,0.0666666666666666
47,769,cl31b41i8002l396cg1a5d10o,0,0.34375,0.5541666666666667,0.046875,0.0583333333333333
47,76,cl31445hf0007396cqok6byk7,0,0.21265625,0.446875,0.0390625,0.05625
47,76,cl3144hts000b396c4ihaxgzt,0,0.1877992021276596,0.7813829787234042,0.04375,0.0541666666666666
47,76,cl3144p8j000g396ci3uqwj2m,0,0.23171875,0.7529166666666666,0.0421875,0.05
47,76,cl31452bd000n396cl5uyjaty,0,0.8152402052238805,0.644092039800995,0.0515625,0.0708333333333333
47,76,cl31459ks000r396cqrqm7umg,0,0.6475,0.1920833333333333,0.05,0.0604166666666666
47,76,cl314etiv0013396cef6ngytu,0,0.021875,0.7072916666666667,0.04375,0.06875
47,770,cl31b2j7j0029396cj826pcpp,0,0.3770833333333333,0.0517361111111111,0.04375,0.0645833333333333
47,770,cl31b33wl002d396cl7y99mp1,0,0.1872916666666667,0.8726388888888889,0.046875,0.0625
47,770,cl31b3dpv002h396cthway2ja,0,0.9729403409090908,0.7176136363636363,0.0484375,0.0666666666666666
47,770,cl31b41i8002l396cg1a5d10o,0,0.3424999999999999,0.5541666666666667,0.046875,0.0583333333333333
47,771,cl31b2j7j0029396cj826pcpp,0,0.3760416666666666,0.0503472222222222,0.04375,0.0645833333333333
47,771,cl31b33wl002d396cl7y99mp1,0,0.1902083333333333,0.8723611111111111,0.0468749999999999,0.0625
47,771,cl31b3dpv002h396cthway2ja,0,0.9725852272727272,0.7169507575757575,0.0484375,0.0666666666666666
47,771,cl31b41i8002l396cg1a5d10o,0,0.34125,0.5541666666666667,0.046875,0.0583333333333333
47,772,cl31b2j7j0029396cj826pcpp,0,0.375,0.0489583333333333,0.04375,0.0645833333333333
47,772,cl31b33wl002d396cl7y99mp1,0,0.193125,0.8720833333333334,0.046875,0.0625
47,772,cl31b3dpv002h396cthway2ja,0,0.9722301136363636,0.7162878787878788,0.0484375,0.0666666666666666
47,772,cl31b41i8002l396cg1a5d10o,0,0.3399999999999999,0.5541666666666667,0.046875,0.0583333333333333
47,773,cl31b2j7j0029396cj826pcpp,0,0.3739583333333333,0.0475694444444444,0.04375,0.0645833333333333
47,773,cl31b33wl002d396cl7y99mp1,0,0.1960416666666666,0.8718055555555555,0.046875,0.0625
47,773,cl31b3dpv002h396cthway2ja,0,0.971875,0.715625,0.0484375,0.0666666666666666
47,773,cl31b41i8002l396cg1a5d10o,0,0.33875,0.5541666666666667,0.046875,0.0583333333333333
47,774,cl31b2j7j0029396cj826pcpp,0,0.3729166666666667,0.0461805555555555,0.04375,0.0645833333333333
47,774,cl31b33wl002d396cl7y99mp1,0,0.1989583333333333,0.8715277777777778,0.046875,0.0625
47,774,cl31b3dpv002h396cthway2ja,0,0.9715198863636364,0.7149621212121212,0.0484375,0.0666666666666666
47,774,cl31b41i8002l396cg1a5d10o,0,0.3375,0.5541666666666667,0.046875,0.0583333333333333
47,775,cl31b2j7j0029396cj826pcpp,0,0.371875,0.0447916666666666,0.04375,0.0645833333333333
47,775,cl31b33wl002d396cl7y99mp1,0,0.2018749999999999,0.87125,0.0468749999999999,0.0625
47,775,cl31b3dpv002h396cthway2ja,0,0.9711647727272726,0.7142992424242425,0.0484375,0.0666666666666666
47,775,cl31b41i8002l396cg1a5d10o,0,0.33625,0.5541666666666667,0.046875,0.0583333333333333
47,776,cl31b2j7j0029396cj826pcpp,0,0.3708333333333333,0.0434027777777777,0.04375,0.0645833333333333
47,776,cl31b33wl002d396cl7y99mp1,0,0.2047916666666666,0.8709722222222223,0.046875,0.0625
47,776,cl31b3dpv002h396cthway2ja,0,0.9708096590909092,0.7136363636363636,0.0484375,0.0666666666666666
47,776,cl31b41i8002l396cg1a5d10o,0,0.335,0.5541666666666667,0.046875,0.0583333333333333
47,777,cl31b2j7j0029396cj826pcpp,0,0.3697916666666666,0.0420138888888888,0.04375,0.0645833333333333
47,777,cl31b33wl002d396cl7y99mp1,0,0.2077083333333333,0.8706944444444444,0.046875,0.0625
47,777,cl31b3dpv002h396cthway2ja,0,0.9704545454545456,0.7129734848484849,0.0484375,0.0666666666666666
47,777,cl31b41i8002l396cg1a5d10o,0,0.33375,0.5541666666666667,0.046875,0.0583333333333333
47,778,cl31b2j7j0029396cj826pcpp,0,0.36875,0.040625,0.04375,0.0645833333333333
47,778,cl31b33wl002d396cl7y99mp1,0,0.210625,0.8704166666666667,0.046875,0.0625
47,778,cl31b3dpv002h396cthway2ja,0,0.9700994318181818,0.7123106060606061,0.0484375,0.0666666666666666
47,778,cl31b41i8002l396cg1a5d10o,0,0.3325,0.5541666666666667,0.046875,0.0583333333333333
47,779,cl31b2j7j0029396cj826pcpp,0,0.3677083333333333,0.0392361111111111,0.04375,0.0645833333333333
47,779,cl31b33wl002d396cl7y99mp1,0,0.2135416666666666,0.8701388888888889,0.046875,0.0625
47,779,cl31b3dpv002h396cthway2ja,0,0.9697443181818182,0.7116477272727272,0.0484375,0.0666666666666666
47,779,cl31b41i8002l396cg1a5d10o,0,0.33125,0.5541666666666667,0.046875,0.0583333333333333
47,77,cl31445hf0007396cqok6byk7,0,0.21390625,0.4447916666666666,0.0390625,0.05625
47,77,cl3144hts000b396c4ihaxgzt,0,0.1878656914893617,0.7814125295508274,0.04375,0.0541666666666666
47,77,cl3144p8j000g396ci3uqwj2m,0,0.23859375,0.7512500000000001,0.0421875,0.05
47,77,cl31452bd000n396cl5uyjaty,0,0.8153101679104477,0.6440298507462686,0.0515624999999999,0.0708333333333333
47,77,cl31459ks000r396cqrqm7umg,0,0.64625,0.1922916666666666,0.05,0.0604166666666666
47,77,cl314etiv0013396cef6ngytu,0,0.021875,0.7072916666666667,0.04375,0.06875
47,780,cl31b2j7j0029396cj826pcpp,0,0.3666666666666666,0.0378472222222222,0.04375,0.0645833333333333
47,780,cl31b33wl002d396cl7y99mp1,0,0.2164583333333333,0.8698611111111112,0.046875,0.0625
47,780,cl31b3dpv002h396cthway2ja,0,0.9693892045454544,0.7109848484848484,0.0484375,0.0666666666666666
47,780,cl31b41i8002l396cg1a5d10o,0,0.3299999999999999,0.5541666666666667,0.046875,0.0583333333333333
47,781,cl31b2j7j0029396cj826pcpp,0,0.365625,0.0364583333333333,0.04375,0.0645833333333333
47,781,cl31b33wl002d396cl7y99mp1,0,0.219375,0.8695833333333333,0.046875,0.0625
47,781,cl31b3dpv002h396cthway2ja,0,0.9690340909090908,0.7103219696969697,0.0484375,0.0666666666666666
47,781,cl31b41i8002l396cg1a5d10o,0,0.32875,0.5541666666666667,0.046875,0.0583333333333333
47,782,cl31b2j7j0029396cj826pcpp,0,0.3645833333333333,0.0350694444444444,0.04375,0.0645833333333333
47,782,cl31b33wl002d396cl7y99mp1,0,0.2222916666666666,0.8693055555555556,0.0468749999999999,0.0625
47,782,cl31b3dpv002h396cthway2ja,0,0.9686789772727272,0.7096590909090909,0.0484375,0.0666666666666666
47,782,cl31b41i8002l396cg1a5d10o,0,0.3275,0.5541666666666667,0.046875,0.0583333333333333
47,783,cl31b2j7j0029396cj826pcpp,0,0.3635416666666666,0.0336805555555555,0.04375,0.0645833333333333
47,783,cl31b33wl002d396cl7y99mp1,0,0.2252083333333333,0.8690277777777777,0.046875,0.0625
47,783,cl31b3dpv002h396cthway2ja,0,0.9683238636363636,0.7089962121212121,0.0484375,0.0666666666666666
47,783,cl31b41i8002l396cg1a5d10o,0,0.32625,0.5541666666666667,0.046875,0.0583333333333333
47,784,cl31b2j7j0029396cj826pcpp,0,0.3625,0.0322916666666666,0.04375,0.0645833333333333
47,784,cl31b33wl002d396cl7y99mp1,0,0.228125,0.86875,0.046875,0.0625
47,784,cl31b3dpv002h396cthway2ja,0,0.96796875,0.7083333333333334,0.0484375,0.0666666666666666
47,784,cl31b41i8002l396cg1a5d10o,0,0.325,0.5541666666666667,0.046875,0.0583333333333333
47,785,cl31b2j7j0029396cj826pcpp,0,0.365625,0.0327083333333333,0.04375,0.0645833333333333
47,785,cl31b33wl002d396cl7y99mp1,0,0.2299479166666666,0.8645833333333334,0.046875,0.0625
47,785,cl31b3dpv002h396cthway2ja,0,0.9677083333333334,0.7072916666666667,0.0484375,0.0666666666666666
47,785,cl31b41i8002l396cg1a5d10o,0,0.3268229166666666,0.5552083333333333,0.046875,0.0583333333333333
47,786,cl31b2j7j0029396cj826pcpp,0,0.36875,0.0331249999999999,0.04375,0.0645833333333333
47,786,cl31b33wl002d396cl7y99mp1,0,0.2317708333333333,0.8604166666666667,0.046875,0.0625
47,786,cl31b3dpv002h396cthway2ja,0,0.9674479166666666,0.70625,0.0484375,0.0666666666666666
47,786,cl31b41i8002l396cg1a5d10o,0,0.3286458333333333,0.55625,0.046875,0.0583333333333333
47,787,cl31b2j7j0029396cj826pcpp,0,0.371875,0.0335416666666666,0.04375,0.0645833333333333
47,787,cl31b33wl002d396cl7y99mp1,0,0.23359375,0.85625,0.046875,0.0625
47,787,cl31b3dpv002h396cthway2ja,0,0.9671875,0.7052083333333333,0.0484375,0.0666666666666666
47,787,cl31b41i8002l396cg1a5d10o,0,0.33046875,0.5572916666666666,0.046875,0.0583333333333333
47,788,cl31b2j7j0029396cj826pcpp,0,0.375,0.0339583333333333,0.04375,0.0645833333333333
47,788,cl31b33wl002d396cl7y99mp1,0,0.2354166666666666,0.8520833333333333,0.046875,0.0625
47,788,cl31b3dpv002h396cthway2ja,0,0.9669270833333334,0.7041666666666667,0.0484375,0.0666666666666666
47,788,cl31b41i8002l396cg1a5d10o,0,0.3322916666666666,0.5583333333333333,0.046875,0.0583333333333333
47,789,cl31b2j7j0029396cj826pcpp,0,0.378125,0.034375,0.04375,0.0645833333333333
47,789,cl31b33wl002d396cl7y99mp1,0,0.2372395833333333,0.8479166666666667,0.046875,0.0625
47,789,cl31b3dpv002h396cthway2ja,0,0.9666666666666666,0.703125,0.0484375,0.0666666666666666
47,789,cl31b41i8002l396cg1a5d10o,0,0.3341145833333333,0.559375,0.046875,0.0583333333333333
47,78,cl31445hf0007396cqok6byk7,0,0.21515625,0.4427083333333333,0.0390624999999999,0.05625
47,78,cl3144hts000b396c4ihaxgzt,0,0.1879321808510638,0.7814420803782506,0.04375,0.0541666666666666
47,78,cl3144p8j000g396ci3uqwj2m,0,0.2454687499999999,0.7495833333333334,0.0421875,0.05
47,78,cl31452bd000n396cl5uyjaty,0,0.8153801305970149,0.6439676616915423,0.0515624999999999,0.0708333333333333
47,78,cl31459ks000r396cqrqm7umg,0,0.645,0.1925,0.05,0.0604166666666666
47,78,cl314etiv0013396cef6ngytu,0,0.021875,0.7072916666666667,0.04375,0.06875
47,790,cl31b33wl002d396cl7y99mp1,0,0.2390625,0.84375,0.046875,0.0625
47,790,cl31b3dpv002h396cthway2ja,0,0.96640625,0.7020833333333333,0.0484375,0.0666666666666666
47,790,cl31b41i8002l396cg1a5d10o,0,0.3359375,0.5604166666666667,0.046875,0.0583333333333333
47,791,cl31b33wl002d396cl7y99mp1,0,0.2411057692307692,0.8440705128205128,0.046875,0.0625
47,791,cl31b3dpv002h396cthway2ja,0,0.9671274038461538,0.700801282051282,0.0484375,0.0666666666666666
47,791,cl31b41i8002l396cg1a5d10o,0,0.3358173076923077,0.563301282051282,0.046875,0.0583333333333333
47,792,cl31b33wl002d396cl7y99mp1,0,0.2431490384615384,0.8443910256410256,0.046875,0.0625
47,792,cl31b3dpv002h396cthway2ja,0,0.9678485576923076,0.6995192307692307,0.0484375,0.0666666666666666
47,792,cl31b41i8002l396cg1a5d10o,0,0.3356971153846154,0.5661858974358974,0.046875,0.0583333333333333
47,793,cl31b33wl002d396cl7y99mp1,0,0.2451923076923077,0.8447115384615385,0.046875,0.0625
47,793,cl31b3dpv002h396cthway2ja,0,0.9685697115384616,0.6982371794871794,0.0484375,0.0666666666666666
47,793,cl31b41i8002l396cg1a5d10o,0,0.3355769230769231,0.5690705128205128,0.046875,0.0583333333333333
47,794,cl31b33wl002d396cl7y99mp1,0,0.2472355769230769,0.8450320512820514,0.046875,0.0625
47,794,cl31b3dpv002h396cthway2ja,0,0.9692908653846152,0.6969551282051282,0.0484375,0.0666666666666666
47,794,cl31b41i8002l396cg1a5d10o,0,0.3354567307692307,0.5719551282051282,0.046875,0.0583333333333333
47,795,cl31b33wl002d396cl7y99mp1,0,0.2492788461538461,0.8453525641025641,0.046875,0.0625
47,795,cl31b3dpv002h396cthway2ja,0,0.9700120192307692,0.6956730769230769,0.0484375,0.0666666666666666
47,795,cl31b41i8002l396cg1a5d10o,0,0.3353365384615384,0.5748397435897435,0.046875,0.0583333333333333
47,796,cl31b33wl002d396cl7y99mp1,0,0.2513221153846153,0.8456730769230769,0.046875,0.0625
47,796,cl31b3dpv002h396cthway2ja,0,0.970733173076923,0.6943910256410256,0.0484375,0.0666666666666666
47,796,cl31b41i8002l396cg1a5d10o,0,0.3352163461538461,0.577724358974359,0.046875,0.0583333333333333
47,797,cl31b33wl002d396cl7y99mp1,0,0.2533653846153846,0.8459935897435897,0.046875,0.0625
47,797,cl31b3dpv002h396cthway2ja,0,0.971454326923077,0.6931089743589743,0.0484375,0.0666666666666666
47,797,cl31b41i8002l396cg1a5d10o,0,0.3350961538461538,0.5806089743589743,0.046875,0.0583333333333333
47,798,cl31b33wl002d396cl7y99mp1,0,0.2554086538461538,0.8463141025641026,0.046875,0.0625
47,798,cl31b3dpv002h396cthway2ja,0,0.9721754807692308,0.6918269230769231,0.0484375,0.0666666666666666
47,798,cl31b41i8002l396cg1a5d10o,0,0.3349759615384615,0.5834935897435898,0.046875,0.0583333333333333
47,799,cl31b33wl002d396cl7y99mp1,0,0.2574519230769231,0.8466346153846154,0.046875,0.0625
47,799,cl31b3dpv002h396cthway2ja,0,0.9728966346153848,0.6905448717948718,0.0484375,0.0666666666666666
47,799,cl31b41i8002l396cg1a5d10o,0,0.3348557692307692,0.5863782051282052,0.046875,0.0583333333333333
47,79,cl31445hf0007396cqok6byk7,0,0.21640625,0.440625,0.0390625,0.05625
47,79,cl3144hts000b396c4ihaxgzt,0,0.1879986702127659,0.7814716312056738,0.04375,0.0541666666666666
47,79,cl3144p8j000g396ci3uqwj2m,0,0.25234375,0.7479166666666667,0.0421875,0.05
47,79,cl31452bd000n396cl5uyjaty,0,0.8154500932835822,0.6439054726368159,0.0515625,0.0708333333333333
47,79,cl31459ks000r396cqrqm7umg,0,0.64375,0.1927083333333333,0.05,0.0604166666666666
47,79,cl314etiv0013396cef6ngytu,0,0.021875,0.7072916666666667,0.04375,0.06875
47,7,ckz3x1hsf001j3867igiqk5mn,0,0.212109375,0.034375,0.0421875,0.05625
47,7,cl3143jm20003396cuges2p86,0,0.01875,0.4083333333333333,0.0375,0.0583333333333333
47,7,cl31445hf0007396cqok6byk7,0,0.116796875,0.5026041666666666,0.0390625,0.05625
47,7,cl3144hts000b396c4ihaxgzt,0,0.1832114361702127,0.7793439716312057,0.04375,0.0541666666666666
47,7,cl3144p8j000g396ci3uqwj2m,0,0.21796875,0.83125,0.0421875,0.05
47,7,cl31452bd000n396cl5uyjaty,0,0.8040665064102563,0.6496794871794872,0.0515625,0.0708333333333333
47,7,cl31459ks000r396cqrqm7umg,0,0.746875,0.2479166666666666,0.05,0.0604166666666666
47,7,cl3146m3g000z396ce2oi4n9l,0,0.6756696428571429,0.0324404761904761,0.0375,0.05
47,800,cl31b33wl002d396cl7y99mp1,0,0.2594951923076923,0.8469551282051282,0.046875,0.0625
47,800,cl31b3dpv002h396cthway2ja,0,0.9736177884615383,0.6892628205128205,0.0484375,0.0666666666666666
47,800,cl31b41i8002l396cg1a5d10o,0,0.3347355769230769,0.5892628205128205,0.046875,0.0583333333333333
47,801,cl31b33wl002d396cl7y99mp1,0,0.2615384615384615,0.847275641025641,0.046875,0.0625
47,801,cl31b3dpv002h396cthway2ja,0,0.9743389423076924,0.6879807692307692,0.0484375,0.0666666666666666
47,801,cl31b41i8002l396cg1a5d10o,0,0.3346153846153846,0.5921474358974359,0.046875,0.0583333333333333
47,802,cl31b33wl002d396cl7y99mp1,0,0.2635817307692307,0.8475961538461539,0.046875,0.0625
47,802,cl31b3dpv002h396cthway2ja,0,0.975060096153846,0.686698717948718,0.0484375,0.0666666666666666
47,802,cl31b41i8002l396cg1a5d10o,0,0.3344951923076923,0.5950320512820514,0.046875,0.0583333333333333
47,803,cl31b33wl002d396cl7y99mp1,0,0.265625,0.8479166666666667,0.046875,0.0625
47,803,cl31b3dpv002h396cthway2ja,0,0.97578125,0.6854166666666667,0.0484375,0.0666666666666666
47,803,cl31b41i8002l396cg1a5d10o,0,0.334375,0.5979166666666667,0.046875,0.0583333333333333
47,804,cl31b33wl002d396cl7y99mp1,0,0.26734375,0.8470833333333334,0.046875,0.0625
47,804,cl31b3dpv002h396cthway2ja,0,0.97578125,0.6845833333333334,0.0484375,0.0666666666666666
47,804,cl31b41i8002l396cg1a5d10o,0,0.33203125,0.5941666666666666,0.046875,0.0583333333333333
47,805,cl31b33wl002d396cl7y99mp1,0,0.2690625,0.84625,0.046875,0.0625
47,805,cl31b3dpv002h396cthway2ja,0,0.97578125,0.68375,0.0484375,0.0666666666666666
47,805,cl31b41i8002l396cg1a5d10o,0,0.3296875,0.5904166666666666,0.046875,0.0583333333333333
47,806,cl31b33wl002d396cl7y99mp1,0,0.27078125,0.8454166666666667,0.046875,0.0625
47,806,cl31b3dpv002h396cthway2ja,0,0.97578125,0.6829166666666667,0.0484375,0.0666666666666666
47,806,cl31b41i8002l396cg1a5d10o,0,0.32734375,0.5866666666666667,0.046875,0.0583333333333333
47,807,cl31b33wl002d396cl7y99mp1,0,0.2725,0.8445833333333332,0.046875,0.0625
47,807,cl31b3dpv002h396cthway2ja,0,0.97578125,0.6820833333333333,0.0484375,0.0666666666666666
47,807,cl31b41i8002l396cg1a5d10o,0,0.325,0.5829166666666666,0.046875,0.0583333333333333
47,808,cl31b33wl002d396cl7y99mp1,0,0.27421875,0.84375,0.046875,0.0625
47,808,cl31b3dpv002h396cthway2ja,0,0.97578125,0.68125,0.0484375,0.0666666666666666
47,808,cl31b41i8002l396cg1a5d10o,0,0.32265625,0.5791666666666667,0.046875,0.0583333333333333
47,809,cl31b33wl002d396cl7y99mp1,0,0.2759375,0.8429166666666668,0.046875,0.0625
47,809,cl31b3dpv002h396cthway2ja,0,0.97578125,0.6804166666666667,0.0484375,0.0666666666666666
47,809,cl31b41i8002l396cg1a5d10o,0,0.3203125,0.5754166666666667,0.046875,0.0583333333333333
47,80,cl31445hf0007396cqok6byk7,0,0.2153645833333333,0.4383101851851851,0.0390625,0.05625
47,80,cl3144hts000b396c4ihaxgzt,0,0.1880651595744681,0.7815011820330969,0.04375,0.0541666666666666
47,80,cl3144p8j000g396ci3uqwj2m,0,0.2546875,0.7520833333333333,0.0421875,0.05
47,80,cl31452bd000n396cl5uyjaty,0,0.8155200559701493,0.6438432835820895,0.0515625,0.0708333333333333
47,80,cl31459ks000r396cqrqm7umg,0,0.6421875,0.1916666666666666,0.05,0.0604166666666666
47,80,cl314etiv0013396cef6ngytu,0,0.021875,0.7072916666666667,0.04375,0.06875
47,810,cl31b33wl002d396cl7y99mp1,0,0.27765625,0.8420833333333333,0.046875,0.0625
47,810,cl31b3dpv002h396cthway2ja,0,0.97578125,0.6795833333333333,0.0484375,0.0666666666666666
47,810,cl31b41i8002l396cg1a5d10o,0,0.31796875,0.5716666666666667,0.046875,0.0583333333333333
47,811,cl31b33wl002d396cl7y99mp1,0,0.279375,0.84125,0.046875,0.0625
47,811,cl31b3dpv002h396cthway2ja,0,0.97578125,0.6787500000000001,0.0484375,0.0666666666666666
47,811,cl31b41i8002l396cg1a5d10o,0,0.315625,0.5679166666666667,0.046875,0.0583333333333333
47,812,cl31b33wl002d396cl7y99mp1,0,0.28109375,0.8404166666666666,0.046875,0.0625
47,812,cl31b3dpv002h396cthway2ja,0,0.97578125,0.6779166666666666,0.0484375,0.0666666666666666
47,812,cl31b41i8002l396cg1a5d10o,0,0.31328125,0.5641666666666667,0.046875,0.0583333333333333
47,813,cl31b33wl002d396cl7y99mp1,0,0.2828125,0.8395833333333333,0.046875,0.0625
47,813,cl31b3dpv002h396cthway2ja,0,0.97578125,0.6770833333333334,0.0484375,0.0666666666666666
47,813,cl31b41i8002l396cg1a5d10o,0,0.3109375,0.5604166666666667,0.046875,0.0583333333333333
47,814,cl31b33wl002d396cl7y99mp1,0,0.2850852272727273,0.8380681818181818,0.046875,0.0625
47,814,cl31b3dpv002h396cthway2ja,0,0.97578125,0.6770833333333334,0.0484375,0.0666666666666666
47,814,cl31b41i8002l396cg1a5d10o,0,0.3099431818181818,0.5628787878787879,0.046875,0.0583333333333333
47,815,cl31b33wl002d396cl7y99mp1,0,0.2873579545454545,0.8365530303030303,0.046875,0.0625
47,815,cl31b3dpv002h396cthway2ja,0,0.97578125,0.6770833333333334,0.0484375,0.0666666666666666
47,815,cl31b41i8002l396cg1a5d10o,0,0.3089488636363636,0.5653409090909091,0.046875,0.0583333333333333
47,816,cl31b33wl002d396cl7y99mp1,0,0.2896306818181818,0.8350378787878788,0.046875,0.0625
47,816,cl31b3dpv002h396cthway2ja,0,0.97578125,0.6770833333333334,0.0484375,0.0666666666666666
47,816,cl31b41i8002l396cg1a5d10o,0,0.3079545454545455,0.5678030303030304,0.046875,0.0583333333333333
47,817,cl31b33wl002d396cl7y99mp1,0,0.291903409090909,0.8335227272727272,0.046875,0.0625
47,817,cl31b3dpv002h396cthway2ja,0,0.97578125,0.6770833333333334,0.0484375,0.0666666666666666
47,817,cl31b41i8002l396cg1a5d10o,0,0.3069602272727273,0.5702651515151516,0.046875,0.0583333333333333
47,818,cl31b33wl002d396cl7y99mp1,0,0.2941761363636364,0.8320075757575758,0.046875,0.0625
47,818,cl31b3dpv002h396cthway2ja,0,0.97578125,0.6770833333333334,0.0484375,0.0666666666666666
47,818,cl31b41i8002l396cg1a5d10o,0,0.3059659090909091,0.5727272727272728,0.046875,0.0583333333333333
47,819,cl31b33wl002d396cl7y99mp1,0,0.2964488636363636,0.8304924242424242,0.046875,0.0625
47,819,cl31b3dpv002h396cthway2ja,0,0.97578125,0.6770833333333334,0.0484375,0.0666666666666666
47,819,cl31b41i8002l396cg1a5d10o,0,0.3049715909090909,0.5751893939393938,0.046875,0.0583333333333333
47,81,cl31445hf0007396cqok6byk7,0,0.2143229166666666,0.4359953703703703,0.0390624999999999,0.05625
47,81,cl3144hts000b396c4ihaxgzt,0,0.1881316489361702,0.7815307328605201,0.04375,0.0541666666666666
47,81,cl3144p8j000g396ci3uqwj2m,0,0.25703125,0.75625,0.0421875,0.05
47,81,cl31452bd000n396cl5uyjaty,0,0.8155900186567164,0.6437810945273631,0.0515625,0.0708333333333333
47,81,cl31459ks000r396cqrqm7umg,0,0.640625,0.190625,0.05,0.0604166666666666
47,820,cl31b33wl002d396cl7y99mp1,0,0.2987215909090909,0.8289772727272727,0.046875,0.0625
47,820,cl31b3dpv002h396cthway2ja,0,0.97578125,0.6770833333333334,0.0484375,0.0666666666666666
47,820,cl31b41i8002l396cg1a5d10o,0,0.3039772727272727,0.5776515151515151,0.046875,0.0583333333333333
47,821,cl31b33wl002d396cl7y99mp1,0,0.3009943181818181,0.8274621212121213,0.046875,0.0625
47,821,cl31b3dpv002h396cthway2ja,0,0.97578125,0.6770833333333334,0.0484375,0.0666666666666666
47,821,cl31b41i8002l396cg1a5d10o,0,0.3029829545454545,0.5801136363636363,0.046875,0.0583333333333333
47,822,cl31b33wl002d396cl7y99mp1,0,0.3032670454545454,0.8259469696969697,0.046875,0.0625
47,822,cl31b3dpv002h396cthway2ja,0,0.97578125,0.6770833333333334,0.0484375,0.0666666666666666
47,822,cl31b41i8002l396cg1a5d10o,0,0.3019886363636364,0.5825757575757575,0.046875,0.0583333333333333
47,823,cl31b33wl002d396cl7y99mp1,0,0.3055397727272727,0.8244318181818182,0.046875,0.0625
47,823,cl31b3dpv002h396cthway2ja,0,0.97578125,0.6770833333333334,0.0484375,0.0666666666666666
47,823,cl31b41i8002l396cg1a5d10o,0,0.3009943181818181,0.5850378787878788,0.046875,0.0583333333333333
47,824,cl31b33wl002d396cl7y99mp1,0,0.3078125,0.8229166666666666,0.046875,0.0625
47,824,cl31b41i8002l396cg1a5d10o,0,0.3,0.5875,0.046875,0.0583333333333333
47,825,cl31b33wl002d396cl7y99mp1,0,0.3102678571428571,0.8220238095238095,0.046875,0.0625
47,825,cl31b41i8002l396cg1a5d10o,0,0.3004464285714285,0.5889880952380953,0.046875,0.0583333333333333
47,826,cl31b33wl002d396cl7y99mp1,0,0.3127232142857142,0.8211309523809525,0.046875,0.0625
47,826,cl31b41i8002l396cg1a5d10o,0,0.3008928571428572,0.5904761904761905,0.046875,0.0583333333333333
47,827,cl31b33wl002d396cl7y99mp1,0,0.3151785714285714,0.8202380952380952,0.046875,0.0625
47,827,cl31b41i8002l396cg1a5d10o,0,0.3013392857142857,0.5919642857142857,0.046875,0.0583333333333333
47,828,cl31b33wl002d396cl7y99mp1,0,0.3176339285714286,0.8193452380952381,0.046875,0.0625
47,828,cl31b41i8002l396cg1a5d10o,0,0.3017857142857142,0.593452380952381,0.046875,0.0583333333333333
47,829,cl31b33wl002d396cl7y99mp1,0,0.3200892857142857,0.8184523809523809,0.046875,0.0625
47,829,cl31b41i8002l396cg1a5d10o,0,0.3022321428571428,0.5949404761904762,0.046875,0.0583333333333333
47,82,cl31445hf0007396cqok6byk7,0,0.21328125,0.4336805555555555,0.0390625,0.05625
47,82,cl3144hts000b396c4ihaxgzt,0,0.1881981382978723,0.7815602836879433,0.04375,0.0541666666666666
47,82,cl3144p8j000g396ci3uqwj2m,0,0.2574776785714285,0.7589285714285714,0.0421875,0.05
47,82,cl31452bd000n396cl5uyjaty,0,0.8156599813432835,0.6437189054726369,0.0515625,0.0708333333333333
47,82,cl31459ks000r396cqrqm7umg,0,0.6395089285714286,0.190625,0.05,0.0604166666666666
47,830,cl31b33wl002d396cl7y99mp1,0,0.3225446428571428,0.8175595238095238,0.046875,0.0625
47,830,cl31b41i8002l396cg1a5d10o,0,0.3026785714285714,0.5964285714285714,0.046875,0.0583333333333333
47,831,cl31b33wl002d396cl7y99mp1,0,0.325,0.8166666666666667,0.046875,0.0625
47,831,cl31b41i8002l396cg1a5d10o,0,0.303125,0.5979166666666667,0.046875,0.0583333333333333
47,832,cl31b33wl002d396cl7y99mp1,0,0.3274553571428572,0.8157738095238095,0.046875,0.0625
47,832,cl31b41i8002l396cg1a5d10o,0,0.3035714285714285,0.5994047619047619,0.046875,0.0583333333333333
47,833,cl31b33wl002d396cl7y99mp1,0,0.3299107142857143,0.8148809523809525,0.046875,0.0625
47,833,cl31b41i8002l396cg1a5d10o,0,0.3040178571428572,0.6008928571428572,0.046875,0.0583333333333333
47,834,cl31b33wl002d396cl7y99mp1,0,0.3323660714285714,0.8139880952380952,0.046875,0.0625
47,834,cl31b41i8002l396cg1a5d10o,0,0.3044642857142857,0.6023809523809525,0.046875,0.0583333333333333
47,835,cl31b33wl002d396cl7y99mp1,0,0.3348214285714285,0.8130952380952381,0.046875,0.0625
47,835,cl31b41i8002l396cg1a5d10o,0,0.3049107142857142,0.6038690476190476,0.046875,0.0583333333333333
47,836,cl31b33wl002d396cl7y99mp1,0,0.3372767857142857,0.812202380952381,0.046875,0.0625
47,836,cl31b41i8002l396cg1a5d10o,0,0.3053571428571428,0.6053571428571428,0.046875,0.0583333333333333
47,837,cl31b33wl002d396cl7y99mp1,0,0.3397321428571428,0.8113095238095238,0.046875,0.0625
47,837,cl31b41i8002l396cg1a5d10o,0,0.3058035714285714,0.606845238095238,0.046875,0.0583333333333333
47,838,cl31b33wl002d396cl7y99mp1,0,0.3421875,0.8104166666666667,0.046875,0.0625
47,838,cl31b41i8002l396cg1a5d10o,0,0.30625,0.6083333333333333,0.046875,0.0583333333333333
47,839,cl31b33wl002d396cl7y99mp1,0,0.3438920454545454,0.8090909090909091,0.046875,0.0625
47,839,cl31b41i8002l396cg1a5d10o,0,0.3051136363636363,0.6090909090909091,0.046875,0.0583333333333333
47,83,cl31445hf0007396cqok6byk7,0,0.2122395833333333,0.4313657407407407,0.0390625,0.05625
47,83,cl3144hts000b396c4ihaxgzt,0,0.1882646276595744,0.7815898345153663,0.04375,0.0541666666666666
47,83,cl3144p8j000g396ci3uqwj2m,0,0.2579241071428572,0.7616071428571428,0.0421875,0.05
47,83,cl31452bd000n396cl5uyjaty,0,0.8157299440298507,0.6436567164179104,0.0515625,0.0708333333333333
47,83,cl31459ks000r396cqrqm7umg,0,0.6383928571428571,0.190625,0.05,0.0604166666666666
47,840,cl31b33wl002d396cl7y99mp1,0,0.3455965909090909,0.8077651515151516,0.046875,0.0625
47,840,cl31b41i8002l396cg1a5d10o,0,0.3039772727272727,0.6098484848484849,0.046875,0.0583333333333333
47,841,cl31b33wl002d396cl7y99mp1,0,0.3473011363636363,0.8064393939393939,0.046875,0.0625
47,841,cl31b41i8002l396cg1a5d10o,0,0.3028409090909091,0.6106060606060606,0.046875,0.0583333333333333
47,842,cl31b33wl002d396cl7y99mp1,0,0.3490056818181818,0.8051136363636363,0.046875,0.0625
47,842,cl31b41i8002l396cg1a5d10o,0,0.3017045454545454,0.6113636363636363,0.046875,0.0583333333333333
47,843,cl31b33wl002d396cl7y99mp1,0,0.3507102272727272,0.8037878787878788,0.046875,0.0625
47,843,cl31b41i8002l396cg1a5d10o,0,0.3005681818181818,0.6121212121212121,0.046875,0.0583333333333333
47,844,cl31b33wl002d396cl7y99mp1,0,0.3524147727272727,0.8024621212121212,0.046875,0.0625
47,844,cl31b41i8002l396cg1a5d10o,0,0.2994318181818182,0.6128787878787879,0.046875,0.0583333333333333
47,845,cl31b33wl002d396cl7y99mp1,0,0.3541193181818182,0.8011363636363636,0.046875,0.0625
47,845,cl31b41i8002l396cg1a5d10o,0,0.2982954545454545,0.6136363636363636,0.046875,0.0583333333333333
47,846,cl31b33wl002d396cl7y99mp1,0,0.3558238636363636,0.7998106060606062,0.046875,0.0625
47,846,cl31b41i8002l396cg1a5d10o,0,0.2971590909090909,0.6143939393939395,0.046875,0.0583333333333333
47,847,cl31b33wl002d396cl7y99mp1,0,0.3575284090909091,0.7984848484848485,0.046875,0.0625
47,847,cl31b41i8002l396cg1a5d10o,0,0.2960227272727272,0.6151515151515151,0.046875,0.0583333333333333
47,848,cl31b33wl002d396cl7y99mp1,0,0.3592329545454545,0.7971590909090909,0.046875,0.0625
47,848,cl31b41i8002l396cg1a5d10o,0,0.2948863636363636,0.6159090909090909,0.046875,0.0583333333333333
47,849,cl31b33wl002d396cl7y99mp1,0,0.3609375,0.7958333333333333,0.046875,0.0625
47,849,cl31b41i8002l396cg1a5d10o,0,0.29375,0.6166666666666667,0.046875,0.0583333333333333
47,84,cl31445hf0007396cqok6byk7,0,0.2111979166666666,0.429050925925926,0.0390624999999999,0.05625
47,84,cl3144hts000b396c4ihaxgzt,0,0.1883311170212766,0.7816193853427896,0.04375,0.0541666666666666
47,84,cl3144p8j000g396ci3uqwj2m,0,0.2583705357142857,0.7642857142857142,0.0421875,0.05
47,84,cl31452bd000n396cl5uyjaty,0,0.8157999067164179,0.6435945273631841,0.0515624999999999,0.0708333333333333
47,84,cl31459ks000r396cqrqm7umg,0,0.6372767857142857,0.190625,0.05,0.0604166666666666
47,850,cl31b33wl002d396cl7y99mp1,0,0.363125,0.7947222222222222,0.046875,0.0625
47,850,cl31b41i8002l396cg1a5d10o,0,0.2926041666666666,0.6170833333333333,0.046875,0.0583333333333333
47,851,cl31b33wl002d396cl7y99mp1,0,0.3653125,0.7936111111111112,0.046875,0.0625
47,851,cl31b41i8002l396cg1a5d10o,0,0.2914583333333333,0.6174999999999999,0.046875,0.0583333333333333
47,852,cl31b33wl002d396cl7y99mp1,0,0.3675,0.7925,0.046875,0.0625
47,852,cl31b41i8002l396cg1a5d10o,0,0.2903125,0.6179166666666667,0.046875,0.0583333333333333
47,853,cl31b33wl002d396cl7y99mp1,0,0.3696875,0.7913888888888889,0.046875,0.0625
47,853,cl31b41i8002l396cg1a5d10o,0,0.2891666666666667,0.6183333333333334,0.046875,0.0583333333333333
47,854,cl31b33wl002d396cl7y99mp1,0,0.371875,0.7902777777777777,0.046875,0.0625
47,854,cl31b41i8002l396cg1a5d10o,0,0.2880208333333333,0.61875,0.046875,0.0583333333333333
47,855,cl31b33wl002d396cl7y99mp1,0,0.3740625,0.7891666666666667,0.046875,0.0625
47,855,cl31b41i8002l396cg1a5d10o,0,0.286875,0.6191666666666666,0.046875,0.0583333333333333
47,856,cl31b33wl002d396cl7y99mp1,0,0.37625,0.7880555555555555,0.046875,0.0625
47,856,cl31b41i8002l396cg1a5d10o,0,0.2857291666666667,0.6195833333333333,0.046875,0.0583333333333333
47,857,cl31b33wl002d396cl7y99mp1,0,0.3784375,0.7869444444444444,0.046875,0.0625
47,857,cl31b41i8002l396cg1a5d10o,0,0.2845833333333333,0.62,0.046875,0.0583333333333333
47,858,cl31b33wl002d396cl7y99mp1,0,0.380625,0.7858333333333333,0.046875,0.0625
47,858,cl31b41i8002l396cg1a5d10o,0,0.2834375,0.6204166666666667,0.046875,0.0583333333333333
47,859,cl31b33wl002d396cl7y99mp1,0,0.3828125,0.7847222222222222,0.046875,0.0625
47,859,cl31b41i8002l396cg1a5d10o,0,0.2822916666666666,0.6208333333333333,0.046875,0.0583333333333333
47,85,cl31445hf0007396cqok6byk7,0,0.21015625,0.4267361111111111,0.0390625,0.05625
47,85,cl3144hts000b396c4ihaxgzt,0,0.1883976063829787,0.7816489361702127,0.04375,0.0541666666666666
47,85,cl3144p8j000g396ci3uqwj2m,0,0.2588169642857142,0.7669642857142858,0.0421875,0.05
47,85,cl31452bd000n396cl5uyjaty,0,0.8158698694029851,0.6435323383084577,0.0515625,0.0708333333333333
47,85,cl31459ks000r396cqrqm7umg,0,0.6361607142857143,0.190625,0.05,0.0604166666666666
47,860,cl31b33wl002d396cl7y99mp1,0,0.3849999999999999,0.7836111111111111,0.0468749999999999,0.0625
47,860,cl31b41i8002l396cg1a5d10o,0,0.2811458333333333,0.62125,0.046875,0.0583333333333333
47,861,cl31b33wl002d396cl7y99mp1,0,0.3871875,0.7825000000000001,0.046875,0.0625
47,861,cl31b41i8002l396cg1a5d10o,0,0.2799999999999999,0.6216666666666666,0.046875,0.0583333333333333
47,862,cl31b33wl002d396cl7y99mp1,0,0.3893749999999999,0.7813888888888889,0.046875,0.0625
47,862,cl31b41i8002l396cg1a5d10o,0,0.2788541666666667,0.6220833333333334,0.046875,0.0583333333333333
47,863,cl31b33wl002d396cl7y99mp1,0,0.3915625,0.7802777777777778,0.046875,0.0625
47,863,cl31b41i8002l396cg1a5d10o,0,0.2777083333333333,0.6225,0.046875,0.0583333333333333
47,864,cl31b33wl002d396cl7y99mp1,0,0.39375,0.7791666666666667,0.046875,0.0625
47,864,cl31b41i8002l396cg1a5d10o,0,0.2765625,0.6229166666666667,0.046875,0.0583333333333333
47,865,cl31b33wl002d396cl7y99mp1,0,0.3951388888888889,0.7782407407407407,0.046875,0.0625
47,865,cl31b41i8002l396cg1a5d10o,0,0.2798611111111111,0.625925925925926,0.046875,0.0583333333333333
47,866,cl31b33wl002d396cl7y99mp1,0,0.3965277777777777,0.7773148148148148,0.046875,0.0625
47,866,cl31b41i8002l396cg1a5d10o,0,0.2831597222222222,0.6289351851851852,0.046875,0.0583333333333333
47,867,cl31b33wl002d396cl7y99mp1,0,0.3979166666666667,0.7763888888888889,0.046875,0.0625
47,867,cl31b41i8002l396cg1a5d10o,0,0.2864583333333333,0.6319444444444444,0.046875,0.0583333333333333
47,868,cl31b33wl002d396cl7y99mp1,0,0.3993055555555555,0.775462962962963,0.046875,0.0625
47,868,cl31b41i8002l396cg1a5d10o,0,0.2897569444444444,0.6349537037037037,0.046875,0.0583333333333333
47,869,cl31b33wl002d396cl7y99mp1,0,0.4006944444444444,0.774537037037037,0.046875,0.0625
47,869,cl31b41i8002l396cg1a5d10o,0,0.2930555555555555,0.637962962962963,0.046875,0.0583333333333333
47,86,cl31445hf0007396cqok6byk7,0,0.2091145833333333,0.4244212962962963,0.0390625,0.05625
47,86,cl3144hts000b396c4ihaxgzt,0,0.1884640957446808,0.781678486997636,0.04375,0.0541666666666666
47,86,cl3144p8j000g396ci3uqwj2m,0,0.2592633928571428,0.7696428571428572,0.0421875,0.05
47,86,cl31452bd000n396cl5uyjaty,0,0.8159398320895523,0.6434701492537314,0.0515625,0.0708333333333333
47,86,cl31459ks000r396cqrqm7umg,0,0.6350446428571429,0.190625,0.05,0.0604166666666666
47,870,cl31b33wl002d396cl7y99mp1,0,0.4020833333333333,0.773611111111111,0.0468749999999999,0.0625
47,870,cl31b41i8002l396cg1a5d10o,0,0.2963541666666666,0.6409722222222223,0.046875,0.0583333333333333
47,871,cl31b33wl002d396cl7y99mp1,0,0.4034722222222222,0.7726851851851853,0.046875,0.0625
47,871,cl31b41i8002l396cg1a5d10o,0,0.2996527777777777,0.6439814814814814,0.046875,0.0583333333333333
47,872,cl31b33wl002d396cl7y99mp1,0,0.404861111111111,0.7717592592592593,0.0468749999999999,0.0625
47,872,cl31b41i8002l396cg1a5d10o,0,0.3029513888888889,0.6469907407407407,0.046875,0.0583333333333333
47,873,cl31b33wl002d396cl7y99mp1,0,0.40625,0.7708333333333334,0.046875,0.0625
47,873,cl31b41i8002l396cg1a5d10o,0,0.30625,0.65,0.046875,0.0583333333333333
47,874,cl31b33wl002d396cl7y99mp1,0,0.4083333333333333,0.7701388888888889,0.0468749999999999,0.0625
47,874,cl31b41i8002l396cg1a5d10o,0,0.3048958333333333,0.6515277777777778,0.046875,0.0583333333333333
47,875,cl31b33wl002d396cl7y99mp1,0,0.4104166666666667,0.7694444444444444,0.046875,0.0625
47,875,cl31b41i8002l396cg1a5d10o,0,0.3035416666666667,0.6530555555555555,0.046875,0.0583333333333333
47,876,cl31b33wl002d396cl7y99mp1,0,0.4125,0.76875,0.046875,0.0625
47,876,cl31b41i8002l396cg1a5d10o,0,0.3021875,0.6545833333333333,0.046875,0.0583333333333333
47,877,cl31b33wl002d396cl7y99mp1,0,0.4145833333333333,0.7680555555555556,0.0468749999999999,0.0625
47,877,cl31b41i8002l396cg1a5d10o,0,0.3008333333333333,0.6561111111111111,0.046875,0.0583333333333333
47,878,cl31b33wl002d396cl7y99mp1,0,0.4166666666666667,0.767361111111111,0.046875,0.0625
47,878,cl31b41i8002l396cg1a5d10o,0,0.2994791666666666,0.6576388888888889,0.046875,0.0583333333333333
47,879,cl31b33wl002d396cl7y99mp1,0,0.41875,0.7666666666666667,0.046875,0.0625
47,879,cl31b41i8002l396cg1a5d10o,0,0.298125,0.6591666666666666,0.046875,0.0583333333333333
47,87,cl31445hf0007396cqok6byk7,0,0.2080729166666666,0.4221064814814815,0.0390624999999999,0.05625
47,87,cl3144hts000b396c4ihaxgzt,0,0.188530585106383,0.781708037825059,0.04375,0.0541666666666666
47,87,cl3144p8j000g396ci3uqwj2m,0,0.2597098214285714,0.7723214285714286,0.0421875,0.05
47,87,cl31452bd000n396cl5uyjaty,0,0.8160097947761195,0.6434079601990049,0.0515625,0.0708333333333333
47,87,cl31459ks000r396cqrqm7umg,0,0.6339285714285714,0.190625,0.05,0.0604166666666666
47,880,cl31b33wl002d396cl7y99mp1,0,0.4208333333333333,0.7659722222222223,0.0468749999999999,0.0625
47,880,cl31b41i8002l396cg1a5d10o,0,0.2967708333333333,0.6606944444444445,0.046875,0.0583333333333333
47,881,cl31b33wl002d396cl7y99mp1,0,0.4229166666666667,0.7652777777777777,0.046875,0.0625
47,881,cl31b41i8002l396cg1a5d10o,0,0.2954166666666666,0.6622222222222223,0.046875,0.0583333333333333
47,882,cl31b33wl002d396cl7y99mp1,0,0.425,0.7645833333333333,0.046875,0.0625
47,882,cl31b41i8002l396cg1a5d10o,0,0.2940625,0.6637500000000001,0.046875,0.0583333333333333
47,883,cl31b33wl002d396cl7y99mp1,0,0.4270833333333333,0.763888888888889,0.046875,0.0625
47,883,cl31b41i8002l396cg1a5d10o,0,0.2927083333333333,0.6652777777777777,0.046875,0.0583333333333333
47,884,cl31b33wl002d396cl7y99mp1,0,0.4291666666666667,0.7631944444444444,0.046875,0.0625
47,884,cl31b41i8002l396cg1a5d10o,0,0.2913541666666667,0.6668055555555555,0.046875,0.0583333333333333
47,885,cl31b33wl002d396cl7y99mp1,0,0.43125,0.7625,0.046875,0.0625
47,885,cl31b41i8002l396cg1a5d10o,0,0.29,0.6683333333333333,0.046875,0.0583333333333333
47,886,cl31b33wl002d396cl7y99mp1,0,0.4333333333333333,0.7618055555555556,0.046875,0.0625
47,886,cl31b41i8002l396cg1a5d10o,0,0.2886458333333333,0.6698611111111111,0.046875,0.0583333333333333
47,887,cl31b33wl002d396cl7y99mp1,0,0.4354166666666667,0.7611111111111111,0.046875,0.0625
47,887,cl31b41i8002l396cg1a5d10o,0,0.2872916666666666,0.6713888888888888,0.046875,0.0583333333333333
47,888,cl31b33wl002d396cl7y99mp1,0,0.4375,0.7604166666666666,0.046875,0.0625
47,888,cl31b41i8002l396cg1a5d10o,0,0.2859375,0.6729166666666667,0.046875,0.0583333333333333
47,889,cl31b33wl002d396cl7y99mp1,0,0.440625,0.7572916666666667,0.046875,0.0625
47,889,cl31b41i8002l396cg1a5d10o,0,0.2828125,0.6708333333333333,0.046875,0.0583333333333333
47,88,cl31445hf0007396cqok6byk7,0,0.20703125,0.4197916666666667,0.0390625,0.05625
47,88,cl3144hts000b396c4ihaxgzt,0,0.1885970744680851,0.7817375886524823,0.04375,0.0541666666666666
47,88,cl3144p8j000g396ci3uqwj2m,0,0.26015625,0.775,0.0421875,0.05
47,88,cl31452bd000n396cl5uyjaty,0,0.8160797574626866,0.6433457711442786,0.0515625,0.0708333333333333
47,88,cl31459ks000r396cqrqm7umg,0,0.6328125,0.190625,0.05,0.0604166666666666
47,890,cl31b33wl002d396cl7y99mp1,0,0.44375,0.7541666666666667,0.046875,0.0625
47,890,cl31b41i8002l396cg1a5d10o,0,0.2796875,0.66875,0.046875,0.0583333333333333
47,890,cl31binjb0031396cc23hv73o,0,0.521875,0.015625,0.05,0.03125
47,891,cl31b33wl002d396cl7y99mp1,0,0.4459821428571429,0.7541666666666667,0.046875,0.0625
47,891,cl31b41i8002l396cg1a5d10o,0,0.2787946428571428,0.6678571428571428,0.046875,0.0583333333333333
47,891,cl31binjb0031396cc23hv73o,0,0.5222098214285714,0.016220238095238,0.05,0.0324404761904761
47,892,cl31b33wl002d396cl7y99mp1,0,0.4482142857142857,0.7541666666666667,0.046875,0.0625
47,892,cl31b41i8002l396cg1a5d10o,0,0.2779017857142857,0.6669642857142858,0.046875,0.0583333333333333
47,892,cl31binjb0031396cc23hv73o,0,0.5225446428571429,0.0168154761904761,0.05,0.0336309523809523
47,893,cl31b33wl002d396cl7y99mp1,0,0.4504464285714286,0.7541666666666667,0.046875,0.0625
47,893,cl31b41i8002l396cg1a5d10o,0,0.2770089285714285,0.6660714285714285,0.046875,0.0583333333333333
47,893,cl31binjb0031396cc23hv73o,0,0.5228794642857143,0.0174107142857142,0.05,0.0348214285714285
47,894,cl31b33wl002d396cl7y99mp1,0,0.4526785714285714,0.7541666666666667,0.046875,0.0625
47,894,cl31b41i8002l396cg1a5d10o,0,0.2761160714285714,0.6651785714285714,0.046875,0.0583333333333333
47,894,cl31binjb0031396cc23hv73o,0,0.5232142857142856,0.0180059523809523,0.05,0.0360119047619047
47,895,cl31b33wl002d396cl7y99mp1,0,0.4549107142857143,0.7541666666666667,0.046875,0.0625
47,895,cl31b41i8002l396cg1a5d10o,0,0.2752232142857143,0.6642857142857143,0.046875,0.0583333333333333
47,895,cl31binjb0031396cc23hv73o,0,0.5235491071428571,0.0186011904761904,0.05,0.0372023809523809
47,896,cl31b33wl002d396cl7y99mp1,0,0.4571428571428571,0.7541666666666667,0.046875,0.0625
47,896,cl31b41i8002l396cg1a5d10o,0,0.2743303571428571,0.6633928571428572,0.046875,0.0583333333333333
47,896,cl31binjb0031396cc23hv73o,0,0.5238839285714285,0.0191964285714285,0.05,0.0383928571428571
47,897,cl31b33wl002d396cl7y99mp1,0,0.459375,0.7541666666666667,0.046875,0.0625
47,897,cl31b41i8002l396cg1a5d10o,0,0.2734375,0.6625,0.046875,0.0583333333333333
47,897,cl31binjb0031396cc23hv73o,0,0.52421875,0.0197916666666666,0.05,0.0395833333333333
47,898,cl31b33wl002d396cl7y99mp1,0,0.4616071428571429,0.7541666666666667,0.046875,0.0625
47,898,cl31b41i8002l396cg1a5d10o,0,0.2725446428571428,0.6616071428571428,0.046875,0.0583333333333333
47,898,cl31binjb0031396cc23hv73o,0,0.5245535714285714,0.0203869047619047,0.05,0.0407738095238095
47,899,cl31b33wl002d396cl7y99mp1,0,0.4638392857142857,0.7541666666666667,0.046875,0.0625
47,899,cl31b41i8002l396cg1a5d10o,0,0.2716517857142857,0.6607142857142858,0.046875,0.0583333333333333
47,899,cl31binjb0031396cc23hv73o,0,0.5248883928571428,0.0209821428571428,0.05,0.0419642857142857
47,89,cl31445hf0007396cqok6byk7,0,0.2078125,0.4164583333333333,0.0390625,0.05625
47,89,cl3144hts000b396c4ihaxgzt,0,0.1886635638297872,0.7817671394799054,0.04375,0.0541666666666666
47,89,cl3144p8j000g396ci3uqwj2m,0,0.26140625,0.77125,0.0421875,0.05
47,89,cl31452bd000n396cl5uyjaty,0,0.8161497201492537,0.6432835820895523,0.0515625,0.0708333333333333
47,89,cl31459ks000r396cqrqm7umg,0,0.6309375,0.190625,0.05,0.0604166666666666
47,8,ckz3x1hsf001j3867igiqk5mn,0,0.2138671875,0.0328125,0.0421875,0.0552083333333333
47,8,cl3143jm20003396cuges2p86,0,0.01875,0.4135416666666666,0.0375,0.0583333333333333
47,8,cl31445hf0007396cqok6byk7,0,0.1177734375,0.50546875,0.0390625,0.05625
47,8,cl3144hts000b396c4ihaxgzt,0,0.1832779255319148,0.7793735224586289,0.04375,0.0541666666666666
47,8,cl3144p8j000g396ci3uqwj2m,0,0.2190104166666666,0.8329861111111111,0.0421874999999999,0.05
47,8,cl31452bd000n396cl5uyjaty,0,0.8041466346153847,0.6495192307692308,0.0515625,0.0708333333333333
47,8,cl31459ks000r396cqrqm7umg,0,0.7453125,0.2460069444444444,0.05,0.0604166666666666
47,8,cl3146m3g000z396ce2oi4n9l,0,0.6752232142857143,0.0351190476190476,0.0375,0.05
47,900,cl31b33wl002d396cl7y99mp1,0,0.4660714285714286,0.7541666666666667,0.046875,0.0625
47,900,cl31b41i8002l396cg1a5d10o,0,0.2707589285714286,0.6598214285714286,0.046875,0.0583333333333333
47,900,cl31binjb0031396cc23hv73o,0,0.5252232142857143,0.0215773809523809,0.05,0.0431547619047619
47,901,cl31b33wl002d396cl7y99mp1,0,0.4683035714285714,0.7541666666666667,0.046875,0.0625
47,901,cl31b41i8002l396cg1a5d10o,0,0.2698660714285714,0.6589285714285714,0.046875,0.0583333333333333
47,901,cl31binjb0031396cc23hv73o,0,0.5255580357142857,0.022172619047619,0.05,0.044345238095238
47,902,cl31b33wl002d396cl7y99mp1,0,0.4705357142857143,0.7541666666666667,0.046875,0.0625
47,902,cl31b41i8002l396cg1a5d10o,0,0.2689732142857143,0.6580357142857143,0.046875,0.0583333333333333
47,902,cl31binjb0031396cc23hv73o,0,0.5258928571428572,0.0227678571428571,0.05,0.0455357142857142
47,903,cl31b33wl002d396cl7y99mp1,0,0.4727678571428571,0.7541666666666667,0.046875,0.0625
47,903,cl31b41i8002l396cg1a5d10o,0,0.2680803571428571,0.6571428571428571,0.046875,0.0583333333333333
47,903,cl31binjb0031396cc23hv73o,0,0.5262276785714286,0.0233630952380952,0.05,0.0467261904761904
47,904,cl31b33wl002d396cl7y99mp1,0,0.475,0.7541666666666667,0.046875,0.0625
47,904,cl31b41i8002l396cg1a5d10o,0,0.2671875,0.65625,0.046875,0.0583333333333333
47,904,cl31binjb0031396cc23hv73o,0,0.5265625,0.0239583333333333,0.05,0.0479166666666666
47,905,cl31b33wl002d396cl7y99mp1,0,0.4776785714285714,0.7522321428571428,0.046875,0.0625
47,905,cl31b41i8002l396cg1a5d10o,0,0.2667410714285714,0.6571428571428571,0.046875,0.0583333333333333
47,905,cl31binjb0031396cc23hv73o,0,0.5285714285714286,0.0242559523809523,0.05,0.0485119047619047
47,906,cl31b33wl002d396cl7y99mp1,0,0.4803571428571428,0.750297619047619,0.046875,0.0625
47,906,cl31b41i8002l396cg1a5d10o,0,0.2662946428571428,0.6580357142857143,0.046875,0.0583333333333333
47,906,cl31binjb0031396cc23hv73o,0,0.5305803571428571,0.0245535714285714,0.05,0.0491071428571428
47,907,cl31b33wl002d396cl7y99mp1,0,0.4830357142857143,0.7483630952380953,0.046875,0.0625
47,907,cl31b41i8002l396cg1a5d10o,0,0.2658482142857142,0.6589285714285714,0.046875,0.0583333333333333
47,907,cl31binjb0031396cc23hv73o,0,0.5325892857142857,0.0248511904761904,0.05,0.0497023809523809
47,908,cl31b33wl002d396cl7y99mp1,0,0.4857142857142856,0.7464285714285714,0.046875,0.0625
47,908,cl31b41i8002l396cg1a5d10o,0,0.2654017857142857,0.6598214285714286,0.046875,0.0583333333333333
47,908,cl31binjb0031396cc23hv73o,0,0.5345982142857143,0.0251488095238095,0.05,0.050297619047619
47,909,cl31b33wl002d396cl7y99mp1,0,0.4883928571428571,0.7444940476190476,0.046875,0.0625
47,909,cl31b41i8002l396cg1a5d10o,0,0.2649553571428572,0.6607142857142858,0.046875,0.0583333333333333
47,909,cl31binjb0031396cc23hv73o,0,0.5366071428571428,0.0254464285714285,0.05,0.0508928571428571
47,90,cl31445hf0007396cqok6byk7,0,0.20859375,0.413125,0.0390625,0.05625
47,90,cl3144hts000b396c4ihaxgzt,0,0.1887300531914893,0.7817966903073287,0.04375,0.0541666666666666
47,90,cl3144p8j000g396ci3uqwj2m,0,0.26265625,0.7675,0.0421875,0.05
47,90,cl31452bd000n396cl5uyjaty,0,0.8162196828358208,0.643221393034826,0.0515624999999999,0.0708333333333333
47,90,cl31459ks000r396cqrqm7umg,0,0.6290625000000001,0.190625,0.05,0.0604166666666666
47,910,cl31b33wl002d396cl7y99mp1,0,0.4910714285714285,0.7425595238095238,0.046875,0.0625
47,910,cl31b41i8002l396cg1a5d10o,0,0.2645089285714285,0.6616071428571428,0.046875,0.0583333333333333
47,910,cl31binjb0031396cc23hv73o,0,0.5386160714285715,0.0257440476190476,0.05,0.0514880952380952
47,911,cl31b33wl002d396cl7y99mp1,0,0.49375,0.740625,0.046875,0.0625
47,911,cl31b41i8002l396cg1a5d10o,0,0.2640625,0.6625,0.046875,0.0583333333333333
47,911,cl31binjb0031396cc23hv73o,0,0.540625,0.0260416666666666,0.05,0.0520833333333333
47,912,cl31b33wl002d396cl7y99mp1,0,0.4964285714285714,0.7386904761904761,0.046875,0.0625
47,912,cl31b41i8002l396cg1a5d10o,0,0.2636160714285714,0.6633928571428572,0.046875,0.0583333333333333
47,912,cl31binjb0031396cc23hv73o,0,0.5426339285714286,0.0263392857142857,0.05,0.0526785714285714
47,913,cl31b33wl002d396cl7y99mp1,0,0.4991071428571428,0.7367559523809525,0.046875,0.0625
47,913,cl31b41i8002l396cg1a5d10o,0,0.2631696428571428,0.6642857142857143,0.046875,0.0583333333333333
47,913,cl31binjb0031396cc23hv73o,0,0.5446428571428571,0.0266369047619047,0.05,0.0532738095238095
47,914,cl31b33wl002d396cl7y99mp1,0,0.5017857142857143,0.7348214285714286,0.046875,0.0625
47,914,cl31b41i8002l396cg1a5d10o,0,0.2627232142857142,0.6651785714285714,0.046875,0.0583333333333333
47,914,cl31binjb0031396cc23hv73o,0,0.5466517857142856,0.0269345238095238,0.05,0.0538690476190476
47,915,cl31b33wl002d396cl7y99mp1,0,0.5044642857142857,0.7328869047619048,0.046875,0.0625
47,915,cl31b41i8002l396cg1a5d10o,0,0.2622767857142857,0.6660714285714285,0.046875,0.0583333333333333
47,915,cl31binjb0031396cc23hv73o,0,0.5486607142857143,0.0272321428571428,0.05,0.0544642857142857
47,916,cl31b33wl002d396cl7y99mp1,0,0.5071428571428571,0.7309523809523809,0.046875,0.0625
47,916,cl31b41i8002l396cg1a5d10o,0,0.2618303571428572,0.6669642857142858,0.046875,0.0583333333333333
47,916,cl31binjb0031396cc23hv73o,0,0.5506696428571429,0.0275297619047619,0.05,0.0550595238095238
47,917,cl31b33wl002d396cl7y99mp1,0,0.5098214285714285,0.7290178571428572,0.046875,0.0625
47,917,cl31b41i8002l396cg1a5d10o,0,0.2613839285714285,0.6678571428571428,0.046875,0.0583333333333333
47,917,cl31binjb0031396cc23hv73o,0,0.5526785714285715,0.0278273809523809,0.05,0.0556547619047619
47,918,cl31b33wl002d396cl7y99mp1,0,0.5125,0.7270833333333333,0.046875,0.0625
47,918,cl31b41i8002l396cg1a5d10o,0,0.2609375,0.66875,0.046875,0.0583333333333333
47,918,cl31binjb0031396cc23hv73o,0,0.5546875,0.028125,0.05,0.05625
47,919,cl31b33wl002d396cl7y99mp1,0,0.51484375,0.7270833333333333,0.046875,0.0625
47,919,cl31b41i8002l396cg1a5d10o,0,0.26,0.6708333333333333,0.046875,0.0583333333333333
47,919,cl31binjb0031396cc23hv73o,0,0.55703125,0.028125,0.05,0.05625
47,91,cl31445hf0007396cqok6byk7,0,0.209375,0.4097916666666666,0.0390625,0.05625
47,91,cl3144hts000b396c4ihaxgzt,0,0.1887965425531915,0.7818262411347517,0.04375,0.0541666666666666
47,91,cl3144p8j000g396ci3uqwj2m,0,0.26390625,0.76375,0.0421875,0.05
47,91,cl31452bd000n396cl5uyjaty,0,0.816289645522388,0.6431592039800995,0.0515624999999999,0.0708333333333333
47,91,cl31459ks000r396cqrqm7umg,0,0.6271875,0.190625,0.05,0.0604166666666666
47,920,cl31b33wl002d396cl7y99mp1,0,0.5171875,0.7270833333333333,0.046875,0.0625
47,920,cl31b41i8002l396cg1a5d10o,0,0.2590625,0.6729166666666667,0.046875,0.0583333333333333
47,920,cl31binjb0031396cc23hv73o,0,0.559375,0.028125,0.05,0.05625
47,921,cl31b33wl002d396cl7y99mp1,0,0.51953125,0.7270833333333333,0.046875,0.0625
47,921,cl31b41i8002l396cg1a5d10o,0,0.258125,0.675,0.046875,0.0583333333333333
47,921,cl31binjb0031396cc23hv73o,0,0.56171875,0.028125,0.05,0.05625
47,922,cl31b33wl002d396cl7y99mp1,0,0.521875,0.7270833333333333,0.046875,0.0625
47,922,cl31b41i8002l396cg1a5d10o,0,0.2571875,0.6770833333333334,0.046875,0.0583333333333333
47,922,cl31binjb0031396cc23hv73o,0,0.5640625,0.028125,0.05,0.05625
47,923,cl31b33wl002d396cl7y99mp1,0,0.52421875,0.7270833333333333,0.046875,0.0625
47,923,cl31b41i8002l396cg1a5d10o,0,0.25625,0.6791666666666667,0.046875,0.0583333333333333
47,923,cl31binjb0031396cc23hv73o,0,0.56640625,0.028125,0.05,0.05625
47,924,cl31b33wl002d396cl7y99mp1,0,0.5265625,0.7270833333333333,0.046875,0.0625
47,924,cl31b41i8002l396cg1a5d10o,0,0.2553125,0.68125,0.046875,0.0583333333333333
47,924,cl31binjb0031396cc23hv73o,0,0.56875,0.028125,0.05,0.05625
47,925,cl31b33wl002d396cl7y99mp1,0,0.52890625,0.7270833333333333,0.046875,0.0625
47,925,cl31b41i8002l396cg1a5d10o,0,0.254375,0.6833333333333333,0.046875,0.0583333333333333
47,925,cl31binjb0031396cc23hv73o,0,0.57109375,0.028125,0.05,0.05625
47,926,cl31b33wl002d396cl7y99mp1,0,0.53125,0.7270833333333333,0.046875,0.0625
47,926,cl31b41i8002l396cg1a5d10o,0,0.2534375,0.6854166666666667,0.046875,0.0583333333333333
47,926,cl31binjb0031396cc23hv73o,0,0.5734375,0.028125,0.05,0.05625
47,927,cl31b33wl002d396cl7y99mp1,0,0.53359375,0.7270833333333333,0.046875,0.0625
47,927,cl31b41i8002l396cg1a5d10o,0,0.2525,0.6875,0.046875,0.0583333333333333
47,927,cl31binjb0031396cc23hv73o,0,0.57578125,0.028125,0.05,0.05625
47,928,cl31b33wl002d396cl7y99mp1,0,0.5359375,0.7270833333333333,0.046875,0.0625
47,928,cl31b41i8002l396cg1a5d10o,0,0.2515625,0.6895833333333333,0.046875,0.0583333333333333
47,928,cl31binjb0031396cc23hv73o,0,0.578125,0.028125,0.05,0.05625
47,929,cl31b33wl002d396cl7y99mp1,0,0.5375,0.7270833333333333,0.046875,0.0625
47,929,cl31b41i8002l396cg1a5d10o,0,0.2493749999999999,0.6895833333333333,0.046875,0.0583333333333333
47,929,cl31binjb0031396cc23hv73o,0,0.574609375,0.028125,0.05,0.05625
47,92,cl31445hf0007396cqok6byk7,0,0.21015625,0.4064583333333333,0.0390625,0.05625
47,92,cl3144hts000b396c4ihaxgzt,0,0.1888630319148936,0.7818557919621749,0.04375,0.0541666666666666
47,92,cl3144p8j000g396ci3uqwj2m,0,0.26515625,0.76,0.0421875,0.05
47,92,cl31452bd000n396cl5uyjaty,0,0.8163596082089553,0.6430970149253732,0.0515625,0.0708333333333333
47,92,cl31459ks000r396cqrqm7umg,0,0.6253124999999999,0.190625,0.05,0.0604166666666666
47,930,cl31b33wl002d396cl7y99mp1,0,0.5390625,0.7270833333333333,0.046875,0.0625
47,930,cl31b41i8002l396cg1a5d10o,0,0.2471874999999999,0.6895833333333333,0.046875,0.0583333333333333
47,930,cl31binjb0031396cc23hv73o,0,0.57109375,0.028125,0.05,0.05625
47,931,cl31b33wl002d396cl7y99mp1,0,0.540625,0.7270833333333333,0.046875,0.0625
47,931,cl31b41i8002l396cg1a5d10o,0,0.245,0.6895833333333333,0.046875,0.0583333333333333
47,931,cl31binjb0031396cc23hv73o,0,0.567578125,0.028125,0.05,0.05625
47,932,cl31b33wl002d396cl7y99mp1,0,0.5421875,0.7270833333333333,0.046875,0.0625
47,932,cl31b41i8002l396cg1a5d10o,0,0.2428125,0.6895833333333333,0.046875,0.0583333333333333
47,932,cl31binjb0031396cc23hv73o,0,0.5640625,0.028125,0.05,0.05625
47,933,cl31b33wl002d396cl7y99mp1,0,0.54375,0.7270833333333333,0.046875,0.0625
47,933,cl31b41i8002l396cg1a5d10o,0,0.240625,0.6895833333333333,0.046875,0.0583333333333333
47,934,cl31b33wl002d396cl7y99mp1,0,0.5460069444444444,0.7280092592592593,0.046875,0.0625
47,934,cl31b41i8002l396cg1a5d10o,0,0.2397569444444444,0.6909722222222222,0.046875,0.0583333333333333
47,935,cl31b33wl002d396cl7y99mp1,0,0.5482638888888889,0.7289351851851852,0.046875,0.0625
47,935,cl31b41i8002l396cg1a5d10o,0,0.2388888888888888,0.6923611111111111,0.046875,0.0583333333333333
47,936,cl31b33wl002d396cl7y99mp1,0,0.5505208333333333,0.7298611111111111,0.046875,0.0625
47,936,cl31b41i8002l396cg1a5d10o,0,0.2380208333333333,0.69375,0.046875,0.0583333333333333
47,937,cl31b33wl002d396cl7y99mp1,0,0.5527777777777778,0.7307870370370371,0.046875,0.0625
47,937,cl31b41i8002l396cg1a5d10o,0,0.2371527777777777,0.695138888888889,0.046875,0.0583333333333333
47,938,cl31b33wl002d396cl7y99mp1,0,0.5550347222222223,0.731712962962963,0.046875,0.0625
47,938,cl31b41i8002l396cg1a5d10o,0,0.2362847222222222,0.6965277777777777,0.046875,0.0583333333333333
47,938,cl31binjb0031396cc23hv73o,0,0.5875,0.028125,0.05,0.05625
47,939,cl31b33wl002d396cl7y99mp1,0,0.5572916666666667,0.732638888888889,0.046875,0.0625
47,939,cl31b41i8002l396cg1a5d10o,0,0.2354166666666666,0.6979166666666666,0.046875,0.0583333333333333
47,939,cl31binjb0031396cc23hv73o,0,0.591015625,0.028125,0.05,0.05625
47,93,cl31445hf0007396cqok6byk7,0,0.2109375,0.403125,0.0390625,0.05625
47,93,cl3144hts000b396c4ihaxgzt,0,0.1889295212765957,0.7818853427895981,0.04375,0.0541666666666666
47,93,cl3144p8j000g396ci3uqwj2m,0,0.26640625,0.75625,0.0421875,0.05
47,93,cl31452bd000n396cl5uyjaty,0,0.8164295708955225,0.6430348258706468,0.0515625,0.0708333333333333
47,93,cl31459ks000r396cqrqm7umg,0,0.6234375,0.190625,0.05,0.0604166666666666
47,940,cl31b33wl002d396cl7y99mp1,0,0.5595486111111111,0.7335648148148147,0.046875,0.0625
47,940,cl31b41i8002l396cg1a5d10o,0,0.2345486111111111,0.6993055555555556,0.046875,0.0583333333333333
47,940,cl31binjb0031396cc23hv73o,0,0.59453125,0.028125,0.05,0.05625
47,941,cl31b33wl002d396cl7y99mp1,0,0.5618055555555556,0.7344907407407407,0.046875,0.0625
47,941,cl31b41i8002l396cg1a5d10o,0,0.2336805555555555,0.7006944444444444,0.046875,0.0583333333333333
47,941,cl31binjb0031396cc23hv73o,0,0.598046875,0.028125,0.05,0.05625
47,942,cl31b33wl002d396cl7y99mp1,0,0.5640625,0.7354166666666667,0.046875,0.0625
47,942,cl31b41i8002l396cg1a5d10o,0,0.2328125,0.7020833333333333,0.046875,0.0583333333333333
47,942,cl31binjb0031396cc23hv73o,0,0.6015625,0.028125,0.05,0.05625
47,943,cl31b33wl002d396cl7y99mp1,0,0.5661458333333333,0.7388888888888889,0.046875,0.0625
47,943,cl31b41i8002l396cg1a5d10o,0,0.2354166666666666,0.7083333333333334,0.046875,0.0583333333333333
47,943,cl31binjb0031396cc23hv73o,0,0.6083333333333333,0.028125,0.05,0.05625
47,944,cl31b33wl002d396cl7y99mp1,0,0.5682291666666667,0.742361111111111,0.046875,0.0625
47,944,cl31b41i8002l396cg1a5d10o,0,0.2380208333333333,0.7145833333333333,0.046875,0.0583333333333333
47,944,cl31binjb0031396cc23hv73o,0,0.6151041666666667,0.028125,0.05,0.05625
47,945,cl31b33wl002d396cl7y99mp1,0,0.5703125,0.7458333333333333,0.046875,0.0625
47,945,cl31b41i8002l396cg1a5d10o,0,0.240625,0.7208333333333333,0.046875,0.0583333333333333
47,945,cl31binjb0031396cc23hv73o,0,0.621875,0.028125,0.05,0.05625
47,946,cl31b33wl002d396cl7y99mp1,0,0.5728125000000001,0.7491666666666668,0.046875,0.0625
47,946,cl31b41i8002l396cg1a5d10o,0,0.2440625,0.7216666666666666,0.046875,0.0583333333333333
47,946,cl31binjb0031396cc23hv73o,0,0.6215277777777778,0.0298611111111111,0.05,0.05625
47,947,cl31b33wl002d396cl7y99mp1,0,0.5753125,0.7525,0.046875,0.0625
47,947,cl31b41i8002l396cg1a5d10o,0,0.2475,0.7225,0.046875,0.0583333333333333
47,947,cl31binjb0031396cc23hv73o,0,0.6211805555555555,0.0315972222222222,0.05,0.05625
47,948,cl31b33wl002d396cl7y99mp1,0,0.5778125000000001,0.7558333333333334,0.046875,0.0625
47,948,cl31b41i8002l396cg1a5d10o,0,0.2509375,0.7233333333333333,0.046875,0.0583333333333333
47,948,cl31binjb0031396cc23hv73o,0,0.6208333333333333,0.0333333333333333,0.05,0.05625
47,949,cl31b33wl002d396cl7y99mp1,0,0.5803125,0.7591666666666667,0.046875,0.0625
47,949,cl31b41i8002l396cg1a5d10o,0,0.254375,0.7241666666666667,0.046875,0.0583333333333333
47,949,cl31binjb0031396cc23hv73o,0,0.6204861111111111,0.0350694444444444,0.05,0.05625
47,94,cl31445hf0007396cqok6byk7,0,0.21171875,0.3997916666666666,0.0390625,0.05625
47,94,cl3144hts000b396c4ihaxgzt,0,0.1889960106382978,0.7819148936170213,0.04375,0.0541666666666666
47,94,cl3144p8j000g396ci3uqwj2m,0,0.26765625,0.7525,0.0421875,0.05
47,94,cl31452bd000n396cl5uyjaty,0,0.8164995335820896,0.6429726368159204,0.0515625,0.0708333333333333
47,94,cl31459ks000r396cqrqm7umg,0,0.6215625,0.190625,0.05,0.0604166666666666
47,950,cl31b33wl002d396cl7y99mp1,0,0.5828125,0.7625,0.046875,0.0625
47,950,cl31b41i8002l396cg1a5d10o,0,0.2578125,0.725,0.046875,0.0583333333333333
47,950,cl31binjb0031396cc23hv73o,0,0.6201388888888889,0.0368055555555555,0.05,0.05625
47,951,cl31b33wl002d396cl7y99mp1,0,0.584375,0.763301282051282,0.046875,0.0625
47,951,cl31b41i8002l396cg1a5d10o,0,0.25625,0.7274038461538461,0.046875,0.0583333333333333
47,951,cl31binjb0031396cc23hv73o,0,0.6197916666666667,0.0385416666666666,0.05,0.05625
47,952,cl31b33wl002d396cl7y99mp1,0,0.5859375,0.7641025641025642,0.046875,0.0625
47,952,cl31b41i8002l396cg1a5d10o,0,0.2546875,0.7298076923076924,0.046875,0.0583333333333333
47,952,cl31binjb0031396cc23hv73o,0,0.6194444444444445,0.0402777777777777,0.05,0.05625
47,953,cl31b33wl002d396cl7y99mp1,0,0.5875,0.7649038461538461,0.046875,0.0625
47,953,cl31b41i8002l396cg1a5d10o,0,0.253125,0.7322115384615384,0.046875,0.0583333333333333
47,953,cl31binjb0031396cc23hv73o,0,0.6190972222222222,0.0420138888888888,0.05,0.05625
47,954,cl31b33wl002d396cl7y99mp1,0,0.5890625,0.7657051282051283,0.046875,0.0625
47,954,cl31b41i8002l396cg1a5d10o,0,0.2515625,0.7346153846153847,0.046875,0.0583333333333333
47,954,cl31binjb0031396cc23hv73o,0,0.61875,0.04375,0.05,0.05625
47,955,cl31b33wl002d396cl7y99mp1,0,0.590625,0.7665064102564102,0.046875,0.0625
47,955,cl31b41i8002l396cg1a5d10o,0,0.25,0.7370192307692308,0.046875,0.0583333333333333
47,955,cl31binjb0031396cc23hv73o,0,0.6184027777777777,0.0454861111111111,0.05,0.05625
47,956,cl31b33wl002d396cl7y99mp1,0,0.5921875,0.7673076923076924,0.046875,0.0625
47,956,cl31b41i8002l396cg1a5d10o,0,0.2484375,0.7394230769230768,0.046875,0.0583333333333333
47,956,cl31binjb0031396cc23hv73o,0,0.6180555555555556,0.0472222222222222,0.05,0.05625
47,957,cl31b33wl002d396cl7y99mp1,0,0.59375,0.7681089743589743,0.046875,0.0625
47,957,cl31b41i8002l396cg1a5d10o,0,0.246875,0.7418269230769231,0.046875,0.0583333333333333
47,957,cl31binjb0031396cc23hv73o,0,0.6177083333333333,0.0489583333333333,0.05,0.05625
47,958,cl31b33wl002d396cl7y99mp1,0,0.5953125,0.7689102564102565,0.046875,0.0625
47,958,cl31b41i8002l396cg1a5d10o,0,0.2453125,0.7442307692307693,0.046875,0.0583333333333333
47,958,cl31binjb0031396cc23hv73o,0,0.617361111111111,0.0506944444444444,0.05,0.05625
47,959,cl31b33wl002d396cl7y99mp1,0,0.596875,0.7697115384615384,0.046875,0.0625
47,959,cl31b41i8002l396cg1a5d10o,0,0.24375,0.7466346153846153,0.046875,0.0583333333333333
47,959,cl31binjb0031396cc23hv73o,0,0.617013888888889,0.0524305555555555,0.05,0.05625
47,95,cl31445hf0007396cqok6byk7,0,0.2125,0.3964583333333333,0.0390625,0.05625
47,95,cl3144hts000b396c4ihaxgzt,0,0.1890625,0.7819444444444444,0.04375,0.0541666666666666
47,95,cl3144p8j000g396ci3uqwj2m,0,0.26890625,0.7487499999999999,0.0421875,0.05
47,95,cl31452bd000n396cl5uyjaty,0,0.8165694962686567,0.642910447761194,0.0515625,0.0708333333333333
47,95,cl31459ks000r396cqrqm7umg,0,0.6196875000000001,0.190625,0.05,0.0604166666666666
47,960,cl31b33wl002d396cl7y99mp1,0,0.5984375,0.7705128205128206,0.046875,0.0625
47,960,cl31b41i8002l396cg1a5d10o,0,0.2421875,0.7490384615384615,0.046875,0.0583333333333333
47,960,cl31binjb0031396cc23hv73o,0,0.6166666666666667,0.0541666666666666,0.05,0.05625
47,961,cl31b33wl002d396cl7y99mp1,0,0.6,0.7713141025641026,0.046875,0.0625
47,961,cl31b41i8002l396cg1a5d10o,0,0.240625,0.7514423076923077,0.046875,0.0583333333333333
47,961,cl31binjb0031396cc23hv73o,0,0.6163194444444444,0.0559027777777777,0.05,0.0562499999999999
47,962,cl31b33wl002d396cl7y99mp1,0,0.6015625,0.7721153846153846,0.046875,0.0625
47,962,cl31b41i8002l396cg1a5d10o,0,0.2390625,0.7538461538461539,0.046875,0.0583333333333333
47,962,cl31binjb0031396cc23hv73o,0,0.6159722222222223,0.0576388888888888,0.05,0.05625
47,963,cl31b33wl002d396cl7y99mp1,0,0.603125,0.7729166666666667,0.046875,0.0625
47,963,cl31b41i8002l396cg1a5d10o,0,0.2375,0.75625,0.046875,0.0583333333333333
47,963,cl31binjb0031396cc23hv73o,0,0.615625,0.059375,0.05,0.05625
47,964,cl31b33wl002d396cl7y99mp1,0,0.6060546875,0.7721354166666666,0.046875,0.0625
47,964,cl31b41i8002l396cg1a5d10o,0,0.236328125,0.75625,0.046875,0.0583333333333333
47,964,cl31binjb0031396cc23hv73o,0,0.61328125,0.0565104166666666,0.05,0.05625
47,965,cl31b33wl002d396cl7y99mp1,0,0.608984375,0.7713541666666667,0.046875,0.0625
47,965,cl31b41i8002l396cg1a5d10o,0,0.23515625,0.75625,0.046875,0.0583333333333333
47,965,cl31binjb0031396cc23hv73o,0,0.6109375,0.0536458333333333,0.05,0.05625
47,966,cl31b33wl002d396cl7y99mp1,0,0.6119140625,0.7705729166666667,0.046875,0.0625
47,966,cl31b41i8002l396cg1a5d10o,0,0.233984375,0.75625,0.046875,0.0583333333333333
47,966,cl31binjb0031396cc23hv73o,0,0.60859375,0.05078125,0.05,0.05625
47,967,cl31b33wl002d396cl7y99mp1,0,0.61484375,0.7697916666666667,0.046875,0.0625
47,967,cl31b41i8002l396cg1a5d10o,0,0.2328125,0.75625,0.046875,0.0583333333333333
47,967,cl31binjb0031396cc23hv73o,0,0.60625,0.0479166666666666,0.05,0.05625
47,968,cl31b33wl002d396cl7y99mp1,0,0.6177734375,0.7690104166666667,0.046875,0.0625
47,968,cl31b41i8002l396cg1a5d10o,0,0.231640625,0.75625,0.046875,0.0583333333333333
47,968,cl31binjb0031396cc23hv73o,0,0.60390625,0.0450520833333333,0.05,0.05625
47,969,cl31b33wl002d396cl7y99mp1,0,0.620703125,0.7682291666666666,0.046875,0.0625
47,969,cl31b41i8002l396cg1a5d10o,0,0.23046875,0.75625,0.046875,0.0583333333333333
47,969,cl31binjb0031396cc23hv73o,0,0.6015625,0.0421875,0.05,0.05625
47,96,cl31445hf0007396cqok6byk7,0,0.21328125,0.393125,0.0390625,0.05625
47,96,cl3144hts000b396c4ihaxgzt,0,0.1891289893617021,0.7819739952718676,0.04375,0.0541666666666666
47,96,cl3144p8j000g396ci3uqwj2m,0,0.27015625,0.745,0.0421875,0.05
47,96,cl31452bd000n396cl5uyjaty,0,0.8166394589552238,0.6428482587064676,0.0515625,0.0708333333333333
47,96,cl31459ks000r396cqrqm7umg,0,0.6178125,0.190625,0.05,0.0604166666666666
47,970,cl31b33wl002d396cl7y99mp1,0,0.6236328125,0.7674479166666667,0.046875,0.0625
47,970,cl31b41i8002l396cg1a5d10o,0,0.229296875,0.75625,0.046875,0.0583333333333333
47,970,cl31binjb0031396cc23hv73o,0,0.59921875,0.0393229166666666,0.05,0.05625
47,971,cl31b33wl002d396cl7y99mp1,0,0.6265625,0.7666666666666667,0.046875,0.0625
47,971,cl31b41i8002l396cg1a5d10o,0,0.228125,0.75625,0.046875,0.0583333333333333
47,971,cl31binjb0031396cc23hv73o,0,0.596875,0.0364583333333333,0.05,0.05625
47,972,cl31b33wl002d396cl7y99mp1,0,0.6287499999999999,0.7666666666666667,0.046875,0.0625
47,972,cl31b41i8002l396cg1a5d10o,0,0.2271875,0.7554166666666667,0.046875,0.0583333333333333
47,972,cl31binjb0031396cc23hv73o,0,0.5951562499999999,0.0391666666666666,0.05,0.0562499999999999
47,973,cl31b33wl002d396cl7y99mp1,0,0.6309375,0.7666666666666667,0.046875,0.0625
47,973,cl31b41i8002l396cg1a5d10o,0,0.22625,0.7545833333333333,0.046875,0.0583333333333333
47,973,cl31binjb0031396cc23hv73o,0,0.5934375000000001,0.041875,0.05,0.05625
47,974,cl31b33wl002d396cl7y99mp1,0,0.6331249999999999,0.7666666666666667,0.046875,0.0625
47,974,cl31b41i8002l396cg1a5d10o,0,0.2253124999999999,0.75375,0.046875,0.0583333333333333
47,974,cl31binjb0031396cc23hv73o,0,0.59171875,0.0445833333333333,0.05,0.05625
47,975,cl31b33wl002d396cl7y99mp1,0,0.6353125000000001,0.7666666666666667,0.046875,0.0625
47,975,cl31b41i8002l396cg1a5d10o,0,0.224375,0.7529166666666666,0.046875,0.0583333333333333
47,975,cl31binjb0031396cc23hv73o,0,0.5900000000000001,0.0472916666666666,0.05,0.05625
47,976,cl31b33wl002d396cl7y99mp1,0,0.6375,0.7666666666666667,0.046875,0.0625
47,976,cl31b41i8002l396cg1a5d10o,0,0.2234375,0.7520833333333333,0.046875,0.0583333333333333
47,976,cl31binjb0031396cc23hv73o,0,0.58828125,0.05,0.05,0.05625
47,977,cl31b33wl002d396cl7y99mp1,0,0.6396875,0.7666666666666667,0.046875,0.0625
47,977,cl31b41i8002l396cg1a5d10o,0,0.2225,0.7512500000000001,0.046875,0.0583333333333333
47,977,cl31binjb0031396cc23hv73o,0,0.5865625,0.0527083333333333,0.05,0.0562499999999999
47,978,cl31b33wl002d396cl7y99mp1,0,0.641875,0.7666666666666667,0.046875,0.0625
47,978,cl31b41i8002l396cg1a5d10o,0,0.2215625,0.7504166666666666,0.046875,0.0583333333333333
47,978,cl31binjb0031396cc23hv73o,0,0.58484375,0.0554166666666666,0.05,0.05625
47,979,cl31b33wl002d396cl7y99mp1,0,0.6440625,0.7666666666666667,0.046875,0.0625
47,979,cl31b41i8002l396cg1a5d10o,0,0.220625,0.7495833333333334,0.0468749999999999,0.0583333333333333
47,979,cl31binjb0031396cc23hv73o,0,0.583125,0.0581249999999999,0.05,0.05625
47,97,cl31445hf0007396cqok6byk7,0,0.2140625,0.3897916666666666,0.0390625,0.05625
47,97,cl3144hts000b396c4ihaxgzt,0,0.1891954787234042,0.7820035460992908,0.04375,0.0541666666666666
47,97,cl3144p8j000g396ci3uqwj2m,0,0.2714062499999999,0.7412500000000001,0.0421875,0.05
47,97,cl31452bd000n396cl5uyjaty,0,0.816709421641791,0.6427860696517413,0.0515624999999999,0.0708333333333333
47,97,cl31459ks000r396cqrqm7umg,0,0.6159375,0.190625,0.05,0.0604166666666666
47,980,cl31b33wl002d396cl7y99mp1,0,0.64625,0.7666666666666667,0.046875,0.0625
47,980,cl31b41i8002l396cg1a5d10o,0,0.2196874999999999,0.7487499999999999,0.046875,0.0583333333333333
47,980,cl31binjb0031396cc23hv73o,0,0.58140625,0.0608333333333333,0.05,0.05625
47,981,cl31b33wl002d396cl7y99mp1,0,0.6484375,0.7666666666666667,0.046875,0.0625
47,981,cl31b41i8002l396cg1a5d10o,0,0.21875,0.7479166666666667,0.046875,0.0583333333333333
47,981,cl31binjb0031396cc23hv73o,0,0.5796875,0.0635416666666666,0.05,0.05625
47,982,cl31b33wl002d396cl7y99mp1,0,0.6513671875,0.7684895833333333,0.046875,0.0625
47,982,cl31b41i8002l396cg1a5d10o,0,0.218359375,0.7463541666666667,0.046875,0.0583333333333333
47,982,cl31binjb0031396cc23hv73o,0,0.5810546875,0.0674479166666666,0.05,0.05625
47,983,cl31b33wl002d396cl7y99mp1,0,0.654296875,0.7703125,0.046875,0.0625
47,983,cl31b41i8002l396cg1a5d10o,0,0.21796875,0.7447916666666666,0.046875,0.0583333333333333
47,983,cl31binjb0031396cc23hv73o,0,0.582421875,0.0713541666666666,0.05,0.05625
47,984,cl31b33wl002d396cl7y99mp1,0,0.6572265625,0.7721354166666666,0.046875,0.0625
47,984,cl31b41i8002l396cg1a5d10o,0,0.217578125,0.7432291666666667,0.046875,0.0583333333333333
47,984,cl31binjb0031396cc23hv73o,0,0.5837890625,0.0752604166666666,0.05,0.05625
47,985,cl31b33wl002d396cl7y99mp1,0,0.66015625,0.7739583333333333,0.046875,0.0625
47,985,cl31b41i8002l396cg1a5d10o,0,0.2171875,0.7416666666666667,0.046875,0.0583333333333333
47,985,cl31binjb0031396cc23hv73o,0,0.58515625,0.0791666666666666,0.05,0.05625
47,986,cl31b33wl002d396cl7y99mp1,0,0.6630859375,0.77578125,0.046875,0.0625
47,986,cl31b41i8002l396cg1a5d10o,0,0.216796875,0.7401041666666667,0.046875,0.0583333333333333
47,986,cl31binjb0031396cc23hv73o,0,0.5865234375,0.0830729166666666,0.05,0.05625
47,987,cl31b33wl002d396cl7y99mp1,0,0.666015625,0.7776041666666667,0.046875,0.0625
47,987,cl31b41i8002l396cg1a5d10o,0,0.21640625,0.7385416666666667,0.046875,0.0583333333333333
47,987,cl31binjb0031396cc23hv73o,0,0.587890625,0.0869791666666666,0.05,0.05625
47,988,cl31b33wl002d396cl7y99mp1,0,0.6689453125,0.7794270833333333,0.046875,0.0625
47,988,cl31b41i8002l396cg1a5d10o,0,0.216015625,0.7369791666666666,0.046875,0.0583333333333333
47,988,cl31binjb0031396cc23hv73o,0,0.5892578125,0.0908854166666666,0.05,0.05625
47,989,cl31b33wl002d396cl7y99mp1,0,0.671875,0.78125,0.046875,0.0625
47,989,cl31b41i8002l396cg1a5d10o,0,0.215625,0.7354166666666667,0.046875,0.0583333333333333
47,989,cl31binjb0031396cc23hv73o,0,0.590625,0.0947916666666666,0.05,0.05625
47,98,cl31445hf0007396cqok6byk7,0,0.21484375,0.3864583333333333,0.0390625,0.05625
47,98,cl3144hts000b396c4ihaxgzt,0,0.1892619680851063,0.782033096926714,0.04375,0.0541666666666666
47,98,cl3144p8j000g396ci3uqwj2m,0,0.27265625,0.7375,0.0421875,0.05
47,98,cl31452bd000n396cl5uyjaty,0,0.8167793843283582,0.6427238805970149,0.0515624999999999,0.0708333333333333
47,98,cl31459ks000r396cqrqm7umg,0,0.6140625,0.190625,0.05,0.0604166666666666
47,990,cl31b33wl002d396cl7y99mp1,0,0.67421875,0.7821180555555556,0.046875,0.0625
47,990,cl31b41i8002l396cg1a5d10o,0,0.2143229166666666,0.7340277777777777,0.0468749999999999,0.0583333333333333
47,990,cl31binjb0031396cc23hv73o,0,0.5891927083333333,0.0970486111111111,0.05,0.05625
47,991,cl31b33wl002d396cl7y99mp1,0,0.6765625,0.782986111111111,0.046875,0.0625
47,991,cl31b41i8002l396cg1a5d10o,0,0.2130208333333333,0.732638888888889,0.046875,0.0583333333333333
47,991,cl31binjb0031396cc23hv73o,0,0.5877604166666667,0.0993055555555555,0.05,0.05625
47,992,cl31b33wl002d396cl7y99mp1,0,0.67890625,0.7838541666666666,0.046875,0.0625
47,992,cl31b41i8002l396cg1a5d10o,0,0.21171875,0.73125,0.046875,0.0583333333333333
47,992,cl31binjb0031396cc23hv73o,0,0.586328125,0.1015625,0.05,0.05625
47,993,cl31b33wl002d396cl7y99mp1,0,0.68125,0.7847222222222222,0.046875,0.0625
47,993,cl31b41i8002l396cg1a5d10o,0,0.2104166666666666,0.7298611111111111,0.0468749999999999,0.0583333333333333
47,993,cl31binjb0031396cc23hv73o,0,0.5848958333333333,0.1038194444444444,0.05,0.05625
47,994,cl31b33wl002d396cl7y99mp1,0,0.68359375,0.7855902777777778,0.046875,0.0625
47,994,cl31b41i8002l396cg1a5d10o,0,0.2091145833333333,0.7284722222222223,0.046875,0.0583333333333333
47,994,cl31binjb0031396cc23hv73o,0,0.5834635416666667,0.1060763888888889,0.05,0.05625
47,995,cl31b33wl002d396cl7y99mp1,0,0.6859375,0.7864583333333334,0.046875,0.0625
47,995,cl31b41i8002l396cg1a5d10o,0,0.2078125,0.7270833333333333,0.046875,0.0583333333333333
47,995,cl31binjb0031396cc23hv73o,0,0.58203125,0.1083333333333333,0.05,0.05625
47,996,cl31b33wl002d396cl7y99mp1,0,0.68828125,0.787326388888889,0.046875,0.0625
47,996,cl31b41i8002l396cg1a5d10o,0,0.2065104166666666,0.7256944444444444,0.0468749999999999,0.0583333333333333
47,996,cl31binjb0031396cc23hv73o,0,0.5805989583333333,0.1105902777777777,0.05,0.0562499999999999
47,997,cl31b33wl002d396cl7y99mp1,0,0.690625,0.7881944444444444,0.046875,0.0625
47,997,cl31b41i8002l396cg1a5d10o,0,0.2052083333333333,0.7243055555555556,0.046875,0.0583333333333333
47,997,cl31binjb0031396cc23hv73o,0,0.5791666666666667,0.1128472222222222,0.05,0.05625
47,998,cl31b33wl002d396cl7y99mp1,0,0.69296875,0.7890625,0.046875,0.0625
47,998,cl31b41i8002l396cg1a5d10o,0,0.20390625,0.7229166666666667,0.046875,0.0583333333333333
47,998,cl31binjb0031396cc23hv73o,0,0.577734375,0.1151041666666666,0.05,0.05625
47,999,cl31b33wl002d396cl7y99mp1,0,0.6953125,0.7899305555555556,0.046875,0.0625
47,999,cl31b41i8002l396cg1a5d10o,0,0.2026041666666666,0.7215277777777778,0.0468749999999999,0.0583333333333333
47,999,cl31binjb0031396cc23hv73o,0,0.5763020833333333,0.1173611111111111,0.05,0.0562499999999999
47,99,cl31445hf0007396cqok6byk7,0,0.2147135416666666,0.3850694444444444,0.0390624999999999,0.05625
47,99,cl3144hts000b396c4ihaxgzt,0,0.1893284574468085,0.782062647754137,0.04375,0.0541666666666666
47,99,cl3144p8j000g396ci3uqwj2m,0,0.2755208333333333,0.7381944444444444,0.0421875,0.05
47,99,cl31452bd000n396cl5uyjaty,0,0.8168493470149254,0.6426616915422886,0.0515625,0.0708333333333333
47,99,cl31459ks000r396cqrqm7umg,0,0.6126302083333333,0.190625,0.05,0.0604166666666666
47,9,ckz3x1hsf001j3867igiqk5mn,0,0.215625,0.03125,0.0421875,0.0541666666666666
47,9,cl3143jm20003396cuges2p86,0,0.01875,0.41875,0.0375,0.0583333333333333
47,9,cl31445hf0007396cqok6byk7,0,0.11875,0.5083333333333333,0.0390625,0.05625
47,9,cl3144hts000b396c4ihaxgzt,0,0.183344414893617,0.779403073286052,0.04375,0.0541666666666666
47,9,cl3144p8j000g396ci3uqwj2m,0,0.2200520833333333,0.8347222222222223,0.0421875,0.05
47,9,cl31452bd000n396cl5uyjaty,0,0.8042267628205128,0.6493589743589744,0.0515624999999999,0.0708333333333333
47,9,cl31459ks000r396cqrqm7umg,0,0.74375,0.2440972222222222,0.05,0.0604166666666666
47,9,cl3146m3g000z396ce2oi4n9l,0,0.6747767857142857,0.037797619047619,0.0375,0.05
