user_id,timestamp,trajectory_id,ftid,x,y,w,h
29,0,ckz3w0j4d00133867psu0dku8,0,0.6125,0.1875,0.040625,0.0458333333333333
29,0,cl1xj98o800033f6bbzcyndpi,0,0.1828125,0.08125,0.025,0.0375
29,0,cl1xj9dfe00073f6bo87qdh30,0,0.42109375,0.3802083333333333,0.0328125,0.0354166666666666
29,0,cl1xj9ksa000b3f6bvr1hgnfn,0,0.78515625,0.5458333333333333,0.0359375,0.0375
29,1000,cl1xjb311000g3f6b7y8tt576,0,0.08125,0.5822916666666667,0.03125,0.04375
29,1000,cl1xjb8ci000k3f6bjjkf3trc,0,0.92734375,0.3083333333333333,0.0359375,0.0375
29,1001,cl1xjb311000g3f6b7y8tt576,0,0.08125,0.5822916666666667,0.03125,0.04375
29,1001,cl1xjb8ci000k3f6bjjkf3trc,0,0.92734375,0.3083333333333333,0.0359375,0.0375
29,1002,cl1xjb311000g3f6b7y8tt576,0,0.08125,0.5822916666666667,0.03125,0.04375
29,1002,cl1xjb8ci000k3f6bjjkf3trc,0,0.92734375,0.3083333333333333,0.0359375,0.0375
29,1003,cl1xjb311000g3f6b7y8tt576,0,0.08125,0.5822916666666667,0.03125,0.04375
29,1003,cl1xjb8ci000k3f6bjjkf3trc,0,0.92734375,0.3083333333333333,0.0359375,0.0375
29,1004,cl1xjb311000g3f6b7y8tt576,0,0.08125,0.5822916666666667,0.03125,0.04375
29,1004,cl1xjb8ci000k3f6bjjkf3trc,0,0.92734375,0.3083333333333333,0.0359375,0.0375
29,1005,cl1xjb311000g3f6b7y8tt576,0,0.08125,0.5822916666666667,0.03125,0.04375
29,1005,cl1xjb8ci000k3f6bjjkf3trc,0,0.92734375,0.3083333333333333,0.0359375,0.0375
29,1006,cl1xjb311000g3f6b7y8tt576,0,0.08125,0.5822916666666667,0.03125,0.04375
29,1006,cl1xjb8ci000k3f6bjjkf3trc,0,0.92734375,0.3083333333333333,0.0359375,0.0375
29,1007,cl1xjb311000g3f6b7y8tt576,0,0.08125,0.5822916666666667,0.03125,0.04375
29,1007,cl1xjb8ci000k3f6bjjkf3trc,0,0.92734375,0.3083333333333333,0.0359375,0.0375
29,1008,cl1xjb311000g3f6b7y8tt576,0,0.08125,0.5822916666666667,0.03125,0.04375
29,1008,cl1xjb8ci000k3f6bjjkf3trc,0,0.92734375,0.3083333333333333,0.0359375,0.0375
29,1009,cl1xjb311000g3f6b7y8tt576,0,0.08125,0.5822916666666667,0.03125,0.04375
29,1009,cl1xjb8ci000k3f6bjjkf3trc,0,0.92734375,0.3083333333333333,0.0359375,0.0375
29,100,ckz3w0j4d00133867psu0dku8,0,0.6125,0.1875,0.040625,0.0458333333333333
29,100,cl1xj98o800033f6bbzcyndpi,0,0.1828125,0.08125,0.025,0.0375
29,100,cl1xj9dfe00073f6bo87qdh30,0,0.42109375,0.3802083333333333,0.0328125,0.0354166666666666
29,100,cl1xj9ksa000b3f6bvr1hgnfn,0,0.78515625,0.5458333333333333,0.0359375,0.0375
29,1010,cl1xjb311000g3f6b7y8tt576,0,0.08125,0.5822916666666667,0.03125,0.04375
29,1010,cl1xjb8ci000k3f6bjjkf3trc,0,0.92734375,0.3083333333333333,0.0359375,0.0375
29,1011,cl1xjb311000g3f6b7y8tt576,0,0.08125,0.5822916666666667,0.03125,0.04375
29,1011,cl1xjb8ci000k3f6bjjkf3trc,0,0.92734375,0.3083333333333333,0.0359375,0.0375
29,1012,cl1xjb311000g3f6b7y8tt576,0,0.08125,0.5822916666666667,0.03125,0.04375
29,1012,cl1xjb8ci000k3f6bjjkf3trc,0,0.92734375,0.3083333333333333,0.0359375,0.0375
29,1013,cl1xjb311000g3f6b7y8tt576,0,0.08125,0.5822916666666667,0.03125,0.04375
29,1013,cl1xjb8ci000k3f6bjjkf3trc,0,0.92734375,0.3083333333333333,0.0359375,0.0375
29,1014,cl1xjb311000g3f6b7y8tt576,0,0.08125,0.5822916666666667,0.03125,0.04375
29,1014,cl1xjb8ci000k3f6bjjkf3trc,0,0.92734375,0.3083333333333333,0.0359375,0.0375
29,1015,cl1xjb311000g3f6b7y8tt576,0,0.08125,0.5822916666666667,0.03125,0.04375
29,1015,cl1xjb8ci000k3f6bjjkf3trc,0,0.92734375,0.3083333333333333,0.0359375,0.0375
29,1016,cl1xjb311000g3f6b7y8tt576,0,0.08125,0.5822916666666667,0.03125,0.04375
29,1016,cl1xjb8ci000k3f6bjjkf3trc,0,0.92734375,0.3083333333333333,0.0359375,0.0375
29,1017,cl1xjb311000g3f6b7y8tt576,0,0.08125,0.5822916666666667,0.03125,0.04375
29,1017,cl1xjb8ci000k3f6bjjkf3trc,0,0.92734375,0.3083333333333333,0.0359375,0.0375
29,1018,cl1xjb311000g3f6b7y8tt576,0,0.08125,0.5822916666666667,0.03125,0.04375
29,1018,cl1xjb8ci000k3f6bjjkf3trc,0,0.92734375,0.3083333333333333,0.0359375,0.0375
29,1019,cl1xjb311000g3f6b7y8tt576,0,0.08125,0.5822916666666667,0.03125,0.04375
29,1019,cl1xjb8ci000k3f6bjjkf3trc,0,0.92734375,0.3083333333333333,0.0359375,0.0375
29,101,ckz3w0j4d00133867psu0dku8,0,0.6125,0.1875,0.040625,0.0458333333333333
29,101,cl1xj98o800033f6bbzcyndpi,0,0.1828125,0.08125,0.025,0.0375
29,101,cl1xj9dfe00073f6bo87qdh30,0,0.42109375,0.3802083333333333,0.0328125,0.0354166666666666
29,101,cl1xj9ksa000b3f6bvr1hgnfn,0,0.78515625,0.5458333333333333,0.0359375,0.0375
29,1020,cl1xjb311000g3f6b7y8tt576,0,0.08125,0.5822916666666667,0.03125,0.04375
29,1020,cl1xjb8ci000k3f6bjjkf3trc,0,0.92734375,0.3083333333333333,0.0359375,0.0375
29,1021,cl1xjb311000g3f6b7y8tt576,0,0.08125,0.5822916666666667,0.03125,0.04375
29,1021,cl1xjb8ci000k3f6bjjkf3trc,0,0.92734375,0.3083333333333333,0.0359375,0.0375
29,1022,cl1xjb311000g3f6b7y8tt576,0,0.08125,0.5822916666666667,0.03125,0.04375
29,1022,cl1xjb8ci000k3f6bjjkf3trc,0,0.92734375,0.3083333333333333,0.0359375,0.0375
29,1023,cl1xjb311000g3f6b7y8tt576,0,0.08125,0.5822916666666667,0.03125,0.04375
29,1023,cl1xjb8ci000k3f6bjjkf3trc,0,0.92734375,0.3083333333333333,0.0359375,0.0375
29,1024,cl1xjb311000g3f6b7y8tt576,0,0.08125,0.5822916666666667,0.03125,0.04375
29,1024,cl1xjb8ci000k3f6bjjkf3trc,0,0.92734375,0.3083333333333333,0.0359375,0.0375
29,1025,cl1xjb311000g3f6b7y8tt576,0,0.08125,0.5822916666666667,0.03125,0.04375
29,1025,cl1xjb8ci000k3f6bjjkf3trc,0,0.92734375,0.3083333333333333,0.0359375,0.0375
29,1026,cl1xjb311000g3f6b7y8tt576,0,0.08125,0.5822916666666667,0.03125,0.04375
29,1026,cl1xjb8ci000k3f6bjjkf3trc,0,0.92734375,0.3083333333333333,0.0359375,0.0375
29,1027,cl1xjb311000g3f6b7y8tt576,0,0.08125,0.5822916666666667,0.03125,0.04375
29,1027,cl1xjb8ci000k3f6bjjkf3trc,0,0.92734375,0.3083333333333333,0.0359375,0.0375
29,1028,cl1xjb311000g3f6b7y8tt576,0,0.08125,0.5822916666666667,0.03125,0.04375
29,1028,cl1xjb8ci000k3f6bjjkf3trc,0,0.92734375,0.3083333333333333,0.0359375,0.0375
29,1029,cl1xjb311000g3f6b7y8tt576,0,0.08125,0.5822916666666667,0.03125,0.04375
29,1029,cl1xjb8ci000k3f6bjjkf3trc,0,0.92734375,0.3083333333333333,0.0359375,0.0375
29,102,ckz3w0j4d00133867psu0dku8,0,0.6125,0.1875,0.040625,0.0458333333333333
29,102,cl1xj98o800033f6bbzcyndpi,0,0.1828125,0.08125,0.025,0.0375
29,102,cl1xj9dfe00073f6bo87qdh30,0,0.42109375,0.3802083333333333,0.0328125,0.0354166666666666
29,102,cl1xj9ksa000b3f6bvr1hgnfn,0,0.78515625,0.5458333333333333,0.0359375,0.0375
29,1030,cl1xjb311000g3f6b7y8tt576,0,0.08125,0.5822916666666667,0.03125,0.04375
29,1030,cl1xjb8ci000k3f6bjjkf3trc,0,0.92734375,0.3083333333333333,0.0359375,0.0375
29,1031,cl1xjb311000g3f6b7y8tt576,0,0.08125,0.5822916666666667,0.03125,0.04375
29,1031,cl1xjb8ci000k3f6bjjkf3trc,0,0.92734375,0.3083333333333333,0.0359375,0.0375
29,1032,cl1xjb311000g3f6b7y8tt576,0,0.08125,0.5822916666666667,0.03125,0.04375
29,1032,cl1xjb8ci000k3f6bjjkf3trc,0,0.92734375,0.3083333333333333,0.0359375,0.0375
29,1033,cl1xjb311000g3f6b7y8tt576,0,0.08125,0.5822916666666667,0.03125,0.04375
29,1033,cl1xjb8ci000k3f6bjjkf3trc,0,0.92734375,0.3083333333333333,0.0359375,0.0375
29,1034,cl1xjb311000g3f6b7y8tt576,0,0.08125,0.5822916666666667,0.03125,0.04375
29,1034,cl1xjb8ci000k3f6bjjkf3trc,0,0.92734375,0.3083333333333333,0.0359375,0.0375
29,1035,cl1xjb311000g3f6b7y8tt576,0,0.08125,0.5822916666666667,0.03125,0.04375
29,1035,cl1xjb8ci000k3f6bjjkf3trc,0,0.92734375,0.3083333333333333,0.0359375,0.0375
29,1036,cl1xjb311000g3f6b7y8tt576,0,0.08125,0.5822916666666667,0.03125,0.04375
29,1036,cl1xjb8ci000k3f6bjjkf3trc,0,0.92734375,0.3083333333333333,0.0359375,0.0375
29,1037,cl1xjb311000g3f6b7y8tt576,0,0.08125,0.5822916666666667,0.03125,0.04375
29,1037,cl1xjb8ci000k3f6bjjkf3trc,0,0.92734375,0.3083333333333333,0.0359375,0.0375
29,1038,cl1xjb311000g3f6b7y8tt576,0,0.08125,0.5822916666666667,0.03125,0.04375
29,1038,cl1xjb8ci000k3f6bjjkf3trc,0,0.92734375,0.3083333333333333,0.0359375,0.0375
29,1039,cl1xjb311000g3f6b7y8tt576,0,0.08125,0.5822916666666667,0.03125,0.04375
29,1039,cl1xjb8ci000k3f6bjjkf3trc,0,0.92734375,0.3083333333333333,0.0359375,0.0375
29,103,ckz3w0j4d00133867psu0dku8,0,0.6125,0.1875,0.040625,0.0458333333333333
29,103,cl1xj98o800033f6bbzcyndpi,0,0.1828125,0.08125,0.025,0.0375
29,103,cl1xj9dfe00073f6bo87qdh30,0,0.42109375,0.3802083333333333,0.0328125,0.0354166666666666
29,103,cl1xj9ksa000b3f6bvr1hgnfn,0,0.78515625,0.5458333333333333,0.0359375,0.0375
29,1040,cl1xjb311000g3f6b7y8tt576,0,0.08125,0.5822916666666667,0.03125,0.04375
29,1040,cl1xjb8ci000k3f6bjjkf3trc,0,0.92734375,0.3083333333333333,0.0359375,0.0375
29,1041,cl1xjb311000g3f6b7y8tt576,0,0.08125,0.5822916666666667,0.03125,0.04375
29,1041,cl1xjb8ci000k3f6bjjkf3trc,0,0.92734375,0.3083333333333333,0.0359375,0.0375
29,1042,cl1xjb311000g3f6b7y8tt576,0,0.08125,0.5822916666666667,0.03125,0.04375
29,1042,cl1xjb8ci000k3f6bjjkf3trc,0,0.92734375,0.3083333333333333,0.0359375,0.0375
29,1043,cl1xjb311000g3f6b7y8tt576,0,0.08125,0.5822916666666667,0.03125,0.04375
29,1043,cl1xjb8ci000k3f6bjjkf3trc,0,0.92734375,0.3083333333333333,0.0359375,0.0375
29,1044,cl1xjb311000g3f6b7y8tt576,0,0.08125,0.5822916666666667,0.03125,0.04375
29,1044,cl1xjb8ci000k3f6bjjkf3trc,0,0.92734375,0.3083333333333333,0.0359375,0.0375
29,1045,cl1xjb311000g3f6b7y8tt576,0,0.08125,0.5822916666666667,0.03125,0.04375
29,1045,cl1xjb8ci000k3f6bjjkf3trc,0,0.92734375,0.3083333333333333,0.0359375,0.0375
29,1046,cl1xjb311000g3f6b7y8tt576,0,0.08125,0.5822916666666667,0.03125,0.04375
29,1046,cl1xjb8ci000k3f6bjjkf3trc,0,0.92734375,0.3083333333333333,0.0359375,0.0375
29,1047,cl1xjb311000g3f6b7y8tt576,0,0.08125,0.5822916666666667,0.03125,0.04375
29,1047,cl1xjb8ci000k3f6bjjkf3trc,0,0.92734375,0.3083333333333333,0.0359375,0.0375
29,1048,cl1xjb311000g3f6b7y8tt576,0,0.08125,0.5822916666666667,0.03125,0.04375
29,1048,cl1xjb8ci000k3f6bjjkf3trc,0,0.92734375,0.3083333333333333,0.0359375,0.0375
29,1049,cl1xjb311000g3f6b7y8tt576,0,0.08125,0.5822916666666667,0.03125,0.04375
29,1049,cl1xjb8ci000k3f6bjjkf3trc,0,0.92734375,0.3083333333333333,0.0359375,0.0375
29,104,ckz3w0j4d00133867psu0dku8,0,0.6125,0.1875,0.040625,0.0458333333333333
29,104,cl1xj98o800033f6bbzcyndpi,0,0.1828125,0.08125,0.025,0.0375
29,104,cl1xj9dfe00073f6bo87qdh30,0,0.42109375,0.3802083333333333,0.0328125,0.0354166666666666
29,104,cl1xj9ksa000b3f6bvr1hgnfn,0,0.78515625,0.5458333333333333,0.0359375,0.0375
29,1050,cl1xjb311000g3f6b7y8tt576,0,0.08125,0.5822916666666667,0.03125,0.04375
29,1050,cl1xjb8ci000k3f6bjjkf3trc,0,0.92734375,0.3083333333333333,0.0359375,0.0375
29,1051,cl1xjb311000g3f6b7y8tt576,0,0.08125,0.5822916666666667,0.03125,0.04375
29,1051,cl1xjb8ci000k3f6bjjkf3trc,0,0.92734375,0.3083333333333333,0.0359375,0.0375
29,1052,cl1xjb311000g3f6b7y8tt576,0,0.08125,0.5822916666666667,0.03125,0.04375
29,1052,cl1xjb8ci000k3f6bjjkf3trc,0,0.92734375,0.3083333333333333,0.0359375,0.0375
29,1053,cl1xjb311000g3f6b7y8tt576,0,0.08125,0.5822916666666667,0.03125,0.04375
29,1053,cl1xjb8ci000k3f6bjjkf3trc,0,0.92734375,0.3083333333333333,0.0359375,0.0375
29,1054,cl1xjb311000g3f6b7y8tt576,0,0.08125,0.5822916666666667,0.03125,0.04375
29,1054,cl1xjb8ci000k3f6bjjkf3trc,0,0.92734375,0.3083333333333333,0.0359375,0.0375
29,1055,cl1xjb311000g3f6b7y8tt576,0,0.08125,0.5822916666666667,0.03125,0.04375
29,1055,cl1xjb8ci000k3f6bjjkf3trc,0,0.92734375,0.3083333333333333,0.0359375,0.0375
29,1056,cl1xjb311000g3f6b7y8tt576,0,0.08125,0.5822916666666667,0.03125,0.04375
29,1056,cl1xjb8ci000k3f6bjjkf3trc,0,0.92734375,0.3083333333333333,0.0359375,0.0375
29,1057,cl1xjb311000g3f6b7y8tt576,0,0.08125,0.5822916666666667,0.03125,0.04375
29,1057,cl1xjb8ci000k3f6bjjkf3trc,0,0.92734375,0.3083333333333333,0.0359375,0.0375
29,1058,cl1xjb311000g3f6b7y8tt576,0,0.08125,0.5822916666666667,0.03125,0.04375
29,1058,cl1xjb8ci000k3f6bjjkf3trc,0,0.92734375,0.3083333333333333,0.0359375,0.0375
29,1059,cl1xjb311000g3f6b7y8tt576,0,0.08125,0.5822916666666667,0.03125,0.04375
29,1059,cl1xjb8ci000k3f6bjjkf3trc,0,0.92734375,0.3083333333333333,0.0359375,0.0375
29,105,ckz3w0j4d00133867psu0dku8,0,0.6125,0.1875,0.040625,0.0458333333333333
29,105,cl1xj98o800033f6bbzcyndpi,0,0.1828125,0.08125,0.025,0.0375
29,105,cl1xj9dfe00073f6bo87qdh30,0,0.42109375,0.3802083333333333,0.0328125,0.0354166666666666
29,105,cl1xj9ksa000b3f6bvr1hgnfn,0,0.78515625,0.5458333333333333,0.0359375,0.0375
29,1060,cl1xjb311000g3f6b7y8tt576,0,0.08125,0.5822916666666667,0.03125,0.04375
29,1060,cl1xjb8ci000k3f6bjjkf3trc,0,0.92734375,0.3083333333333333,0.0359375,0.0375
29,1061,cl1xjb311000g3f6b7y8tt576,0,0.08125,0.5822916666666667,0.03125,0.04375
29,1061,cl1xjb8ci000k3f6bjjkf3trc,0,0.92734375,0.3083333333333333,0.0359375,0.0375
29,1062,cl1xjb311000g3f6b7y8tt576,0,0.08125,0.5822916666666667,0.03125,0.04375
29,1062,cl1xjb8ci000k3f6bjjkf3trc,0,0.92734375,0.3083333333333333,0.0359375,0.0375
29,1063,cl1xjb311000g3f6b7y8tt576,0,0.08125,0.5822916666666667,0.03125,0.04375
29,1063,cl1xjb8ci000k3f6bjjkf3trc,0,0.92734375,0.3083333333333333,0.0359375,0.0375
29,1064,cl1xjb311000g3f6b7y8tt576,0,0.08125,0.5822916666666667,0.03125,0.04375
29,1064,cl1xjb8ci000k3f6bjjkf3trc,0,0.92734375,0.3083333333333333,0.0359375,0.0375
29,1065,cl1xjb311000g3f6b7y8tt576,0,0.08125,0.5822916666666667,0.03125,0.04375
29,1065,cl1xjb8ci000k3f6bjjkf3trc,0,0.92734375,0.3083333333333333,0.0359375,0.0375
29,1066,cl1xjb311000g3f6b7y8tt576,0,0.08125,0.5822916666666667,0.03125,0.04375
29,1066,cl1xjb8ci000k3f6bjjkf3trc,0,0.92734375,0.3083333333333333,0.0359375,0.0375
29,1067,cl1xjb311000g3f6b7y8tt576,0,0.08125,0.5822916666666667,0.03125,0.04375
29,1067,cl1xjb8ci000k3f6bjjkf3trc,0,0.92734375,0.3083333333333333,0.0359375,0.0375
29,1068,cl1xjb311000g3f6b7y8tt576,0,0.08125,0.5822916666666667,0.03125,0.04375
29,1068,cl1xjb8ci000k3f6bjjkf3trc,0,0.92734375,0.3083333333333333,0.0359375,0.0375
29,1069,cl1xjb311000g3f6b7y8tt576,0,0.08125,0.5822916666666667,0.03125,0.04375
29,1069,cl1xjb8ci000k3f6bjjkf3trc,0,0.92734375,0.3083333333333333,0.0359375,0.0375
29,106,ckz3w0j4d00133867psu0dku8,0,0.6125,0.1875,0.040625,0.0458333333333333
29,106,cl1xj98o800033f6bbzcyndpi,0,0.1828125,0.08125,0.025,0.0375
29,106,cl1xj9dfe00073f6bo87qdh30,0,0.42109375,0.3802083333333333,0.0328125,0.0354166666666666
29,106,cl1xj9ksa000b3f6bvr1hgnfn,0,0.78515625,0.5458333333333333,0.0359375,0.0375
29,1070,cl1xjb311000g3f6b7y8tt576,0,0.08125,0.5822916666666667,0.03125,0.04375
29,1070,cl1xjb8ci000k3f6bjjkf3trc,0,0.92734375,0.3083333333333333,0.0359375,0.0375
29,1071,cl1xjb311000g3f6b7y8tt576,0,0.08125,0.5822916666666667,0.03125,0.04375
29,1071,cl1xjb8ci000k3f6bjjkf3trc,0,0.92734375,0.3083333333333333,0.0359375,0.0375
29,1072,cl1xjb311000g3f6b7y8tt576,0,0.08125,0.5822916666666667,0.03125,0.04375
29,1072,cl1xjb8ci000k3f6bjjkf3trc,0,0.92734375,0.3083333333333333,0.0359375,0.0375
29,1073,cl1xjb311000g3f6b7y8tt576,0,0.08125,0.5822916666666667,0.03125,0.04375
29,1073,cl1xjb8ci000k3f6bjjkf3trc,0,0.92734375,0.3083333333333333,0.0359375,0.0375
29,1074,cl1xjb311000g3f6b7y8tt576,0,0.08125,0.5822916666666667,0.03125,0.04375
29,1074,cl1xjb8ci000k3f6bjjkf3trc,0,0.92734375,0.3083333333333333,0.0359375,0.0375
29,1075,cl1xjb311000g3f6b7y8tt576,0,0.08125,0.5822916666666667,0.03125,0.04375
29,1075,cl1xjb8ci000k3f6bjjkf3trc,0,0.92734375,0.3083333333333333,0.0359375,0.0375
29,1076,cl1xjb311000g3f6b7y8tt576,0,0.08125,0.5822916666666667,0.03125,0.04375
29,1076,cl1xjb8ci000k3f6bjjkf3trc,0,0.92734375,0.3083333333333333,0.0359375,0.0375
29,1077,cl1xjb311000g3f6b7y8tt576,0,0.08125,0.5822916666666667,0.03125,0.04375
29,1077,cl1xjb8ci000k3f6bjjkf3trc,0,0.92734375,0.3083333333333333,0.0359375,0.0375
29,1078,cl1xjb311000g3f6b7y8tt576,0,0.08125,0.5822916666666667,0.03125,0.04375
29,1078,cl1xjb8ci000k3f6bjjkf3trc,0,0.92734375,0.3083333333333333,0.0359375,0.0375
29,1079,cl1xjb311000g3f6b7y8tt576,0,0.08125,0.5822916666666667,0.03125,0.04375
29,1079,cl1xjb8ci000k3f6bjjkf3trc,0,0.92734375,0.3083333333333333,0.0359375,0.0375
29,107,ckz3w0j4d00133867psu0dku8,0,0.6125,0.1875,0.040625,0.0458333333333333
29,107,cl1xj98o800033f6bbzcyndpi,0,0.1828125,0.08125,0.025,0.0375
29,107,cl1xj9dfe00073f6bo87qdh30,0,0.42109375,0.3802083333333333,0.0328125,0.0354166666666666
29,107,cl1xj9ksa000b3f6bvr1hgnfn,0,0.78515625,0.5458333333333333,0.0359375,0.0375
29,1080,cl1xjb311000g3f6b7y8tt576,0,0.08125,0.5822916666666667,0.03125,0.04375
29,1080,cl1xjb8ci000k3f6bjjkf3trc,0,0.92734375,0.3083333333333333,0.0359375,0.0375
29,1081,cl1xjb311000g3f6b7y8tt576,0,0.08125,0.5822916666666667,0.03125,0.04375
29,1081,cl1xjb8ci000k3f6bjjkf3trc,0,0.92734375,0.3083333333333333,0.0359375,0.0375
29,1082,cl1xjb311000g3f6b7y8tt576,0,0.08125,0.5822916666666667,0.03125,0.04375
29,1082,cl1xjb8ci000k3f6bjjkf3trc,0,0.92734375,0.3083333333333333,0.0359375,0.0375
29,1083,cl1xjb311000g3f6b7y8tt576,0,0.08125,0.5822916666666667,0.03125,0.04375
29,1083,cl1xjb8ci000k3f6bjjkf3trc,0,0.92734375,0.3083333333333333,0.0359375,0.0375
29,1084,cl1xjb311000g3f6b7y8tt576,0,0.08125,0.5822916666666667,0.03125,0.04375
29,1084,cl1xjb8ci000k3f6bjjkf3trc,0,0.92734375,0.3083333333333333,0.0359375,0.0375
29,1085,cl1xjb311000g3f6b7y8tt576,0,0.08125,0.5822916666666667,0.03125,0.04375
29,1085,cl1xjb8ci000k3f6bjjkf3trc,0,0.92734375,0.3083333333333333,0.0359375,0.0375
29,1086,cl1xjb311000g3f6b7y8tt576,0,0.08125,0.5822916666666667,0.03125,0.04375
29,1086,cl1xjb8ci000k3f6bjjkf3trc,0,0.92734375,0.3083333333333333,0.0359375,0.0375
29,1087,cl1xjb311000g3f6b7y8tt576,0,0.08125,0.5822916666666667,0.03125,0.04375
29,1087,cl1xjb8ci000k3f6bjjkf3trc,0,0.92734375,0.3083333333333333,0.0359375,0.0375
29,1088,cl1xjb311000g3f6b7y8tt576,0,0.08125,0.5822916666666667,0.03125,0.04375
29,1088,cl1xjb8ci000k3f6bjjkf3trc,0,0.92734375,0.3083333333333333,0.0359375,0.0375
29,1089,cl1xjb311000g3f6b7y8tt576,0,0.08125,0.5822916666666667,0.03125,0.04375
29,1089,cl1xjb8ci000k3f6bjjkf3trc,0,0.92734375,0.3083333333333333,0.0359375,0.0375
29,108,ckz3w0j4d00133867psu0dku8,0,0.6125,0.1875,0.040625,0.0458333333333333
29,108,cl1xj98o800033f6bbzcyndpi,0,0.1828125,0.08125,0.025,0.0375
29,108,cl1xj9dfe00073f6bo87qdh30,0,0.42109375,0.3802083333333333,0.0328125,0.0354166666666666
29,108,cl1xj9ksa000b3f6bvr1hgnfn,0,0.78515625,0.5458333333333333,0.0359375,0.0375
29,1090,cl1xjb311000g3f6b7y8tt576,0,0.08125,0.5822916666666667,0.03125,0.04375
29,1090,cl1xjb8ci000k3f6bjjkf3trc,0,0.92734375,0.3083333333333333,0.0359375,0.0375
29,1091,cl1xjb311000g3f6b7y8tt576,0,0.08125,0.5822916666666667,0.03125,0.04375
29,1091,cl1xjb8ci000k3f6bjjkf3trc,0,0.92734375,0.3083333333333333,0.0359375,0.0375
29,1092,cl1xjb311000g3f6b7y8tt576,0,0.08125,0.5822916666666667,0.03125,0.04375
29,1092,cl1xjb8ci000k3f6bjjkf3trc,0,0.92734375,0.3083333333333333,0.0359375,0.0375
29,1093,cl1xjb311000g3f6b7y8tt576,0,0.08125,0.5822916666666667,0.03125,0.04375
29,1093,cl1xjb8ci000k3f6bjjkf3trc,0,0.92734375,0.3083333333333333,0.0359375,0.0375
29,1094,cl1xjb311000g3f6b7y8tt576,0,0.08125,0.5822916666666667,0.03125,0.04375
29,1094,cl1xjb8ci000k3f6bjjkf3trc,0,0.92734375,0.3083333333333333,0.0359375,0.0375
29,1095,cl1xjb311000g3f6b7y8tt576,0,0.08125,0.5822916666666667,0.03125,0.04375
29,1095,cl1xjb8ci000k3f6bjjkf3trc,0,0.92734375,0.3083333333333333,0.0359375,0.0375
29,1096,cl1xjb311000g3f6b7y8tt576,0,0.08125,0.5822916666666667,0.03125,0.04375
29,1096,cl1xjb8ci000k3f6bjjkf3trc,0,0.92734375,0.3083333333333333,0.0359375,0.0375
29,1097,cl1xjb311000g3f6b7y8tt576,0,0.08125,0.5822916666666667,0.03125,0.04375
29,1097,cl1xjb8ci000k3f6bjjkf3trc,0,0.92734375,0.3083333333333333,0.0359375,0.0375
29,1098,cl1xjb311000g3f6b7y8tt576,0,0.08125,0.5822916666666667,0.03125,0.04375
29,1098,cl1xjb8ci000k3f6bjjkf3trc,0,0.92734375,0.3083333333333333,0.0359375,0.0375
29,1099,cl1xjb311000g3f6b7y8tt576,0,0.08125,0.5822916666666667,0.03125,0.04375
29,1099,cl1xjb8ci000k3f6bjjkf3trc,0,0.92734375,0.3083333333333333,0.0359375,0.0375
29,109,ckz3w0j4d00133867psu0dku8,0,0.6125,0.1875,0.040625,0.0458333333333333
29,109,cl1xj98o800033f6bbzcyndpi,0,0.1828125,0.08125,0.025,0.0375
29,109,cl1xj9dfe00073f6bo87qdh30,0,0.42109375,0.3802083333333333,0.0328125,0.0354166666666666
29,109,cl1xj9ksa000b3f6bvr1hgnfn,0,0.78515625,0.5458333333333333,0.0359375,0.0375
29,10,ckz3w0j4d00133867psu0dku8,0,0.6125,0.1875,0.040625,0.0458333333333333
29,10,cl1xj98o800033f6bbzcyndpi,0,0.1828125,0.08125,0.025,0.0375
29,10,cl1xj9dfe00073f6bo87qdh30,0,0.42109375,0.3802083333333333,0.0328125,0.0354166666666666
29,10,cl1xj9ksa000b3f6bvr1hgnfn,0,0.78515625,0.5458333333333333,0.0359375,0.0375
29,1100,cl1xjb311000g3f6b7y8tt576,0,0.08125,0.5822916666666667,0.03125,0.04375
29,1100,cl1xjb8ci000k3f6bjjkf3trc,0,0.92734375,0.3083333333333333,0.0359375,0.0375
29,1101,cl1xjb311000g3f6b7y8tt576,0,0.08125,0.5822916666666667,0.03125,0.04375
29,1101,cl1xjb8ci000k3f6bjjkf3trc,0,0.92734375,0.3083333333333333,0.0359375,0.0375
29,1102,cl1xjb311000g3f6b7y8tt576,0,0.08125,0.5822916666666667,0.03125,0.04375
29,1102,cl1xjb8ci000k3f6bjjkf3trc,0,0.92734375,0.3083333333333333,0.0359375,0.0375
29,1103,cl1xjb311000g3f6b7y8tt576,0,0.08125,0.5822916666666667,0.03125,0.04375
29,1103,cl1xjb8ci000k3f6bjjkf3trc,0,0.92734375,0.3083333333333333,0.0359375,0.0375
29,1104,cl1xjb311000g3f6b7y8tt576,0,0.08125,0.5822916666666667,0.03125,0.04375
29,1104,cl1xjb8ci000k3f6bjjkf3trc,0,0.92734375,0.3083333333333333,0.0359375,0.0375
29,1105,cl1xjb311000g3f6b7y8tt576,0,0.08125,0.5822916666666667,0.03125,0.04375
29,1105,cl1xjb8ci000k3f6bjjkf3trc,0,0.92734375,0.3083333333333333,0.0359375,0.0375
29,1106,cl1xjb311000g3f6b7y8tt576,0,0.08125,0.5822916666666667,0.03125,0.04375
29,1106,cl1xjb8ci000k3f6bjjkf3trc,0,0.92734375,0.3083333333333333,0.0359375,0.0375
29,1107,cl1xjb311000g3f6b7y8tt576,0,0.08125,0.5822916666666667,0.03125,0.04375
29,1107,cl1xjb8ci000k3f6bjjkf3trc,0,0.92734375,0.3083333333333333,0.0359375,0.0375
29,1108,cl1xjb311000g3f6b7y8tt576,0,0.08125,0.5822916666666667,0.03125,0.04375
29,1108,cl1xjb8ci000k3f6bjjkf3trc,0,0.92734375,0.3083333333333333,0.0359375,0.0375
29,1109,cl1xjb311000g3f6b7y8tt576,0,0.08125,0.5822916666666667,0.03125,0.04375
29,1109,cl1xjb8ci000k3f6bjjkf3trc,0,0.92734375,0.3083333333333333,0.0359375,0.0375
29,110,ckz3w0j4d00133867psu0dku8,0,0.6125,0.1875,0.040625,0.0458333333333333
29,110,cl1xj98o800033f6bbzcyndpi,0,0.1828125,0.08125,0.025,0.0375
29,110,cl1xj9dfe00073f6bo87qdh30,0,0.42109375,0.3802083333333333,0.0328125,0.0354166666666666
29,110,cl1xj9ksa000b3f6bvr1hgnfn,0,0.78515625,0.5458333333333333,0.0359375,0.0375
29,1110,cl1xjb311000g3f6b7y8tt576,0,0.08125,0.5822916666666667,0.03125,0.04375
29,1110,cl1xjb8ci000k3f6bjjkf3trc,0,0.92734375,0.3083333333333333,0.0359375,0.0375
29,1111,cl1xjb311000g3f6b7y8tt576,0,0.08125,0.5822916666666667,0.03125,0.04375
29,1111,cl1xjb8ci000k3f6bjjkf3trc,0,0.92734375,0.3083333333333333,0.0359375,0.0375
29,1112,cl1xjb311000g3f6b7y8tt576,0,0.08125,0.5822916666666667,0.03125,0.04375
29,1112,cl1xjb8ci000k3f6bjjkf3trc,0,0.92734375,0.3083333333333333,0.0359375,0.0375
29,1113,cl1xjb311000g3f6b7y8tt576,0,0.08125,0.5822916666666667,0.03125,0.04375
29,1113,cl1xjb8ci000k3f6bjjkf3trc,0,0.92734375,0.3083333333333333,0.0359375,0.0375
29,1114,cl1xjb311000g3f6b7y8tt576,0,0.08125,0.5822916666666667,0.03125,0.04375
29,1114,cl1xjb8ci000k3f6bjjkf3trc,0,0.92734375,0.3083333333333333,0.0359375,0.0375
29,1115,cl1xjb311000g3f6b7y8tt576,0,0.08125,0.5822916666666667,0.03125,0.04375
29,1115,cl1xjb8ci000k3f6bjjkf3trc,0,0.92734375,0.3083333333333333,0.0359375,0.0375
29,1116,cl1xjb311000g3f6b7y8tt576,0,0.08125,0.5822916666666667,0.03125,0.04375
29,1116,cl1xjb8ci000k3f6bjjkf3trc,0,0.92734375,0.3083333333333333,0.0359375,0.0375
29,1117,cl1xjb311000g3f6b7y8tt576,0,0.08125,0.5822916666666667,0.03125,0.04375
29,1117,cl1xjb8ci000k3f6bjjkf3trc,0,0.92734375,0.3083333333333333,0.0359375,0.0375
29,1118,cl1xjb311000g3f6b7y8tt576,0,0.08125,0.5822916666666667,0.03125,0.04375
29,1118,cl1xjb8ci000k3f6bjjkf3trc,0,0.92734375,0.3083333333333333,0.0359375,0.0375
29,1119,cl1xjb311000g3f6b7y8tt576,0,0.08125,0.5822916666666667,0.03125,0.04375
29,1119,cl1xjb8ci000k3f6bjjkf3trc,0,0.92734375,0.3083333333333333,0.0359375,0.0375
29,111,ckz3w0j4d00133867psu0dku8,0,0.6125,0.1875,0.040625,0.0458333333333333
29,111,cl1xj98o800033f6bbzcyndpi,0,0.1828125,0.08125,0.025,0.0375
29,111,cl1xj9dfe00073f6bo87qdh30,0,0.42109375,0.3802083333333333,0.0328125,0.0354166666666666
29,111,cl1xj9ksa000b3f6bvr1hgnfn,0,0.78515625,0.5458333333333333,0.0359375,0.0375
29,1120,cl1xjb311000g3f6b7y8tt576,0,0.08125,0.5822916666666667,0.03125,0.04375
29,1120,cl1xjb8ci000k3f6bjjkf3trc,0,0.92734375,0.3083333333333333,0.0359375,0.0375
29,1121,cl1xjb311000g3f6b7y8tt576,0,0.08125,0.5822916666666667,0.03125,0.04375
29,1121,cl1xjb8ci000k3f6bjjkf3trc,0,0.92734375,0.3083333333333333,0.0359375,0.0375
29,1122,cl1xjb311000g3f6b7y8tt576,0,0.08125,0.5822916666666667,0.03125,0.04375
29,1122,cl1xjb8ci000k3f6bjjkf3trc,0,0.92734375,0.3083333333333333,0.0359375,0.0375
29,1123,cl1xjb311000g3f6b7y8tt576,0,0.08125,0.5822916666666667,0.03125,0.04375
29,1123,cl1xjb8ci000k3f6bjjkf3trc,0,0.92734375,0.3083333333333333,0.0359375,0.0375
29,1124,cl1xjb311000g3f6b7y8tt576,0,0.08125,0.5822916666666667,0.03125,0.04375
29,1124,cl1xjb8ci000k3f6bjjkf3trc,0,0.92734375,0.3083333333333333,0.0359375,0.0375
29,1125,cl1xjb311000g3f6b7y8tt576,0,0.08125,0.5822916666666667,0.03125,0.04375
29,1125,cl1xjb8ci000k3f6bjjkf3trc,0,0.92734375,0.3083333333333333,0.0359375,0.0375
29,1126,cl1xjb311000g3f6b7y8tt576,0,0.08125,0.5822916666666667,0.03125,0.04375
29,1126,cl1xjb8ci000k3f6bjjkf3trc,0,0.92734375,0.3083333333333333,0.0359375,0.0375
29,1127,cl1xjb311000g3f6b7y8tt576,0,0.08125,0.5822916666666667,0.03125,0.04375
29,1127,cl1xjb8ci000k3f6bjjkf3trc,0,0.92734375,0.3083333333333333,0.0359375,0.0375
29,1128,cl1xjb311000g3f6b7y8tt576,0,0.08125,0.5822916666666667,0.03125,0.04375
29,1128,cl1xjb8ci000k3f6bjjkf3trc,0,0.92734375,0.3083333333333333,0.0359375,0.0375
29,1129,cl1xjb311000g3f6b7y8tt576,0,0.08125,0.5822916666666667,0.03125,0.04375
29,1129,cl1xjb8ci000k3f6bjjkf3trc,0,0.92734375,0.3083333333333333,0.0359375,0.0375
29,112,ckz3w0j4d00133867psu0dku8,0,0.6125,0.1875,0.040625,0.0458333333333333
29,112,cl1xj98o800033f6bbzcyndpi,0,0.1828125,0.08125,0.025,0.0375
29,112,cl1xj9dfe00073f6bo87qdh30,0,0.42109375,0.3802083333333333,0.0328125,0.0354166666666666
29,112,cl1xj9ksa000b3f6bvr1hgnfn,0,0.78515625,0.5458333333333333,0.0359375,0.0375
29,1130,cl1xjb311000g3f6b7y8tt576,0,0.08125,0.5822916666666667,0.03125,0.04375
29,1130,cl1xjb8ci000k3f6bjjkf3trc,0,0.92734375,0.3083333333333333,0.0359375,0.0375
29,1131,cl1xjb311000g3f6b7y8tt576,0,0.08125,0.5822916666666667,0.03125,0.04375
29,1131,cl1xjb8ci000k3f6bjjkf3trc,0,0.92734375,0.3083333333333333,0.0359375,0.0375
29,1132,cl1xjb311000g3f6b7y8tt576,0,0.08125,0.5822916666666667,0.03125,0.04375
29,1132,cl1xjb8ci000k3f6bjjkf3trc,0,0.92734375,0.3083333333333333,0.0359375,0.0375
29,1133,cl1xjb311000g3f6b7y8tt576,0,0.08125,0.5822916666666667,0.03125,0.04375
29,1133,cl1xjb8ci000k3f6bjjkf3trc,0,0.92734375,0.3083333333333333,0.0359375,0.0375
29,1134,cl1xjb311000g3f6b7y8tt576,0,0.08125,0.5822916666666667,0.03125,0.04375
29,1134,cl1xjb8ci000k3f6bjjkf3trc,0,0.92734375,0.3083333333333333,0.0359375,0.0375
29,1135,cl1xjb311000g3f6b7y8tt576,0,0.08125,0.5822916666666667,0.03125,0.04375
29,1135,cl1xjb8ci000k3f6bjjkf3trc,0,0.92734375,0.3083333333333333,0.0359375,0.0375
29,1136,cl1xjb311000g3f6b7y8tt576,0,0.08125,0.5822916666666667,0.03125,0.04375
29,1136,cl1xjb8ci000k3f6bjjkf3trc,0,0.92734375,0.3083333333333333,0.0359375,0.0375
29,1137,cl1xjb311000g3f6b7y8tt576,0,0.08125,0.5822916666666667,0.03125,0.04375
29,1137,cl1xjb8ci000k3f6bjjkf3trc,0,0.92734375,0.3083333333333333,0.0359375,0.0375
29,1138,cl1xjb311000g3f6b7y8tt576,0,0.08125,0.5822916666666667,0.03125,0.04375
29,1138,cl1xjb8ci000k3f6bjjkf3trc,0,0.92734375,0.3083333333333333,0.0359375,0.0375
29,1139,cl1xjb311000g3f6b7y8tt576,0,0.08125,0.5822916666666667,0.03125,0.04375
29,1139,cl1xjb8ci000k3f6bjjkf3trc,0,0.92734375,0.3083333333333333,0.0359375,0.0375
29,113,ckz3w0j4d00133867psu0dku8,0,0.6125,0.1875,0.040625,0.0458333333333333
29,113,cl1xj98o800033f6bbzcyndpi,0,0.1828125,0.08125,0.025,0.0375
29,113,cl1xj9dfe00073f6bo87qdh30,0,0.42109375,0.3802083333333333,0.0328125,0.0354166666666666
29,113,cl1xj9ksa000b3f6bvr1hgnfn,0,0.78515625,0.5458333333333333,0.0359375,0.0375
29,1140,cl1xjb311000g3f6b7y8tt576,0,0.08125,0.5822916666666667,0.03125,0.04375
29,1140,cl1xjb8ci000k3f6bjjkf3trc,0,0.92734375,0.3083333333333333,0.0359375,0.0375
29,1141,cl1xjb311000g3f6b7y8tt576,0,0.08125,0.5822916666666667,0.03125,0.04375
29,1141,cl1xjb8ci000k3f6bjjkf3trc,0,0.92734375,0.3083333333333333,0.0359375,0.0375
29,1142,cl1xjb311000g3f6b7y8tt576,0,0.08125,0.5822916666666667,0.03125,0.04375
29,1142,cl1xjb8ci000k3f6bjjkf3trc,0,0.92734375,0.3083333333333333,0.0359375,0.0375
29,1143,cl1xjb311000g3f6b7y8tt576,0,0.08125,0.5822916666666667,0.03125,0.04375
29,1143,cl1xjb8ci000k3f6bjjkf3trc,0,0.92734375,0.3083333333333333,0.0359375,0.0375
29,1144,cl1xjb311000g3f6b7y8tt576,0,0.08125,0.5822916666666667,0.03125,0.04375
29,1144,cl1xjb8ci000k3f6bjjkf3trc,0,0.92734375,0.3083333333333333,0.0359375,0.0375
29,1145,cl1xjb311000g3f6b7y8tt576,0,0.08125,0.5822916666666667,0.03125,0.04375
29,1145,cl1xjb8ci000k3f6bjjkf3trc,0,0.92734375,0.3083333333333333,0.0359375,0.0375
29,1146,cl1xjb311000g3f6b7y8tt576,0,0.08125,0.5822916666666667,0.03125,0.04375
29,1146,cl1xjb8ci000k3f6bjjkf3trc,0,0.92734375,0.3083333333333333,0.0359375,0.0375
29,1147,cl1xjb311000g3f6b7y8tt576,0,0.08125,0.5822916666666667,0.03125,0.04375
29,1147,cl1xjb8ci000k3f6bjjkf3trc,0,0.92734375,0.3083333333333333,0.0359375,0.0375
29,1148,cl1xjb311000g3f6b7y8tt576,0,0.08125,0.5822916666666667,0.03125,0.04375
29,1148,cl1xjb8ci000k3f6bjjkf3trc,0,0.92734375,0.3083333333333333,0.0359375,0.0375
29,1149,cl1xjb311000g3f6b7y8tt576,0,0.08125,0.5822916666666667,0.03125,0.04375
29,1149,cl1xjb8ci000k3f6bjjkf3trc,0,0.92734375,0.3083333333333333,0.0359375,0.0375
29,114,ckz3w0j4d00133867psu0dku8,0,0.6125,0.1875,0.040625,0.0458333333333333
29,114,cl1xj98o800033f6bbzcyndpi,0,0.1828125,0.08125,0.025,0.0375
29,114,cl1xj9dfe00073f6bo87qdh30,0,0.42109375,0.3802083333333333,0.0328125,0.0354166666666666
29,114,cl1xj9ksa000b3f6bvr1hgnfn,0,0.78515625,0.5458333333333333,0.0359375,0.0375
29,1150,cl1xjb311000g3f6b7y8tt576,0,0.08125,0.5822916666666667,0.03125,0.04375
29,1150,cl1xjb8ci000k3f6bjjkf3trc,0,0.92734375,0.3083333333333333,0.0359375,0.0375
29,1151,cl1xjb311000g3f6b7y8tt576,0,0.08125,0.5822916666666667,0.03125,0.04375
29,1151,cl1xjb8ci000k3f6bjjkf3trc,0,0.92734375,0.3083333333333333,0.0359375,0.0375
29,1152,cl1xjb311000g3f6b7y8tt576,0,0.08125,0.5822916666666667,0.03125,0.04375
29,1152,cl1xjb8ci000k3f6bjjkf3trc,0,0.92734375,0.3083333333333333,0.0359375,0.0375
29,1153,cl1xjb311000g3f6b7y8tt576,0,0.08125,0.5822916666666667,0.03125,0.04375
29,1153,cl1xjb8ci000k3f6bjjkf3trc,0,0.92734375,0.3083333333333333,0.0359375,0.0375
29,1154,cl1xjb311000g3f6b7y8tt576,0,0.08125,0.5822916666666667,0.03125,0.04375
29,1154,cl1xjb8ci000k3f6bjjkf3trc,0,0.92734375,0.3083333333333333,0.0359375,0.0375
29,1155,cl1xjb311000g3f6b7y8tt576,0,0.08125,0.5822916666666667,0.03125,0.04375
29,1155,cl1xjb8ci000k3f6bjjkf3trc,0,0.92734375,0.3083333333333333,0.0359375,0.0375
29,1156,cl1xjb311000g3f6b7y8tt576,0,0.08125,0.5822916666666667,0.03125,0.04375
29,1156,cl1xjb8ci000k3f6bjjkf3trc,0,0.92734375,0.3083333333333333,0.0359375,0.0375
29,1157,cl1xjb311000g3f6b7y8tt576,0,0.08125,0.5822916666666667,0.03125,0.04375
29,1157,cl1xjb8ci000k3f6bjjkf3trc,0,0.92734375,0.3083333333333333,0.0359375,0.0375
29,1158,cl1xjb311000g3f6b7y8tt576,0,0.08125,0.5822916666666667,0.03125,0.04375
29,1158,cl1xjb8ci000k3f6bjjkf3trc,0,0.92734375,0.3083333333333333,0.0359375,0.0375
29,1159,cl1xjb311000g3f6b7y8tt576,0,0.08125,0.5822916666666667,0.03125,0.04375
29,1159,cl1xjb8ci000k3f6bjjkf3trc,0,0.92734375,0.3083333333333333,0.0359375,0.0375
29,115,ckz3w0j4d00133867psu0dku8,0,0.6125,0.1875,0.040625,0.0458333333333333
29,115,cl1xj98o800033f6bbzcyndpi,0,0.1828125,0.08125,0.025,0.0375
29,115,cl1xj9dfe00073f6bo87qdh30,0,0.42109375,0.3802083333333333,0.0328125,0.0354166666666666
29,115,cl1xj9ksa000b3f6bvr1hgnfn,0,0.78515625,0.5458333333333333,0.0359375,0.0375
29,1160,cl1xjb311000g3f6b7y8tt576,0,0.08125,0.5822916666666667,0.03125,0.04375
29,1160,cl1xjb8ci000k3f6bjjkf3trc,0,0.92734375,0.3083333333333333,0.0359375,0.0375
29,1161,cl1xjb311000g3f6b7y8tt576,0,0.08125,0.5822916666666667,0.03125,0.04375
29,1161,cl1xjb8ci000k3f6bjjkf3trc,0,0.92734375,0.3083333333333333,0.0359375,0.0375
29,1162,cl1xjb311000g3f6b7y8tt576,0,0.08125,0.5822916666666667,0.03125,0.04375
29,1162,cl1xjb8ci000k3f6bjjkf3trc,0,0.92734375,0.3083333333333333,0.0359375,0.0375
29,1163,cl1xjb311000g3f6b7y8tt576,0,0.08125,0.5822916666666667,0.03125,0.04375
29,1163,cl1xjb8ci000k3f6bjjkf3trc,0,0.92734375,0.3083333333333333,0.0359375,0.0375
29,1164,cl1xjb311000g3f6b7y8tt576,0,0.08125,0.5822916666666667,0.03125,0.04375
29,1164,cl1xjb8ci000k3f6bjjkf3trc,0,0.92734375,0.3083333333333333,0.0359375,0.0375
29,1165,cl1xjb311000g3f6b7y8tt576,0,0.08125,0.5822916666666667,0.03125,0.04375
29,1165,cl1xjb8ci000k3f6bjjkf3trc,0,0.92734375,0.3083333333333333,0.0359375,0.0375
29,1166,cl1xjb311000g3f6b7y8tt576,0,0.08125,0.5822916666666667,0.03125,0.04375
29,1166,cl1xjb8ci000k3f6bjjkf3trc,0,0.92734375,0.3083333333333333,0.0359375,0.0375
29,1167,cl1xjb311000g3f6b7y8tt576,0,0.08125,0.5822916666666667,0.03125,0.04375
29,1167,cl1xjb8ci000k3f6bjjkf3trc,0,0.92734375,0.3083333333333333,0.0359375,0.0375
29,1168,cl1xjb311000g3f6b7y8tt576,0,0.08125,0.5822916666666667,0.03125,0.04375
29,1168,cl1xjb8ci000k3f6bjjkf3trc,0,0.92734375,0.3083333333333333,0.0359375,0.0375
29,1169,cl1xjb311000g3f6b7y8tt576,0,0.08125,0.5822916666666667,0.03125,0.04375
29,1169,cl1xjb8ci000k3f6bjjkf3trc,0,0.92734375,0.3083333333333333,0.0359375,0.0375
29,116,ckz3w0j4d00133867psu0dku8,0,0.6125,0.1875,0.040625,0.0458333333333333
29,116,cl1xj98o800033f6bbzcyndpi,0,0.1828125,0.08125,0.025,0.0375
29,116,cl1xj9dfe00073f6bo87qdh30,0,0.42109375,0.3802083333333333,0.0328125,0.0354166666666666
29,116,cl1xj9ksa000b3f6bvr1hgnfn,0,0.78515625,0.5458333333333333,0.0359375,0.0375
29,1170,cl1xjb311000g3f6b7y8tt576,0,0.08125,0.5822916666666667,0.03125,0.04375
29,1170,cl1xjb8ci000k3f6bjjkf3trc,0,0.92734375,0.3083333333333333,0.0359375,0.0375
29,1171,cl1xjb311000g3f6b7y8tt576,0,0.08125,0.5822916666666667,0.03125,0.04375
29,1171,cl1xjb8ci000k3f6bjjkf3trc,0,0.92734375,0.3083333333333333,0.0359375,0.0375
29,1172,cl1xjb311000g3f6b7y8tt576,0,0.08125,0.5822916666666667,0.03125,0.04375
29,1172,cl1xjb8ci000k3f6bjjkf3trc,0,0.92734375,0.3083333333333333,0.0359375,0.0375
29,1173,cl1xjb311000g3f6b7y8tt576,0,0.08125,0.5822916666666667,0.03125,0.04375
29,1173,cl1xjb8ci000k3f6bjjkf3trc,0,0.92734375,0.3083333333333333,0.0359375,0.0375
29,1174,cl1xjb311000g3f6b7y8tt576,0,0.08125,0.5822916666666667,0.03125,0.04375
29,1174,cl1xjb8ci000k3f6bjjkf3trc,0,0.92734375,0.3083333333333333,0.0359375,0.0375
29,1175,cl1xjb311000g3f6b7y8tt576,0,0.08125,0.5822916666666667,0.03125,0.04375
29,1175,cl1xjb8ci000k3f6bjjkf3trc,0,0.92734375,0.3083333333333333,0.0359375,0.0375
29,1176,cl1xjb311000g3f6b7y8tt576,0,0.08125,0.5822916666666667,0.03125,0.04375
29,1176,cl1xjb8ci000k3f6bjjkf3trc,0,0.92734375,0.3083333333333333,0.0359375,0.0375
29,1177,cl1xjb311000g3f6b7y8tt576,0,0.08125,0.5822916666666667,0.03125,0.04375
29,1177,cl1xjb8ci000k3f6bjjkf3trc,0,0.92734375,0.3083333333333333,0.0359375,0.0375
29,1178,cl1xjb311000g3f6b7y8tt576,0,0.08125,0.5822916666666667,0.03125,0.04375
29,1178,cl1xjb8ci000k3f6bjjkf3trc,0,0.92734375,0.3083333333333333,0.0359375,0.0375
29,1179,cl1xjb311000g3f6b7y8tt576,0,0.08125,0.5822916666666667,0.03125,0.04375
29,1179,cl1xjb8ci000k3f6bjjkf3trc,0,0.92734375,0.3083333333333333,0.0359375,0.0375
29,117,ckz3w0j4d00133867psu0dku8,0,0.6125,0.1875,0.040625,0.0458333333333333
29,117,cl1xj98o800033f6bbzcyndpi,0,0.1828125,0.08125,0.025,0.0375
29,117,cl1xj9dfe00073f6bo87qdh30,0,0.42109375,0.3802083333333333,0.0328125,0.0354166666666666
29,117,cl1xj9ksa000b3f6bvr1hgnfn,0,0.78515625,0.5458333333333333,0.0359375,0.0375
29,1180,cl1xjb311000g3f6b7y8tt576,0,0.08125,0.5822916666666667,0.03125,0.04375
29,1180,cl1xjb8ci000k3f6bjjkf3trc,0,0.92734375,0.3083333333333333,0.0359375,0.0375
29,1181,cl1xjb311000g3f6b7y8tt576,0,0.08125,0.5822916666666667,0.03125,0.04375
29,1181,cl1xjb8ci000k3f6bjjkf3trc,0,0.92734375,0.3083333333333333,0.0359375,0.0375
29,1182,cl1xjb311000g3f6b7y8tt576,0,0.08125,0.5822916666666667,0.03125,0.04375
29,1182,cl1xjb8ci000k3f6bjjkf3trc,0,0.92734375,0.3083333333333333,0.0359375,0.0375
29,1183,cl1xjb311000g3f6b7y8tt576,0,0.08125,0.5822916666666667,0.03125,0.04375
29,1183,cl1xjb8ci000k3f6bjjkf3trc,0,0.92734375,0.3083333333333333,0.0359375,0.0375
29,1184,cl1xjb311000g3f6b7y8tt576,0,0.08125,0.5822916666666667,0.03125,0.04375
29,1184,cl1xjb8ci000k3f6bjjkf3trc,0,0.92734375,0.3083333333333333,0.0359375,0.0375
29,1185,cl1xjb311000g3f6b7y8tt576,0,0.08125,0.5822916666666667,0.03125,0.04375
29,1185,cl1xjb8ci000k3f6bjjkf3trc,0,0.92734375,0.3083333333333333,0.0359375,0.0375
29,1186,cl1xjb311000g3f6b7y8tt576,0,0.08125,0.5822916666666667,0.03125,0.04375
29,1186,cl1xjb8ci000k3f6bjjkf3trc,0,0.92734375,0.3083333333333333,0.0359375,0.0375
29,1187,cl1xjb311000g3f6b7y8tt576,0,0.08125,0.5822916666666667,0.03125,0.04375
29,1187,cl1xjb8ci000k3f6bjjkf3trc,0,0.92734375,0.3083333333333333,0.0359375,0.0375
29,1188,cl1xjb311000g3f6b7y8tt576,0,0.08125,0.5822916666666667,0.03125,0.04375
29,1188,cl1xjb8ci000k3f6bjjkf3trc,0,0.92734375,0.3083333333333333,0.0359375,0.0375
29,1189,cl1xjb311000g3f6b7y8tt576,0,0.08125,0.5822916666666667,0.03125,0.04375
29,1189,cl1xjb8ci000k3f6bjjkf3trc,0,0.92734375,0.3083333333333333,0.0359375,0.0375
29,118,ckz3w0j4d00133867psu0dku8,0,0.6125,0.1875,0.040625,0.0458333333333333
29,118,cl1xj98o800033f6bbzcyndpi,0,0.1828125,0.08125,0.025,0.0375
29,118,cl1xj9dfe00073f6bo87qdh30,0,0.42109375,0.3802083333333333,0.0328125,0.0354166666666666
29,118,cl1xj9ksa000b3f6bvr1hgnfn,0,0.78515625,0.5458333333333333,0.0359375,0.0375
29,1190,cl1xjb311000g3f6b7y8tt576,0,0.08125,0.5822916666666667,0.03125,0.04375
29,1190,cl1xjb8ci000k3f6bjjkf3trc,0,0.92734375,0.3083333333333333,0.0359375,0.0375
29,1191,cl1xjb311000g3f6b7y8tt576,0,0.08125,0.5822916666666667,0.03125,0.04375
29,1191,cl1xjb8ci000k3f6bjjkf3trc,0,0.92734375,0.3083333333333333,0.0359375,0.0375
29,1192,cl1xjb311000g3f6b7y8tt576,0,0.08125,0.5822916666666667,0.03125,0.04375
29,1192,cl1xjb8ci000k3f6bjjkf3trc,0,0.92734375,0.3083333333333333,0.0359375,0.0375
29,1193,cl1xjb311000g3f6b7y8tt576,0,0.08125,0.5822916666666667,0.03125,0.04375
29,1193,cl1xjb8ci000k3f6bjjkf3trc,0,0.92734375,0.3083333333333333,0.0359375,0.0375
29,1194,cl1xjb311000g3f6b7y8tt576,0,0.08125,0.5822916666666667,0.03125,0.04375
29,1194,cl1xjb8ci000k3f6bjjkf3trc,0,0.92734375,0.3083333333333333,0.0359375,0.0375
29,1195,cl1xjb311000g3f6b7y8tt576,0,0.08125,0.5822916666666667,0.03125,0.04375
29,1195,cl1xjb8ci000k3f6bjjkf3trc,0,0.92734375,0.3083333333333333,0.0359375,0.0375
29,1196,cl1xjb311000g3f6b7y8tt576,0,0.08125,0.5822916666666667,0.03125,0.04375
29,1196,cl1xjb8ci000k3f6bjjkf3trc,0,0.92734375,0.3083333333333333,0.0359375,0.0375
29,1197,cl1xjb311000g3f6b7y8tt576,0,0.08125,0.5822916666666667,0.03125,0.04375
29,1197,cl1xjb8ci000k3f6bjjkf3trc,0,0.92734375,0.3083333333333333,0.0359375,0.0375
29,1198,cl1xjb311000g3f6b7y8tt576,0,0.08125,0.5822916666666667,0.03125,0.04375
29,1198,cl1xjb8ci000k3f6bjjkf3trc,0,0.92734375,0.3083333333333333,0.0359375,0.0375
29,1199,cl1xjb311000g3f6b7y8tt576,0,0.08125,0.5822916666666667,0.03125,0.04375
29,1199,cl1xjb8ci000k3f6bjjkf3trc,0,0.92734375,0.3083333333333333,0.0359375,0.0375
29,119,ckz3w0j4d00133867psu0dku8,0,0.6125,0.1875,0.040625,0.0458333333333333
29,119,cl1xj98o800033f6bbzcyndpi,0,0.1828125,0.08125,0.025,0.0375
29,119,cl1xj9dfe00073f6bo87qdh30,0,0.42109375,0.3802083333333333,0.0328125,0.0354166666666666
29,119,cl1xj9ksa000b3f6bvr1hgnfn,0,0.78515625,0.5458333333333333,0.0359375,0.0375
29,11,ckz3w0j4d00133867psu0dku8,0,0.6125,0.1875,0.040625,0.0458333333333333
29,11,cl1xj98o800033f6bbzcyndpi,0,0.1828125,0.08125,0.025,0.0375
29,11,cl1xj9dfe00073f6bo87qdh30,0,0.42109375,0.3802083333333333,0.0328125,0.0354166666666666
29,11,cl1xj9ksa000b3f6bvr1hgnfn,0,0.78515625,0.5458333333333333,0.0359375,0.0375
29,1200,cl1xjb311000g3f6b7y8tt576,0,0.08125,0.5822916666666667,0.03125,0.04375
29,1200,cl1xjb8ci000k3f6bjjkf3trc,0,0.92734375,0.3083333333333333,0.0359375,0.0375
29,1201,cl1xjb311000g3f6b7y8tt576,0,0.08125,0.5822916666666667,0.03125,0.04375
29,1201,cl1xjb8ci000k3f6bjjkf3trc,0,0.92734375,0.3083333333333333,0.0359375,0.0375
29,1202,cl1xjb311000g3f6b7y8tt576,0,0.08125,0.5822916666666667,0.03125,0.04375
29,1202,cl1xjb8ci000k3f6bjjkf3trc,0,0.92734375,0.3083333333333333,0.0359375,0.0375
29,1203,cl1xjb311000g3f6b7y8tt576,0,0.08125,0.5822916666666667,0.03125,0.04375
29,1203,cl1xjb8ci000k3f6bjjkf3trc,0,0.92734375,0.3083333333333333,0.0359375,0.0375
29,1204,cl1xjb311000g3f6b7y8tt576,0,0.08125,0.5822916666666667,0.03125,0.04375
29,1204,cl1xjb8ci000k3f6bjjkf3trc,0,0.92734375,0.3083333333333333,0.0359375,0.0375
29,1205,cl1xjb311000g3f6b7y8tt576,0,0.08125,0.5822916666666667,0.03125,0.04375
29,1205,cl1xjb8ci000k3f6bjjkf3trc,0,0.92734375,0.3083333333333333,0.0359375,0.0375
29,1206,cl1xjb311000g3f6b7y8tt576,0,0.08125,0.5822916666666667,0.03125,0.04375
29,1206,cl1xjb8ci000k3f6bjjkf3trc,0,0.92734375,0.3083333333333333,0.0359375,0.0375
29,1207,cl1xjb311000g3f6b7y8tt576,0,0.08125,0.5822916666666667,0.03125,0.04375
29,1207,cl1xjb8ci000k3f6bjjkf3trc,0,0.92734375,0.3083333333333333,0.0359375,0.0375
29,1208,cl1xjb311000g3f6b7y8tt576,0,0.08125,0.5822916666666667,0.03125,0.04375
29,1208,cl1xjb8ci000k3f6bjjkf3trc,0,0.92734375,0.3083333333333333,0.0359375,0.0375
29,1209,cl1xjb311000g3f6b7y8tt576,0,0.08125,0.5822916666666667,0.03125,0.04375
29,1209,cl1xjb8ci000k3f6bjjkf3trc,0,0.92734375,0.3083333333333333,0.0359375,0.0375
29,120,ckz3w0j4d00133867psu0dku8,0,0.6125,0.1875,0.040625,0.0458333333333333
29,120,cl1xj98o800033f6bbzcyndpi,0,0.1828125,0.08125,0.025,0.0375
29,120,cl1xj9dfe00073f6bo87qdh30,0,0.42109375,0.3802083333333333,0.0328125,0.0354166666666666
29,120,cl1xj9ksa000b3f6bvr1hgnfn,0,0.78515625,0.5458333333333333,0.0359375,0.0375
29,1210,cl1xjb311000g3f6b7y8tt576,0,0.08125,0.5822916666666667,0.03125,0.04375
29,1210,cl1xjb8ci000k3f6bjjkf3trc,0,0.92734375,0.3083333333333333,0.0359375,0.0375
29,1211,cl1xjb311000g3f6b7y8tt576,0,0.08125,0.5822916666666667,0.03125,0.04375
29,1211,cl1xjb8ci000k3f6bjjkf3trc,0,0.92734375,0.3083333333333333,0.0359375,0.0375
29,1212,cl1xjb311000g3f6b7y8tt576,0,0.08125,0.5822916666666667,0.03125,0.04375
29,1212,cl1xjb8ci000k3f6bjjkf3trc,0,0.92734375,0.3083333333333333,0.0359375,0.0375
29,1213,cl1xjb311000g3f6b7y8tt576,0,0.08125,0.5822916666666667,0.03125,0.04375
29,1213,cl1xjb8ci000k3f6bjjkf3trc,0,0.92734375,0.3083333333333333,0.0359375,0.0375
29,1214,cl1xjb311000g3f6b7y8tt576,0,0.08125,0.5822916666666667,0.03125,0.04375
29,1214,cl1xjb8ci000k3f6bjjkf3trc,0,0.92734375,0.3083333333333333,0.0359375,0.0375
29,1215,cl1xjb311000g3f6b7y8tt576,0,0.08125,0.5822916666666667,0.03125,0.04375
29,1215,cl1xjb8ci000k3f6bjjkf3trc,0,0.92734375,0.3083333333333333,0.0359375,0.0375
29,1216,cl1xjb311000g3f6b7y8tt576,0,0.08125,0.5822916666666667,0.03125,0.04375
29,1216,cl1xjb8ci000k3f6bjjkf3trc,0,0.92734375,0.3083333333333333,0.0359375,0.0375
29,1217,cl1xjcojq000o3f6b4ewbxdvb,0,0.42734375,0.40625,0.0328125,0.0541666666666666
29,1217,cl1xjcsw3000s3f6b3gcs37qc,0,0.9109375,0.5239583333333333,0.028125,0.04375
29,1217,cl1xjczhw000w3f6bjpdezu1r,0,0.23671875,0.6958333333333333,0.0296875,0.0416666666666666
29,1217,cl1xjd69n00103f6bcv0qdi0b,0,0.59375,0.828125,0.0375,0.05625
29,1218,cl1xjcojq000o3f6b4ewbxdvb,0,0.4272693452380952,0.4062003968253968,0.0328125,0.0541666666666666
29,1218,cl1xjcsw3000s3f6b3gcs37qc,0,0.9109375,0.5239583333333333,0.028125,0.04375
29,1218,cl1xjczhw000w3f6bjpdezu1r,0,0.2381510416666666,0.7,0.03046875,0.0409722222222221
29,1218,cl1xjd69n00103f6bcv0qdi0b,0,0.5936458333333333,0.8281944444444445,0.0375,0.05625
29,1219,cl1xjcojq000o3f6b4ewbxdvb,0,0.4271949404761905,0.4061507936507936,0.0328125,0.0541666666666666
29,1219,cl1xjcsw3000s3f6b3gcs37qc,0,0.9109375,0.5239583333333333,0.028125,0.04375
29,1219,cl1xjczhw000w3f6bjpdezu1r,0,0.2395833333333333,0.7041666666666667,0.03125,0.0402777777777778
29,1219,cl1xjd69n00103f6bcv0qdi0b,0,0.5935416666666666,0.8282638888888889,0.0375,0.05625
29,121,ckz3w0j4d00133867psu0dku8,0,0.6125,0.1875,0.040625,0.0458333333333333
29,121,cl1xj98o800033f6bbzcyndpi,0,0.1828125,0.08125,0.025,0.0375
29,121,cl1xj9dfe00073f6bo87qdh30,0,0.42109375,0.3802083333333333,0.0328125,0.0354166666666666
29,121,cl1xj9ksa000b3f6bvr1hgnfn,0,0.78515625,0.5458333333333333,0.0359375,0.0375
29,1220,cl1xjcojq000o3f6b4ewbxdvb,0,0.4271205357142856,0.4061011904761905,0.0328125,0.0541666666666666
29,1220,cl1xjcsw3000s3f6b3gcs37qc,0,0.9109375,0.5239583333333333,0.028125,0.04375
29,1220,cl1xjczhw000w3f6bjpdezu1r,0,0.241015625,0.7083333333333334,0.03203125,0.0395833333333333
29,1220,cl1xjd69n00103f6bcv0qdi0b,0,0.5934375000000001,0.8283333333333334,0.0375,0.05625
29,1221,cl1xjcojq000o3f6b4ewbxdvb,0,0.4270461309523809,0.4060515873015873,0.0328125,0.0541666666666666
29,1221,cl1xjcsw3000s3f6b3gcs37qc,0,0.9109375,0.5239583333333333,0.028125,0.04375
29,1221,cl1xjczhw000w3f6bjpdezu1r,0,0.2424479166666666,0.7125,0.0328125,0.0388888888888888
29,1221,cl1xjd69n00103f6bcv0qdi0b,0,0.5933333333333334,0.8284027777777777,0.0375,0.05625
29,1222,cl1xjcojq000o3f6b4ewbxdvb,0,0.4269717261904762,0.4060019841269841,0.0328125,0.0541666666666666
29,1222,cl1xjcsw3000s3f6b3gcs37qc,0,0.9109375,0.5239583333333333,0.028125,0.04375
29,1222,cl1xjczhw000w3f6bjpdezu1r,0,0.2438802083333333,0.7166666666666667,0.03359375,0.0381944444444445
29,1222,cl1xjd69n00103f6bcv0qdi0b,0,0.5932291666666667,0.8284722222222223,0.0375,0.05625
29,1223,cl1xjcojq000o3f6b4ewbxdvb,0,0.4268973214285714,0.4059523809523809,0.0328125,0.0541666666666666
29,1223,cl1xjcsw3000s3f6b3gcs37qc,0,0.9109375,0.5239583333333333,0.028125,0.04375
29,1223,cl1xjczhw000w3f6bjpdezu1r,0,0.2453125,0.7208333333333333,0.034375,0.0375
29,1223,cl1xjd69n00103f6bcv0qdi0b,0,0.593125,0.8285416666666666,0.0375,0.05625
29,1224,cl1xjcojq000o3f6b4ewbxdvb,0,0.4268229166666667,0.4059027777777778,0.0328125,0.0541666666666666
29,1224,cl1xjcsw3000s3f6b3gcs37qc,0,0.9109375,0.5239583333333333,0.028125,0.04375
29,1224,cl1xjczhw000w3f6bjpdezu1r,0,0.2451171875,0.7244791666666667,0.033203125,0.0385416666666666
29,1224,cl1xjd69n00103f6bcv0qdi0b,0,0.5930208333333333,0.8286111111111112,0.0375,0.05625
29,1225,cl1xjcojq000o3f6b4ewbxdvb,0,0.4267485119047619,0.4058531746031745,0.0328125,0.0541666666666666
29,1225,cl1xjcsw3000s3f6b3gcs37qc,0,0.9109375,0.5239583333333333,0.028125,0.04375
29,1225,cl1xjczhw000w3f6bjpdezu1r,0,0.244921875,0.728125,0.03203125,0.0395833333333333
29,1225,cl1xjd69n00103f6bcv0qdi0b,0,0.5929166666666666,0.8286805555555555,0.0375,0.05625
29,1226,cl1xjcojq000o3f6b4ewbxdvb,0,0.4266741071428571,0.4058035714285714,0.0328125,0.0541666666666666
29,1226,cl1xjcsw3000s3f6b3gcs37qc,0,0.9109375,0.5239583333333333,0.028125,0.04375
29,1226,cl1xjczhw000w3f6bjpdezu1r,0,0.2447265625,0.7317708333333334,0.030859375,0.040625
29,1226,cl1xjd69n00103f6bcv0qdi0b,0,0.5928125,0.82875,0.0375,0.05625
29,1227,cl1xjcojq000o3f6b4ewbxdvb,0,0.4265997023809523,0.4057539682539682,0.0328125,0.0541666666666666
29,1227,cl1xjcsw3000s3f6b3gcs37qc,0,0.9109375,0.5239583333333333,0.028125,0.04375
29,1227,cl1xjczhw000w3f6bjpdezu1r,0,0.24453125,0.7354166666666667,0.0296875,0.0416666666666666
29,1227,cl1xjd69n00103f6bcv0qdi0b,0,0.5927083333333333,0.8288194444444444,0.0375,0.05625
29,1228,cl1xjcojq000o3f6b4ewbxdvb,0,0.4265252976190476,0.4057043650793651,0.0328125,0.0541666666666666
29,1228,cl1xjcsw3000s3f6b3gcs37qc,0,0.9109375,0.5239583333333333,0.028125,0.04375
29,1228,cl1xjczhw000w3f6bjpdezu1r,0,0.251171875,0.7364583333333333,0.03359375,0.0375
29,1228,cl1xjd69n00103f6bcv0qdi0b,0,0.5926041666666666,0.8288888888888889,0.0375,0.05625
29,1229,cl1xjcojq000o3f6b4ewbxdvb,0,0.4264508928571429,0.4056547619047619,0.0328125,0.0541666666666666
29,1229,cl1xjcsw3000s3f6b3gcs37qc,0,0.9109375,0.5239583333333333,0.028125,0.04375
29,1229,cl1xjczhw000w3f6bjpdezu1r,0,0.2578125,0.7375,0.0375,0.0333333333333333
29,1229,cl1xjd69n00103f6bcv0qdi0b,0,0.5925,0.8289583333333332,0.0375,0.05625
29,122,ckz3w0j4d00133867psu0dku8,0,0.6125,0.1875,0.040625,0.0458333333333333
29,122,cl1xj98o800033f6bbzcyndpi,0,0.1828125,0.08125,0.025,0.0375
29,122,cl1xj9dfe00073f6bo87qdh30,0,0.42109375,0.3802083333333333,0.0328125,0.0354166666666666
29,122,cl1xj9ksa000b3f6bvr1hgnfn,0,0.78515625,0.5458333333333333,0.0359375,0.0375
29,1230,cl1xjcojq000o3f6b4ewbxdvb,0,0.4263764880952381,0.4056051587301587,0.0328125,0.0541666666666666
29,1230,cl1xjcsw3000s3f6b3gcs37qc,0,0.9109375,0.5239583333333333,0.028125,0.04375
29,1230,cl1xjczhw000w3f6bjpdezu1r,0,0.2635416666666667,0.7369791666666666,0.0375,0.0336805555555554
29,1230,cl1xjd69n00103f6bcv0qdi0b,0,0.5923958333333333,0.8290277777777778,0.0375,0.05625
29,1231,cl1xjcojq000o3f6b4ewbxdvb,0,0.4263020833333333,0.4055555555555555,0.0328125,0.0541666666666666
29,1231,cl1xjcsw3000s3f6b3gcs37qc,0,0.9109375,0.5239583333333333,0.028125,0.04375
29,1231,cl1xjczhw000w3f6bjpdezu1r,0,0.2692708333333333,0.7364583333333333,0.0375,0.0340277777777778
29,1231,cl1xjd69n00103f6bcv0qdi0b,0,0.5922916666666667,0.8290972222222222,0.0375,0.05625
29,1232,cl1xjcojq000o3f6b4ewbxdvb,0,0.4262276785714285,0.4055059523809524,0.0328125,0.0541666666666666
29,1232,cl1xjcsw3000s3f6b3gcs37qc,0,0.9109375,0.5239583333333333,0.028125,0.04375
29,1232,cl1xjczhw000w3f6bjpdezu1r,0,0.275,0.7359375,0.0375,0.034375
29,1232,cl1xjd69n00103f6bcv0qdi0b,0,0.5921875,0.8291666666666667,0.0375,0.05625
29,1233,cl1xjcojq000o3f6b4ewbxdvb,0,0.4261532738095238,0.4054563492063492,0.0328125,0.0541666666666666
29,1233,cl1xjcsw3000s3f6b3gcs37qc,0,0.9109375,0.5239583333333333,0.028125,0.04375
29,1233,cl1xjczhw000w3f6bjpdezu1r,0,0.2807291666666666,0.7354166666666667,0.0375,0.0347222222222221
29,1233,cl1xjd69n00103f6bcv0qdi0b,0,0.5920833333333333,0.8292361111111112,0.0375,0.05625
29,1234,cl1xjcojq000o3f6b4ewbxdvb,0,0.426078869047619,0.405406746031746,0.0328125,0.0541666666666666
29,1234,cl1xjcsw3000s3f6b3gcs37qc,0,0.9109375,0.5239583333333333,0.028125,0.04375
29,1234,cl1xjczhw000w3f6bjpdezu1r,0,0.2864583333333333,0.7348958333333333,0.0375,0.0350694444444445
29,1234,cl1xjd69n00103f6bcv0qdi0b,0,0.5919791666666667,0.8293055555555555,0.0375,0.05625
29,1235,cl1xjcojq000o3f6b4ewbxdvb,0,0.4260044642857143,0.4053571428571428,0.0328125,0.0541666666666666
29,1235,cl1xjcsw3000s3f6b3gcs37qc,0,0.9109375,0.5239583333333333,0.028125,0.04375
29,1235,cl1xjczhw000w3f6bjpdezu1r,0,0.2921875,0.734375,0.0375,0.0354166666666666
29,1235,cl1xjd69n00103f6bcv0qdi0b,0,0.591875,0.8293750000000001,0.0375,0.05625
29,1236,cl1xjcojq000o3f6b4ewbxdvb,0,0.4259300595238094,0.4053075396825397,0.0328125,0.0541666666666666
29,1236,cl1xjcsw3000s3f6b3gcs37qc,0,0.9109375,0.5239583333333333,0.028125,0.04375
29,1236,cl1xjczhw000w3f6bjpdezu1r,0,0.29599609375,0.734765625,0.0373046875,0.0356770833333333
29,1236,cl1xjd69n00103f6bcv0qdi0b,0,0.5917708333333334,0.8294444444444444,0.0375,0.05625
29,1237,cl1xjcojq000o3f6b4ewbxdvb,0,0.4258556547619047,0.4052579365079365,0.0328125,0.0541666666666666
29,1237,cl1xjcsw3000s3f6b3gcs37qc,0,0.9109375,0.5239583333333333,0.028125,0.04375
29,1237,cl1xjczhw000w3f6bjpdezu1r,0,0.2998046875,0.73515625,0.037109375,0.0359375
29,1237,cl1xjd69n00103f6bcv0qdi0b,0,0.5916666666666667,0.8295138888888889,0.0375,0.05625
29,1238,cl1xjcojq000o3f6b4ewbxdvb,0,0.42578125,0.4052083333333333,0.0328125,0.0541666666666666
29,1238,cl1xjcsw3000s3f6b3gcs37qc,0,0.9109375,0.5239583333333333,0.028125,0.04375
29,1238,cl1xjczhw000w3f6bjpdezu1r,0,0.30361328125,0.735546875,0.0369140625,0.0361979166666666
29,1238,cl1xjd69n00103f6bcv0qdi0b,0,0.5915625,0.8295833333333333,0.0375,0.05625
29,1239,cl1xjcojq000o3f6b4ewbxdvb,0,0.4257068452380952,0.4051587301587301,0.0328125,0.0541666666666666
29,1239,cl1xjcsw3000s3f6b3gcs37qc,0,0.9109375,0.5239583333333333,0.028125,0.04375
29,1239,cl1xjczhw000w3f6bjpdezu1r,0,0.307421875,0.7359375,0.03671875,0.0364583333333333
29,1239,cl1xjd69n00103f6bcv0qdi0b,0,0.5914583333333334,0.8296527777777778,0.0375,0.05625
29,123,ckz3w0j4d00133867psu0dku8,0,0.6125,0.1875,0.040625,0.0458333333333333
29,123,cl1xj98o800033f6bbzcyndpi,0,0.1828125,0.08125,0.025,0.0375
29,123,cl1xj9dfe00073f6bo87qdh30,0,0.42109375,0.3802083333333333,0.0328125,0.0354166666666666
29,123,cl1xj9ksa000b3f6bvr1hgnfn,0,0.78515625,0.5458333333333333,0.0359375,0.0375
29,1240,cl1xjcojq000o3f6b4ewbxdvb,0,0.4256324404761905,0.405109126984127,0.0328125,0.0541666666666666
29,1240,cl1xjcsw3000s3f6b3gcs37qc,0,0.9109375,0.5239583333333333,0.028125,0.04375
29,1240,cl1xjczhw000w3f6bjpdezu1r,0,0.31123046875,0.736328125,0.0365234375,0.03671875
29,1240,cl1xjd69n00103f6bcv0qdi0b,0,0.5913541666666666,0.8297222222222221,0.0375,0.05625
29,1241,cl1xjcojq000o3f6b4ewbxdvb,0,0.4255580357142857,0.4050595238095237,0.0328125,0.0541666666666666
29,1241,cl1xjcsw3000s3f6b3gcs37qc,0,0.9109375,0.5239583333333333,0.028125,0.04375
29,1241,cl1xjczhw000w3f6bjpdezu1r,0,0.3150390625,0.73671875,0.036328125,0.0369791666666666
29,1241,cl1xjd69n00103f6bcv0qdi0b,0,0.5912499999999999,0.8297916666666667,0.0375,0.05625
29,1242,cl1xjcojq000o3f6b4ewbxdvb,0,0.4254836309523809,0.4050099206349206,0.0328125,0.0541666666666666
29,1242,cl1xjcsw3000s3f6b3gcs37qc,0,0.9109375,0.5239583333333333,0.028125,0.04375
29,1242,cl1xjczhw000w3f6bjpdezu1r,0,0.31884765625,0.737109375,0.0361328125,0.0372395833333333
29,1242,cl1xjd69n00103f6bcv0qdi0b,0,0.5911458333333333,0.829861111111111,0.0375,0.05625
29,1243,cl1xjcojq000o3f6b4ewbxdvb,0,0.4254092261904761,0.4049603174603174,0.0328125,0.0541666666666666
29,1243,cl1xjcsw3000s3f6b3gcs37qc,0,0.9109375,0.5239583333333333,0.028125,0.04375
29,1243,cl1xjczhw000w3f6bjpdezu1r,0,0.32265625,0.7375,0.0359375,0.0375
29,1243,cl1xjd69n00103f6bcv0qdi0b,0,0.5910416666666667,0.8299305555555556,0.0375,0.05625
29,1244,cl1xjcojq000o3f6b4ewbxdvb,0,0.4253348214285714,0.4049107142857143,0.0328125,0.0541666666666666
29,1244,cl1xjcsw3000s3f6b3gcs37qc,0,0.9109375,0.5239583333333333,0.028125,0.04375
29,1244,cl1xjczhw000w3f6bjpdezu1r,0,0.32373046875,0.7397135416666667,0.0357421875,0.0377604166666666
29,1244,cl1xjd69n00103f6bcv0qdi0b,0,0.5909375,0.83,0.0375,0.05625
29,1245,cl1xjcojq000o3f6b4ewbxdvb,0,0.4252604166666667,0.4048611111111111,0.0328125,0.0541666666666666
29,1245,cl1xjcsw3000s3f6b3gcs37qc,0,0.9109375,0.5239583333333333,0.028125,0.04375
29,1245,cl1xjczhw000w3f6bjpdezu1r,0,0.3248046875,0.7419270833333333,0.035546875,0.0380208333333333
29,1245,cl1xjd69n00103f6bcv0qdi0b,0,0.5908333333333333,0.8300694444444444,0.0375,0.05625
29,1246,cl1xjcojq000o3f6b4ewbxdvb,0,0.4251860119047618,0.4048115079365079,0.0328125,0.0541666666666666
29,1246,cl1xjcsw3000s3f6b3gcs37qc,0,0.9109375,0.5239583333333333,0.028125,0.04375
29,1246,cl1xjczhw000w3f6bjpdezu1r,0,0.32587890625,0.744140625,0.0353515625,0.03828125
29,1246,cl1xjd69n00103f6bcv0qdi0b,0,0.5907291666666666,0.8301388888888889,0.0375,0.05625
29,1247,cl1xjcojq000o3f6b4ewbxdvb,0,0.4251116071428571,0.4047619047619047,0.0328125,0.0541666666666666
29,1247,cl1xjcsw3000s3f6b3gcs37qc,0,0.9109375,0.5239583333333333,0.028125,0.04375
29,1247,cl1xjczhw000w3f6bjpdezu1r,0,0.326953125,0.7463541666666667,0.03515625,0.0385416666666666
29,1247,cl1xjd69n00103f6bcv0qdi0b,0,0.590625,0.8302083333333333,0.0375,0.05625
29,1248,cl1xjcojq000o3f6b4ewbxdvb,0,0.4250372023809524,0.4047123015873016,0.0328125,0.0541666666666666
29,1248,cl1xjcsw3000s3f6b3gcs37qc,0,0.9109375,0.5239583333333333,0.028125,0.04375
29,1248,cl1xjczhw000w3f6bjpdezu1r,0,0.32802734375,0.7485677083333333,0.0349609375,0.0388020833333333
29,1248,cl1xjd69n00103f6bcv0qdi0b,0,0.5905208333333334,0.8302777777777778,0.0375,0.05625
29,1249,cl1xjcojq000o3f6b4ewbxdvb,0,0.4249627976190476,0.4046626984126984,0.0328125,0.0541666666666666
29,1249,cl1xjcsw3000s3f6b3gcs37qc,0,0.9109375,0.5239583333333333,0.028125,0.04375
29,1249,cl1xjczhw000w3f6bjpdezu1r,0,0.3291015625,0.75078125,0.034765625,0.0390625
29,1249,cl1xjd69n00103f6bcv0qdi0b,0,0.5904166666666667,0.8303472222222222,0.0375,0.05625
29,124,ckz3w0j4d00133867psu0dku8,0,0.6125,0.1875,0.040625,0.0458333333333333
29,124,cl1xj98o800033f6bbzcyndpi,0,0.1828125,0.08125,0.025,0.0375
29,124,cl1xj9dfe00073f6bo87qdh30,0,0.42109375,0.3802083333333333,0.0328125,0.0354166666666666
29,124,cl1xj9ksa000b3f6bvr1hgnfn,0,0.78515625,0.5458333333333333,0.0359375,0.0375
29,1250,cl1xjcojq000o3f6b4ewbxdvb,0,0.4248883928571428,0.4046130952380952,0.0328125,0.0541666666666666
29,1250,cl1xjcsw3000s3f6b3gcs37qc,0,0.9109375,0.5239583333333333,0.028125,0.04375
29,1250,cl1xjczhw000w3f6bjpdezu1r,0,0.33017578125,0.7529947916666667,0.0345703125,0.0393229166666666
29,1250,cl1xjd69n00103f6bcv0qdi0b,0,0.5903125,0.8304166666666667,0.0375,0.05625
29,1251,cl1xjcojq000o3f6b4ewbxdvb,0,0.4248139880952381,0.404563492063492,0.0328125,0.0541666666666666
29,1251,cl1xjcsw3000s3f6b3gcs37qc,0,0.9109375,0.5239583333333333,0.028125,0.04375
29,1251,cl1xjczhw000w3f6bjpdezu1r,0,0.33125,0.7552083333333334,0.034375,0.0395833333333333
29,1251,cl1xjd69n00103f6bcv0qdi0b,0,0.5902083333333333,0.8304861111111111,0.0375,0.05625
29,1252,cl1xjcojq000o3f6b4ewbxdvb,0,0.4247395833333333,0.4045138888888889,0.0328125,0.0541666666666666
29,1252,cl1xjcsw3000s3f6b3gcs37qc,0,0.9109375,0.5239583333333333,0.028125,0.04375
29,1252,cl1xjczhw000w3f6bjpdezu1r,0,0.3334375,0.7577083333333333,0.0340625,0.0404166666666666
29,1252,cl1xjd69n00103f6bcv0qdi0b,0,0.5901041666666667,0.8305555555555556,0.0375,0.05625
29,1253,cl1xjcojq000o3f6b4ewbxdvb,0,0.4246651785714285,0.4044642857142857,0.0328125,0.0541666666666666
29,1253,cl1xjcsw3000s3f6b3gcs37qc,0,0.9109375,0.5239583333333333,0.028125,0.04375
29,1253,cl1xjczhw000w3f6bjpdezu1r,0,0.335625,0.7602083333333333,0.0337499999999999,0.04125
29,1253,cl1xjd69n00103f6bcv0qdi0b,0,0.5900000000000001,0.830625,0.0375,0.05625
29,1254,cl1xjcojq000o3f6b4ewbxdvb,0,0.4245907738095238,0.4044146825396825,0.0328125,0.0541666666666666
29,1254,cl1xjcsw3000s3f6b3gcs37qc,0,0.9109375,0.5239583333333333,0.028125,0.04375
29,1254,cl1xjczhw000w3f6bjpdezu1r,0,0.3378124999999999,0.7627083333333334,0.0334375,0.0420833333333333
29,1254,cl1xjd69n00103f6bcv0qdi0b,0,0.5898958333333334,0.8306944444444445,0.0375,0.05625
29,1255,cl1xjcojq000o3f6b4ewbxdvb,0,0.4245163690476191,0.4043650793650793,0.0328125,0.0541666666666666
29,1255,cl1xjcsw3000s3f6b3gcs37qc,0,0.9109375,0.5239583333333333,0.028125,0.04375
29,1255,cl1xjczhw000w3f6bjpdezu1r,0,0.3399999999999999,0.7652083333333334,0.0331249999999999,0.0429166666666667
29,1255,cl1xjd69n00103f6bcv0qdi0b,0,0.5897916666666666,0.8307638888888889,0.0375,0.05625
29,1256,cl1xjcojq000o3f6b4ewbxdvb,0,0.4244419642857143,0.4043154761904762,0.0328125,0.0541666666666666
29,1256,cl1xjcsw3000s3f6b3gcs37qc,0,0.9109375,0.5239583333333333,0.028125,0.04375
29,1256,cl1xjczhw000w3f6bjpdezu1r,0,0.3421875,0.7677083333333333,0.0328125,0.04375
29,1256,cl1xjd69n00103f6bcv0qdi0b,0,0.5896874999999999,0.8308333333333333,0.0375,0.05625
29,1257,cl1xjcojq000o3f6b4ewbxdvb,0,0.4243675595238095,0.4042658730158729,0.0328125,0.0541666666666666
29,1257,cl1xjcsw3000s3f6b3gcs37qc,0,0.9109375,0.5239583333333333,0.028125,0.04375
29,1257,cl1xjczhw000w3f6bjpdezu1r,0,0.344375,0.7702083333333333,0.0325,0.0445833333333332
29,1257,cl1xjd69n00103f6bcv0qdi0b,0,0.5895833333333333,0.8309027777777778,0.0375,0.05625
29,1258,cl1xjcojq000o3f6b4ewbxdvb,0,0.4242931547619047,0.4042162698412698,0.0328125,0.0541666666666666
29,1258,cl1xjcsw3000s3f6b3gcs37qc,0,0.9109375,0.5239583333333333,0.028125,0.04375
29,1258,cl1xjczhw000w3f6bjpdezu1r,0,0.3465625,0.7727083333333333,0.0321874999999999,0.0454166666666666
29,1258,cl1xjd69n00103f6bcv0qdi0b,0,0.5894791666666667,0.8309722222222222,0.0375,0.05625
29,1259,cl1xjcojq000o3f6b4ewbxdvb,0,0.42421875,0.4041666666666667,0.0328125,0.0541666666666666
29,1259,cl1xjcsw3000s3f6b3gcs37qc,0,0.9109375,0.5239583333333333,0.028125,0.04375
29,1259,cl1xjczhw000w3f6bjpdezu1r,0,0.34875,0.7752083333333334,0.031875,0.0462499999999999
29,1259,cl1xjd69n00103f6bcv0qdi0b,0,0.589375,0.8310416666666666,0.0375,0.05625
29,125,ckz3w0j4d00133867psu0dku8,0,0.6125,0.1875,0.040625,0.0458333333333333
29,125,cl1xj98o800033f6bbzcyndpi,0,0.1828125,0.08125,0.025,0.0375
29,125,cl1xj9dfe00073f6bo87qdh30,0,0.42109375,0.3802083333333333,0.0328125,0.0354166666666666
29,125,cl1xj9ksa000b3f6bvr1hgnfn,0,0.78515625,0.5458333333333333,0.0359375,0.0375
29,1260,cl1xjcojq000o3f6b4ewbxdvb,0,0.4241443452380952,0.4041170634920635,0.0328125,0.0541666666666666
29,1260,cl1xjcsw3000s3f6b3gcs37qc,0,0.9109375,0.5239583333333333,0.028125,0.04375
29,1260,cl1xjczhw000w3f6bjpdezu1r,0,0.3509375,0.7777083333333333,0.0315624999999999,0.0470833333333333
29,1260,cl1xjd69n00103f6bcv0qdi0b,0,0.5892708333333333,0.8311111111111111,0.0375,0.05625
29,1261,cl1xjcojq000o3f6b4ewbxdvb,0,0.4240699404761905,0.4040674603174603,0.0328125,0.0541666666666666
29,1261,cl1xjcsw3000s3f6b3gcs37qc,0,0.9109375,0.5239583333333333,0.028125,0.04375
29,1261,cl1xjczhw000w3f6bjpdezu1r,0,0.353125,0.7802083333333333,0.03125,0.0479166666666666
29,1261,cl1xjd69n00103f6bcv0qdi0b,0,0.5891666666666666,0.8311805555555555,0.0375,0.05625
29,1262,cl1xjcojq000o3f6b4ewbxdvb,0,0.4239955357142856,0.4040178571428571,0.0328125,0.0541666666666666
29,1262,cl1xjcsw3000s3f6b3gcs37qc,0,0.9109375,0.5239583333333333,0.028125,0.04375
29,1262,cl1xjczhw000w3f6bjpdezu1r,0,0.3532366071428571,0.7830357142857144,0.0310267857142857,0.0470238095238096
29,1262,cl1xjd69n00103f6bcv0qdi0b,0,0.5890625,0.83125,0.0375,0.05625
29,1263,cl1xjcojq000o3f6b4ewbxdvb,0,0.4239211309523809,0.403968253968254,0.0328125,0.0541666666666666
29,1263,cl1xjcsw3000s3f6b3gcs37qc,0,0.9109375,0.5239583333333333,0.028125,0.04375
29,1263,cl1xjczhw000w3f6bjpdezu1r,0,0.3533482142857143,0.7858630952380953,0.0308035714285714,0.0461309523809523
29,1263,cl1xjd69n00103f6bcv0qdi0b,0,0.5889583333333334,0.8313194444444445,0.0375,0.05625
29,1264,cl1xjcojq000o3f6b4ewbxdvb,0,0.4238467261904762,0.4039186507936508,0.0328125,0.0541666666666666
29,1264,cl1xjcsw3000s3f6b3gcs37qc,0,0.9109375,0.5239583333333333,0.028125,0.04375
29,1264,cl1xjczhw000w3f6bjpdezu1r,0,0.3534598214285714,0.7886904761904762,0.0305803571428571,0.0452380952380952
29,1264,cl1xjd69n00103f6bcv0qdi0b,0,0.5888541666666667,0.8313888888888888,0.0375,0.05625
29,1265,cl1xjcojq000o3f6b4ewbxdvb,0,0.4237723214285714,0.4038690476190476,0.0328125,0.0541666666666666
29,1265,cl1xjcsw3000s3f6b3gcs37qc,0,0.9109375,0.5239583333333333,0.028125,0.04375
29,1265,cl1xjczhw000w3f6bjpdezu1r,0,0.3535714285714285,0.7915178571428572,0.0303571428571428,0.044345238095238
29,1265,cl1xjd69n00103f6bcv0qdi0b,0,0.58875,0.8314583333333334,0.0375,0.05625
29,1266,cl1xjcojq000o3f6b4ewbxdvb,0,0.4236979166666667,0.4038194444444444,0.0328125,0.0541666666666666
29,1266,cl1xjcsw3000s3f6b3gcs37qc,0,0.9109375,0.5239583333333333,0.028125,0.04375
29,1266,cl1xjczhw000w3f6bjpdezu1r,0,0.3536830357142857,0.794345238095238,0.0301339285714285,0.043452380952381
29,1266,cl1xjd69n00103f6bcv0qdi0b,0,0.5886458333333333,0.8315277777777778,0.0375,0.05625
29,1267,cl1xjcojq000o3f6b4ewbxdvb,0,0.4236235119047619,0.4037698412698412,0.0328125,0.0541666666666666
29,1267,cl1xjcsw3000s3f6b3gcs37qc,0,0.9109375,0.5239583333333333,0.028125,0.04375
29,1267,cl1xjczhw000w3f6bjpdezu1r,0,0.3537946428571429,0.7971726190476189,0.0299107142857142,0.0425595238095237
29,1267,cl1xjd69n00103f6bcv0qdi0b,0,0.5885416666666667,0.8315972222222222,0.0375,0.05625
29,1268,cl1xjcojq000o3f6b4ewbxdvb,0,0.4235491071428571,0.4037202380952381,0.0328125,0.0541666666666666
29,1268,cl1xjcsw3000s3f6b3gcs37qc,0,0.9109375,0.5239583333333333,0.028125,0.04375
29,1268,cl1xjczhw000w3f6bjpdezu1r,0,0.35390625,0.8,0.0296875,0.0416666666666666
29,1268,cl1xjd69n00103f6bcv0qdi0b,0,0.5884375000000001,0.8316666666666667,0.0375,0.05625
29,1269,cl1xjcojq000o3f6b4ewbxdvb,0,0.4234747023809523,0.4036706349206349,0.0328125,0.0541666666666666
29,1269,cl1xjcsw3000s3f6b3gcs37qc,0,0.9109375,0.5239583333333333,0.028125,0.04375
29,1269,cl1xjczhw000w3f6bjpdezu1r,0,0.3545138888888889,0.8034722222222223,0.0298611111111111,0.0416666666666666
29,1269,cl1xjd69n00103f6bcv0qdi0b,0,0.5883333333333334,0.8317361111111111,0.0375,0.05625
29,126,ckz3w0j4d00133867psu0dku8,0,0.6125,0.1875,0.040625,0.0458333333333333
29,126,cl1xj98o800033f6bbzcyndpi,0,0.1828125,0.08125,0.025,0.0375
29,126,cl1xj9dfe00073f6bo87qdh30,0,0.42109375,0.3802083333333333,0.0328125,0.0354166666666666
29,126,cl1xj9ksa000b3f6bvr1hgnfn,0,0.78515625,0.5458333333333333,0.0359375,0.0375
29,1270,cl1xjcojq000o3f6b4ewbxdvb,0,0.4234002976190476,0.4036210317460317,0.0328125,0.0541666666666666
29,1270,cl1xjcsw3000s3f6b3gcs37qc,0,0.9109375,0.5239583333333333,0.028125,0.04375
29,1270,cl1xjczhw000w3f6bjpdezu1r,0,0.3551215277777778,0.8069444444444444,0.0300347222222222,0.0416666666666666
29,1270,cl1xjd69n00103f6bcv0qdi0b,0,0.5882291666666666,0.8318055555555556,0.0375,0.05625
29,1271,cl1xjcojq000o3f6b4ewbxdvb,0,0.4233258928571429,0.4035714285714286,0.0328125,0.0541666666666666
29,1271,cl1xjcsw3000s3f6b3gcs37qc,0,0.9109375,0.5239583333333333,0.028125,0.04375
29,1271,cl1xjczhw000w3f6bjpdezu1r,0,0.3557291666666667,0.8104166666666667,0.0302083333333333,0.0416666666666666
29,1271,cl1xjd69n00103f6bcv0qdi0b,0,0.588125,0.831875,0.0375,0.05625
29,1272,cl1xjcojq000o3f6b4ewbxdvb,0,0.4232514880952381,0.4035218253968254,0.0328125,0.0541666666666666
29,1272,cl1xjcsw3000s3f6b3gcs37qc,0,0.9109375,0.5239583333333333,0.028125,0.04375
29,1272,cl1xjczhw000w3f6bjpdezu1r,0,0.3563368055555555,0.8138888888888889,0.0303819444444444,0.0416666666666666
29,1272,cl1xjd69n00103f6bcv0qdi0b,0,0.5880208333333333,0.8319444444444444,0.0375,0.05625
29,1273,cl1xjcojq000o3f6b4ewbxdvb,0,0.4231770833333333,0.4034722222222222,0.0328125,0.0541666666666666
29,1273,cl1xjcsw3000s3f6b3gcs37qc,0,0.9109375,0.5239583333333333,0.028125,0.04375
29,1273,cl1xjczhw000w3f6bjpdezu1r,0,0.3569444444444444,0.8173611111111111,0.0305555555555555,0.0416666666666666
29,1273,cl1xjd69n00103f6bcv0qdi0b,0,0.5879166666666666,0.8320138888888889,0.0375,0.05625
29,1274,cl1xjcojq000o3f6b4ewbxdvb,0,0.4231026785714286,0.403422619047619,0.0328125,0.0541666666666666
29,1274,cl1xjcsw3000s3f6b3gcs37qc,0,0.9109375,0.5239583333333333,0.028125,0.04375
29,1274,cl1xjczhw000w3f6bjpdezu1r,0,0.3575520833333333,0.8208333333333333,0.0307291666666666,0.0416666666666666
29,1274,cl1xjd69n00103f6bcv0qdi0b,0,0.5878125,0.8320833333333333,0.0375,0.05625
29,1275,cl1xjcojq000o3f6b4ewbxdvb,0,0.4230282738095238,0.4033730158730159,0.0328125,0.0541666666666666
29,1275,cl1xjcsw3000s3f6b3gcs37qc,0,0.9109375,0.5239583333333333,0.028125,0.04375
29,1275,cl1xjczhw000w3f6bjpdezu1r,0,0.3581597222222222,0.8243055555555556,0.0309027777777777,0.0416666666666666
29,1275,cl1xjd69n00103f6bcv0qdi0b,0,0.5877083333333333,0.8321527777777777,0.0375,0.05625
29,1276,cl1xjcojq000o3f6b4ewbxdvb,0,0.422953869047619,0.4033234126984127,0.0328125,0.0541666666666666
29,1276,cl1xjcsw3000s3f6b3gcs37qc,0,0.9109375,0.5239583333333333,0.028125,0.04375
29,1276,cl1xjczhw000w3f6bjpdezu1r,0,0.358767361111111,0.8277777777777777,0.0310763888888888,0.0416666666666666
29,1276,cl1xjd69n00103f6bcv0qdi0b,0,0.5876041666666667,0.8322222222222222,0.0375,0.05625
29,1277,cl1xjcojq000o3f6b4ewbxdvb,0,0.4228794642857143,0.4032738095238095,0.0328125,0.0541666666666666
29,1277,cl1xjcsw3000s3f6b3gcs37qc,0,0.9109375,0.5239583333333333,0.028125,0.04375
29,1277,cl1xjczhw000w3f6bjpdezu1r,0,0.359375,0.83125,0.03125,0.0416666666666666
29,1277,cl1xjd69n00103f6bcv0qdi0b,0,0.5875,0.8322916666666667,0.0375,0.05625
29,1278,cl1xjcojq000o3f6b4ewbxdvb,0,0.4228050595238095,0.4032242063492063,0.0328125,0.0541666666666666
29,1278,cl1xjcsw3000s3f6b3gcs37qc,0,0.9109375,0.5239583333333333,0.028125,0.04375
29,1278,cl1xjczhw000w3f6bjpdezu1r,0,0.3603515625,0.8350260416666667,0.03125,0.0424479166666666
29,1278,cl1xjd69n00103f6bcv0qdi0b,0,0.5875,0.8322916666666667,0.0375,0.05625
29,1279,cl1xjcojq000o3f6b4ewbxdvb,0,0.4227306547619047,0.4031746031746032,0.0328125,0.0541666666666666
29,1279,cl1xjcsw3000s3f6b3gcs37qc,0,0.9109375,0.5239583333333333,0.028125,0.04375
29,1279,cl1xjczhw000w3f6bjpdezu1r,0,0.361328125,0.8388020833333333,0.03125,0.0432291666666666
29,1279,cl1xjd69n00103f6bcv0qdi0b,0,0.5875,0.8322916666666667,0.0375,0.05625
29,127,ckz3w0j4d00133867psu0dku8,0,0.6125,0.1875,0.040625,0.0458333333333333
29,127,cl1xj98o800033f6bbzcyndpi,0,0.1828125,0.08125,0.025,0.0375
29,127,cl1xj9dfe00073f6bo87qdh30,0,0.42109375,0.3802083333333333,0.0328125,0.0354166666666666
29,127,cl1xj9ksa000b3f6bvr1hgnfn,0,0.78515625,0.5458333333333333,0.0359375,0.0375
29,1280,cl1xjcojq000o3f6b4ewbxdvb,0,0.42265625,0.403125,0.0328125,0.0541666666666666
29,1280,cl1xjcsw3000s3f6b3gcs37qc,0,0.9109375,0.5239583333333333,0.028125,0.04375
29,1280,cl1xjczhw000w3f6bjpdezu1r,0,0.3623046875,0.842578125,0.03125,0.0440104166666666
29,1280,cl1xjd69n00103f6bcv0qdi0b,0,0.5875,0.8322916666666667,0.0375,0.05625
29,1281,cl1xjcojq000o3f6b4ewbxdvb,0,0.4225818452380953,0.4030753968253968,0.0328125,0.0541666666666666
29,1281,cl1xjcsw3000s3f6b3gcs37qc,0,0.9109375,0.5239583333333333,0.028125,0.04375
29,1281,cl1xjczhw000w3f6bjpdezu1r,0,0.36328125,0.8463541666666666,0.03125,0.0447916666666666
29,1281,cl1xjd69n00103f6bcv0qdi0b,0,0.5875,0.8322916666666667,0.0375,0.05625
29,1282,cl1xjcojq000o3f6b4ewbxdvb,0,0.4225074404761905,0.4030257936507936,0.0328125,0.0541666666666666
29,1282,cl1xjcsw3000s3f6b3gcs37qc,0,0.9109375,0.5239583333333333,0.028125,0.04375
29,1282,cl1xjczhw000w3f6bjpdezu1r,0,0.3642578125,0.8501302083333333,0.03125,0.0455729166666666
29,1282,cl1xjd69n00103f6bcv0qdi0b,0,0.5875,0.8322916666666667,0.0375,0.05625
29,1283,cl1xjcojq000o3f6b4ewbxdvb,0,0.4224330357142857,0.4029761904761904,0.0328125,0.0541666666666666
29,1283,cl1xjcsw3000s3f6b3gcs37qc,0,0.9109375,0.5239583333333333,0.028125,0.04375
29,1283,cl1xjczhw000w3f6bjpdezu1r,0,0.365234375,0.85390625,0.03125,0.0463541666666666
29,1283,cl1xjd69n00103f6bcv0qdi0b,0,0.5875,0.8322916666666667,0.0375,0.05625
29,1284,cl1xjcojq000o3f6b4ewbxdvb,0,0.4223586309523809,0.4029265873015873,0.0328125,0.0541666666666666
29,1284,cl1xjcsw3000s3f6b3gcs37qc,0,0.9109375,0.5239583333333333,0.028125,0.04375
29,1284,cl1xjczhw000w3f6bjpdezu1r,0,0.3662109375,0.8576822916666667,0.03125,0.0471354166666666
29,1284,cl1xjd69n00103f6bcv0qdi0b,0,0.5875,0.8322916666666667,0.0375,0.05625
29,1285,cl1xjcojq000o3f6b4ewbxdvb,0,0.4222842261904762,0.4028769841269841,0.0328125,0.0541666666666666
29,1285,cl1xjcsw3000s3f6b3gcs37qc,0,0.9109375,0.5239583333333333,0.028125,0.04375
29,1285,cl1xjczhw000w3f6bjpdezu1r,0,0.3671875,0.8614583333333333,0.03125,0.0479166666666666
29,1285,cl1xjd69n00103f6bcv0qdi0b,0,0.5875,0.8322916666666667,0.0375,0.05625
29,1286,cl1xjcojq000o3f6b4ewbxdvb,0,0.4222098214285714,0.4028273809523809,0.0328125,0.0541666666666666
29,1286,cl1xjcsw3000s3f6b3gcs37qc,0,0.9109375,0.5239583333333333,0.028125,0.04375
29,1286,cl1xjczhw000w3f6bjpdezu1r,0,0.36671875,0.8640625,0.03125,0.0489583333333333
29,1286,cl1xjd69n00103f6bcv0qdi0b,0,0.5875,0.8322916666666667,0.0375,0.05625
29,1287,cl1xjcojq000o3f6b4ewbxdvb,0,0.4221354166666667,0.4027777777777778,0.0328125,0.0541666666666666
29,1287,cl1xjcsw3000s3f6b3gcs37qc,0,0.9109375,0.5239583333333333,0.028125,0.04375
29,1287,cl1xjczhw000w3f6bjpdezu1r,0,0.36625,0.8666666666666667,0.03125,0.05
29,1287,cl1xjd69n00103f6bcv0qdi0b,0,0.5875,0.8322916666666667,0.0375,0.05625
29,1288,cl1xjcojq000o3f6b4ewbxdvb,0,0.4220610119047618,0.4027281746031745,0.0328125,0.0541666666666666
29,1288,cl1xjcsw3000s3f6b3gcs37qc,0,0.9109375,0.5239583333333333,0.028125,0.04375
29,1288,cl1xjczhw000w3f6bjpdezu1r,0,0.36578125,0.8692708333333333,0.03125,0.0510416666666666
29,1288,cl1xjd69n00103f6bcv0qdi0b,0,0.5875,0.8322916666666667,0.0375,0.05625
29,1289,cl1xjcojq000o3f6b4ewbxdvb,0,0.4219866071428571,0.4026785714285714,0.0328125,0.0541666666666666
29,1289,cl1xjcsw3000s3f6b3gcs37qc,0,0.9109375,0.5239583333333333,0.028125,0.04375
29,1289,cl1xjczhw000w3f6bjpdezu1r,0,0.3653125,0.871875,0.03125,0.0520833333333333
29,1289,cl1xjd69n00103f6bcv0qdi0b,0,0.5875,0.8322916666666667,0.0375,0.05625
29,128,ckz3w0j4d00133867psu0dku8,0,0.6125,0.1875,0.040625,0.0458333333333333
29,128,cl1xj98o800033f6bbzcyndpi,0,0.1828125,0.08125,0.025,0.0375
29,128,cl1xj9dfe00073f6bo87qdh30,0,0.42109375,0.3802083333333333,0.0328125,0.0354166666666666
29,128,cl1xj9ksa000b3f6bvr1hgnfn,0,0.78515625,0.5458333333333333,0.0359375,0.0375
29,1290,cl1xjcojq000o3f6b4ewbxdvb,0,0.4219122023809524,0.4026289682539682,0.0328125,0.0541666666666666
29,1290,cl1xjcsw3000s3f6b3gcs37qc,0,0.9109375,0.5239583333333333,0.028125,0.04375
29,1290,cl1xjczhw000w3f6bjpdezu1r,0,0.36484375,0.8744791666666667,0.03125,0.053125
29,1290,cl1xjd69n00103f6bcv0qdi0b,0,0.5875,0.8322916666666667,0.0375,0.05625
29,1291,cl1xjcojq000o3f6b4ewbxdvb,0,0.4218377976190476,0.4025793650793651,0.0328125,0.0541666666666666
29,1291,cl1xjcsw3000s3f6b3gcs37qc,0,0.9109375,0.5239583333333333,0.028125,0.04375
29,1291,cl1xjczhw000w3f6bjpdezu1r,0,0.364375,0.8770833333333333,0.03125,0.0541666666666666
29,1291,cl1xjd69n00103f6bcv0qdi0b,0,0.5875,0.8322916666666667,0.0375,0.05625
29,1292,cl1xjcojq000o3f6b4ewbxdvb,0,0.4217633928571428,0.4025297619047619,0.0328125,0.0541666666666666
29,1292,cl1xjcsw3000s3f6b3gcs37qc,0,0.9109375,0.5239583333333333,0.028125,0.04375
29,1292,cl1xjczhw000w3f6bjpdezu1r,0,0.36390625,0.8796875,0.03125,0.0552083333333333
29,1292,cl1xjd69n00103f6bcv0qdi0b,0,0.5875,0.8322916666666667,0.0375,0.05625
29,1293,cl1xjcojq000o3f6b4ewbxdvb,0,0.4216889880952381,0.4024801587301587,0.0328125,0.0541666666666666
29,1293,cl1xjcsw3000s3f6b3gcs37qc,0,0.9109375,0.5239583333333333,0.028125,0.04375
29,1293,cl1xjczhw000w3f6bjpdezu1r,0,0.3634374999999999,0.8822916666666667,0.03125,0.05625
29,1293,cl1xjd69n00103f6bcv0qdi0b,0,0.5875,0.8322916666666667,0.0375,0.05625
29,1294,cl1xjcojq000o3f6b4ewbxdvb,0,0.4216145833333333,0.4024305555555555,0.0328125,0.0541666666666666
29,1294,cl1xjcsw3000s3f6b3gcs37qc,0,0.9109375,0.5239583333333333,0.028125,0.04375
29,1294,cl1xjczhw000w3f6bjpdezu1r,0,0.36296875,0.8848958333333333,0.03125,0.0572916666666666
29,1294,cl1xjd69n00103f6bcv0qdi0b,0,0.5875,0.8322916666666667,0.0375,0.05625
29,1295,cl1xjcojq000o3f6b4ewbxdvb,0,0.4215401785714285,0.4023809523809524,0.0328125,0.0541666666666666
29,1295,cl1xjcsw3000s3f6b3gcs37qc,0,0.9109375,0.5239583333333333,0.028125,0.04375
29,1295,cl1xjczhw000w3f6bjpdezu1r,0,0.3625,0.8875,0.03125,0.0583333333333333
29,1295,cl1xjd69n00103f6bcv0qdi0b,0,0.5875,0.8322916666666667,0.0375,0.05625
29,1296,cl1xjcojq000o3f6b4ewbxdvb,0,0.4214657738095238,0.4023313492063492,0.0328125,0.0541666666666666
29,1296,cl1xjcsw3000s3f6b3gcs37qc,0,0.9109375,0.5239583333333333,0.028125,0.04375
29,1296,cl1xjczhw000w3f6bjpdezu1r,0,0.359765625,0.8932291666666666,0.03359375,0.0552083333333333
29,1296,cl1xjd69n00103f6bcv0qdi0b,0,0.5875,0.8322916666666667,0.0375,0.05625
29,1297,cl1xjcojq000o3f6b4ewbxdvb,0,0.4213913690476191,0.402281746031746,0.0328125,0.0541666666666666
29,1297,cl1xjcsw3000s3f6b3gcs37qc,0,0.9109375,0.5239583333333333,0.028125,0.04375
29,1297,cl1xjczhw000w3f6bjpdezu1r,0,0.35703125,0.8989583333333333,0.0359375,0.0520833333333333
29,1297,cl1xjd69n00103f6bcv0qdi0b,0,0.5875,0.8322916666666667,0.0375,0.05625
29,1298,cl1xjcojq000o3f6b4ewbxdvb,0,0.4213169642857143,0.4022321428571428,0.0328125,0.0541666666666666
29,1298,cl1xjcsw3000s3f6b3gcs37qc,0,0.9109375,0.5239583333333333,0.028125,0.04375
29,1298,cl1xjczhw000w3f6bjpdezu1r,0,0.3559895833333333,0.9007638888888888,0.0359375,0.0520833333333333
29,1298,cl1xjd69n00103f6bcv0qdi0b,0,0.5875,0.8322916666666667,0.0375,0.05625
29,1299,cl1xjcojq000o3f6b4ewbxdvb,0,0.4212425595238095,0.4021825396825396,0.0328125,0.0541666666666666
29,1299,cl1xjcsw3000s3f6b3gcs37qc,0,0.9109375,0.5239583333333333,0.028125,0.04375
29,1299,cl1xjczhw000w3f6bjpdezu1r,0,0.3549479166666666,0.9025694444444444,0.0359375,0.0520833333333333
29,1299,cl1xjd69n00103f6bcv0qdi0b,0,0.5875,0.8322916666666667,0.0375,0.05625
29,129,ckz3w0j4d00133867psu0dku8,0,0.6125,0.1875,0.040625,0.0458333333333333
29,129,cl1xj98o800033f6bbzcyndpi,0,0.1828125,0.08125,0.025,0.0375
29,129,cl1xj9dfe00073f6bo87qdh30,0,0.42109375,0.3802083333333333,0.0328125,0.0354166666666666
29,129,cl1xj9ksa000b3f6bvr1hgnfn,0,0.78515625,0.5458333333333333,0.0359375,0.0375
29,12,ckz3w0j4d00133867psu0dku8,0,0.6125,0.1875,0.040625,0.0458333333333333
29,12,cl1xj98o800033f6bbzcyndpi,0,0.1828125,0.08125,0.025,0.0375
29,12,cl1xj9dfe00073f6bo87qdh30,0,0.42109375,0.3802083333333333,0.0328125,0.0354166666666666
29,12,cl1xj9ksa000b3f6bvr1hgnfn,0,0.78515625,0.5458333333333333,0.0359375,0.0375
29,1300,cl1xjcojq000o3f6b4ewbxdvb,0,0.4211681547619047,0.4021329365079365,0.0328125,0.0541666666666666
29,1300,cl1xjcsw3000s3f6b3gcs37qc,0,0.9109375,0.5239583333333333,0.028125,0.04375
29,1300,cl1xjczhw000w3f6bjpdezu1r,0,0.35390625,0.904375,0.0359375,0.0520833333333333
29,1300,cl1xjd69n00103f6bcv0qdi0b,0,0.5875,0.8322916666666667,0.0375,0.05625
29,1301,cl1xjcojq000o3f6b4ewbxdvb,0,0.42109375,0.4020833333333333,0.0328125,0.0541666666666666
29,1301,cl1xjcsw3000s3f6b3gcs37qc,0,0.9109375,0.5239583333333333,0.028125,0.04375
29,1301,cl1xjczhw000w3f6bjpdezu1r,0,0.3528645833333333,0.9061805555555555,0.0359375,0.0520833333333333
29,1301,cl1xjd69n00103f6bcv0qdi0b,0,0.5875,0.8322916666666667,0.0375,0.05625
29,1302,cl1xjcojq000o3f6b4ewbxdvb,0,0.4210193452380952,0.4020337301587302,0.0328125,0.0541666666666666
29,1302,cl1xjcsw3000s3f6b3gcs37qc,0,0.9109375,0.5239583333333333,0.028125,0.04375
29,1302,cl1xjczhw000w3f6bjpdezu1r,0,0.3518229166666666,0.907986111111111,0.0359375,0.0520833333333333
29,1302,cl1xjd69n00103f6bcv0qdi0b,0,0.5875,0.8322916666666667,0.0375,0.05625
29,1303,cl1xjcojq000o3f6b4ewbxdvb,0,0.4209449404761905,0.401984126984127,0.0328125,0.0541666666666666
29,1303,cl1xjcsw3000s3f6b3gcs37qc,0,0.9109375,0.5239583333333333,0.028125,0.04375
29,1303,cl1xjczhw000w3f6bjpdezu1r,0,0.35078125,0.9097916666666668,0.0359375,0.0520833333333333
29,1303,cl1xjd69n00103f6bcv0qdi0b,0,0.5875,0.8322916666666667,0.0375,0.05625
29,1304,cl1xjcojq000o3f6b4ewbxdvb,0,0.4208705357142857,0.4019345238095237,0.0328125,0.0541666666666666
29,1304,cl1xjcsw3000s3f6b3gcs37qc,0,0.9109375,0.5239583333333333,0.028125,0.04375
29,1304,cl1xjczhw000w3f6bjpdezu1r,0,0.3497395833333333,0.9115972222222222,0.0359375,0.0520833333333333
29,1304,cl1xjd69n00103f6bcv0qdi0b,0,0.5875,0.8322916666666667,0.0375,0.05625
29,1305,cl1xjcojq000o3f6b4ewbxdvb,0,0.4207961309523809,0.4018849206349206,0.0328125,0.0541666666666666
29,1305,cl1xjcsw3000s3f6b3gcs37qc,0,0.9109375,0.5239583333333333,0.028125,0.04375
29,1305,cl1xjczhw000w3f6bjpdezu1r,0,0.3486979166666666,0.9134027777777778,0.0359375,0.0520833333333333
29,1305,cl1xjd69n00103f6bcv0qdi0b,0,0.5875,0.8322916666666667,0.0375,0.05625
29,1306,cl1xjcojq000o3f6b4ewbxdvb,0,0.4207217261904762,0.4018353174603175,0.0328125,0.0541666666666666
29,1306,cl1xjcsw3000s3f6b3gcs37qc,0,0.9109375,0.5239583333333333,0.028125,0.04375
29,1306,cl1xjczhw000w3f6bjpdezu1r,0,0.34765625,0.9152083333333334,0.0359375,0.0520833333333333
29,1306,cl1xjd69n00103f6bcv0qdi0b,0,0.5875,0.8322916666666667,0.0375,0.05625
29,1307,cl1xjcojq000o3f6b4ewbxdvb,0,0.4206473214285714,0.4017857142857143,0.0328125,0.0541666666666666
29,1307,cl1xjcsw3000s3f6b3gcs37qc,0,0.9109375,0.5239583333333333,0.028125,0.04375
29,1307,cl1xjczhw000w3f6bjpdezu1r,0,0.3466145833333333,0.9170138888888888,0.0359375,0.0520833333333333
29,1307,cl1xjd69n00103f6bcv0qdi0b,0,0.5875,0.8322916666666667,0.0375,0.05625
29,1308,cl1xjcojq000o3f6b4ewbxdvb,0,0.4205729166666667,0.4017361111111111,0.0328125,0.0541666666666666
29,1308,cl1xjcsw3000s3f6b3gcs37qc,0,0.9109375,0.5239583333333333,0.028125,0.04375
29,1308,cl1xjczhw000w3f6bjpdezu1r,0,0.3455729166666667,0.9188194444444444,0.0359375,0.0520833333333333
29,1308,cl1xjd69n00103f6bcv0qdi0b,0,0.5875,0.8322916666666667,0.0375,0.05625
29,1309,cl1xjcojq000o3f6b4ewbxdvb,0,0.4204985119047618,0.4016865079365079,0.0328125,0.0541666666666666
29,1309,cl1xjcsw3000s3f6b3gcs37qc,0,0.9109375,0.5239583333333333,0.028125,0.04375
29,1309,cl1xjczhw000w3f6bjpdezu1r,0,0.34453125,0.920625,0.0359375,0.0520833333333333
29,1309,cl1xjd69n00103f6bcv0qdi0b,0,0.5875,0.8322916666666667,0.0375,0.05625
29,130,ckz3w0j4d00133867psu0dku8,0,0.6125,0.1875,0.040625,0.0458333333333333
29,130,cl1xj98o800033f6bbzcyndpi,0,0.1828125,0.08125,0.025,0.0375
29,130,cl1xj9dfe00073f6bo87qdh30,0,0.42109375,0.3802083333333333,0.0328125,0.0354166666666666
29,130,cl1xj9ksa000b3f6bvr1hgnfn,0,0.78515625,0.5458333333333333,0.0359375,0.0375
29,1310,cl1xjcojq000o3f6b4ewbxdvb,0,0.4204241071428571,0.4016369047619047,0.0328125,0.0541666666666666
29,1310,cl1xjcsw3000s3f6b3gcs37qc,0,0.9109375,0.5239583333333333,0.028125,0.04375
29,1310,cl1xjczhw000w3f6bjpdezu1r,0,0.3434895833333333,0.9224305555555556,0.0359375,0.0520833333333333
29,1310,cl1xjd69n00103f6bcv0qdi0b,0,0.5875,0.8322916666666667,0.0375,0.05625
29,1311,cl1xjcojq000o3f6b4ewbxdvb,0,0.4203497023809524,0.4015873015873016,0.0328125,0.0541666666666666
29,1311,cl1xjcsw3000s3f6b3gcs37qc,0,0.9109375,0.5239583333333333,0.028125,0.04375
29,1311,cl1xjczhw000w3f6bjpdezu1r,0,0.3424479166666666,0.9242361111111111,0.0359375,0.0520833333333333
29,1311,cl1xjd69n00103f6bcv0qdi0b,0,0.5875,0.8322916666666667,0.0375,0.05625
29,1312,cl1xjcojq000o3f6b4ewbxdvb,0,0.4202752976190476,0.4015376984126984,0.0328125,0.0541666666666666
29,1312,cl1xjcsw3000s3f6b3gcs37qc,0,0.9109375,0.5239583333333333,0.028125,0.04375
29,1312,cl1xjczhw000w3f6bjpdezu1r,0,0.34140625,0.9260416666666668,0.0359375,0.0520833333333333
29,1312,cl1xjd69n00103f6bcv0qdi0b,0,0.5875,0.8322916666666667,0.0375,0.05625
29,1313,cl1xjcojq000o3f6b4ewbxdvb,0,0.4202008928571429,0.4014880952380952,0.0328125,0.0541666666666666
29,1313,cl1xjcsw3000s3f6b3gcs37qc,0,0.9109375,0.5239583333333333,0.028125,0.04375
29,1313,cl1xjczhw000w3f6bjpdezu1r,0,0.338984375,0.9273958333333332,0.0364062499999999,0.050625
29,1313,cl1xjd69n00103f6bcv0qdi0b,0,0.5875,0.8322916666666667,0.0375,0.05625
29,1314,cl1xjcojq000o3f6b4ewbxdvb,0,0.4201264880952381,0.4014384920634921,0.0328125,0.0541666666666666
29,1314,cl1xjcsw3000s3f6b3gcs37qc,0,0.9109375,0.5239583333333333,0.028125,0.04375
29,1314,cl1xjczhw000w3f6bjpdezu1r,0,0.3365625,0.92875,0.0368749999999999,0.0491666666666667
29,1314,cl1xjd69n00103f6bcv0qdi0b,0,0.5875,0.8322916666666667,0.0375,0.05625
29,1315,cl1xjcojq000o3f6b4ewbxdvb,0,0.4200520833333333,0.4013888888888888,0.0328125,0.0541666666666666
29,1315,cl1xjcsw3000s3f6b3gcs37qc,0,0.9109375,0.5239583333333333,0.028125,0.04375
29,1315,cl1xjczhw000w3f6bjpdezu1r,0,0.334140625,0.9301041666666666,0.03734375,0.0477083333333332
29,1315,cl1xjd69n00103f6bcv0qdi0b,0,0.5875,0.8322916666666667,0.0375,0.05625
29,1316,cl1xjcojq000o3f6b4ewbxdvb,0,0.4199776785714285,0.4013392857142857,0.0328125,0.0541666666666666
29,1316,cl1xjcsw3000s3f6b3gcs37qc,0,0.9109375,0.5239583333333333,0.028125,0.04375
29,1316,cl1xjczhw000w3f6bjpdezu1r,0,0.33171875,0.9314583333333334,0.0378125,0.0462499999999999
29,1316,cl1xjd69n00103f6bcv0qdi0b,0,0.5875,0.8322916666666667,0.0375,0.05625
29,1317,cl1xjcojq000o3f6b4ewbxdvb,0,0.4199032738095238,0.4012896825396825,0.0328125,0.0541666666666666
29,1317,cl1xjcsw3000s3f6b3gcs37qc,0,0.9109375,0.5239583333333333,0.028125,0.04375
29,1317,cl1xjczhw000w3f6bjpdezu1r,0,0.329296875,0.9328125,0.03828125,0.0447916666666666
29,1317,cl1xjd69n00103f6bcv0qdi0b,0,0.5875,0.8322916666666667,0.0375,0.05625
29,1318,cl1xjcojq000o3f6b4ewbxdvb,0,0.419828869047619,0.4012400793650794,0.0328125,0.0541666666666666
29,1318,cl1xjcsw3000s3f6b3gcs37qc,0,0.9109375,0.5239583333333333,0.028125,0.04375
29,1318,cl1xjczhw000w3f6bjpdezu1r,0,0.3268749999999999,0.9341666666666666,0.0387499999999999,0.0433333333333333
29,1318,cl1xjd69n00103f6bcv0qdi0b,0,0.5875,0.8322916666666667,0.0375,0.05625
29,1319,cl1xjcojq000o3f6b4ewbxdvb,0,0.4197544642857143,0.4011904761904762,0.0328125,0.0541666666666666
29,1319,cl1xjcsw3000s3f6b3gcs37qc,0,0.9109375,0.5239583333333333,0.028125,0.04375
29,1319,cl1xjczhw000w3f6bjpdezu1r,0,0.3244531249999999,0.9355208333333334,0.0392187499999999,0.041875
29,1319,cl1xjd69n00103f6bcv0qdi0b,0,0.5875,0.8322916666666667,0.0375,0.05625
29,131,ckz3w0j4d00133867psu0dku8,0,0.6125,0.1875,0.040625,0.0458333333333333
29,131,cl1xj98o800033f6bbzcyndpi,0,0.1828125,0.08125,0.025,0.0375
29,131,cl1xj9dfe00073f6bo87qdh30,0,0.42109375,0.3802083333333333,0.0328125,0.0354166666666666
29,131,cl1xj9ksa000b3f6bvr1hgnfn,0,0.78515625,0.5458333333333333,0.0359375,0.0375
29,1320,cl1xjcojq000o3f6b4ewbxdvb,0,0.4196800595238095,0.401140873015873,0.0328125,0.0541666666666666
29,1320,cl1xjcsw3000s3f6b3gcs37qc,0,0.9109375,0.5239583333333333,0.028125,0.04375
29,1320,cl1xjczhw000w3f6bjpdezu1r,0,0.32203125,0.936875,0.0396875,0.0404166666666666
29,1320,cl1xjd69n00103f6bcv0qdi0b,0,0.5875,0.8322916666666667,0.0375,0.05625
29,1321,cl1xjcojq000o3f6b4ewbxdvb,0,0.4196056547619047,0.4010912698412698,0.0328125,0.0541666666666666
29,1321,cl1xjcsw3000s3f6b3gcs37qc,0,0.9109375,0.5239583333333333,0.028125,0.04375
29,1321,cl1xjczhw000w3f6bjpdezu1r,0,0.319609375,0.9382291666666668,0.04015625,0.0389583333333333
29,1321,cl1xjd69n00103f6bcv0qdi0b,0,0.5875,0.8322916666666667,0.0375,0.05625
29,1322,cl1xjcojq000o3f6b4ewbxdvb,0,0.41953125,0.4010416666666667,0.0328125,0.0541666666666666
29,1322,cl1xjcsw3000s3f6b3gcs37qc,0,0.9109375,0.5239583333333333,0.028125,0.04375
29,1322,cl1xjczhw000w3f6bjpdezu1r,0,0.3171875,0.9395833333333332,0.040625,0.0375
29,1322,cl1xjd69n00103f6bcv0qdi0b,0,0.5875,0.8322916666666667,0.0375,0.05625
29,1323,cl1xjcojq000o3f6b4ewbxdvb,0,0.4194568452380952,0.4009920634920635,0.0328125,0.0541666666666666
29,1323,cl1xjcsw3000s3f6b3gcs37qc,0,0.9109375,0.5239583333333333,0.028125,0.04375
29,1323,cl1xjczhw000w3f6bjpdezu1r,0,0.3150390625,0.93984375,0.040234375,0.0376736111111111
29,1323,cl1xjd69n00103f6bcv0qdi0b,0,0.5875,0.8322916666666667,0.0375,0.05625
29,1324,cl1xjcojq000o3f6b4ewbxdvb,0,0.4193824404761905,0.4009424603174603,0.0328125,0.0541666666666666
29,1324,cl1xjcsw3000s3f6b3gcs37qc,0,0.9109375,0.5239583333333333,0.028125,0.04375
29,1324,cl1xjczhw000w3f6bjpdezu1r,0,0.312890625,0.9401041666666666,0.03984375,0.0378472222222221
29,1324,cl1xjd69n00103f6bcv0qdi0b,0,0.5875,0.8322916666666667,0.0375,0.05625
29,1325,cl1xjcojq000o3f6b4ewbxdvb,0,0.4193080357142856,0.4008928571428571,0.0328125,0.0541666666666666
29,1325,cl1xjcsw3000s3f6b3gcs37qc,0,0.9109375,0.5239583333333333,0.028125,0.04375
29,1325,cl1xjczhw000w3f6bjpdezu1r,0,0.3107421875,0.9403645833333332,0.039453125,0.0380208333333333
29,1325,cl1xjd69n00103f6bcv0qdi0b,0,0.5875,0.8322916666666667,0.0375,0.05625
29,1326,cl1xjcojq000o3f6b4ewbxdvb,0,0.4192336309523809,0.4008432539682539,0.0328125,0.0541666666666666
29,1326,cl1xjcsw3000s3f6b3gcs37qc,0,0.9109375,0.5239583333333333,0.028125,0.04375
29,1326,cl1xjczhw000w3f6bjpdezu1r,0,0.30859375,0.940625,0.0390625,0.0381944444444445
29,1326,cl1xjd69n00103f6bcv0qdi0b,0,0.5875,0.8322916666666667,0.0375,0.05625
29,1327,cl1xjcojq000o3f6b4ewbxdvb,0,0.4191592261904762,0.4007936507936508,0.0328125,0.0541666666666666
29,1327,cl1xjcsw3000s3f6b3gcs37qc,0,0.9109375,0.5239583333333333,0.028125,0.04375
29,1327,cl1xjczhw000w3f6bjpdezu1r,0,0.3064453125,0.9408854166666668,0.038671875,0.0383680555555554
29,1327,cl1xjd69n00103f6bcv0qdi0b,0,0.5875,0.8322916666666667,0.0375,0.05625
29,1328,cl1xjcojq000o3f6b4ewbxdvb,0,0.4190848214285714,0.4007440476190476,0.0328125,0.0541666666666666
29,1328,cl1xjcsw3000s3f6b3gcs37qc,0,0.9109375,0.5239583333333333,0.028125,0.04375
29,1328,cl1xjczhw000w3f6bjpdezu1r,0,0.304296875,0.9411458333333332,0.03828125,0.0385416666666666
29,1328,cl1xjd69n00103f6bcv0qdi0b,0,0.5875,0.8322916666666667,0.0375,0.05625
29,1329,cl1xjcojq000o3f6b4ewbxdvb,0,0.4190104166666667,0.4006944444444444,0.0328125,0.0541666666666666
29,1329,cl1xjcsw3000s3f6b3gcs37qc,0,0.9109375,0.5239583333333333,0.028125,0.04375
29,1329,cl1xjczhw000w3f6bjpdezu1r,0,0.3021484375,0.94140625,0.037890625,0.0387152777777778
29,1329,cl1xjd69n00103f6bcv0qdi0b,0,0.5875,0.8322916666666667,0.0375,0.05625
29,132,ckz3w0j4d00133867psu0dku8,0,0.6125,0.1875,0.040625,0.0458333333333333
29,132,cl1xj98o800033f6bbzcyndpi,0,0.1828125,0.08125,0.025,0.0375
29,132,cl1xj9dfe00073f6bo87qdh30,0,0.42109375,0.3802083333333333,0.0328125,0.0354166666666666
29,132,cl1xj9ksa000b3f6bvr1hgnfn,0,0.78515625,0.5458333333333333,0.0359375,0.0375
29,1330,cl1xjcojq000o3f6b4ewbxdvb,0,0.4189360119047619,0.4006448412698412,0.0328125,0.0541666666666666
29,1330,cl1xjcsw3000s3f6b3gcs37qc,0,0.9109375,0.5239583333333333,0.028125,0.04375
29,1330,cl1xjczhw000w3f6bjpdezu1r,0,0.3,0.9416666666666668,0.0375,0.0388888888888888
29,1330,cl1xjd69n00103f6bcv0qdi0b,0,0.5875,0.8322916666666667,0.0375,0.05625
29,1331,cl1xjcojq000o3f6b4ewbxdvb,0,0.4188616071428571,0.400595238095238,0.0328125,0.0541666666666666
29,1331,cl1xjcsw3000s3f6b3gcs37qc,0,0.9109375,0.5239583333333333,0.028125,0.04375
29,1331,cl1xjczhw000w3f6bjpdezu1r,0,0.2978515625,0.9419270833333332,0.037109375,0.0390625
29,1331,cl1xjd69n00103f6bcv0qdi0b,0,0.5875,0.8322916666666667,0.0375,0.05625
29,1332,cl1xjcojq000o3f6b4ewbxdvb,0,0.4187872023809523,0.4005456349206349,0.0328125,0.0541666666666666
29,1332,cl1xjcsw3000s3f6b3gcs37qc,0,0.9109375,0.5239583333333333,0.028125,0.04375
29,1332,cl1xjczhw000w3f6bjpdezu1r,0,0.295703125,0.9421875,0.03671875,0.0392361111111111
29,1332,cl1xjd69n00103f6bcv0qdi0b,0,0.5875,0.8322916666666667,0.0375,0.05625
29,1333,cl1xjcojq000o3f6b4ewbxdvb,0,0.4187127976190476,0.4004960317460317,0.0328125,0.0541666666666666
29,1333,cl1xjcsw3000s3f6b3gcs37qc,0,0.9109375,0.5239583333333333,0.028125,0.04375
29,1333,cl1xjczhw000w3f6bjpdezu1r,0,0.2935546875,0.9424479166666668,0.036328125,0.0394097222222221
29,1333,cl1xjd69n00103f6bcv0qdi0b,0,0.5875,0.8322916666666667,0.0375,0.05625
29,1334,cl1xjcojq000o3f6b4ewbxdvb,0,0.4186383928571429,0.4004464285714286,0.0328125,0.0541666666666666
29,1334,cl1xjcsw3000s3f6b3gcs37qc,0,0.9109375,0.5239583333333333,0.028125,0.04375
29,1334,cl1xjczhw000w3f6bjpdezu1r,0,0.29140625,0.9427083333333334,0.0359375,0.0395833333333333
29,1334,cl1xjd69n00103f6bcv0qdi0b,0,0.5875,0.8322916666666667,0.0375,0.05625
29,1335,cl1xjcojq000o3f6b4ewbxdvb,0,0.4185639880952381,0.4003968253968254,0.0328125,0.0541666666666666
29,1335,cl1xjcsw3000s3f6b3gcs37qc,0,0.9109375,0.5239583333333333,0.028125,0.04375
29,1335,cl1xjczhw000w3f6bjpdezu1r,0,0.2892578125,0.9408854166666668,0.0359375,0.0395833333333333
29,1335,cl1xjd69n00103f6bcv0qdi0b,0,0.5875,0.8322916666666667,0.0375,0.05625
29,1336,cl1xjcojq000o3f6b4ewbxdvb,0,0.4184895833333333,0.4003472222222222,0.0328125,0.0541666666666666
29,1336,cl1xjcsw3000s3f6b3gcs37qc,0,0.9109375,0.5239583333333333,0.028125,0.04375
29,1336,cl1xjczhw000w3f6bjpdezu1r,0,0.287109375,0.9390625,0.0359375,0.0395833333333333
29,1336,cl1xjd69n00103f6bcv0qdi0b,0,0.5875,0.8322916666666667,0.0375,0.05625
29,1337,cl1xjcojq000o3f6b4ewbxdvb,0,0.4184151785714285,0.400297619047619,0.0328125,0.0541666666666666
29,1337,cl1xjcsw3000s3f6b3gcs37qc,0,0.9109375,0.5239583333333333,0.028125,0.04375
29,1337,cl1xjczhw000w3f6bjpdezu1r,0,0.2849609375,0.9372395833333332,0.0359375,0.0395833333333333
29,1337,cl1xjd69n00103f6bcv0qdi0b,0,0.5875,0.8322916666666667,0.0375,0.05625
29,1338,cl1xjcojq000o3f6b4ewbxdvb,0,0.4183407738095238,0.4002480158730159,0.0328125,0.0541666666666666
29,1338,cl1xjcsw3000s3f6b3gcs37qc,0,0.9109375,0.5239583333333333,0.028125,0.04375
29,1338,cl1xjczhw000w3f6bjpdezu1r,0,0.2828125,0.9354166666666668,0.0359375,0.0395833333333333
29,1338,cl1xjd69n00103f6bcv0qdi0b,0,0.5875,0.8322916666666667,0.0375,0.05625
29,1339,cl1xjcojq000o3f6b4ewbxdvb,0,0.418266369047619,0.4001984126984127,0.0328125,0.0541666666666666
29,1339,cl1xjcsw3000s3f6b3gcs37qc,0,0.9109375,0.5239583333333333,0.028125,0.04375
29,1339,cl1xjczhw000w3f6bjpdezu1r,0,0.2806640625,0.93359375,0.0359375,0.0395833333333333
29,1339,cl1xjd69n00103f6bcv0qdi0b,0,0.5875,0.8322916666666667,0.0375,0.05625
29,133,ckz3w0j4d00133867psu0dku8,0,0.6125,0.1875,0.040625,0.0458333333333333
29,133,cl1xj98o800033f6bbzcyndpi,0,0.1828125,0.08125,0.025,0.0375
29,133,cl1xj9dfe00073f6bo87qdh30,0,0.42109375,0.3802083333333333,0.0328125,0.0354166666666666
29,133,cl1xj9ksa000b3f6bvr1hgnfn,0,0.78515625,0.5458333333333333,0.0359375,0.0375
29,1340,cl1xjcojq000o3f6b4ewbxdvb,0,0.4181919642857143,0.4001488095238095,0.0328125,0.0541666666666666
29,1340,cl1xjcsw3000s3f6b3gcs37qc,0,0.9109375,0.5239583333333333,0.028125,0.04375
29,1340,cl1xjczhw000w3f6bjpdezu1r,0,0.278515625,0.9317708333333332,0.0359375,0.0395833333333333
29,1340,cl1xjd69n00103f6bcv0qdi0b,0,0.5875,0.8322916666666667,0.0375,0.05625
29,1341,cl1xjcojq000o3f6b4ewbxdvb,0,0.4181175595238094,0.4000992063492063,0.0328125,0.0541666666666666
29,1341,cl1xjcsw3000s3f6b3gcs37qc,0,0.9109375,0.5239583333333333,0.028125,0.04375
29,1341,cl1xjczhw000w3f6bjpdezu1r,0,0.2763671875,0.9299479166666668,0.0359375,0.0395833333333333
29,1341,cl1xjd69n00103f6bcv0qdi0b,0,0.5875,0.8322916666666667,0.0375,0.05625
29,1342,cl1xjcojq000o3f6b4ewbxdvb,0,0.4180431547619047,0.4000496031746031,0.0328125,0.0541666666666666
29,1342,cl1xjcsw3000s3f6b3gcs37qc,0,0.9109375,0.5239583333333333,0.028125,0.04375
29,1342,cl1xjczhw000w3f6bjpdezu1r,0,0.27421875,0.928125,0.0359375,0.0395833333333333
29,1342,cl1xjd69n00103f6bcv0qdi0b,0,0.5875,0.8322916666666667,0.0375,0.05625
29,1343,cl1xjcojq000o3f6b4ewbxdvb,0,0.41796875,0.4,0.0328125,0.0541666666666666
29,1343,cl1xjcsw3000s3f6b3gcs37qc,0,0.9109375,0.5239583333333333,0.028125,0.04375
29,1343,cl1xjczhw000w3f6bjpdezu1r,0,0.27203125,0.9275,0.0359375,0.0408333333333333
29,1343,cl1xjd69n00103f6bcv0qdi0b,0,0.5875,0.8322916666666667,0.0375,0.05625
29,1344,cl1xjcojq000o3f6b4ewbxdvb,0,0.4178943452380952,0.3999503968253968,0.0328125,0.0541666666666666
29,1344,cl1xjcsw3000s3f6b3gcs37qc,0,0.9109375,0.5239583333333333,0.028125,0.04375
29,1344,cl1xjczhw000w3f6bjpdezu1r,0,0.26984375,0.926875,0.0359375,0.0420833333333333
29,1344,cl1xjd69n00103f6bcv0qdi0b,0,0.5875,0.8322916666666667,0.0375,0.05625
29,1345,cl1xjcojq000o3f6b4ewbxdvb,0,0.4178199404761905,0.3999007936507937,0.0328125,0.0541666666666666
29,1345,cl1xjcsw3000s3f6b3gcs37qc,0,0.9109375,0.5239583333333333,0.028125,0.04375
29,1345,cl1xjczhw000w3f6bjpdezu1r,0,0.26765625,0.92625,0.0359375,0.0433333333333333
29,1345,cl1xjd69n00103f6bcv0qdi0b,0,0.5875,0.8322916666666667,0.0375,0.05625
29,1346,cl1xjcojq000o3f6b4ewbxdvb,0,0.4177455357142857,0.3998511904761904,0.0328125,0.0541666666666666
29,1346,cl1xjcsw3000s3f6b3gcs37qc,0,0.9109375,0.5239583333333333,0.028125,0.04375
29,1346,cl1xjczhw000w3f6bjpdezu1r,0,0.26546875,0.925625,0.0359375,0.0445833333333332
29,1346,cl1xjd69n00103f6bcv0qdi0b,0,0.5875,0.8322916666666667,0.0375,0.05625
29,1347,cl1xjcojq000o3f6b4ewbxdvb,0,0.4176711309523809,0.3998015873015872,0.0328125,0.0541666666666666
29,1347,cl1xjcsw3000s3f6b3gcs37qc,0,0.9109375,0.5239583333333333,0.028125,0.04375
29,1347,cl1xjczhw000w3f6bjpdezu1r,0,0.26328125,0.925,0.0359375,0.0458333333333333
29,1347,cl1xjd69n00103f6bcv0qdi0b,0,0.5875,0.8322916666666667,0.0375,0.05625
29,1348,cl1xjcojq000o3f6b4ewbxdvb,0,0.4175967261904761,0.3997519841269841,0.0328125,0.0541666666666666
29,1348,cl1xjcsw3000s3f6b3gcs37qc,0,0.9109375,0.5239583333333333,0.028125,0.04375
29,1348,cl1xjczhw000w3f6bjpdezu1r,0,0.2611328125,0.923046875,0.0359375,0.0450520833333333
29,1348,cl1xjd69n00103f6bcv0qdi0b,0,0.5875,0.8322916666666667,0.0375,0.05625
29,1349,cl1xjcojq000o3f6b4ewbxdvb,0,0.4175223214285714,0.399702380952381,0.0328125,0.0541666666666666
29,1349,cl1xjcsw3000s3f6b3gcs37qc,0,0.9109375,0.5239583333333333,0.028125,0.04375
29,1349,cl1xjczhw000w3f6bjpdezu1r,0,0.258984375,0.92109375,0.0359375,0.0442708333333333
29,1349,cl1xjd69n00103f6bcv0qdi0b,0,0.5875,0.8322916666666667,0.0375,0.05625
29,134,ckz3w0j4d00133867psu0dku8,0,0.6125,0.1875,0.040625,0.0458333333333333
29,134,cl1xj98o800033f6bbzcyndpi,0,0.1828125,0.08125,0.025,0.0375
29,134,cl1xj9dfe00073f6bo87qdh30,0,0.42109375,0.3802083333333333,0.0328125,0.0354166666666666
29,134,cl1xj9ksa000b3f6bvr1hgnfn,0,0.78515625,0.5458333333333333,0.0359375,0.0375
29,1350,cl1xjcojq000o3f6b4ewbxdvb,0,0.4174479166666667,0.3996527777777778,0.0328125,0.0541666666666666
29,1350,cl1xjcsw3000s3f6b3gcs37qc,0,0.9109375,0.5239583333333333,0.028125,0.04375
29,1350,cl1xjczhw000w3f6bjpdezu1r,0,0.2568359375,0.919140625,0.0359375,0.0434895833333333
29,1350,cl1xjd69n00103f6bcv0qdi0b,0,0.5875,0.8322916666666667,0.0375,0.05625
29,1351,cl1xjcojq000o3f6b4ewbxdvb,0,0.4173735119047618,0.3996031746031745,0.0328125,0.0541666666666666
29,1351,cl1xjcsw3000s3f6b3gcs37qc,0,0.9109375,0.5239583333333333,0.028125,0.04375
29,1351,cl1xjczhw000w3f6bjpdezu1r,0,0.2546875,0.9171875,0.0359375,0.0427083333333333
29,1351,cl1xjd69n00103f6bcv0qdi0b,0,0.5875,0.8322916666666667,0.0375,0.05625
29,1352,cl1xjcojq000o3f6b4ewbxdvb,0,0.4172991071428571,0.3995535714285714,0.0328125,0.0541666666666666
29,1352,cl1xjcsw3000s3f6b3gcs37qc,0,0.9109375,0.5239583333333333,0.028125,0.04375
29,1352,cl1xjczhw000w3f6bjpdezu1r,0,0.2525390625,0.915234375,0.0359375,0.0419270833333333
29,1352,cl1xjd69n00103f6bcv0qdi0b,0,0.5875,0.8322916666666667,0.0375,0.05625
29,1353,cl1xjcojq000o3f6b4ewbxdvb,0,0.4172247023809524,0.3995039682539682,0.0328125,0.0541666666666666
29,1353,cl1xjcsw3000s3f6b3gcs37qc,0,0.9109375,0.5239583333333333,0.028125,0.04375
29,1353,cl1xjczhw000w3f6bjpdezu1r,0,0.250390625,0.91328125,0.0359375,0.0411458333333333
29,1353,cl1xjd69n00103f6bcv0qdi0b,0,0.5875,0.8322916666666667,0.0375,0.05625
29,1354,cl1xjcojq000o3f6b4ewbxdvb,0,0.4171502976190476,0.3994543650793651,0.0328125,0.0541666666666666
29,1354,cl1xjcsw3000s3f6b3gcs37qc,0,0.9109375,0.5239583333333333,0.028125,0.04375
29,1354,cl1xjczhw000w3f6bjpdezu1r,0,0.2482421875,0.911328125,0.0359375,0.0403645833333333
29,1354,cl1xjd69n00103f6bcv0qdi0b,0,0.5875,0.8322916666666667,0.0375,0.05625
29,1355,cl1xjcojq000o3f6b4ewbxdvb,0,0.4170758928571428,0.3994047619047619,0.0328125,0.0541666666666666
29,1355,cl1xjcsw3000s3f6b3gcs37qc,0,0.9109375,0.5239583333333333,0.028125,0.04375
29,1355,cl1xjczhw000w3f6bjpdezu1r,0,0.24609375,0.909375,0.0359375,0.0395833333333333
29,1355,cl1xjd69n00103f6bcv0qdi0b,0,0.5875,0.8322916666666667,0.0375,0.05625
29,1356,cl1xjcojq000o3f6b4ewbxdvb,0,0.4170014880952381,0.3993551587301587,0.0328125,0.0541666666666666
29,1356,cl1xjcsw3000s3f6b3gcs37qc,0,0.9109375,0.5239583333333333,0.028125,0.04375
29,1356,cl1xjczhw000w3f6bjpdezu1r,0,0.2443080357142857,0.9065476190476188,0.0359375,0.0398809523809524
29,1356,cl1xjd69n00103f6bcv0qdi0b,0,0.5875,0.8322916666666667,0.0375,0.05625
29,1357,cl1xjcojq000o3f6b4ewbxdvb,0,0.4169270833333333,0.3993055555555555,0.0328125,0.0541666666666666
29,1357,cl1xjcsw3000s3f6b3gcs37qc,0,0.9109375,0.5239583333333333,0.028125,0.04375
29,1357,cl1xjczhw000w3f6bjpdezu1r,0,0.2425223214285714,0.9037202380952382,0.0359375,0.0401785714285714
29,1357,cl1xjd69n00103f6bcv0qdi0b,0,0.5875,0.8322916666666667,0.0375,0.05625
29,1358,cl1xjcojq000o3f6b4ewbxdvb,0,0.4168526785714285,0.3992559523809523,0.0328125,0.0541666666666666
29,1358,cl1xjcsw3000s3f6b3gcs37qc,0,0.9109375,0.5239583333333333,0.028125,0.04375
29,1358,cl1xjczhw000w3f6bjpdezu1r,0,0.2407366071428571,0.9008928571428572,0.0359375,0.0404761904761905
29,1358,cl1xjd69n00103f6bcv0qdi0b,0,0.5875,0.8322916666666667,0.0375,0.05625
29,1359,cl1xjcojq000o3f6b4ewbxdvb,0,0.4167782738095238,0.3992063492063492,0.0328125,0.0541666666666666
29,1359,cl1xjcsw3000s3f6b3gcs37qc,0,0.9109375,0.5239583333333333,0.028125,0.04375
29,1359,cl1xjczhw000w3f6bjpdezu1r,0,0.2389508928571428,0.8980654761904762,0.0359375,0.0407738095238094
29,1359,cl1xjd69n00103f6bcv0qdi0b,0,0.5875,0.8322916666666667,0.0375,0.05625
29,135,ckz3w0j4d00133867psu0dku8,0,0.6125,0.1875,0.040625,0.0458333333333333
29,135,cl1xj98o800033f6bbzcyndpi,0,0.1828125,0.08125,0.025,0.0375
29,135,cl1xj9dfe00073f6bo87qdh30,0,0.42109375,0.3802083333333333,0.0328125,0.0354166666666666
29,135,cl1xj9ksa000b3f6bvr1hgnfn,0,0.78515625,0.5458333333333333,0.0359375,0.0375
29,1360,cl1xjcojq000o3f6b4ewbxdvb,0,0.4167038690476191,0.399156746031746,0.0328125,0.0541666666666666
29,1360,cl1xjcsw3000s3f6b3gcs37qc,0,0.9109375,0.5239583333333333,0.028125,0.04375
29,1360,cl1xjczhw000w3f6bjpdezu1r,0,0.2371651785714285,0.8952380952380952,0.0359375,0.0410714285714285
29,1360,cl1xjd69n00103f6bcv0qdi0b,0,0.5875,0.8322916666666667,0.0375,0.05625
29,1361,cl1xjcojq000o3f6b4ewbxdvb,0,0.4166294642857143,0.3991071428571429,0.0328125,0.0541666666666666
29,1361,cl1xjcsw3000s3f6b3gcs37qc,0,0.9109375,0.5239583333333333,0.028125,0.04375
29,1361,cl1xjczhw000w3f6bjpdezu1r,0,0.2353794642857142,0.8924107142857144,0.0359375,0.0413690476190475
29,1361,cl1xjd69n00103f6bcv0qdi0b,0,0.5875,0.8322916666666667,0.0375,0.05625
29,1362,cl1xjcojq000o3f6b4ewbxdvb,0,0.4165550595238095,0.3990575396825396,0.0328125,0.0541666666666666
29,1362,cl1xjcsw3000s3f6b3gcs37qc,0,0.9109375,0.5239583333333333,0.028125,0.04375
29,1362,cl1xjczhw000w3f6bjpdezu1r,0,0.23359375,0.8895833333333333,0.0359375,0.0416666666666666
29,1362,cl1xjd69n00103f6bcv0qdi0b,0,0.5875,0.8322916666666667,0.0375,0.05625
29,1363,cl1xjcojq000o3f6b4ewbxdvb,0,0.4164806547619047,0.3990079365079365,0.0328125,0.0541666666666666
29,1363,cl1xjcsw3000s3f6b3gcs37qc,0,0.9109375,0.5239583333333333,0.028125,0.04375
29,1363,cl1xjczhw000w3f6bjpdezu1r,0,0.2323153409090909,0.8876893939393938,0.0359375,0.0416666666666666
29,1363,cl1xjd69n00103f6bcv0qdi0b,0,0.5875,0.8322916666666667,0.0375,0.05625
29,1364,cl1xjcojq000o3f6b4ewbxdvb,0,0.41640625,0.3989583333333333,0.0328125,0.0541666666666666
29,1364,cl1xjcsw3000s3f6b3gcs37qc,0,0.9109375,0.5239583333333333,0.028125,0.04375
29,1364,cl1xjczhw000w3f6bjpdezu1r,0,0.2310369318181818,0.8857954545454546,0.0359375,0.0416666666666666
29,1364,cl1xjd69n00103f6bcv0qdi0b,0,0.5875,0.8322916666666667,0.0375,0.05625
29,1365,cl1xjcojq000o3f6b4ewbxdvb,0,0.4163318452380952,0.3989087301587302,0.0328125,0.0541666666666666
29,1365,cl1xjcsw3000s3f6b3gcs37qc,0,0.9109375,0.5239583333333333,0.028125,0.04375
29,1365,cl1xjczhw000w3f6bjpdezu1r,0,0.2297585227272727,0.8839015151515152,0.0359375,0.0416666666666666
29,1365,cl1xjd69n00103f6bcv0qdi0b,0,0.5875,0.8322916666666667,0.0375,0.05625
29,1366,cl1xjcojq000o3f6b4ewbxdvb,0,0.4162574404761905,0.398859126984127,0.0328125,0.0541666666666666
29,1366,cl1xjcsw3000s3f6b3gcs37qc,0,0.9109375,0.5239583333333333,0.028125,0.04375
29,1366,cl1xjczhw000w3f6bjpdezu1r,0,0.2284801136363636,0.8820075757575758,0.0359375,0.0416666666666666
29,1366,cl1xjd69n00103f6bcv0qdi0b,0,0.5875,0.8322916666666667,0.0375,0.05625
29,1367,cl1xjcojq000o3f6b4ewbxdvb,0,0.4161830357142856,0.3988095238095238,0.0328124999999999,0.0541666666666666
29,1367,cl1xjcsw3000s3f6b3gcs37qc,0,0.9109375,0.5239583333333333,0.028125,0.04375
29,1367,cl1xjczhw000w3f6bjpdezu1r,0,0.2272017045454545,0.8801136363636364,0.0359375,0.0416666666666666
29,1367,cl1xjd69n00103f6bcv0qdi0b,0,0.5875,0.8322916666666667,0.0375,0.05625
29,1368,cl1xjcojq000o3f6b4ewbxdvb,0,0.4161086309523809,0.3987599206349206,0.0328125,0.0541666666666666
29,1368,cl1xjcsw3000s3f6b3gcs37qc,0,0.9109375,0.5239583333333333,0.028125,0.04375
29,1368,cl1xjczhw000w3f6bjpdezu1r,0,0.2259232954545454,0.878219696969697,0.0359375,0.0416666666666666
29,1368,cl1xjd69n00103f6bcv0qdi0b,0,0.5875,0.8322916666666667,0.0375,0.05625
29,1369,cl1xjcojq000o3f6b4ewbxdvb,0,0.4160342261904762,0.3987103174603174,0.0328125,0.0541666666666666
29,1369,cl1xjcsw3000s3f6b3gcs37qc,0,0.9109375,0.5239583333333333,0.028125,0.04375
29,1369,cl1xjczhw000w3f6bjpdezu1r,0,0.2246448863636364,0.8763257575757576,0.0359375,0.0416666666666666
29,1369,cl1xjd69n00103f6bcv0qdi0b,0,0.5875,0.8322916666666667,0.0375,0.05625
29,136,ckz3w0j4d00133867psu0dku8,0,0.6125,0.1875,0.040625,0.0458333333333333
29,136,cl1xj98o800033f6bbzcyndpi,0,0.1828125,0.08125,0.025,0.0375
29,136,cl1xj9dfe00073f6bo87qdh30,0,0.42109375,0.3802083333333333,0.0328125,0.0354166666666666
29,136,cl1xj9ksa000b3f6bvr1hgnfn,0,0.78515625,0.5458333333333333,0.0359375,0.0375
29,1370,cl1xjcojq000o3f6b4ewbxdvb,0,0.4159598214285714,0.3986607142857143,0.0328125,0.0541666666666666
29,1370,cl1xjcsw3000s3f6b3gcs37qc,0,0.9109375,0.5239583333333333,0.028125,0.04375
29,1370,cl1xjczhw000w3f6bjpdezu1r,0,0.2233664772727273,0.8744318181818183,0.0359375,0.0416666666666666
29,1370,cl1xjd69n00103f6bcv0qdi0b,0,0.5875,0.8322916666666667,0.0375,0.05625
29,1371,cl1xjcojq000o3f6b4ewbxdvb,0,0.4158854166666667,0.3986111111111111,0.0328125,0.0541666666666666
29,1371,cl1xjcsw3000s3f6b3gcs37qc,0,0.9109375,0.5239583333333333,0.028125,0.04375
29,1371,cl1xjczhw000w3f6bjpdezu1r,0,0.2220880681818181,0.8725378787878788,0.0359375,0.0416666666666666
29,1371,cl1xjd69n00103f6bcv0qdi0b,0,0.5875,0.8322916666666667,0.0375,0.05625
29,1372,cl1xjcojq000o3f6b4ewbxdvb,0,0.4158110119047619,0.3985615079365079,0.0328124999999999,0.0541666666666666
29,1372,cl1xjcsw3000s3f6b3gcs37qc,0,0.9109375,0.5239583333333333,0.028125,0.04375
29,1372,cl1xjczhw000w3f6bjpdezu1r,0,0.220809659090909,0.8706439393939395,0.0359375,0.0416666666666666
29,1372,cl1xjd69n00103f6bcv0qdi0b,0,0.5875,0.8322916666666667,0.0375,0.05625
29,1373,cl1xjcojq000o3f6b4ewbxdvb,0,0.4157366071428571,0.3985119047619047,0.0328124999999999,0.0541666666666666
29,1373,cl1xjcsw3000s3f6b3gcs37qc,0,0.9109375,0.5239583333333333,0.028125,0.04375
29,1373,cl1xjczhw000w3f6bjpdezu1r,0,0.21953125,0.86875,0.0359375,0.0416666666666666
29,1373,cl1xjd69n00103f6bcv0qdi0b,0,0.5875,0.8322916666666667,0.0375,0.05625
29,1374,cl1xjcojq000o3f6b4ewbxdvb,0,0.4156622023809523,0.3984623015873015,0.0328125,0.0541666666666666
29,1374,cl1xjcsw3000s3f6b3gcs37qc,0,0.9109375,0.5239583333333333,0.028125,0.04375
29,1374,cl1xjczhw000w3f6bjpdezu1r,0,0.219140625,0.865234375,0.0359375,0.0424479166666666
29,1374,cl1xjd69n00103f6bcv0qdi0b,0,0.5875,0.8322916666666667,0.0375,0.05625
29,1375,cl1xjcojq000o3f6b4ewbxdvb,0,0.4155877976190476,0.3984126984126984,0.0328125,0.0541666666666666
29,1375,cl1xjcsw3000s3f6b3gcs37qc,0,0.9109375,0.5239583333333333,0.028125,0.04375
29,1375,cl1xjczhw000w3f6bjpdezu1r,0,0.21875,0.86171875,0.0359375,0.0432291666666666
29,1375,cl1xjd69n00103f6bcv0qdi0b,0,0.5875,0.8322916666666667,0.0375,0.05625
29,1376,cl1xjcojq000o3f6b4ewbxdvb,0,0.4155133928571429,0.3983630952380952,0.0328125,0.0541666666666666
29,1376,cl1xjcsw3000s3f6b3gcs37qc,0,0.9109375,0.5239583333333333,0.028125,0.04375
29,1376,cl1xjczhw000w3f6bjpdezu1r,0,0.218359375,0.858203125,0.0359375,0.0440104166666666
29,1376,cl1xjd69n00103f6bcv0qdi0b,0,0.5875,0.8322916666666667,0.0375,0.05625
29,1377,cl1xjcojq000o3f6b4ewbxdvb,0,0.4154389880952381,0.3983134920634921,0.0328125,0.0541666666666666
29,1377,cl1xjcsw3000s3f6b3gcs37qc,0,0.9109375,0.5239583333333333,0.028125,0.04375
29,1377,cl1xjczhw000w3f6bjpdezu1r,0,0.21796875,0.8546875,0.0359375,0.0447916666666666
29,1377,cl1xjd69n00103f6bcv0qdi0b,0,0.5875,0.8322916666666667,0.0375,0.05625
29,1378,cl1xjcojq000o3f6b4ewbxdvb,0,0.4153645833333333,0.3982638888888888,0.0328124999999999,0.0541666666666666
29,1378,cl1xjcsw3000s3f6b3gcs37qc,0,0.9109375,0.5239583333333333,0.028125,0.04375
29,1378,cl1xjczhw000w3f6bjpdezu1r,0,0.217578125,0.851171875,0.0359375,0.0455729166666666
29,1378,cl1xjd69n00103f6bcv0qdi0b,0,0.5875,0.8322916666666667,0.0375,0.05625
29,1379,cl1xjcojq000o3f6b4ewbxdvb,0,0.4152901785714286,0.3982142857142857,0.0328125,0.0541666666666666
29,1379,cl1xjcsw3000s3f6b3gcs37qc,0,0.9109375,0.5239583333333333,0.028125,0.04375
29,1379,cl1xjczhw000w3f6bjpdezu1r,0,0.2171875,0.84765625,0.0359375,0.0463541666666666
29,1379,cl1xjd69n00103f6bcv0qdi0b,0,0.5875,0.8322916666666667,0.0375,0.05625
29,137,ckz3w0j4d00133867psu0dku8,0,0.6125,0.1875,0.040625,0.0458333333333333
29,137,cl1xj98o800033f6bbzcyndpi,0,0.1828125,0.08125,0.025,0.0375
29,137,cl1xj9dfe00073f6bo87qdh30,0,0.42109375,0.3802083333333333,0.0328125,0.0354166666666666
29,137,cl1xj9ksa000b3f6bvr1hgnfn,0,0.78515625,0.5458333333333333,0.0359375,0.0375
29,1380,cl1xjcojq000o3f6b4ewbxdvb,0,0.4152157738095238,0.3981646825396825,0.0328125,0.0541666666666666
29,1380,cl1xjcsw3000s3f6b3gcs37qc,0,0.9109375,0.5239583333333333,0.028125,0.04375
29,1380,cl1xjczhw000w3f6bjpdezu1r,0,0.216796875,0.844140625,0.0359375,0.0471354166666666
29,1380,cl1xjd69n00103f6bcv0qdi0b,0,0.5875,0.8322916666666667,0.0375,0.05625
29,1381,cl1xjcojq000o3f6b4ewbxdvb,0,0.415141369047619,0.3981150793650794,0.0328125,0.0541666666666666
29,1381,cl1xjcsw3000s3f6b3gcs37qc,0,0.9109375,0.5239583333333333,0.028125,0.04375
29,1381,cl1xjczhw000w3f6bjpdezu1r,0,0.21640625,0.840625,0.0359375,0.0479166666666666
29,1381,cl1xjd69n00103f6bcv0qdi0b,0,0.5875,0.8322916666666667,0.0375,0.05625
29,1382,cl1xjcojq000o3f6b4ewbxdvb,0,0.4150669642857143,0.3980654761904762,0.0328125,0.0541666666666666
29,1382,cl1xjcsw3000s3f6b3gcs37qc,0,0.9109375,0.5239583333333333,0.028125,0.04375
29,1382,cl1xjczhw000w3f6bjpdezu1r,0,0.2169270833333333,0.8370138888888888,0.0359375,0.0479166666666666
29,1382,cl1xjd69n00103f6bcv0qdi0b,0,0.5875,0.8322916666666667,0.0375,0.05625
29,1383,cl1xjcojq000o3f6b4ewbxdvb,0,0.4149925595238095,0.398015873015873,0.0328124999999999,0.0541666666666666
29,1383,cl1xjcsw3000s3f6b3gcs37qc,0,0.9109375,0.5239583333333333,0.028125,0.04375
29,1383,cl1xjczhw000w3f6bjpdezu1r,0,0.2174479166666666,0.8334027777777778,0.0359374999999999,0.0479166666666666
29,1383,cl1xjd69n00103f6bcv0qdi0b,0,0.5875,0.8322916666666667,0.0375,0.05625
29,1384,cl1xjcojq000o3f6b4ewbxdvb,0,0.4149181547619047,0.3979662698412698,0.0328125,0.0541666666666666
29,1384,cl1xjcsw3000s3f6b3gcs37qc,0,0.9109375,0.5239583333333333,0.028125,0.04375
29,1384,cl1xjczhw000w3f6bjpdezu1r,0,0.21796875,0.8297916666666667,0.0359375,0.0479166666666666
29,1384,cl1xjd69n00103f6bcv0qdi0b,0,0.5875,0.8322916666666667,0.0375,0.05625
29,1385,cl1xjcojq000o3f6b4ewbxdvb,0,0.41484375,0.3979166666666666,0.0328125,0.0541666666666666
29,1385,cl1xjcsw3000s3f6b3gcs37qc,0,0.9109375,0.5239583333333333,0.028125,0.04375
29,1385,cl1xjczhw000w3f6bjpdezu1r,0,0.2184895833333333,0.8261805555555556,0.0359375,0.0479166666666666
29,1385,cl1xjd69n00103f6bcv0qdi0b,0,0.5875,0.8322916666666667,0.0375,0.05625
29,1386,cl1xjcojq000o3f6b4ewbxdvb,0,0.4147693452380953,0.3978670634920635,0.0328125,0.0541666666666666
29,1386,cl1xjcsw3000s3f6b3gcs37qc,0,0.9109375,0.5239583333333333,0.028125,0.04375
29,1386,cl1xjczhw000w3f6bjpdezu1r,0,0.2190104166666666,0.8225694444444444,0.0359375,0.0479166666666666
29,1386,cl1xjd69n00103f6bcv0qdi0b,0,0.5875,0.8322916666666667,0.0375,0.05625
29,1387,cl1xjcojq000o3f6b4ewbxdvb,0,0.4146949404761905,0.3978174603174603,0.0328125,0.0541666666666666
29,1387,cl1xjcsw3000s3f6b3gcs37qc,0,0.9109375,0.5239583333333333,0.028125,0.04375
29,1387,cl1xjczhw000w3f6bjpdezu1r,0,0.21953125,0.8189583333333333,0.0359375,0.0479166666666666
29,1387,cl1xjd69n00103f6bcv0qdi0b,0,0.5875,0.8322916666666667,0.0375,0.05625
29,1388,cl1xjcojq000o3f6b4ewbxdvb,0,0.4146205357142857,0.3977678571428571,0.0328124999999999,0.0541666666666666
29,1388,cl1xjcsw3000s3f6b3gcs37qc,0,0.9109375,0.5239583333333333,0.028125,0.04375
29,1388,cl1xjczhw000w3f6bjpdezu1r,0,0.2200520833333333,0.8153472222222222,0.0359375,0.0479166666666666
29,1388,cl1xjd69n00103f6bcv0qdi0b,0,0.5875,0.8322916666666667,0.0375,0.05625
29,1389,cl1xjcojq000o3f6b4ewbxdvb,0,0.4145461309523809,0.3977182539682539,0.0328125,0.0541666666666666
29,1389,cl1xjcsw3000s3f6b3gcs37qc,0,0.9109375,0.5239583333333333,0.028125,0.04375
29,1389,cl1xjczhw000w3f6bjpdezu1r,0,0.2205729166666666,0.8117361111111111,0.0359375,0.0479166666666666
29,1389,cl1xjd69n00103f6bcv0qdi0b,0,0.5875,0.8322916666666667,0.0375,0.05625
29,138,ckz3w0j4d00133867psu0dku8,0,0.6125,0.1875,0.040625,0.0458333333333333
29,138,cl1xj98o800033f6bbzcyndpi,0,0.1828125,0.08125,0.025,0.0375
29,138,cl1xj9dfe00073f6bo87qdh30,0,0.42109375,0.3802083333333333,0.0328125,0.0354166666666666
29,138,cl1xj9ksa000b3f6bvr1hgnfn,0,0.78515625,0.5458333333333333,0.0359375,0.0375
29,1390,cl1xjcojq000o3f6b4ewbxdvb,0,0.4144717261904762,0.3976686507936507,0.0328125,0.0541666666666666
29,1390,cl1xjcsw3000s3f6b3gcs37qc,0,0.9109375,0.5239583333333333,0.028125,0.04375
29,1390,cl1xjczhw000w3f6bjpdezu1r,0,0.22109375,0.808125,0.0359375,0.0479166666666666
29,1390,cl1xjd69n00103f6bcv0qdi0b,0,0.5875,0.8322916666666667,0.0375,0.05625
29,1391,cl1xjcojq000o3f6b4ewbxdvb,0,0.4143973214285714,0.3976190476190476,0.0328125,0.0541666666666666
29,1391,cl1xjcsw3000s3f6b3gcs37qc,0,0.9109375,0.5239583333333333,0.028125,0.04375
29,1391,cl1xjczhw000w3f6bjpdezu1r,0,0.2216145833333333,0.804513888888889,0.0359375,0.0479166666666666
29,1391,cl1xjd69n00103f6bcv0qdi0b,0,0.5875,0.8322916666666667,0.0375,0.05625
29,1392,cl1xjcojq000o3f6b4ewbxdvb,0,0.4143229166666667,0.3975694444444445,0.0328125,0.0541666666666666
29,1392,cl1xjcsw3000s3f6b3gcs37qc,0,0.9109375,0.5239583333333333,0.028125,0.04375
29,1392,cl1xjczhw000w3f6bjpdezu1r,0,0.2221354166666666,0.8009027777777777,0.0359375,0.0479166666666666
29,1392,cl1xjd69n00103f6bcv0qdi0b,0,0.5875,0.8322916666666667,0.0375,0.05625
29,1393,cl1xjcojq000o3f6b4ewbxdvb,0,0.4142485119047618,0.3975198412698412,0.0328124999999999,0.0541666666666666
29,1393,cl1xjcsw3000s3f6b3gcs37qc,0,0.9109375,0.5239583333333333,0.028125,0.04375
29,1393,cl1xjczhw000w3f6bjpdezu1r,0,0.22265625,0.7972916666666666,0.0359375,0.0479166666666666
29,1393,cl1xjd69n00103f6bcv0qdi0b,0,0.5875,0.8322916666666667,0.0375,0.05625
29,1394,cl1xjcojq000o3f6b4ewbxdvb,0,0.4141741071428571,0.397470238095238,0.0328124999999999,0.0541666666666666
29,1394,cl1xjcsw3000s3f6b3gcs37qc,0,0.9109375,0.5239583333333333,0.028125,0.04375
29,1394,cl1xjczhw000w3f6bjpdezu1r,0,0.2231770833333333,0.7936805555555555,0.0359375,0.0479166666666666
29,1394,cl1xjd69n00103f6bcv0qdi0b,0,0.5875,0.8322916666666667,0.0375,0.05625
29,1395,cl1xjcojq000o3f6b4ewbxdvb,0,0.4140997023809524,0.3974206349206349,0.0328125,0.0541666666666666
29,1395,cl1xjcsw3000s3f6b3gcs37qc,0,0.9109375,0.5239583333333333,0.028125,0.04375
29,1395,cl1xjczhw000w3f6bjpdezu1r,0,0.2236979166666666,0.7900694444444445,0.0359375,0.0479166666666666
29,1395,cl1xjd69n00103f6bcv0qdi0b,0,0.5875,0.8322916666666667,0.0375,0.05625
29,1396,cl1xjcojq000o3f6b4ewbxdvb,0,0.4140252976190476,0.3973710317460318,0.0328125,0.0541666666666666
29,1396,cl1xjcsw3000s3f6b3gcs37qc,0,0.9109375,0.5239583333333333,0.028125,0.04375
29,1396,cl1xjczhw000w3f6bjpdezu1r,0,0.22421875,0.7864583333333334,0.0359375,0.0479166666666666
29,1396,cl1xjd69n00103f6bcv0qdi0b,0,0.5875,0.8322916666666667,0.0375,0.05625
29,1397,cl1xjcojq000o3f6b4ewbxdvb,0,0.4139508928571428,0.3973214285714286,0.0328125,0.0541666666666666
29,1397,cl1xjcsw3000s3f6b3gcs37qc,0,0.9109375,0.5239583333333333,0.028125,0.04375
29,1397,cl1xjczhw000w3f6bjpdezu1r,0,0.226171875,0.7834201388888888,0.0359375,0.047048611111111
29,1397,cl1xjd69n00103f6bcv0qdi0b,0,0.5875,0.8322916666666667,0.0375,0.05625
29,1398,cl1xjcojq000o3f6b4ewbxdvb,0,0.4138764880952381,0.3972718253968254,0.0328125,0.0541666666666666
29,1398,cl1xjcsw3000s3f6b3gcs37qc,0,0.9109375,0.5239583333333333,0.028125,0.04375
29,1398,cl1xjczhw000w3f6bjpdezu1r,0,0.228125,0.7803819444444445,0.0359375,0.0461805555555555
29,1398,cl1xjd69n00103f6bcv0qdi0b,0,0.5875,0.8322916666666667,0.0375,0.05625
29,1399,cl1xjcojq000o3f6b4ewbxdvb,0,0.4138020833333333,0.3972222222222222,0.0328124999999999,0.0541666666666666
29,1399,cl1xjcsw3000s3f6b3gcs37qc,0,0.9109375,0.5239583333333333,0.028125,0.04375
29,1399,cl1xjczhw000w3f6bjpdezu1r,0,0.230078125,0.77734375,0.0359375,0.0453125
29,1399,cl1xjd69n00103f6bcv0qdi0b,0,0.5875,0.8322916666666667,0.0375,0.05625
29,139,ckz3w0j4d00133867psu0dku8,0,0.6125,0.1875,0.040625,0.0458333333333333
29,139,cl1xj98o800033f6bbzcyndpi,0,0.1828125,0.08125,0.025,0.0375
29,139,cl1xj9dfe00073f6bo87qdh30,0,0.42109375,0.3802083333333333,0.0328125,0.0354166666666666
29,139,cl1xj9ksa000b3f6bvr1hgnfn,0,0.78515625,0.5458333333333333,0.0359375,0.0375
29,13,ckz3w0j4d00133867psu0dku8,0,0.6125,0.1875,0.040625,0.0458333333333333
29,13,cl1xj98o800033f6bbzcyndpi,0,0.1828125,0.08125,0.025,0.0375
29,13,cl1xj9dfe00073f6bo87qdh30,0,0.42109375,0.3802083333333333,0.0328125,0.0354166666666666
29,13,cl1xj9ksa000b3f6bvr1hgnfn,0,0.78515625,0.5458333333333333,0.0359375,0.0375
29,1400,cl1xjcojq000o3f6b4ewbxdvb,0,0.4137276785714285,0.397172619047619,0.0328125,0.0541666666666666
29,1400,cl1xjcsw3000s3f6b3gcs37qc,0,0.9109375,0.5239583333333333,0.028125,0.04375
29,1400,cl1xjczhw000w3f6bjpdezu1r,0,0.23203125,0.7743055555555555,0.0359375,0.0444444444444444
29,1400,cl1xjd69n00103f6bcv0qdi0b,0,0.5875,0.8322916666666667,0.0375,0.05625
29,1401,cl1xjcojq000o3f6b4ewbxdvb,0,0.4136532738095238,0.3971230158730158,0.0328125,0.0541666666666666
29,1401,cl1xjcsw3000s3f6b3gcs37qc,0,0.9109375,0.5239583333333333,0.028125,0.04375
29,1401,cl1xjczhw000w3f6bjpdezu1r,0,0.233984375,0.7712673611111112,0.0359375,0.0435763888888889
29,1401,cl1xjd69n00103f6bcv0qdi0b,0,0.5875,0.8322916666666667,0.0375,0.05625
29,1402,cl1xjcojq000o3f6b4ewbxdvb,0,0.4135788690476191,0.3970734126984127,0.0328125,0.0541666666666666
29,1402,cl1xjcsw3000s3f6b3gcs37qc,0,0.9109375,0.5239583333333333,0.028125,0.04375
29,1402,cl1xjczhw000w3f6bjpdezu1r,0,0.2359375,0.7682291666666666,0.0359375,0.0427083333333333
29,1402,cl1xjd69n00103f6bcv0qdi0b,0,0.5875,0.8322916666666667,0.0375,0.05625
29,1403,cl1xjcojq000o3f6b4ewbxdvb,0,0.4135044642857143,0.3970238095238095,0.0328125,0.0541666666666666
29,1403,cl1xjcsw3000s3f6b3gcs37qc,0,0.9109375,0.5239583333333333,0.028125,0.04375
29,1403,cl1xjczhw000w3f6bjpdezu1r,0,0.237890625,0.7651909722222221,0.0359375,0.0418402777777777
29,1403,cl1xjd69n00103f6bcv0qdi0b,0,0.5875,0.8322916666666667,0.0375,0.05625
29,1404,cl1xjcojq000o3f6b4ewbxdvb,0,0.4134300595238095,0.3969742063492063,0.0328124999999999,0.0541666666666666
29,1404,cl1xjcsw3000s3f6b3gcs37qc,0,0.9109375,0.5239583333333333,0.028125,0.04375
29,1404,cl1xjczhw000w3f6bjpdezu1r,0,0.23984375,0.7621527777777779,0.0359375,0.0409722222222222
29,1404,cl1xjd69n00103f6bcv0qdi0b,0,0.5875,0.8322916666666667,0.0375,0.05625
29,1405,cl1xjcojq000o3f6b4ewbxdvb,0,0.4133556547619047,0.3969246031746031,0.0328125,0.0541666666666666
29,1405,cl1xjcsw3000s3f6b3gcs37qc,0,0.9109375,0.5239583333333333,0.028125,0.04375
29,1405,cl1xjczhw000w3f6bjpdezu1r,0,0.241796875,0.7591145833333334,0.0359375,0.0401041666666666
29,1405,cl1xjd69n00103f6bcv0qdi0b,0,0.5875,0.8322916666666667,0.0375,0.05625
29,1406,cl1xjcojq000o3f6b4ewbxdvb,0,0.41328125,0.396875,0.0328125,0.0541666666666666
29,1406,cl1xjcsw3000s3f6b3gcs37qc,0,0.9109375,0.5239583333333333,0.028125,0.04375
29,1406,cl1xjczhw000w3f6bjpdezu1r,0,0.24375,0.7560763888888888,0.0359375,0.039236111111111
29,1406,cl1xjd69n00103f6bcv0qdi0b,0,0.5875,0.8322916666666667,0.0375,0.05625
29,1407,cl1xjcojq000o3f6b4ewbxdvb,0,0.4132068452380952,0.3968253968253968,0.0328125,0.0541666666666666
29,1407,cl1xjcsw3000s3f6b3gcs37qc,0,0.9109375,0.5239583333333333,0.028125,0.04375
29,1407,cl1xjczhw000w3f6bjpdezu1r,0,0.245703125,0.7530381944444445,0.0359375,0.0383680555555555
29,1407,cl1xjd69n00103f6bcv0qdi0b,0,0.5875,0.8322916666666667,0.0375,0.05625
29,1408,cl1xjcojq000o3f6b4ewbxdvb,0,0.4131324404761905,0.3967757936507937,0.0328125,0.0541666666666666
29,1408,cl1xjcsw3000s3f6b3gcs37qc,0,0.9109375,0.5239583333333333,0.028125,0.04375
29,1408,cl1xjczhw000w3f6bjpdezu1r,0,0.24765625,0.75,0.0359375,0.0375
29,1408,cl1xjd69n00103f6bcv0qdi0b,0,0.5875,0.8322916666666667,0.0375,0.05625
29,1409,cl1xjcojq000o3f6b4ewbxdvb,0,0.4130580357142857,0.3967261904761904,0.0328124999999999,0.0541666666666666
29,1409,cl1xjcsw3000s3f6b3gcs37qc,0,0.9109375,0.5239583333333333,0.028125,0.04375
29,1409,cl1xjczhw000w3f6bjpdezu1r,0,0.2490625,0.7497916666666666,0.0359375,0.0375
29,1409,cl1xjd69n00103f6bcv0qdi0b,0,0.5875,0.8322916666666667,0.0375,0.05625
29,140,ckz3w0j4d00133867psu0dku8,0,0.6125,0.1875,0.040625,0.0458333333333333
29,140,cl1xj98o800033f6bbzcyndpi,0,0.1828125,0.08125,0.025,0.0375
29,140,cl1xj9dfe00073f6bo87qdh30,0,0.42109375,0.3802083333333333,0.0328125,0.0354166666666666
29,140,cl1xj9ksa000b3f6bvr1hgnfn,0,0.78515625,0.5458333333333333,0.0359375,0.0375
29,1410,cl1xjcojq000o3f6b4ewbxdvb,0,0.4129836309523809,0.3966765873015873,0.0328125,0.0541666666666666
29,1410,cl1xjcsw3000s3f6b3gcs37qc,0,0.9109375,0.5239583333333333,0.028125,0.04375
29,1410,cl1xjczhw000w3f6bjpdezu1r,0,0.25046875,0.7495833333333334,0.0359375,0.0375
29,1410,cl1xjd69n00103f6bcv0qdi0b,0,0.5875,0.8322916666666667,0.0375,0.05625
29,1411,cl1xjcojq000o3f6b4ewbxdvb,0,0.4129092261904762,0.3966269841269841,0.0328125,0.0541666666666666
29,1411,cl1xjcsw3000s3f6b3gcs37qc,0,0.9109375,0.5239583333333333,0.028125,0.04375
29,1411,cl1xjczhw000w3f6bjpdezu1r,0,0.2518749999999999,0.749375,0.0359375,0.0375
29,1411,cl1xjd69n00103f6bcv0qdi0b,0,0.5875,0.8322916666666667,0.0375,0.05625
29,1412,cl1xjcojq000o3f6b4ewbxdvb,0,0.4128348214285714,0.396577380952381,0.0328125,0.0541666666666666
29,1412,cl1xjcsw3000s3f6b3gcs37qc,0,0.9109375,0.5239583333333333,0.028125,0.04375
29,1412,cl1xjczhw000w3f6bjpdezu1r,0,0.25328125,0.7491666666666668,0.0359375,0.0375
29,1412,cl1xjd69n00103f6bcv0qdi0b,0,0.5875,0.8322916666666667,0.0375,0.05625
29,1413,cl1xjcojq000o3f6b4ewbxdvb,0,0.4127604166666667,0.3965277777777778,0.0328125,0.0541666666666666
29,1413,cl1xjcsw3000s3f6b3gcs37qc,0,0.9109375,0.5239583333333333,0.028125,0.04375
29,1413,cl1xjczhw000w3f6bjpdezu1r,0,0.2546875,0.7489583333333333,0.0359375,0.0375
29,1413,cl1xjd69n00103f6bcv0qdi0b,0,0.5875,0.8322916666666667,0.0375,0.05625
29,1414,cl1xjcojq000o3f6b4ewbxdvb,0,0.4126860119047618,0.3964781746031746,0.0328124999999999,0.0541666666666666
29,1414,cl1xjcsw3000s3f6b3gcs37qc,0,0.9109375,0.5239583333333333,0.028125,0.04375
29,1414,cl1xjczhw000w3f6bjpdezu1r,0,0.25609375,0.7487499999999999,0.0359375,0.0375
29,1414,cl1xjd69n00103f6bcv0qdi0b,0,0.5875,0.8322916666666667,0.0375,0.05625
29,1415,cl1xjcojq000o3f6b4ewbxdvb,0,0.4126116071428571,0.3964285714285714,0.0328124999999999,0.0541666666666666
29,1415,cl1xjcsw3000s3f6b3gcs37qc,0,0.9109375,0.5239583333333333,0.028125,0.04375
29,1415,cl1xjczhw000w3f6bjpdezu1r,0,0.2575,0.7485416666666667,0.0359375,0.0375
29,1415,cl1xjd69n00103f6bcv0qdi0b,0,0.5875,0.8322916666666667,0.0375,0.05625
29,1416,cl1xjcojq000o3f6b4ewbxdvb,0,0.4125372023809524,0.3963789682539682,0.0328125,0.0541666666666666
29,1416,cl1xjcsw3000s3f6b3gcs37qc,0,0.9109375,0.5239583333333333,0.028125,0.04375
29,1416,cl1xjczhw000w3f6bjpdezu1r,0,0.25890625,0.7483333333333333,0.0359375,0.0375
29,1416,cl1xjd69n00103f6bcv0qdi0b,0,0.5875,0.8322916666666667,0.0375,0.05625
29,1417,cl1xjcojq000o3f6b4ewbxdvb,0,0.4124627976190476,0.396329365079365,0.0328125,0.0541666666666666
29,1417,cl1xjcsw3000s3f6b3gcs37qc,0,0.9109375,0.5239583333333333,0.028125,0.04375
29,1417,cl1xjczhw000w3f6bjpdezu1r,0,0.2603125,0.748125,0.0359375,0.0375
29,1417,cl1xjd69n00103f6bcv0qdi0b,0,0.5875,0.8322916666666667,0.0375,0.05625
29,1418,cl1xjcojq000o3f6b4ewbxdvb,0,0.4123883928571429,0.3962797619047619,0.0328125,0.0541666666666666
29,1418,cl1xjcsw3000s3f6b3gcs37qc,0,0.9109375,0.5239583333333333,0.028125,0.04375
29,1418,cl1xjczhw000w3f6bjpdezu1r,0,0.26171875,0.7479166666666667,0.0359375,0.0375
29,1418,cl1xjd69n00103f6bcv0qdi0b,0,0.5875,0.8322916666666667,0.0375,0.05625
29,1419,cl1xjcojq000o3f6b4ewbxdvb,0,0.4123139880952381,0.3962301587301587,0.0328125,0.0541666666666666
29,1419,cl1xjcsw3000s3f6b3gcs37qc,0,0.9109375,0.5239583333333333,0.028125,0.04375
29,1419,cl1xjczhw000w3f6bjpdezu1r,0,0.2646484375,0.7458333333333333,0.0359375,0.0375
29,1419,cl1xjd69n00103f6bcv0qdi0b,0,0.5875,0.8322916666666667,0.0375,0.05625
29,141,ckz3w0j4d00133867psu0dku8,0,0.6125,0.1875,0.040625,0.0458333333333333
29,141,cl1xj98o800033f6bbzcyndpi,0,0.1828125,0.08125,0.025,0.0375
29,141,cl1xj9dfe00073f6bo87qdh30,0,0.42109375,0.3802083333333333,0.0328125,0.0354166666666666
29,141,cl1xj9ksa000b3f6bvr1hgnfn,0,0.78515625,0.5458333333333333,0.0359375,0.0375
29,1420,cl1xjcojq000o3f6b4ewbxdvb,0,0.4122395833333333,0.3961805555555555,0.0328124999999999,0.0541666666666666
29,1420,cl1xjcsw3000s3f6b3gcs37qc,0,0.9109375,0.5239583333333333,0.028125,0.04375
29,1420,cl1xjczhw000w3f6bjpdezu1r,0,0.267578125,0.74375,0.0359375,0.0375
29,1420,cl1xjd69n00103f6bcv0qdi0b,0,0.5875,0.8322916666666667,0.0375,0.05625
29,1421,cl1xjcojq000o3f6b4ewbxdvb,0,0.4121651785714285,0.3961309523809523,0.0328125,0.0541666666666666
29,1421,cl1xjcsw3000s3f6b3gcs37qc,0,0.9109375,0.5239583333333333,0.028125,0.04375
29,1421,cl1xjczhw000w3f6bjpdezu1r,0,0.2705078125,0.7416666666666667,0.0359375,0.0375
29,1421,cl1xjd69n00103f6bcv0qdi0b,0,0.5875,0.8322916666666667,0.0375,0.05625
29,1422,cl1xjcojq000o3f6b4ewbxdvb,0,0.4120907738095238,0.3960813492063492,0.0328125,0.0541666666666666
29,1422,cl1xjcsw3000s3f6b3gcs37qc,0,0.9109375,0.5239583333333333,0.028125,0.04375
29,1422,cl1xjczhw000w3f6bjpdezu1r,0,0.2734375,0.7395833333333334,0.0359375,0.0375
29,1422,cl1xjd69n00103f6bcv0qdi0b,0,0.5875,0.8322916666666667,0.0375,0.05625
29,1423,cl1xjcojq000o3f6b4ewbxdvb,0,0.412016369047619,0.396031746031746,0.0328125,0.0541666666666666
29,1423,cl1xjcsw3000s3f6b3gcs37qc,0,0.9109375,0.5239583333333333,0.028125,0.04375
29,1423,cl1xjczhw000w3f6bjpdezu1r,0,0.2763671875,0.7375,0.0359375,0.0375
29,1423,cl1xjd69n00103f6bcv0qdi0b,0,0.5875,0.8322916666666667,0.0375,0.05625
29,1424,cl1xjcojq000o3f6b4ewbxdvb,0,0.4119419642857143,0.3959821428571429,0.0328125,0.0541666666666666
29,1424,cl1xjcsw3000s3f6b3gcs37qc,0,0.9109375,0.5239583333333333,0.028125,0.04375
29,1424,cl1xjczhw000w3f6bjpdezu1r,0,0.279296875,0.7354166666666667,0.0359375,0.0375
29,1424,cl1xjd69n00103f6bcv0qdi0b,0,0.5875,0.8322916666666667,0.0375,0.05625
29,1425,cl1xjcojq000o3f6b4ewbxdvb,0,0.4118675595238095,0.3959325396825396,0.0328124999999999,0.0541666666666666
29,1425,cl1xjcsw3000s3f6b3gcs37qc,0,0.9109375,0.5239583333333333,0.028125,0.04375
29,1425,cl1xjczhw000w3f6bjpdezu1r,0,0.2822265625,0.7333333333333333,0.0359375,0.0375
29,1425,cl1xjd69n00103f6bcv0qdi0b,0,0.5875,0.8322916666666667,0.0375,0.05625
29,1426,cl1xjcojq000o3f6b4ewbxdvb,0,0.4117931547619047,0.3958829365079365,0.0328125,0.0541666666666666
29,1426,cl1xjcsw3000s3f6b3gcs37qc,0,0.9109375,0.5239583333333333,0.028125,0.04375
29,1426,cl1xjczhw000w3f6bjpdezu1r,0,0.28515625,0.73125,0.0359375,0.0375
29,1426,cl1xjd69n00103f6bcv0qdi0b,0,0.5875,0.8322916666666667,0.0375,0.05625
29,1427,cl1xjcojq000o3f6b4ewbxdvb,0,0.41171875,0.3958333333333333,0.0328125,0.0541666666666666
29,1427,cl1xjcsw3000s3f6b3gcs37qc,0,0.9109375,0.5239583333333333,0.028125,0.04375
29,1427,cl1xjczhw000w3f6bjpdezu1r,0,0.2871448863636364,0.7318181818181818,0.0359375,0.0375
29,1427,cl1xjd69n00103f6bcv0qdi0b,0,0.5875,0.8322916666666667,0.0375,0.05625
29,1428,cl1xjcojq000o3f6b4ewbxdvb,0,0.4116443452380952,0.3957837301587302,0.0328125,0.0541666666666666
29,1428,cl1xjcsw3000s3f6b3gcs37qc,0,0.9109375,0.5239583333333333,0.028125,0.04375
29,1428,cl1xjczhw000w3f6bjpdezu1r,0,0.2891335227272727,0.7323863636363637,0.0359375,0.0375
29,1428,cl1xjd69n00103f6bcv0qdi0b,0,0.5875,0.8322916666666667,0.0375,0.05625
29,1429,cl1xjcojq000o3f6b4ewbxdvb,0,0.4115699404761905,0.395734126984127,0.0328125,0.0541666666666666
29,1429,cl1xjcsw3000s3f6b3gcs37qc,0,0.9109375,0.5239583333333333,0.028125,0.04375
29,1429,cl1xjczhw000w3f6bjpdezu1r,0,0.2911221590909091,0.7329545454545454,0.0359375,0.0375
29,1429,cl1xjd69n00103f6bcv0qdi0b,0,0.5875,0.8322916666666667,0.0375,0.05625
29,142,ckz3w0j4d00133867psu0dku8,0,0.6125,0.1875,0.040625,0.0458333333333333
29,142,cl1xj98o800033f6bbzcyndpi,0,0.1828125,0.08125,0.025,0.0375
29,142,cl1xj9dfe00073f6bo87qdh30,0,0.42109375,0.3802083333333333,0.0328125,0.0354166666666666
29,142,cl1xj9ksa000b3f6bvr1hgnfn,0,0.78515625,0.5458333333333333,0.0359375,0.0375
29,1430,cl1xjcojq000o3f6b4ewbxdvb,0,0.4114955357142856,0.3956845238095238,0.0328124999999999,0.0541666666666666
29,1430,cl1xjcsw3000s3f6b3gcs37qc,0,0.9109375,0.5239583333333333,0.028125,0.04375
29,1430,cl1xjczhw000w3f6bjpdezu1r,0,0.2931107954545454,0.7335227272727273,0.0359375,0.0375
29,1430,cl1xjd69n00103f6bcv0qdi0b,0,0.5875,0.8322916666666667,0.0375,0.05625
29,1431,cl1xjcojq000o3f6b4ewbxdvb,0,0.4114211309523809,0.3956349206349206,0.0328125,0.0541666666666666
29,1431,cl1xjcsw3000s3f6b3gcs37qc,0,0.9109375,0.5239583333333333,0.028125,0.04375
29,1431,cl1xjczhw000w3f6bjpdezu1r,0,0.2950994318181818,0.7340909090909091,0.0359375,0.0375
29,1431,cl1xjd69n00103f6bcv0qdi0b,0,0.5875,0.8322916666666667,0.0375,0.05625
29,1432,cl1xjcojq000o3f6b4ewbxdvb,0,0.4113467261904762,0.3955853174603174,0.0328125,0.0541666666666666
29,1432,cl1xjcsw3000s3f6b3gcs37qc,0,0.9109375,0.5239583333333333,0.028125,0.04375
29,1432,cl1xjczhw000w3f6bjpdezu1r,0,0.2970880681818181,0.7346590909090909,0.0359375,0.0375
29,1432,cl1xjd69n00103f6bcv0qdi0b,0,0.5875,0.8322916666666667,0.0375,0.05625
29,1433,cl1xjcojq000o3f6b4ewbxdvb,0,0.4112723214285714,0.3955357142857142,0.0328125,0.0541666666666666
29,1433,cl1xjcsw3000s3f6b3gcs37qc,0,0.9109375,0.5239583333333333,0.028125,0.04375
29,1433,cl1xjczhw000w3f6bjpdezu1r,0,0.2990767045454545,0.7352272727272727,0.0359375,0.0375
29,1433,cl1xjd69n00103f6bcv0qdi0b,0,0.5875,0.8322916666666667,0.0375,0.05625
29,1434,cl1xjcojq000o3f6b4ewbxdvb,0,0.4111979166666667,0.3954861111111111,0.0328125,0.0541666666666666
29,1434,cl1xjcsw3000s3f6b3gcs37qc,0,0.9109375,0.5239583333333333,0.028125,0.04375
29,1434,cl1xjczhw000w3f6bjpdezu1r,0,0.3010653409090909,0.7357954545454546,0.0359375,0.0375
29,1434,cl1xjd69n00103f6bcv0qdi0b,0,0.5875,0.8322916666666667,0.0375,0.05625
29,1435,cl1xjcojq000o3f6b4ewbxdvb,0,0.4111235119047619,0.3954365079365079,0.0328124999999999,0.0541666666666666
29,1435,cl1xjcsw3000s3f6b3gcs37qc,0,0.9109375,0.5239583333333333,0.028125,0.04375
29,1435,cl1xjczhw000w3f6bjpdezu1r,0,0.3030539772727273,0.7363636363636363,0.0359375,0.0375
29,1435,cl1xjd69n00103f6bcv0qdi0b,0,0.5875,0.8322916666666667,0.0375,0.05625
29,1436,cl1xjcojq000o3f6b4ewbxdvb,0,0.4110491071428571,0.3953869047619047,0.0328124999999999,0.0541666666666666
29,1436,cl1xjcsw3000s3f6b3gcs37qc,0,0.9109375,0.5239583333333333,0.028125,0.04375
29,1436,cl1xjczhw000w3f6bjpdezu1r,0,0.3050426136363636,0.7369318181818182,0.0359375,0.0375
29,1436,cl1xjd69n00103f6bcv0qdi0b,0,0.5875,0.8322916666666667,0.0375,0.05625
29,1437,cl1xjcojq000o3f6b4ewbxdvb,0,0.4109747023809523,0.3953373015873015,0.0328125,0.0541666666666666
29,1437,cl1xjcsw3000s3f6b3gcs37qc,0,0.9109375,0.5239583333333333,0.028125,0.04375
29,1437,cl1xjczhw000w3f6bjpdezu1r,0,0.30703125,0.7375,0.0359375,0.0375
29,1437,cl1xjd69n00103f6bcv0qdi0b,0,0.5875,0.8322916666666667,0.0375,0.05625
29,1438,cl1xjcojq000o3f6b4ewbxdvb,0,0.4109002976190476,0.3952876984126984,0.0328125,0.0541666666666666
29,1438,cl1xjcsw3000s3f6b3gcs37qc,0,0.9109375,0.5239583333333333,0.028125,0.04375
29,1438,cl1xjczhw000w3f6bjpdezu1r,0,0.308309659090909,0.7402462121212121,0.0359375,0.0388257575757575
29,1438,cl1xjd69n00103f6bcv0qdi0b,0,0.5875,0.8322916666666667,0.0375,0.05625
29,1439,cl1xjcojq000o3f6b4ewbxdvb,0,0.4108258928571429,0.3952380952380953,0.0328125,0.0541666666666666
29,1439,cl1xjcsw3000s3f6b3gcs37qc,0,0.9109375,0.5239583333333333,0.028125,0.04375
29,1439,cl1xjczhw000w3f6bjpdezu1r,0,0.3095880681818181,0.7429924242424242,0.0359375,0.0401515151515151
29,1439,cl1xjd69n00103f6bcv0qdi0b,0,0.5875,0.8322916666666667,0.0375,0.05625
29,143,ckz3w0j4d00133867psu0dku8,0,0.6125,0.1875,0.040625,0.0458333333333333
29,143,cl1xj98o800033f6bbzcyndpi,0,0.1828125,0.08125,0.025,0.0375
29,143,cl1xj9dfe00073f6bo87qdh30,0,0.42109375,0.3802083333333333,0.0328125,0.0354166666666666
29,143,cl1xj9ksa000b3f6bvr1hgnfn,0,0.78515625,0.5458333333333333,0.0359375,0.0375
29,1440,cl1xjcojq000o3f6b4ewbxdvb,0,0.4107514880952381,0.3951884920634921,0.0328125,0.0541666666666666
29,1440,cl1xjcsw3000s3f6b3gcs37qc,0,0.9109375,0.5239583333333333,0.028125,0.04375
29,1440,cl1xjczhw000w3f6bjpdezu1r,0,0.3108664772727273,0.7457386363636365,0.0359375,0.0414772727272727
29,1440,cl1xjd69n00103f6bcv0qdi0b,0,0.5875,0.8322916666666667,0.0375,0.05625
29,1441,cl1xjcojq000o3f6b4ewbxdvb,0,0.4106770833333333,0.3951388888888889,0.0328124999999999,0.0541666666666666
29,1441,cl1xjcsw3000s3f6b3gcs37qc,0,0.9109375,0.5239583333333333,0.028125,0.04375
29,1441,cl1xjczhw000w3f6bjpdezu1r,0,0.3121448863636363,0.7484848484848484,0.0359375,0.0428030303030303
29,1441,cl1xjd69n00103f6bcv0qdi0b,0,0.5875,0.8322916666666667,0.0375,0.05625
29,1442,cl1xjcojq000o3f6b4ewbxdvb,0,0.4106026785714285,0.3950892857142857,0.0328125,0.0541666666666666
29,1442,cl1xjcsw3000s3f6b3gcs37qc,0,0.9109375,0.5239583333333333,0.028125,0.04375
29,1442,cl1xjczhw000w3f6bjpdezu1r,0,0.3134232954545454,0.7512310606060607,0.0359375,0.0441287878787878
29,1442,cl1xjd69n00103f6bcv0qdi0b,0,0.5875,0.8322916666666667,0.0375,0.05625
29,1443,cl1xjcojq000o3f6b4ewbxdvb,0,0.4105282738095238,0.3950396825396825,0.0328125,0.0541666666666666
29,1443,cl1xjcsw3000s3f6b3gcs37qc,0,0.9109375,0.5239583333333333,0.028125,0.04375
29,1443,cl1xjczhw000w3f6bjpdezu1r,0,0.3147017045454545,0.7539772727272727,0.0359375,0.0454545454545454
29,1443,cl1xjd69n00103f6bcv0qdi0b,0,0.5875,0.8322916666666667,0.0375,0.05625
29,1444,cl1xjcojq000o3f6b4ewbxdvb,0,0.410453869047619,0.3949900793650794,0.0328125,0.0541666666666666
29,1444,cl1xjcsw3000s3f6b3gcs37qc,0,0.9109375,0.5239583333333333,0.028125,0.04375
29,1444,cl1xjczhw000w3f6bjpdezu1r,0,0.3159801136363636,0.7567234848484848,0.0359375,0.046780303030303
29,1444,cl1xjd69n00103f6bcv0qdi0b,0,0.5875,0.8322916666666667,0.0375,0.05625
29,1445,cl1xjcojq000o3f6b4ewbxdvb,0,0.4103794642857143,0.3949404761904762,0.0328125,0.0541666666666666
29,1445,cl1xjcsw3000s3f6b3gcs37qc,0,0.9109375,0.5239583333333333,0.028125,0.04375
29,1445,cl1xjczhw000w3f6bjpdezu1r,0,0.3172585227272727,0.7594696969696969,0.0359375,0.0481060606060605
29,1445,cl1xjd69n00103f6bcv0qdi0b,0,0.5875,0.8322916666666667,0.0375,0.05625
29,1446,cl1xjcojq000o3f6b4ewbxdvb,0,0.4103050595238094,0.394890873015873,0.0328124999999999,0.0541666666666666
29,1446,cl1xjcsw3000s3f6b3gcs37qc,0,0.9109375,0.5239583333333333,0.028125,0.04375
29,1446,cl1xjczhw000w3f6bjpdezu1r,0,0.3185369318181818,0.7622159090909091,0.0359375,0.0494318181818182
29,1446,cl1xjd69n00103f6bcv0qdi0b,0,0.5875,0.8322916666666667,0.0375,0.05625
29,1447,cl1xjcojq000o3f6b4ewbxdvb,0,0.4102306547619047,0.3948412698412698,0.0328125,0.0541666666666666
29,1447,cl1xjcsw3000s3f6b3gcs37qc,0,0.9109375,0.5239583333333333,0.028125,0.04375
29,1447,cl1xjczhw000w3f6bjpdezu1r,0,0.3198153409090909,0.7649621212121213,0.0359375,0.0507575757575757
29,1447,cl1xjd69n00103f6bcv0qdi0b,0,0.5875,0.8322916666666667,0.0375,0.05625
29,1448,cl1xjcojq000o3f6b4ewbxdvb,0,0.41015625,0.3947916666666666,0.0328125,0.0541666666666666
29,1448,cl1xjcsw3000s3f6b3gcs37qc,0,0.9109375,0.5239583333333333,0.028125,0.04375
29,1448,cl1xjczhw000w3f6bjpdezu1r,0,0.32109375,0.7677083333333333,0.0359375,0.0520833333333333
29,1448,cl1xjd69n00103f6bcv0qdi0b,0,0.5875,0.8322916666666667,0.0375,0.05625
29,1449,cl1xjcojq000o3f6b4ewbxdvb,0,0.4100818452380952,0.3947420634920635,0.0328125,0.0541666666666666
29,1449,cl1xjcsw3000s3f6b3gcs37qc,0,0.9109375,0.5239583333333333,0.028125,0.04375
29,1449,cl1xjczhw000w3f6bjpdezu1r,0,0.32203125,0.769375,0.0359375,0.0520833333333333
29,1449,cl1xjd69n00103f6bcv0qdi0b,0,0.5875,0.8322916666666667,0.0375,0.05625
29,144,ckz3w0j4d00133867psu0dku8,0,0.6125,0.1875,0.040625,0.0458333333333333
29,144,cl1xj98o800033f6bbzcyndpi,0,0.1828125,0.08125,0.025,0.0375
29,144,cl1xj9dfe00073f6bo87qdh30,0,0.42109375,0.3802083333333333,0.0328125,0.0354166666666666
29,144,cl1xj9ksa000b3f6bvr1hgnfn,0,0.78515625,0.5458333333333333,0.0359375,0.0375
29,1450,cl1xjcojq000o3f6b4ewbxdvb,0,0.4100074404761905,0.3946924603174603,0.0328125,0.0541666666666666
29,1450,cl1xjcsw3000s3f6b3gcs37qc,0,0.9109375,0.5239583333333333,0.028125,0.04375
29,1450,cl1xjczhw000w3f6bjpdezu1r,0,0.3229687499999999,0.7710416666666667,0.0359375,0.0520833333333333
29,1450,cl1xjd69n00103f6bcv0qdi0b,0,0.5875,0.8322916666666667,0.0375,0.05625
29,1451,cl1xjcojq000o3f6b4ewbxdvb,0,0.4099330357142857,0.3946428571428571,0.0328124999999999,0.0541666666666666
29,1451,cl1xjcsw3000s3f6b3gcs37qc,0,0.9109375,0.5239583333333333,0.028125,0.04375
29,1451,cl1xjczhw000w3f6bjpdezu1r,0,0.32390625,0.7727083333333333,0.0359375,0.0520833333333333
29,1451,cl1xjd69n00103f6bcv0qdi0b,0,0.5875,0.8322916666666667,0.0375,0.05625
29,1452,cl1xjcojq000o3f6b4ewbxdvb,0,0.4098586309523809,0.3945932539682539,0.0328125,0.0541666666666666
29,1452,cl1xjcsw3000s3f6b3gcs37qc,0,0.9109375,0.5239583333333333,0.028125,0.04375
29,1452,cl1xjczhw000w3f6bjpdezu1r,0,0.32484375,0.7743749999999999,0.0359375,0.0520833333333333
29,1452,cl1xjd69n00103f6bcv0qdi0b,0,0.5875,0.8322916666666667,0.0375,0.05625
29,1453,cl1xjcojq000o3f6b4ewbxdvb,0,0.4097842261904761,0.3945436507936508,0.0328125,0.0541666666666666
29,1453,cl1xjcsw3000s3f6b3gcs37qc,0,0.9109375,0.5239583333333333,0.028125,0.04375
29,1453,cl1xjczhw000w3f6bjpdezu1r,0,0.32578125,0.7760416666666666,0.0359375,0.0520833333333333
29,1453,cl1xjd69n00103f6bcv0qdi0b,0,0.5875,0.8322916666666667,0.0375,0.05625
29,1454,cl1xjcojq000o3f6b4ewbxdvb,0,0.4097098214285714,0.3944940476190476,0.0328125,0.0541666666666666
29,1454,cl1xjcsw3000s3f6b3gcs37qc,0,0.9109375,0.5239583333333333,0.028125,0.04375
29,1454,cl1xjczhw000w3f6bjpdezu1r,0,0.3264508928571428,0.7790178571428572,0.0359375,0.0520833333333333
29,1454,cl1xjd69n00103f6bcv0qdi0b,0,0.5875,0.8322916666666667,0.0375,0.05625
29,1455,cl1xjcojq000o3f6b4ewbxdvb,0,0.4096354166666667,0.3944444444444445,0.0328125,0.0541666666666666
29,1455,cl1xjcsw3000s3f6b3gcs37qc,0,0.9109375,0.5239583333333333,0.028125,0.04375
29,1455,cl1xjczhw000w3f6bjpdezu1r,0,0.3271205357142857,0.7819940476190476,0.0359375,0.0520833333333333
29,1455,cl1xjd69n00103f6bcv0qdi0b,0,0.5875,0.8322916666666667,0.0375,0.05625
29,1456,cl1xjcojq000o3f6b4ewbxdvb,0,0.4095610119047618,0.3943948412698412,0.0328124999999999,0.0541666666666666
29,1456,cl1xjcsw3000s3f6b3gcs37qc,0,0.9109375,0.5239583333333333,0.028125,0.04375
29,1456,cl1xjczhw000w3f6bjpdezu1r,0,0.3277901785714285,0.784970238095238,0.0359375,0.0520833333333333
29,1456,cl1xjd69n00103f6bcv0qdi0b,0,0.5875,0.8322916666666667,0.0375,0.05625
29,1457,cl1xjcojq000o3f6b4ewbxdvb,0,0.4094866071428571,0.3943452380952381,0.0328124999999999,0.0541666666666666
29,1457,cl1xjcsw3000s3f6b3gcs37qc,0,0.9109375,0.5239583333333333,0.028125,0.04375
29,1457,cl1xjczhw000w3f6bjpdezu1r,0,0.3284598214285714,0.7879464285714286,0.0359375,0.0520833333333333
29,1457,cl1xjd69n00103f6bcv0qdi0b,0,0.5875,0.8322916666666667,0.0375,0.05625
29,1458,cl1xjcojq000o3f6b4ewbxdvb,0,0.4094122023809524,0.3942956349206349,0.0328125,0.0541666666666666
29,1458,cl1xjcsw3000s3f6b3gcs37qc,0,0.9109375,0.5239583333333333,0.028125,0.04375
29,1458,cl1xjczhw000w3f6bjpdezu1r,0,0.3291294642857142,0.7909226190476191,0.0359375,0.0520833333333333
29,1458,cl1xjd69n00103f6bcv0qdi0b,0,0.5875,0.8322916666666667,0.0375,0.05625
29,1459,cl1xjcojq000o3f6b4ewbxdvb,0,0.4093377976190476,0.3942460317460317,0.0328125,0.0541666666666666
29,1459,cl1xjcsw3000s3f6b3gcs37qc,0,0.9109375,0.5239583333333333,0.028125,0.04375
29,1459,cl1xjczhw000w3f6bjpdezu1r,0,0.3297991071428571,0.7938988095238095,0.0359375,0.0520833333333333
29,1459,cl1xjd69n00103f6bcv0qdi0b,0,0.5875,0.8322916666666667,0.0375,0.05625
29,145,ckz3w0j4d00133867psu0dku8,0,0.6125,0.1875,0.040625,0.0458333333333333
29,145,cl1xj98o800033f6bbzcyndpi,0,0.1828125,0.08125,0.025,0.0375
29,145,cl1xj9dfe00073f6bo87qdh30,0,0.42109375,0.3802083333333333,0.0328125,0.0354166666666666
29,145,cl1xj9ksa000b3f6bvr1hgnfn,0,0.78515625,0.5458333333333333,0.0359375,0.0375
29,1460,cl1xjcojq000o3f6b4ewbxdvb,0,0.4092633928571428,0.3941964285714286,0.0328125,0.0541666666666666
29,1460,cl1xjcsw3000s3f6b3gcs37qc,0,0.9109375,0.5239583333333333,0.028125,0.04375
29,1460,cl1xjczhw000w3f6bjpdezu1r,0,0.33046875,0.796875,0.0359375,0.0520833333333333
29,1460,cl1xjd69n00103f6bcv0qdi0b,0,0.5875,0.8322916666666667,0.0375,0.05625
29,1461,cl1xjcojq000o3f6b4ewbxdvb,0,0.4091889880952381,0.3941468253968254,0.0328125,0.0541666666666666
29,1461,cl1xjcsw3000s3f6b3gcs37qc,0,0.9109375,0.5239583333333333,0.028125,0.04375
29,1461,cl1xjczhw000w3f6bjpdezu1r,0,0.330625,0.8008333333333333,0.035625,0.0508333333333334
29,1461,cl1xjd69n00103f6bcv0qdi0b,0,0.5875,0.8322916666666667,0.0375,0.05625
29,1462,cl1xjcojq000o3f6b4ewbxdvb,0,0.4091145833333333,0.3940972222222222,0.0328124999999999,0.0541666666666666
29,1462,cl1xjcsw3000s3f6b3gcs37qc,0,0.9109375,0.5239583333333333,0.028125,0.04375
29,1462,cl1xjczhw000w3f6bjpdezu1r,0,0.3307812499999999,0.8047916666666666,0.0353124999999999,0.0495833333333333
29,1462,cl1xjd69n00103f6bcv0qdi0b,0,0.5875,0.8322916666666667,0.0375,0.05625
29,1463,cl1xjcojq000o3f6b4ewbxdvb,0,0.4090401785714285,0.394047619047619,0.0328125,0.0541666666666666
29,1463,cl1xjcsw3000s3f6b3gcs37qc,0,0.9109375,0.5239583333333333,0.028125,0.04375
29,1463,cl1xjczhw000w3f6bjpdezu1r,0,0.3309375,0.8087500000000001,0.035,0.0483333333333333
29,1463,cl1xjd69n00103f6bcv0qdi0b,0,0.5875,0.8322916666666667,0.0375,0.05625
29,1464,cl1xjcojq000o3f6b4ewbxdvb,0,0.4089657738095238,0.3939980158730158,0.0328125,0.0541666666666666
29,1464,cl1xjcsw3000s3f6b3gcs37qc,0,0.9109375,0.5239583333333333,0.028125,0.04375
29,1464,cl1xjczhw000w3f6bjpdezu1r,0,0.33109375,0.8127083333333334,0.0346874999999999,0.0470833333333332
29,1464,cl1xjd69n00103f6bcv0qdi0b,0,0.5875,0.8322916666666667,0.0375,0.05625
29,1465,cl1xjcojq000o3f6b4ewbxdvb,0,0.4088913690476191,0.3939484126984127,0.0328125,0.0541666666666666
29,1465,cl1xjcsw3000s3f6b3gcs37qc,0,0.9109375,0.5239583333333333,0.028125,0.04375
29,1465,cl1xjczhw000w3f6bjpdezu1r,0,0.33125,0.8166666666666667,0.034375,0.0458333333333333
29,1465,cl1xjd69n00103f6bcv0qdi0b,0,0.5875,0.8322916666666667,0.0375,0.05625
29,1466,cl1xjcojq000o3f6b4ewbxdvb,0,0.4088169642857143,0.3938988095238095,0.0328125,0.0541666666666666
29,1466,cl1xjcsw3000s3f6b3gcs37qc,0,0.9109375,0.5239583333333333,0.028125,0.04375
29,1466,cl1xjczhw000w3f6bjpdezu1r,0,0.3307291666666666,0.8215277777777777,0.034375,0.0458333333333333
29,1466,cl1xjd69n00103f6bcv0qdi0b,0,0.5875,0.8322916666666667,0.0375,0.05625
29,1467,cl1xjcojq000o3f6b4ewbxdvb,0,0.4087425595238095,0.3938492063492063,0.0328124999999999,0.0541666666666666
29,1467,cl1xjcsw3000s3f6b3gcs37qc,0,0.9109375,0.5239583333333333,0.028125,0.04375
29,1467,cl1xjczhw000w3f6bjpdezu1r,0,0.3302083333333333,0.826388888888889,0.034375,0.0458333333333333
29,1467,cl1xjd69n00103f6bcv0qdi0b,0,0.5875,0.8322916666666667,0.0375,0.05625
29,1468,cl1xjcojq000o3f6b4ewbxdvb,0,0.4086681547619047,0.3937996031746031,0.0328125,0.0541666666666666
29,1468,cl1xjcsw3000s3f6b3gcs37qc,0,0.9109375,0.5239583333333333,0.028125,0.04375
29,1468,cl1xjczhw000w3f6bjpdezu1r,0,0.3296875,0.83125,0.034375,0.0458333333333333
29,1468,cl1xjd69n00103f6bcv0qdi0b,0,0.5875,0.8322916666666667,0.0375,0.05625
29,1469,cl1xjcojq000o3f6b4ewbxdvb,0,0.40859375,0.39375,0.0328125,0.0541666666666666
29,1469,cl1xjcsw3000s3f6b3gcs37qc,0,0.9109375,0.5239583333333333,0.028125,0.04375
29,1469,cl1xjczhw000w3f6bjpdezu1r,0,0.3296875,0.8302083333333333,0.034375,0.0479166666666666
29,1469,cl1xjd69n00103f6bcv0qdi0b,0,0.5875,0.8322916666666667,0.0375,0.05625
29,146,ckz3w0j4d00133867psu0dku8,0,0.6125,0.1875,0.040625,0.0458333333333333
29,146,cl1xj98o800033f6bbzcyndpi,0,0.1828125,0.08125,0.025,0.0375
29,146,cl1xj9dfe00073f6bo87qdh30,0,0.42109375,0.3802083333333333,0.0328125,0.0354166666666666
29,146,cl1xj9ksa000b3f6bvr1hgnfn,0,0.78515625,0.5458333333333333,0.0359375,0.0375
29,147,ckz3w0j4d00133867psu0dku8,0,0.6125,0.1875,0.040625,0.0458333333333333
29,147,cl1xj98o800033f6bbzcyndpi,0,0.1828125,0.08125,0.025,0.0375
29,147,cl1xj9dfe00073f6bo87qdh30,0,0.42109375,0.3802083333333333,0.0328125,0.0354166666666666
29,147,cl1xj9ksa000b3f6bvr1hgnfn,0,0.78515625,0.5458333333333333,0.0359375,0.0375
29,148,ckz3w0j4d00133867psu0dku8,0,0.6125,0.1875,0.040625,0.0458333333333333
29,148,cl1xj98o800033f6bbzcyndpi,0,0.1828125,0.08125,0.025,0.0375
29,148,cl1xj9dfe00073f6bo87qdh30,0,0.42109375,0.3802083333333333,0.0328125,0.0354166666666666
29,148,cl1xj9ksa000b3f6bvr1hgnfn,0,0.78515625,0.5458333333333333,0.0359375,0.0375
29,149,ckz3w0j4d00133867psu0dku8,0,0.6125,0.1875,0.040625,0.0458333333333333
29,149,cl1xj98o800033f6bbzcyndpi,0,0.1828125,0.08125,0.025,0.0375
29,149,cl1xj9dfe00073f6bo87qdh30,0,0.42109375,0.3802083333333333,0.0328125,0.0354166666666666
29,149,cl1xj9ksa000b3f6bvr1hgnfn,0,0.78515625,0.5458333333333333,0.0359375,0.0375
29,14,ckz3w0j4d00133867psu0dku8,0,0.6125,0.1875,0.040625,0.0458333333333333
29,14,cl1xj98o800033f6bbzcyndpi,0,0.1828125,0.08125,0.025,0.0375
29,14,cl1xj9dfe00073f6bo87qdh30,0,0.42109375,0.3802083333333333,0.0328125,0.0354166666666666
29,14,cl1xj9ksa000b3f6bvr1hgnfn,0,0.78515625,0.5458333333333333,0.0359375,0.0375
29,150,ckz3w0j4d00133867psu0dku8,0,0.6125,0.1875,0.040625,0.0458333333333333
29,150,cl1xj98o800033f6bbzcyndpi,0,0.1828125,0.08125,0.025,0.0375
29,150,cl1xj9dfe00073f6bo87qdh30,0,0.42109375,0.3802083333333333,0.0328125,0.0354166666666666
29,150,cl1xj9ksa000b3f6bvr1hgnfn,0,0.78515625,0.5458333333333333,0.0359375,0.0375
29,151,ckz3w0j4d00133867psu0dku8,0,0.6125,0.1875,0.040625,0.0458333333333333
29,151,cl1xj98o800033f6bbzcyndpi,0,0.1828125,0.08125,0.025,0.0375
29,151,cl1xj9dfe00073f6bo87qdh30,0,0.42109375,0.3802083333333333,0.0328125,0.0354166666666666
29,151,cl1xj9ksa000b3f6bvr1hgnfn,0,0.78515625,0.5458333333333333,0.0359375,0.0375
29,152,ckz3w0j4d00133867psu0dku8,0,0.6125,0.1875,0.040625,0.0458333333333333
29,152,cl1xj98o800033f6bbzcyndpi,0,0.1828125,0.08125,0.025,0.0375
29,152,cl1xj9dfe00073f6bo87qdh30,0,0.42109375,0.3802083333333333,0.0328125,0.0354166666666666
29,152,cl1xj9ksa000b3f6bvr1hgnfn,0,0.78515625,0.5458333333333333,0.0359375,0.0375
29,153,ckz3w0j4d00133867psu0dku8,0,0.6125,0.1875,0.040625,0.0458333333333333
29,153,cl1xj98o800033f6bbzcyndpi,0,0.1828125,0.08125,0.025,0.0375
29,153,cl1xj9dfe00073f6bo87qdh30,0,0.42109375,0.3802083333333333,0.0328125,0.0354166666666666
29,153,cl1xj9ksa000b3f6bvr1hgnfn,0,0.78515625,0.5458333333333333,0.0359375,0.0375
29,154,ckz3w0j4d00133867psu0dku8,0,0.6125,0.1875,0.040625,0.0458333333333333
29,154,cl1xj98o800033f6bbzcyndpi,0,0.1828125,0.08125,0.025,0.0375
29,154,cl1xj9dfe00073f6bo87qdh30,0,0.42109375,0.3802083333333333,0.0328125,0.0354166666666666
29,154,cl1xj9ksa000b3f6bvr1hgnfn,0,0.78515625,0.5458333333333333,0.0359375,0.0375
29,155,ckz3w0j4d00133867psu0dku8,0,0.6125,0.1875,0.040625,0.0458333333333333
29,155,cl1xj98o800033f6bbzcyndpi,0,0.1828125,0.08125,0.025,0.0375
29,155,cl1xj9dfe00073f6bo87qdh30,0,0.42109375,0.3802083333333333,0.0328125,0.0354166666666666
29,155,cl1xj9ksa000b3f6bvr1hgnfn,0,0.78515625,0.5458333333333333,0.0359375,0.0375
29,156,ckz3w0j4d00133867psu0dku8,0,0.6125,0.1875,0.040625,0.0458333333333333
29,156,cl1xj98o800033f6bbzcyndpi,0,0.1828125,0.08125,0.025,0.0375
29,156,cl1xj9dfe00073f6bo87qdh30,0,0.42109375,0.3802083333333333,0.0328125,0.0354166666666666
29,156,cl1xj9ksa000b3f6bvr1hgnfn,0,0.78515625,0.5458333333333333,0.0359375,0.0375
29,157,ckz3w0j4d00133867psu0dku8,0,0.6125,0.1875,0.040625,0.0458333333333333
29,157,cl1xj98o800033f6bbzcyndpi,0,0.1828125,0.08125,0.025,0.0375
29,157,cl1xj9dfe00073f6bo87qdh30,0,0.42109375,0.3802083333333333,0.0328125,0.0354166666666666
29,157,cl1xj9ksa000b3f6bvr1hgnfn,0,0.78515625,0.5458333333333333,0.0359375,0.0375
29,158,ckz3w0j4d00133867psu0dku8,0,0.6125,0.1875,0.040625,0.0458333333333333
29,158,cl1xj98o800033f6bbzcyndpi,0,0.1828125,0.08125,0.025,0.0375
29,158,cl1xj9dfe00073f6bo87qdh30,0,0.42109375,0.3802083333333333,0.0328125,0.0354166666666666
29,158,cl1xj9ksa000b3f6bvr1hgnfn,0,0.78515625,0.5458333333333333,0.0359375,0.0375
29,159,ckz3w0j4d00133867psu0dku8,0,0.6125,0.1875,0.040625,0.0458333333333333
29,159,cl1xj98o800033f6bbzcyndpi,0,0.1828125,0.08125,0.025,0.0375
29,159,cl1xj9dfe00073f6bo87qdh30,0,0.42109375,0.3802083333333333,0.0328125,0.0354166666666666
29,159,cl1xj9ksa000b3f6bvr1hgnfn,0,0.78515625,0.5458333333333333,0.0359375,0.0375
29,15,ckz3w0j4d00133867psu0dku8,0,0.6125,0.1875,0.040625,0.0458333333333333
29,15,cl1xj98o800033f6bbzcyndpi,0,0.1828125,0.08125,0.025,0.0375
29,15,cl1xj9dfe00073f6bo87qdh30,0,0.42109375,0.3802083333333333,0.0328125,0.0354166666666666
29,15,cl1xj9ksa000b3f6bvr1hgnfn,0,0.78515625,0.5458333333333333,0.0359375,0.0375
29,160,ckz3w0j4d00133867psu0dku8,0,0.6125,0.1875,0.040625,0.0458333333333333
29,160,cl1xj98o800033f6bbzcyndpi,0,0.1828125,0.08125,0.025,0.0375
29,160,cl1xj9dfe00073f6bo87qdh30,0,0.42109375,0.3802083333333333,0.0328125,0.0354166666666666
29,160,cl1xj9ksa000b3f6bvr1hgnfn,0,0.78515625,0.5458333333333333,0.0359375,0.0375
29,161,ckz3w0j4d00133867psu0dku8,0,0.6125,0.1875,0.040625,0.0458333333333333
29,161,cl1xj98o800033f6bbzcyndpi,0,0.1828125,0.08125,0.025,0.0375
29,161,cl1xj9dfe00073f6bo87qdh30,0,0.42109375,0.3802083333333333,0.0328125,0.0354166666666666
29,161,cl1xj9ksa000b3f6bvr1hgnfn,0,0.78515625,0.5458333333333333,0.0359375,0.0375
29,162,ckz3w0j4d00133867psu0dku8,0,0.6125,0.1875,0.040625,0.0458333333333333
29,162,cl1xj98o800033f6bbzcyndpi,0,0.1828125,0.08125,0.025,0.0375
29,162,cl1xj9dfe00073f6bo87qdh30,0,0.42109375,0.3802083333333333,0.0328125,0.0354166666666666
29,162,cl1xj9ksa000b3f6bvr1hgnfn,0,0.78515625,0.5458333333333333,0.0359375,0.0375
29,163,ckz3w0j4d00133867psu0dku8,0,0.6125,0.1875,0.040625,0.0458333333333333
29,163,cl1xj98o800033f6bbzcyndpi,0,0.1828125,0.08125,0.025,0.0375
29,163,cl1xj9dfe00073f6bo87qdh30,0,0.42109375,0.3802083333333333,0.0328125,0.0354166666666666
29,163,cl1xj9ksa000b3f6bvr1hgnfn,0,0.78515625,0.5458333333333333,0.0359375,0.0375
29,164,ckz3w0j4d00133867psu0dku8,0,0.6125,0.1875,0.040625,0.0458333333333333
29,164,cl1xj98o800033f6bbzcyndpi,0,0.1828125,0.08125,0.025,0.0375
29,164,cl1xj9dfe00073f6bo87qdh30,0,0.42109375,0.3802083333333333,0.0328125,0.0354166666666666
29,164,cl1xj9ksa000b3f6bvr1hgnfn,0,0.78515625,0.5458333333333333,0.0359375,0.0375
29,165,ckz3w0j4d00133867psu0dku8,0,0.6125,0.1875,0.040625,0.0458333333333333
29,165,cl1xj98o800033f6bbzcyndpi,0,0.1828125,0.08125,0.025,0.0375
29,165,cl1xj9dfe00073f6bo87qdh30,0,0.42109375,0.3802083333333333,0.0328125,0.0354166666666666
29,165,cl1xj9ksa000b3f6bvr1hgnfn,0,0.78515625,0.5458333333333333,0.0359375,0.0375
29,166,ckz3w0j4d00133867psu0dku8,0,0.6125,0.1875,0.040625,0.0458333333333333
29,166,cl1xj98o800033f6bbzcyndpi,0,0.1828125,0.08125,0.025,0.0375
29,166,cl1xj9dfe00073f6bo87qdh30,0,0.42109375,0.3802083333333333,0.0328125,0.0354166666666666
29,166,cl1xj9ksa000b3f6bvr1hgnfn,0,0.78515625,0.5458333333333333,0.0359375,0.0375
29,167,ckz3w0j4d00133867psu0dku8,0,0.6125,0.1875,0.040625,0.0458333333333333
29,167,cl1xj98o800033f6bbzcyndpi,0,0.1828125,0.08125,0.025,0.0375
29,167,cl1xj9dfe00073f6bo87qdh30,0,0.42109375,0.3802083333333333,0.0328125,0.0354166666666666
29,167,cl1xj9ksa000b3f6bvr1hgnfn,0,0.78515625,0.5458333333333333,0.0359375,0.0375
29,168,ckz3w0j4d00133867psu0dku8,0,0.6125,0.1875,0.040625,0.0458333333333333
29,168,cl1xj98o800033f6bbzcyndpi,0,0.1828125,0.08125,0.025,0.0375
29,168,cl1xj9dfe00073f6bo87qdh30,0,0.42109375,0.3802083333333333,0.0328125,0.0354166666666666
29,168,cl1xj9ksa000b3f6bvr1hgnfn,0,0.78515625,0.5458333333333333,0.0359375,0.0375
29,169,ckz3w0j4d00133867psu0dku8,0,0.6125,0.1875,0.040625,0.0458333333333333
29,169,cl1xj98o800033f6bbzcyndpi,0,0.1828125,0.08125,0.025,0.0375
29,169,cl1xj9dfe00073f6bo87qdh30,0,0.42109375,0.3802083333333333,0.0328125,0.0354166666666666
29,169,cl1xj9ksa000b3f6bvr1hgnfn,0,0.78515625,0.5458333333333333,0.0359375,0.0375
29,16,ckz3w0j4d00133867psu0dku8,0,0.6125,0.1875,0.040625,0.0458333333333333
29,16,cl1xj98o800033f6bbzcyndpi,0,0.1828125,0.08125,0.025,0.0375
29,16,cl1xj9dfe00073f6bo87qdh30,0,0.42109375,0.3802083333333333,0.0328125,0.0354166666666666
29,16,cl1xj9ksa000b3f6bvr1hgnfn,0,0.78515625,0.5458333333333333,0.0359375,0.0375
29,170,ckz3w0j4d00133867psu0dku8,0,0.6125,0.1875,0.040625,0.0458333333333333
29,170,cl1xj98o800033f6bbzcyndpi,0,0.1828125,0.08125,0.025,0.0375
29,170,cl1xj9dfe00073f6bo87qdh30,0,0.42109375,0.3802083333333333,0.0328125,0.0354166666666666
29,170,cl1xj9ksa000b3f6bvr1hgnfn,0,0.78515625,0.5458333333333333,0.0359375,0.0375
29,171,ckz3w0j4d00133867psu0dku8,0,0.6125,0.1875,0.040625,0.0458333333333333
29,171,cl1xj98o800033f6bbzcyndpi,0,0.1828125,0.08125,0.025,0.0375
29,171,cl1xj9dfe00073f6bo87qdh30,0,0.42109375,0.3802083333333333,0.0328125,0.0354166666666666
29,171,cl1xj9ksa000b3f6bvr1hgnfn,0,0.78515625,0.5458333333333333,0.0359375,0.0375
29,172,ckz3w0j4d00133867psu0dku8,0,0.6125,0.1875,0.040625,0.0458333333333333
29,172,cl1xj98o800033f6bbzcyndpi,0,0.1828125,0.08125,0.025,0.0375
29,172,cl1xj9dfe00073f6bo87qdh30,0,0.42109375,0.3802083333333333,0.0328125,0.0354166666666666
29,172,cl1xj9ksa000b3f6bvr1hgnfn,0,0.78515625,0.5458333333333333,0.0359375,0.0375
29,173,ckz3w0j4d00133867psu0dku8,0,0.6125,0.1875,0.040625,0.0458333333333333
29,173,cl1xj98o800033f6bbzcyndpi,0,0.1828125,0.08125,0.025,0.0375
29,173,cl1xj9dfe00073f6bo87qdh30,0,0.42109375,0.3802083333333333,0.0328125,0.0354166666666666
29,173,cl1xj9ksa000b3f6bvr1hgnfn,0,0.78515625,0.5458333333333333,0.0359375,0.0375
29,174,ckz3w0j4d00133867psu0dku8,0,0.6125,0.1875,0.040625,0.0458333333333333
29,174,cl1xj98o800033f6bbzcyndpi,0,0.1828125,0.08125,0.025,0.0375
29,174,cl1xj9dfe00073f6bo87qdh30,0,0.42109375,0.3802083333333333,0.0328125,0.0354166666666666
29,174,cl1xj9ksa000b3f6bvr1hgnfn,0,0.78515625,0.5458333333333333,0.0359375,0.0375
29,175,ckz3w0j4d00133867psu0dku8,0,0.6125,0.1875,0.040625,0.0458333333333333
29,175,cl1xj98o800033f6bbzcyndpi,0,0.1828125,0.08125,0.025,0.0375
29,175,cl1xj9dfe00073f6bo87qdh30,0,0.42109375,0.3802083333333333,0.0328125,0.0354166666666666
29,175,cl1xj9ksa000b3f6bvr1hgnfn,0,0.78515625,0.5458333333333333,0.0359375,0.0375
29,176,ckz3w0j4d00133867psu0dku8,0,0.6125,0.1875,0.040625,0.0458333333333333
29,176,cl1xj98o800033f6bbzcyndpi,0,0.1828125,0.08125,0.025,0.0375
29,176,cl1xj9dfe00073f6bo87qdh30,0,0.42109375,0.3802083333333333,0.0328125,0.0354166666666666
29,176,cl1xj9ksa000b3f6bvr1hgnfn,0,0.78515625,0.5458333333333333,0.0359375,0.0375
29,177,ckz3w0j4d00133867psu0dku8,0,0.6125,0.1875,0.040625,0.0458333333333333
29,177,cl1xj98o800033f6bbzcyndpi,0,0.1828125,0.08125,0.025,0.0375
29,177,cl1xj9dfe00073f6bo87qdh30,0,0.42109375,0.3802083333333333,0.0328125,0.0354166666666666
29,177,cl1xj9ksa000b3f6bvr1hgnfn,0,0.78515625,0.5458333333333333,0.0359375,0.0375
29,178,ckz3w0j4d00133867psu0dku8,0,0.6125,0.1875,0.040625,0.0458333333333333
29,178,cl1xj98o800033f6bbzcyndpi,0,0.1828125,0.08125,0.025,0.0375
29,178,cl1xj9dfe00073f6bo87qdh30,0,0.42109375,0.3802083333333333,0.0328125,0.0354166666666666
29,178,cl1xj9ksa000b3f6bvr1hgnfn,0,0.78515625,0.5458333333333333,0.0359375,0.0375
29,179,ckz3w0j4d00133867psu0dku8,0,0.6125,0.1875,0.040625,0.0458333333333333
29,179,cl1xj98o800033f6bbzcyndpi,0,0.1828125,0.08125,0.025,0.0375
29,179,cl1xj9dfe00073f6bo87qdh30,0,0.42109375,0.3802083333333333,0.0328125,0.0354166666666666
29,179,cl1xj9ksa000b3f6bvr1hgnfn,0,0.78515625,0.5458333333333333,0.0359375,0.0375
29,17,ckz3w0j4d00133867psu0dku8,0,0.6125,0.1875,0.040625,0.0458333333333333
29,17,cl1xj98o800033f6bbzcyndpi,0,0.1828125,0.08125,0.025,0.0375
29,17,cl1xj9dfe00073f6bo87qdh30,0,0.42109375,0.3802083333333333,0.0328125,0.0354166666666666
29,17,cl1xj9ksa000b3f6bvr1hgnfn,0,0.78515625,0.5458333333333333,0.0359375,0.0375
29,180,ckz3w0j4d00133867psu0dku8,0,0.6125,0.1875,0.040625,0.0458333333333333
29,180,cl1xj98o800033f6bbzcyndpi,0,0.1828125,0.08125,0.025,0.0375
29,180,cl1xj9dfe00073f6bo87qdh30,0,0.42109375,0.3802083333333333,0.0328125,0.0354166666666666
29,180,cl1xj9ksa000b3f6bvr1hgnfn,0,0.78515625,0.5458333333333333,0.0359375,0.0375
29,181,ckz3w0j4d00133867psu0dku8,0,0.6125,0.1875,0.040625,0.0458333333333333
29,181,cl1xj98o800033f6bbzcyndpi,0,0.1828125,0.08125,0.025,0.0375
29,181,cl1xj9dfe00073f6bo87qdh30,0,0.42109375,0.3802083333333333,0.0328125,0.0354166666666666
29,181,cl1xj9ksa000b3f6bvr1hgnfn,0,0.78515625,0.5458333333333333,0.0359375,0.0375
29,182,ckz3w0j4d00133867psu0dku8,0,0.6125,0.1875,0.040625,0.0458333333333333
29,182,cl1xj98o800033f6bbzcyndpi,0,0.1828125,0.08125,0.025,0.0375
29,182,cl1xj9dfe00073f6bo87qdh30,0,0.42109375,0.3802083333333333,0.0328125,0.0354166666666666
29,182,cl1xj9ksa000b3f6bvr1hgnfn,0,0.78515625,0.5458333333333333,0.0359375,0.0375
29,183,ckz3w0j4d00133867psu0dku8,0,0.6125,0.1875,0.040625,0.0458333333333333
29,183,cl1xj98o800033f6bbzcyndpi,0,0.1828125,0.08125,0.025,0.0375
29,183,cl1xj9dfe00073f6bo87qdh30,0,0.42109375,0.3802083333333333,0.0328125,0.0354166666666666
29,183,cl1xj9ksa000b3f6bvr1hgnfn,0,0.78515625,0.5458333333333333,0.0359375,0.0375
29,184,ckz3w0j4d00133867psu0dku8,0,0.6125,0.1875,0.040625,0.0458333333333333
29,184,cl1xj98o800033f6bbzcyndpi,0,0.1828125,0.08125,0.025,0.0375
29,184,cl1xj9dfe00073f6bo87qdh30,0,0.42109375,0.3802083333333333,0.0328125,0.0354166666666666
29,184,cl1xj9ksa000b3f6bvr1hgnfn,0,0.78515625,0.5458333333333333,0.0359375,0.0375
29,185,ckz3w0j4d00133867psu0dku8,0,0.6125,0.1875,0.040625,0.0458333333333333
29,185,cl1xj98o800033f6bbzcyndpi,0,0.1828125,0.08125,0.025,0.0375
29,185,cl1xj9dfe00073f6bo87qdh30,0,0.42109375,0.3802083333333333,0.0328125,0.0354166666666666
29,185,cl1xj9ksa000b3f6bvr1hgnfn,0,0.78515625,0.5458333333333333,0.0359375,0.0375
29,186,ckz3w0j4d00133867psu0dku8,0,0.6125,0.1875,0.040625,0.0458333333333333
29,186,cl1xj98o800033f6bbzcyndpi,0,0.1828125,0.08125,0.025,0.0375
29,186,cl1xj9dfe00073f6bo87qdh30,0,0.42109375,0.3802083333333333,0.0328125,0.0354166666666666
29,186,cl1xj9ksa000b3f6bvr1hgnfn,0,0.78515625,0.5458333333333333,0.0359375,0.0375
29,187,ckz3w0j4d00133867psu0dku8,0,0.6125,0.1875,0.040625,0.0458333333333333
29,187,cl1xj98o800033f6bbzcyndpi,0,0.1828125,0.08125,0.025,0.0375
29,187,cl1xj9dfe00073f6bo87qdh30,0,0.42109375,0.3802083333333333,0.0328125,0.0354166666666666
29,187,cl1xj9ksa000b3f6bvr1hgnfn,0,0.78515625,0.5458333333333333,0.0359375,0.0375
29,188,ckz3w0j4d00133867psu0dku8,0,0.6125,0.1875,0.040625,0.0458333333333333
29,188,cl1xj98o800033f6bbzcyndpi,0,0.1828125,0.08125,0.025,0.0375
29,188,cl1xj9dfe00073f6bo87qdh30,0,0.42109375,0.3802083333333333,0.0328125,0.0354166666666666
29,188,cl1xj9ksa000b3f6bvr1hgnfn,0,0.78515625,0.5458333333333333,0.0359375,0.0375
29,189,ckz3w0j4d00133867psu0dku8,0,0.6125,0.1875,0.040625,0.0458333333333333
29,189,cl1xj98o800033f6bbzcyndpi,0,0.1828125,0.08125,0.025,0.0375
29,189,cl1xj9dfe00073f6bo87qdh30,0,0.42109375,0.3802083333333333,0.0328125,0.0354166666666666
29,189,cl1xj9ksa000b3f6bvr1hgnfn,0,0.78515625,0.5458333333333333,0.0359375,0.0375
29,18,ckz3w0j4d00133867psu0dku8,0,0.6125,0.1875,0.040625,0.0458333333333333
29,18,cl1xj98o800033f6bbzcyndpi,0,0.1828125,0.08125,0.025,0.0375
29,18,cl1xj9dfe00073f6bo87qdh30,0,0.42109375,0.3802083333333333,0.0328125,0.0354166666666666
29,18,cl1xj9ksa000b3f6bvr1hgnfn,0,0.78515625,0.5458333333333333,0.0359375,0.0375
29,190,ckz3w0j4d00133867psu0dku8,0,0.6125,0.1875,0.040625,0.0458333333333333
29,190,cl1xj98o800033f6bbzcyndpi,0,0.1828125,0.08125,0.025,0.0375
29,190,cl1xj9dfe00073f6bo87qdh30,0,0.42109375,0.3802083333333333,0.0328125,0.0354166666666666
29,190,cl1xj9ksa000b3f6bvr1hgnfn,0,0.78515625,0.5458333333333333,0.0359375,0.0375
29,191,ckz3w0j4d00133867psu0dku8,0,0.6125,0.1875,0.040625,0.0458333333333333
29,191,cl1xj98o800033f6bbzcyndpi,0,0.1828125,0.08125,0.025,0.0375
29,191,cl1xj9dfe00073f6bo87qdh30,0,0.42109375,0.3802083333333333,0.0328125,0.0354166666666666
29,191,cl1xj9ksa000b3f6bvr1hgnfn,0,0.78515625,0.5458333333333333,0.0359375,0.0375
29,192,ckz3w0j4d00133867psu0dku8,0,0.6125,0.1875,0.040625,0.0458333333333333
29,192,cl1xj98o800033f6bbzcyndpi,0,0.1828125,0.08125,0.025,0.0375
29,192,cl1xj9dfe00073f6bo87qdh30,0,0.42109375,0.3802083333333333,0.0328125,0.0354166666666666
29,192,cl1xj9ksa000b3f6bvr1hgnfn,0,0.78515625,0.5458333333333333,0.0359375,0.0375
29,193,ckz3w0j4d00133867psu0dku8,0,0.6125,0.1875,0.040625,0.0458333333333333
29,193,cl1xj98o800033f6bbzcyndpi,0,0.1828125,0.08125,0.025,0.0375
29,193,cl1xj9dfe00073f6bo87qdh30,0,0.42109375,0.3802083333333333,0.0328125,0.0354166666666666
29,193,cl1xj9ksa000b3f6bvr1hgnfn,0,0.78515625,0.5458333333333333,0.0359375,0.0375
29,194,ckz3w0j4d00133867psu0dku8,0,0.6125,0.1875,0.040625,0.0458333333333333
29,194,cl1xj98o800033f6bbzcyndpi,0,0.1828125,0.08125,0.025,0.0375
29,194,cl1xj9dfe00073f6bo87qdh30,0,0.42109375,0.3802083333333333,0.0328125,0.0354166666666666
29,194,cl1xj9ksa000b3f6bvr1hgnfn,0,0.78515625,0.5458333333333333,0.0359375,0.0375
29,195,ckz3w0j4d00133867psu0dku8,0,0.6125,0.1875,0.040625,0.0458333333333333
29,195,cl1xj98o800033f6bbzcyndpi,0,0.1828125,0.08125,0.025,0.0375
29,195,cl1xj9dfe00073f6bo87qdh30,0,0.42109375,0.3802083333333333,0.0328125,0.0354166666666666
29,195,cl1xj9ksa000b3f6bvr1hgnfn,0,0.78515625,0.5458333333333333,0.0359375,0.0375
29,196,ckz3w0j4d00133867psu0dku8,0,0.6125,0.1875,0.040625,0.0458333333333333
29,196,cl1xj98o800033f6bbzcyndpi,0,0.1828125,0.08125,0.025,0.0375
29,196,cl1xj9dfe00073f6bo87qdh30,0,0.42109375,0.3802083333333333,0.0328125,0.0354166666666666
29,196,cl1xj9ksa000b3f6bvr1hgnfn,0,0.78515625,0.5458333333333333,0.0359375,0.0375
29,197,ckz3w0j4d00133867psu0dku8,0,0.6125,0.1875,0.040625,0.0458333333333333
29,197,cl1xj98o800033f6bbzcyndpi,0,0.1828125,0.08125,0.025,0.0375
29,197,cl1xj9dfe00073f6bo87qdh30,0,0.42109375,0.3802083333333333,0.0328125,0.0354166666666666
29,197,cl1xj9ksa000b3f6bvr1hgnfn,0,0.78515625,0.5458333333333333,0.0359375,0.0375
29,198,ckz3w0j4d00133867psu0dku8,0,0.6125,0.1875,0.040625,0.0458333333333333
29,198,cl1xj98o800033f6bbzcyndpi,0,0.1828125,0.08125,0.025,0.0375
29,198,cl1xj9dfe00073f6bo87qdh30,0,0.42109375,0.3802083333333333,0.0328125,0.0354166666666666
29,198,cl1xj9ksa000b3f6bvr1hgnfn,0,0.78515625,0.5458333333333333,0.0359375,0.0375
29,199,ckz3w0j4d00133867psu0dku8,0,0.6125,0.1875,0.040625,0.0458333333333333
29,199,cl1xj98o800033f6bbzcyndpi,0,0.1828125,0.08125,0.025,0.0375
29,199,cl1xj9dfe00073f6bo87qdh30,0,0.42109375,0.3802083333333333,0.0328125,0.0354166666666666
29,199,cl1xj9ksa000b3f6bvr1hgnfn,0,0.78515625,0.5458333333333333,0.0359375,0.0375
29,19,ckz3w0j4d00133867psu0dku8,0,0.6125,0.1875,0.040625,0.0458333333333333
29,19,cl1xj98o800033f6bbzcyndpi,0,0.1828125,0.08125,0.025,0.0375
29,19,cl1xj9dfe00073f6bo87qdh30,0,0.42109375,0.3802083333333333,0.0328125,0.0354166666666666
29,19,cl1xj9ksa000b3f6bvr1hgnfn,0,0.78515625,0.5458333333333333,0.0359375,0.0375
29,1,ckz3w0j4d00133867psu0dku8,0,0.6125,0.1875,0.040625,0.0458333333333333
29,1,cl1xj98o800033f6bbzcyndpi,0,0.1828125,0.08125,0.025,0.0375
29,1,cl1xj9dfe00073f6bo87qdh30,0,0.42109375,0.3802083333333333,0.0328125,0.0354166666666666
29,1,cl1xj9ksa000b3f6bvr1hgnfn,0,0.78515625,0.5458333333333333,0.0359375,0.0375
29,200,ckz3w0j4d00133867psu0dku8,0,0.6125,0.1875,0.040625,0.0458333333333333
29,200,cl1xj98o800033f6bbzcyndpi,0,0.1828125,0.08125,0.025,0.0375
29,200,cl1xj9dfe00073f6bo87qdh30,0,0.42109375,0.3802083333333333,0.0328125,0.0354166666666666
29,200,cl1xj9ksa000b3f6bvr1hgnfn,0,0.78515625,0.5458333333333333,0.0359375,0.0375
29,201,ckz3w0j4d00133867psu0dku8,0,0.6125,0.1875,0.040625,0.0458333333333333
29,201,cl1xj98o800033f6bbzcyndpi,0,0.1828125,0.08125,0.025,0.0375
29,201,cl1xj9dfe00073f6bo87qdh30,0,0.42109375,0.3802083333333333,0.0328125,0.0354166666666666
29,201,cl1xj9ksa000b3f6bvr1hgnfn,0,0.78515625,0.5458333333333333,0.0359375,0.0375
29,202,ckz3w0j4d00133867psu0dku8,0,0.6125,0.1875,0.040625,0.0458333333333333
29,202,cl1xj98o800033f6bbzcyndpi,0,0.1828125,0.08125,0.025,0.0375
29,202,cl1xj9dfe00073f6bo87qdh30,0,0.42109375,0.3802083333333333,0.0328125,0.0354166666666666
29,202,cl1xj9ksa000b3f6bvr1hgnfn,0,0.78515625,0.5458333333333333,0.0359375,0.0375
29,203,ckz3w0j4d00133867psu0dku8,0,0.6125,0.1875,0.040625,0.0458333333333333
29,203,cl1xj98o800033f6bbzcyndpi,0,0.1828125,0.08125,0.025,0.0375
29,203,cl1xj9dfe00073f6bo87qdh30,0,0.42109375,0.3802083333333333,0.0328125,0.0354166666666666
29,203,cl1xj9ksa000b3f6bvr1hgnfn,0,0.78515625,0.5458333333333333,0.0359375,0.0375
29,204,ckz3w0j4d00133867psu0dku8,0,0.6125,0.1875,0.040625,0.0458333333333333
29,204,cl1xj98o800033f6bbzcyndpi,0,0.1828125,0.08125,0.025,0.0375
29,204,cl1xj9dfe00073f6bo87qdh30,0,0.42109375,0.3802083333333333,0.0328125,0.0354166666666666
29,204,cl1xj9ksa000b3f6bvr1hgnfn,0,0.78515625,0.5458333333333333,0.0359375,0.0375
29,205,ckz3w0j4d00133867psu0dku8,0,0.6125,0.1875,0.040625,0.0458333333333333
29,205,cl1xj98o800033f6bbzcyndpi,0,0.1828125,0.08125,0.025,0.0375
29,205,cl1xj9dfe00073f6bo87qdh30,0,0.42109375,0.3802083333333333,0.0328125,0.0354166666666666
29,205,cl1xj9ksa000b3f6bvr1hgnfn,0,0.78515625,0.5458333333333333,0.0359375,0.0375
29,206,ckz3w0j4d00133867psu0dku8,0,0.6125,0.1875,0.040625,0.0458333333333333
29,206,cl1xj98o800033f6bbzcyndpi,0,0.1828125,0.08125,0.025,0.0375
29,206,cl1xj9dfe00073f6bo87qdh30,0,0.42109375,0.3802083333333333,0.0328125,0.0354166666666666
29,206,cl1xj9ksa000b3f6bvr1hgnfn,0,0.78515625,0.5458333333333333,0.0359375,0.0375
29,207,ckz3w0j4d00133867psu0dku8,0,0.6125,0.1875,0.040625,0.0458333333333333
29,207,cl1xj98o800033f6bbzcyndpi,0,0.1828125,0.08125,0.025,0.0375
29,207,cl1xj9dfe00073f6bo87qdh30,0,0.42109375,0.3802083333333333,0.0328125,0.0354166666666666
29,207,cl1xj9ksa000b3f6bvr1hgnfn,0,0.78515625,0.5458333333333333,0.0359375,0.0375
29,208,ckz3w0j4d00133867psu0dku8,0,0.6125,0.1875,0.040625,0.0458333333333333
29,208,cl1xj98o800033f6bbzcyndpi,0,0.1828125,0.08125,0.025,0.0375
29,208,cl1xj9dfe00073f6bo87qdh30,0,0.42109375,0.3802083333333333,0.0328125,0.0354166666666666
29,208,cl1xj9ksa000b3f6bvr1hgnfn,0,0.78515625,0.5458333333333333,0.0359375,0.0375
29,209,ckz3w0j4d00133867psu0dku8,0,0.6125,0.1875,0.040625,0.0458333333333333
29,209,cl1xj98o800033f6bbzcyndpi,0,0.1828125,0.08125,0.025,0.0375
29,209,cl1xj9dfe00073f6bo87qdh30,0,0.42109375,0.3802083333333333,0.0328125,0.0354166666666666
29,209,cl1xj9ksa000b3f6bvr1hgnfn,0,0.78515625,0.5458333333333333,0.0359375,0.0375
29,20,ckz3w0j4d00133867psu0dku8,0,0.6125,0.1875,0.040625,0.0458333333333333
29,20,cl1xj98o800033f6bbzcyndpi,0,0.1828125,0.08125,0.025,0.0375
29,20,cl1xj9dfe00073f6bo87qdh30,0,0.42109375,0.3802083333333333,0.0328125,0.0354166666666666
29,20,cl1xj9ksa000b3f6bvr1hgnfn,0,0.78515625,0.5458333333333333,0.0359375,0.0375
29,210,ckz3w0j4d00133867psu0dku8,0,0.6125,0.1875,0.040625,0.0458333333333333
29,210,cl1xj98o800033f6bbzcyndpi,0,0.1828125,0.08125,0.025,0.0375
29,210,cl1xj9dfe00073f6bo87qdh30,0,0.42109375,0.3802083333333333,0.0328125,0.0354166666666666
29,210,cl1xj9ksa000b3f6bvr1hgnfn,0,0.78515625,0.5458333333333333,0.0359375,0.0375
29,211,ckz3w0j4d00133867psu0dku8,0,0.6125,0.1875,0.040625,0.0458333333333333
29,211,cl1xj98o800033f6bbzcyndpi,0,0.1828125,0.08125,0.025,0.0375
29,211,cl1xj9dfe00073f6bo87qdh30,0,0.42109375,0.3802083333333333,0.0328125,0.0354166666666666
29,211,cl1xj9ksa000b3f6bvr1hgnfn,0,0.78515625,0.5458333333333333,0.0359375,0.0375
29,212,ckz3w0j4d00133867psu0dku8,0,0.6125,0.1875,0.040625,0.0458333333333333
29,212,cl1xj98o800033f6bbzcyndpi,0,0.1828125,0.08125,0.025,0.0375
29,212,cl1xj9dfe00073f6bo87qdh30,0,0.42109375,0.3802083333333333,0.0328125,0.0354166666666666
29,212,cl1xj9ksa000b3f6bvr1hgnfn,0,0.78515625,0.5458333333333333,0.0359375,0.0375
29,213,ckz3w0j4d00133867psu0dku8,0,0.6125,0.1875,0.040625,0.0458333333333333
29,213,cl1xj98o800033f6bbzcyndpi,0,0.1828125,0.08125,0.025,0.0375
29,213,cl1xj9dfe00073f6bo87qdh30,0,0.42109375,0.3802083333333333,0.0328125,0.0354166666666666
29,213,cl1xj9ksa000b3f6bvr1hgnfn,0,0.78515625,0.5458333333333333,0.0359375,0.0375
29,214,ckz3w0j4d00133867psu0dku8,0,0.6125,0.1875,0.040625,0.0458333333333333
29,214,cl1xj98o800033f6bbzcyndpi,0,0.1828125,0.08125,0.025,0.0375
29,214,cl1xj9dfe00073f6bo87qdh30,0,0.42109375,0.3802083333333333,0.0328125,0.0354166666666666
29,214,cl1xj9ksa000b3f6bvr1hgnfn,0,0.78515625,0.5458333333333333,0.0359375,0.0375
29,215,ckz3w0j4d00133867psu0dku8,0,0.6125,0.1875,0.040625,0.0458333333333333
29,215,cl1xj98o800033f6bbzcyndpi,0,0.1828125,0.08125,0.025,0.0375
29,215,cl1xj9dfe00073f6bo87qdh30,0,0.42109375,0.3802083333333333,0.0328125,0.0354166666666666
29,215,cl1xj9ksa000b3f6bvr1hgnfn,0,0.78515625,0.5458333333333333,0.0359375,0.0375
29,216,ckz3w0j4d00133867psu0dku8,0,0.6125,0.1875,0.040625,0.0458333333333333
29,216,cl1xj98o800033f6bbzcyndpi,0,0.1828125,0.08125,0.025,0.0375
29,216,cl1xj9dfe00073f6bo87qdh30,0,0.42109375,0.3802083333333333,0.0328125,0.0354166666666666
29,216,cl1xj9ksa000b3f6bvr1hgnfn,0,0.78515625,0.5458333333333333,0.0359375,0.0375
29,217,ckz3w0j4d00133867psu0dku8,0,0.6125,0.1875,0.040625,0.0458333333333333
29,217,cl1xj98o800033f6bbzcyndpi,0,0.1828125,0.08125,0.025,0.0375
29,217,cl1xj9dfe00073f6bo87qdh30,0,0.42109375,0.3802083333333333,0.0328125,0.0354166666666666
29,217,cl1xj9ksa000b3f6bvr1hgnfn,0,0.78515625,0.5458333333333333,0.0359375,0.0375
29,218,ckz3w0j4d00133867psu0dku8,0,0.6125,0.1875,0.040625,0.0458333333333333
29,218,cl1xj98o800033f6bbzcyndpi,0,0.1828125,0.08125,0.025,0.0375
29,218,cl1xj9dfe00073f6bo87qdh30,0,0.42109375,0.3802083333333333,0.0328125,0.0354166666666666
29,218,cl1xj9ksa000b3f6bvr1hgnfn,0,0.78515625,0.5458333333333333,0.0359375,0.0375
29,219,ckz3w0j4d00133867psu0dku8,0,0.6125,0.1875,0.040625,0.0458333333333333
29,219,cl1xj98o800033f6bbzcyndpi,0,0.1828125,0.08125,0.025,0.0375
29,219,cl1xj9dfe00073f6bo87qdh30,0,0.42109375,0.3802083333333333,0.0328125,0.0354166666666666
29,219,cl1xj9ksa000b3f6bvr1hgnfn,0,0.78515625,0.5458333333333333,0.0359375,0.0375
29,21,ckz3w0j4d00133867psu0dku8,0,0.6125,0.1875,0.040625,0.0458333333333333
29,21,cl1xj98o800033f6bbzcyndpi,0,0.1828125,0.08125,0.025,0.0375
29,21,cl1xj9dfe00073f6bo87qdh30,0,0.42109375,0.3802083333333333,0.0328125,0.0354166666666666
29,21,cl1xj9ksa000b3f6bvr1hgnfn,0,0.78515625,0.5458333333333333,0.0359375,0.0375
29,220,ckz3w0j4d00133867psu0dku8,0,0.6125,0.1875,0.040625,0.0458333333333333
29,220,cl1xj98o800033f6bbzcyndpi,0,0.1828125,0.08125,0.025,0.0375
29,220,cl1xj9dfe00073f6bo87qdh30,0,0.42109375,0.3802083333333333,0.0328125,0.0354166666666666
29,220,cl1xj9ksa000b3f6bvr1hgnfn,0,0.78515625,0.5458333333333333,0.0359375,0.0375
29,221,ckz3w0j4d00133867psu0dku8,0,0.6125,0.1875,0.040625,0.0458333333333333
29,221,cl1xj98o800033f6bbzcyndpi,0,0.1828125,0.08125,0.025,0.0375
29,221,cl1xj9dfe00073f6bo87qdh30,0,0.42109375,0.3802083333333333,0.0328125,0.0354166666666666
29,221,cl1xj9ksa000b3f6bvr1hgnfn,0,0.78515625,0.5458333333333333,0.0359375,0.0375
29,222,ckz3w0j4d00133867psu0dku8,0,0.6125,0.1875,0.040625,0.0458333333333333
29,222,cl1xj98o800033f6bbzcyndpi,0,0.1828125,0.08125,0.025,0.0375
29,222,cl1xj9dfe00073f6bo87qdh30,0,0.42109375,0.3802083333333333,0.0328125,0.0354166666666666
29,222,cl1xj9ksa000b3f6bvr1hgnfn,0,0.78515625,0.5458333333333333,0.0359375,0.0375
29,223,ckz3w0j4d00133867psu0dku8,0,0.6125,0.1875,0.040625,0.0458333333333333
29,223,cl1xj98o800033f6bbzcyndpi,0,0.1828125,0.08125,0.025,0.0375
29,223,cl1xj9dfe00073f6bo87qdh30,0,0.42109375,0.3802083333333333,0.0328125,0.0354166666666666
29,223,cl1xj9ksa000b3f6bvr1hgnfn,0,0.78515625,0.5458333333333333,0.0359375,0.0375
29,224,ckz3w0j4d00133867psu0dku8,0,0.6125,0.1875,0.040625,0.0458333333333333
29,224,cl1xj98o800033f6bbzcyndpi,0,0.1828125,0.08125,0.025,0.0375
29,224,cl1xj9dfe00073f6bo87qdh30,0,0.42109375,0.3802083333333333,0.0328125,0.0354166666666666
29,224,cl1xj9ksa000b3f6bvr1hgnfn,0,0.78515625,0.5458333333333333,0.0359375,0.0375
29,225,ckz3w0j4d00133867psu0dku8,0,0.6125,0.1875,0.040625,0.0458333333333333
29,225,cl1xj98o800033f6bbzcyndpi,0,0.1828125,0.08125,0.025,0.0375
29,225,cl1xj9dfe00073f6bo87qdh30,0,0.42109375,0.3802083333333333,0.0328125,0.0354166666666666
29,225,cl1xj9ksa000b3f6bvr1hgnfn,0,0.78515625,0.5458333333333333,0.0359375,0.0375
29,226,ckz3w0j4d00133867psu0dku8,0,0.6125,0.1875,0.040625,0.0458333333333333
29,226,cl1xj98o800033f6bbzcyndpi,0,0.1828125,0.08125,0.025,0.0375
29,226,cl1xj9dfe00073f6bo87qdh30,0,0.42109375,0.3802083333333333,0.0328125,0.0354166666666666
29,226,cl1xj9ksa000b3f6bvr1hgnfn,0,0.78515625,0.5458333333333333,0.0359375,0.0375
29,227,ckz3w0j4d00133867psu0dku8,0,0.6125,0.1875,0.040625,0.0458333333333333
29,227,cl1xj98o800033f6bbzcyndpi,0,0.1828125,0.08125,0.025,0.0375
29,227,cl1xj9dfe00073f6bo87qdh30,0,0.42109375,0.3802083333333333,0.0328125,0.0354166666666666
29,227,cl1xj9ksa000b3f6bvr1hgnfn,0,0.78515625,0.5458333333333333,0.0359375,0.0375
29,228,ckz3w0j4d00133867psu0dku8,0,0.6125,0.1875,0.040625,0.0458333333333333
29,228,cl1xj98o800033f6bbzcyndpi,0,0.1828125,0.08125,0.025,0.0375
29,228,cl1xj9dfe00073f6bo87qdh30,0,0.42109375,0.3802083333333333,0.0328125,0.0354166666666666
29,228,cl1xj9ksa000b3f6bvr1hgnfn,0,0.78515625,0.5458333333333333,0.0359375,0.0375
29,229,ckz3w0j4d00133867psu0dku8,0,0.6125,0.1875,0.040625,0.0458333333333333
29,229,cl1xj98o800033f6bbzcyndpi,0,0.1828125,0.08125,0.025,0.0375
29,229,cl1xj9dfe00073f6bo87qdh30,0,0.42109375,0.3802083333333333,0.0328125,0.0354166666666666
29,229,cl1xj9ksa000b3f6bvr1hgnfn,0,0.78515625,0.5458333333333333,0.0359375,0.0375
29,22,ckz3w0j4d00133867psu0dku8,0,0.6125,0.1875,0.040625,0.0458333333333333
29,22,cl1xj98o800033f6bbzcyndpi,0,0.1828125,0.08125,0.025,0.0375
29,22,cl1xj9dfe00073f6bo87qdh30,0,0.42109375,0.3802083333333333,0.0328125,0.0354166666666666
29,22,cl1xj9ksa000b3f6bvr1hgnfn,0,0.78515625,0.5458333333333333,0.0359375,0.0375
29,230,ckz3w0j4d00133867psu0dku8,0,0.6125,0.1875,0.040625,0.0458333333333333
29,230,cl1xj98o800033f6bbzcyndpi,0,0.1828125,0.08125,0.025,0.0375
29,230,cl1xj9dfe00073f6bo87qdh30,0,0.42109375,0.3802083333333333,0.0328125,0.0354166666666666
29,230,cl1xj9ksa000b3f6bvr1hgnfn,0,0.78515625,0.5458333333333333,0.0359375,0.0375
29,231,ckz3w0j4d00133867psu0dku8,0,0.6125,0.1875,0.040625,0.0458333333333333
29,231,cl1xj98o800033f6bbzcyndpi,0,0.1828125,0.08125,0.025,0.0375
29,231,cl1xj9dfe00073f6bo87qdh30,0,0.42109375,0.3802083333333333,0.0328125,0.0354166666666666
29,231,cl1xj9ksa000b3f6bvr1hgnfn,0,0.78515625,0.5458333333333333,0.0359375,0.0375
29,232,ckz3w0j4d00133867psu0dku8,0,0.6125,0.1875,0.040625,0.0458333333333333
29,232,cl1xj98o800033f6bbzcyndpi,0,0.1828125,0.08125,0.025,0.0375
29,232,cl1xj9dfe00073f6bo87qdh30,0,0.42109375,0.3802083333333333,0.0328125,0.0354166666666666
29,232,cl1xj9ksa000b3f6bvr1hgnfn,0,0.78515625,0.5458333333333333,0.0359375,0.0375
29,233,ckz3w0j4d00133867psu0dku8,0,0.6125,0.1875,0.040625,0.0458333333333333
29,233,cl1xj98o800033f6bbzcyndpi,0,0.1828125,0.08125,0.025,0.0375
29,233,cl1xj9dfe00073f6bo87qdh30,0,0.42109375,0.3802083333333333,0.0328125,0.0354166666666666
29,233,cl1xj9ksa000b3f6bvr1hgnfn,0,0.78515625,0.5458333333333333,0.0359375,0.0375
29,234,ckz3w0j4d00133867psu0dku8,0,0.6125,0.1875,0.040625,0.0458333333333333
29,234,cl1xj98o800033f6bbzcyndpi,0,0.1828125,0.08125,0.025,0.0375
29,234,cl1xj9dfe00073f6bo87qdh30,0,0.42109375,0.3802083333333333,0.0328125,0.0354166666666666
29,234,cl1xj9ksa000b3f6bvr1hgnfn,0,0.78515625,0.5458333333333333,0.0359375,0.0375
29,235,ckz3w0j4d00133867psu0dku8,0,0.6125,0.1875,0.040625,0.0458333333333333
29,235,cl1xj98o800033f6bbzcyndpi,0,0.1828125,0.08125,0.025,0.0375
29,235,cl1xj9dfe00073f6bo87qdh30,0,0.42109375,0.3802083333333333,0.0328125,0.0354166666666666
29,235,cl1xj9ksa000b3f6bvr1hgnfn,0,0.78515625,0.5458333333333333,0.0359375,0.0375
29,236,ckz3w0j4d00133867psu0dku8,0,0.6125,0.1875,0.040625,0.0458333333333333
29,236,cl1xj98o800033f6bbzcyndpi,0,0.1828125,0.08125,0.025,0.0375
29,236,cl1xj9dfe00073f6bo87qdh30,0,0.42109375,0.3802083333333333,0.0328125,0.0354166666666666
29,236,cl1xj9ksa000b3f6bvr1hgnfn,0,0.78515625,0.5458333333333333,0.0359375,0.0375
29,237,ckz3w0j4d00133867psu0dku8,0,0.6125,0.1875,0.040625,0.0458333333333333
29,237,cl1xj98o800033f6bbzcyndpi,0,0.1828125,0.08125,0.025,0.0375
29,237,cl1xj9dfe00073f6bo87qdh30,0,0.42109375,0.3802083333333333,0.0328125,0.0354166666666666
29,237,cl1xj9ksa000b3f6bvr1hgnfn,0,0.78515625,0.5458333333333333,0.0359375,0.0375
29,238,ckz3w0j4d00133867psu0dku8,0,0.6125,0.1875,0.040625,0.0458333333333333
29,238,cl1xj98o800033f6bbzcyndpi,0,0.1828125,0.08125,0.025,0.0375
29,238,cl1xj9dfe00073f6bo87qdh30,0,0.42109375,0.3802083333333333,0.0328125,0.0354166666666666
29,238,cl1xj9ksa000b3f6bvr1hgnfn,0,0.78515625,0.5458333333333333,0.0359375,0.0375
29,239,ckz3w0j4d00133867psu0dku8,0,0.6125,0.1875,0.040625,0.0458333333333333
29,239,cl1xj98o800033f6bbzcyndpi,0,0.1828125,0.08125,0.025,0.0375
29,239,cl1xj9dfe00073f6bo87qdh30,0,0.42109375,0.3802083333333333,0.0328125,0.0354166666666666
29,239,cl1xj9ksa000b3f6bvr1hgnfn,0,0.78515625,0.5458333333333333,0.0359375,0.0375
29,23,ckz3w0j4d00133867psu0dku8,0,0.6125,0.1875,0.040625,0.0458333333333333
29,23,cl1xj98o800033f6bbzcyndpi,0,0.1828125,0.08125,0.025,0.0375
29,23,cl1xj9dfe00073f6bo87qdh30,0,0.42109375,0.3802083333333333,0.0328125,0.0354166666666666
29,23,cl1xj9ksa000b3f6bvr1hgnfn,0,0.78515625,0.5458333333333333,0.0359375,0.0375
29,240,ckz3w0j4d00133867psu0dku8,0,0.6125,0.1875,0.040625,0.0458333333333333
29,240,cl1xj98o800033f6bbzcyndpi,0,0.1828125,0.08125,0.025,0.0375
29,240,cl1xj9dfe00073f6bo87qdh30,0,0.42109375,0.3802083333333333,0.0328125,0.0354166666666666
29,240,cl1xj9ksa000b3f6bvr1hgnfn,0,0.78515625,0.5458333333333333,0.0359375,0.0375
29,241,ckz3w0j4d00133867psu0dku8,0,0.6125,0.1875,0.040625,0.0458333333333333
29,241,cl1xj98o800033f6bbzcyndpi,0,0.1828125,0.08125,0.025,0.0375
29,241,cl1xj9dfe00073f6bo87qdh30,0,0.42109375,0.3802083333333333,0.0328125,0.0354166666666666
29,241,cl1xj9ksa000b3f6bvr1hgnfn,0,0.78515625,0.5458333333333333,0.0359375,0.0375
29,242,ckz3w0j4d00133867psu0dku8,0,0.6125,0.1875,0.040625,0.0458333333333333
29,242,cl1xj98o800033f6bbzcyndpi,0,0.1828125,0.08125,0.025,0.0375
29,242,cl1xj9dfe00073f6bo87qdh30,0,0.42109375,0.3802083333333333,0.0328125,0.0354166666666666
29,242,cl1xj9ksa000b3f6bvr1hgnfn,0,0.78515625,0.5458333333333333,0.0359375,0.0375
29,243,ckz3w0j4d00133867psu0dku8,0,0.6125,0.1875,0.040625,0.0458333333333333
29,243,cl1xj98o800033f6bbzcyndpi,0,0.1828125,0.08125,0.025,0.0375
29,243,cl1xj9dfe00073f6bo87qdh30,0,0.42109375,0.3802083333333333,0.0328125,0.0354166666666666
29,243,cl1xj9ksa000b3f6bvr1hgnfn,0,0.78515625,0.5458333333333333,0.0359375,0.0375
29,244,ckz3w0j4d00133867psu0dku8,0,0.6125,0.1875,0.040625,0.0458333333333333
29,244,cl1xj98o800033f6bbzcyndpi,0,0.1828125,0.08125,0.025,0.0375
29,244,cl1xj9dfe00073f6bo87qdh30,0,0.42109375,0.3802083333333333,0.0328125,0.0354166666666666
29,244,cl1xj9ksa000b3f6bvr1hgnfn,0,0.78515625,0.5458333333333333,0.0359375,0.0375
29,245,ckz3w0j4d00133867psu0dku8,0,0.6125,0.1875,0.040625,0.0458333333333333
29,245,cl1xj98o800033f6bbzcyndpi,0,0.1828125,0.08125,0.025,0.0375
29,245,cl1xj9dfe00073f6bo87qdh30,0,0.42109375,0.3802083333333333,0.0328125,0.0354166666666666
29,245,cl1xj9ksa000b3f6bvr1hgnfn,0,0.78515625,0.5458333333333333,0.0359375,0.0375
29,246,ckz3w0j4d00133867psu0dku8,0,0.6125,0.1875,0.040625,0.0458333333333333
29,246,cl1xj98o800033f6bbzcyndpi,0,0.1828125,0.08125,0.025,0.0375
29,246,cl1xj9dfe00073f6bo87qdh30,0,0.42109375,0.3802083333333333,0.0328125,0.0354166666666666
29,246,cl1xj9ksa000b3f6bvr1hgnfn,0,0.78515625,0.5458333333333333,0.0359375,0.0375
29,247,ckz3w0j4d00133867psu0dku8,0,0.6125,0.1875,0.040625,0.0458333333333333
29,247,cl1xj98o800033f6bbzcyndpi,0,0.1828125,0.08125,0.025,0.0375
29,247,cl1xj9dfe00073f6bo87qdh30,0,0.42109375,0.3802083333333333,0.0328125,0.0354166666666666
29,247,cl1xj9ksa000b3f6bvr1hgnfn,0,0.78515625,0.5458333333333333,0.0359375,0.0375
29,248,ckz3w0j4d00133867psu0dku8,0,0.6125,0.1875,0.040625,0.0458333333333333
29,248,cl1xj98o800033f6bbzcyndpi,0,0.1828125,0.08125,0.025,0.0375
29,248,cl1xj9dfe00073f6bo87qdh30,0,0.42109375,0.3802083333333333,0.0328125,0.0354166666666666
29,248,cl1xj9ksa000b3f6bvr1hgnfn,0,0.78515625,0.5458333333333333,0.0359375,0.0375
29,249,ckz3w0j4d00133867psu0dku8,0,0.6125,0.1875,0.040625,0.0458333333333333
29,249,cl1xj98o800033f6bbzcyndpi,0,0.1828125,0.08125,0.025,0.0375
29,249,cl1xj9dfe00073f6bo87qdh30,0,0.42109375,0.3802083333333333,0.0328125,0.0354166666666666
29,249,cl1xj9ksa000b3f6bvr1hgnfn,0,0.78515625,0.5458333333333333,0.0359375,0.0375
29,24,ckz3w0j4d00133867psu0dku8,0,0.6125,0.1875,0.040625,0.0458333333333333
29,24,cl1xj98o800033f6bbzcyndpi,0,0.1828125,0.08125,0.025,0.0375
29,24,cl1xj9dfe00073f6bo87qdh30,0,0.42109375,0.3802083333333333,0.0328125,0.0354166666666666
29,24,cl1xj9ksa000b3f6bvr1hgnfn,0,0.78515625,0.5458333333333333,0.0359375,0.0375
29,250,ckz3w0j4d00133867psu0dku8,0,0.6125,0.1875,0.040625,0.0458333333333333
29,250,cl1xj98o800033f6bbzcyndpi,0,0.1828125,0.08125,0.025,0.0375
29,250,cl1xj9dfe00073f6bo87qdh30,0,0.42109375,0.3802083333333333,0.0328125,0.0354166666666666
29,250,cl1xj9ksa000b3f6bvr1hgnfn,0,0.78515625,0.5458333333333333,0.0359375,0.0375
29,251,ckz3w0j4d00133867psu0dku8,0,0.6125,0.1875,0.040625,0.0458333333333333
29,251,cl1xj98o800033f6bbzcyndpi,0,0.1828125,0.08125,0.025,0.0375
29,251,cl1xj9dfe00073f6bo87qdh30,0,0.42109375,0.3802083333333333,0.0328125,0.0354166666666666
29,251,cl1xj9ksa000b3f6bvr1hgnfn,0,0.78515625,0.5458333333333333,0.0359375,0.0375
29,252,ckz3w0j4d00133867psu0dku8,0,0.6125,0.1875,0.040625,0.0458333333333333
29,252,cl1xj98o800033f6bbzcyndpi,0,0.1828125,0.08125,0.025,0.0375
29,252,cl1xj9dfe00073f6bo87qdh30,0,0.42109375,0.3802083333333333,0.0328125,0.0354166666666666
29,252,cl1xj9ksa000b3f6bvr1hgnfn,0,0.78515625,0.5458333333333333,0.0359375,0.0375
29,253,ckz3w0j4d00133867psu0dku8,0,0.6125,0.1875,0.040625,0.0458333333333333
29,253,cl1xj98o800033f6bbzcyndpi,0,0.1828125,0.08125,0.025,0.0375
29,253,cl1xj9dfe00073f6bo87qdh30,0,0.42109375,0.3802083333333333,0.0328125,0.0354166666666666
29,253,cl1xj9ksa000b3f6bvr1hgnfn,0,0.78515625,0.5458333333333333,0.0359375,0.0375
29,254,ckz3w0j4d00133867psu0dku8,0,0.6125,0.1875,0.040625,0.0458333333333333
29,254,cl1xj98o800033f6bbzcyndpi,0,0.1828125,0.08125,0.025,0.0375
29,254,cl1xj9dfe00073f6bo87qdh30,0,0.42109375,0.3802083333333333,0.0328125,0.0354166666666666
29,254,cl1xj9ksa000b3f6bvr1hgnfn,0,0.78515625,0.5458333333333333,0.0359375,0.0375
29,255,ckz3w0j4d00133867psu0dku8,0,0.6125,0.1875,0.040625,0.0458333333333333
29,255,cl1xj98o800033f6bbzcyndpi,0,0.1828125,0.08125,0.025,0.0375
29,255,cl1xj9dfe00073f6bo87qdh30,0,0.42109375,0.3802083333333333,0.0328125,0.0354166666666666
29,255,cl1xj9ksa000b3f6bvr1hgnfn,0,0.78515625,0.5458333333333333,0.0359375,0.0375
29,256,ckz3w0j4d00133867psu0dku8,0,0.6125,0.1875,0.040625,0.0458333333333333
29,256,cl1xj98o800033f6bbzcyndpi,0,0.1828125,0.08125,0.025,0.0375
29,256,cl1xj9dfe00073f6bo87qdh30,0,0.42109375,0.3802083333333333,0.0328125,0.0354166666666666
29,256,cl1xj9ksa000b3f6bvr1hgnfn,0,0.78515625,0.5458333333333333,0.0359375,0.0375
29,257,ckz3w0j4d00133867psu0dku8,0,0.6125,0.1875,0.040625,0.0458333333333333
29,257,cl1xj98o800033f6bbzcyndpi,0,0.1828125,0.08125,0.025,0.0375
29,257,cl1xj9dfe00073f6bo87qdh30,0,0.42109375,0.3802083333333333,0.0328125,0.0354166666666666
29,257,cl1xj9ksa000b3f6bvr1hgnfn,0,0.78515625,0.5458333333333333,0.0359375,0.0375
29,258,ckz3w0j4d00133867psu0dku8,0,0.6125,0.1875,0.040625,0.0458333333333333
29,258,cl1xj98o800033f6bbzcyndpi,0,0.1828125,0.08125,0.025,0.0375
29,258,cl1xj9dfe00073f6bo87qdh30,0,0.42109375,0.3802083333333333,0.0328125,0.0354166666666666
29,258,cl1xj9ksa000b3f6bvr1hgnfn,0,0.78515625,0.5458333333333333,0.0359375,0.0375
29,259,ckz3w0j4d00133867psu0dku8,0,0.6125,0.1875,0.040625,0.0458333333333333
29,259,cl1xj98o800033f6bbzcyndpi,0,0.1828125,0.08125,0.025,0.0375
29,259,cl1xj9dfe00073f6bo87qdh30,0,0.42109375,0.3802083333333333,0.0328125,0.0354166666666666
29,259,cl1xj9ksa000b3f6bvr1hgnfn,0,0.78515625,0.5458333333333333,0.0359375,0.0375
29,25,ckz3w0j4d00133867psu0dku8,0,0.6125,0.1875,0.040625,0.0458333333333333
29,25,cl1xj98o800033f6bbzcyndpi,0,0.1828125,0.08125,0.025,0.0375
29,25,cl1xj9dfe00073f6bo87qdh30,0,0.42109375,0.3802083333333333,0.0328125,0.0354166666666666
29,25,cl1xj9ksa000b3f6bvr1hgnfn,0,0.78515625,0.5458333333333333,0.0359375,0.0375
29,260,ckz3w0j4d00133867psu0dku8,0,0.6125,0.1875,0.040625,0.0458333333333333
29,260,cl1xj98o800033f6bbzcyndpi,0,0.1828125,0.08125,0.025,0.0375
29,260,cl1xj9dfe00073f6bo87qdh30,0,0.42109375,0.3802083333333333,0.0328125,0.0354166666666666
29,260,cl1xj9ksa000b3f6bvr1hgnfn,0,0.78515625,0.5458333333333333,0.0359375,0.0375
29,261,ckz3w0j4d00133867psu0dku8,0,0.6125,0.1875,0.040625,0.0458333333333333
29,261,cl1xj98o800033f6bbzcyndpi,0,0.1828125,0.08125,0.025,0.0375
29,261,cl1xj9dfe00073f6bo87qdh30,0,0.42109375,0.3802083333333333,0.0328125,0.0354166666666666
29,261,cl1xj9ksa000b3f6bvr1hgnfn,0,0.78515625,0.5458333333333333,0.0359375,0.0375
29,262,ckz3w0j4d00133867psu0dku8,0,0.6125,0.1875,0.040625,0.0458333333333333
29,262,cl1xj98o800033f6bbzcyndpi,0,0.1828125,0.08125,0.025,0.0375
29,262,cl1xj9dfe00073f6bo87qdh30,0,0.42109375,0.3802083333333333,0.0328125,0.0354166666666666
29,262,cl1xj9ksa000b3f6bvr1hgnfn,0,0.78515625,0.5458333333333333,0.0359375,0.0375
29,263,ckz3w0j4d00133867psu0dku8,0,0.6125,0.1875,0.040625,0.0458333333333333
29,263,cl1xj98o800033f6bbzcyndpi,0,0.1828125,0.08125,0.025,0.0375
29,263,cl1xj9dfe00073f6bo87qdh30,0,0.42109375,0.3802083333333333,0.0328125,0.0354166666666666
29,263,cl1xj9ksa000b3f6bvr1hgnfn,0,0.78515625,0.5458333333333333,0.0359375,0.0375
29,264,ckz3w0j4d00133867psu0dku8,0,0.6125,0.1875,0.040625,0.0458333333333333
29,264,cl1xj98o800033f6bbzcyndpi,0,0.1828125,0.08125,0.025,0.0375
29,264,cl1xj9dfe00073f6bo87qdh30,0,0.42109375,0.3802083333333333,0.0328125,0.0354166666666666
29,264,cl1xj9ksa000b3f6bvr1hgnfn,0,0.78515625,0.5458333333333333,0.0359375,0.0375
29,265,ckz3w0j4d00133867psu0dku8,0,0.6125,0.1875,0.040625,0.0458333333333333
29,265,cl1xj98o800033f6bbzcyndpi,0,0.1828125,0.08125,0.025,0.0375
29,265,cl1xj9dfe00073f6bo87qdh30,0,0.42109375,0.3802083333333333,0.0328125,0.0354166666666666
29,265,cl1xj9ksa000b3f6bvr1hgnfn,0,0.78515625,0.5458333333333333,0.0359375,0.0375
29,266,ckz3w0j4d00133867psu0dku8,0,0.6125,0.1875,0.040625,0.0458333333333333
29,266,cl1xj98o800033f6bbzcyndpi,0,0.1828125,0.08125,0.025,0.0375
29,266,cl1xj9dfe00073f6bo87qdh30,0,0.42109375,0.3802083333333333,0.0328125,0.0354166666666666
29,266,cl1xj9ksa000b3f6bvr1hgnfn,0,0.78515625,0.5458333333333333,0.0359375,0.0375
29,267,ckz3w0j4d00133867psu0dku8,0,0.6125,0.1875,0.040625,0.0458333333333333
29,267,cl1xj98o800033f6bbzcyndpi,0,0.1828125,0.08125,0.025,0.0375
29,267,cl1xj9dfe00073f6bo87qdh30,0,0.42109375,0.3802083333333333,0.0328125,0.0354166666666666
29,267,cl1xj9ksa000b3f6bvr1hgnfn,0,0.78515625,0.5458333333333333,0.0359375,0.0375
29,268,ckz3w0j4d00133867psu0dku8,0,0.6125,0.1875,0.040625,0.0458333333333333
29,268,cl1xj98o800033f6bbzcyndpi,0,0.1828125,0.08125,0.025,0.0375
29,268,cl1xj9dfe00073f6bo87qdh30,0,0.42109375,0.3802083333333333,0.0328125,0.0354166666666666
29,268,cl1xj9ksa000b3f6bvr1hgnfn,0,0.78515625,0.5458333333333333,0.0359375,0.0375
29,269,ckz3w0j4d00133867psu0dku8,0,0.6125,0.1875,0.040625,0.0458333333333333
29,269,cl1xj98o800033f6bbzcyndpi,0,0.1828125,0.08125,0.025,0.0375
29,269,cl1xj9dfe00073f6bo87qdh30,0,0.42109375,0.3802083333333333,0.0328125,0.0354166666666666
29,269,cl1xj9ksa000b3f6bvr1hgnfn,0,0.78515625,0.5458333333333333,0.0359375,0.0375
29,26,ckz3w0j4d00133867psu0dku8,0,0.6125,0.1875,0.040625,0.0458333333333333
29,26,cl1xj98o800033f6bbzcyndpi,0,0.1828125,0.08125,0.025,0.0375
29,26,cl1xj9dfe00073f6bo87qdh30,0,0.42109375,0.3802083333333333,0.0328125,0.0354166666666666
29,26,cl1xj9ksa000b3f6bvr1hgnfn,0,0.78515625,0.5458333333333333,0.0359375,0.0375
29,270,ckz3w0j4d00133867psu0dku8,0,0.6125,0.1875,0.040625,0.0458333333333333
29,270,cl1xj98o800033f6bbzcyndpi,0,0.1828125,0.08125,0.025,0.0375
29,270,cl1xj9dfe00073f6bo87qdh30,0,0.42109375,0.3802083333333333,0.0328125,0.0354166666666666
29,270,cl1xj9ksa000b3f6bvr1hgnfn,0,0.78515625,0.5458333333333333,0.0359375,0.0375
29,271,ckz3w0j4d00133867psu0dku8,0,0.6125,0.1875,0.040625,0.0458333333333333
29,271,cl1xj98o800033f6bbzcyndpi,0,0.1828125,0.08125,0.025,0.0375
29,271,cl1xj9dfe00073f6bo87qdh30,0,0.42109375,0.3802083333333333,0.0328125,0.0354166666666666
29,271,cl1xj9ksa000b3f6bvr1hgnfn,0,0.78515625,0.5458333333333333,0.0359375,0.0375
29,272,ckz3w0j4d00133867psu0dku8,0,0.6125,0.1875,0.040625,0.0458333333333333
29,272,cl1xj98o800033f6bbzcyndpi,0,0.1828125,0.08125,0.025,0.0375
29,272,cl1xj9dfe00073f6bo87qdh30,0,0.42109375,0.3802083333333333,0.0328125,0.0354166666666666
29,272,cl1xj9ksa000b3f6bvr1hgnfn,0,0.78515625,0.5458333333333333,0.0359375,0.0375
29,273,ckz3w0j4d00133867psu0dku8,0,0.6125,0.1875,0.040625,0.0458333333333333
29,273,cl1xj98o800033f6bbzcyndpi,0,0.1828125,0.08125,0.025,0.0375
29,273,cl1xj9dfe00073f6bo87qdh30,0,0.42109375,0.3802083333333333,0.0328125,0.0354166666666666
29,273,cl1xj9ksa000b3f6bvr1hgnfn,0,0.78515625,0.5458333333333333,0.0359375,0.0375
29,274,ckz3w0j4d00133867psu0dku8,0,0.6125,0.1875,0.040625,0.0458333333333333
29,274,cl1xj98o800033f6bbzcyndpi,0,0.1828125,0.08125,0.025,0.0375
29,274,cl1xj9dfe00073f6bo87qdh30,0,0.42109375,0.3802083333333333,0.0328125,0.0354166666666666
29,274,cl1xj9ksa000b3f6bvr1hgnfn,0,0.78515625,0.5458333333333333,0.0359375,0.0375
29,275,ckz3w0j4d00133867psu0dku8,0,0.6125,0.1875,0.040625,0.0458333333333333
29,275,cl1xj98o800033f6bbzcyndpi,0,0.1828125,0.08125,0.025,0.0375
29,275,cl1xj9dfe00073f6bo87qdh30,0,0.42109375,0.3802083333333333,0.0328125,0.0354166666666666
29,275,cl1xj9ksa000b3f6bvr1hgnfn,0,0.78515625,0.5458333333333333,0.0359375,0.0375
29,276,ckz3w0j4d00133867psu0dku8,0,0.6125,0.1875,0.040625,0.0458333333333333
29,276,cl1xj98o800033f6bbzcyndpi,0,0.1828125,0.08125,0.025,0.0375
29,276,cl1xj9dfe00073f6bo87qdh30,0,0.42109375,0.3802083333333333,0.0328125,0.0354166666666666
29,276,cl1xj9ksa000b3f6bvr1hgnfn,0,0.78515625,0.5458333333333333,0.0359375,0.0375
29,277,ckz3w0j4d00133867psu0dku8,0,0.6125,0.1875,0.040625,0.0458333333333333
29,277,cl1xj98o800033f6bbzcyndpi,0,0.1828125,0.08125,0.025,0.0375
29,277,cl1xj9dfe00073f6bo87qdh30,0,0.42109375,0.3802083333333333,0.0328125,0.0354166666666666
29,277,cl1xj9ksa000b3f6bvr1hgnfn,0,0.78515625,0.5458333333333333,0.0359375,0.0375
29,278,ckz3w0j4d00133867psu0dku8,0,0.6125,0.1875,0.040625,0.0458333333333333
29,278,cl1xj98o800033f6bbzcyndpi,0,0.1828125,0.08125,0.025,0.0375
29,278,cl1xj9dfe00073f6bo87qdh30,0,0.42109375,0.3802083333333333,0.0328125,0.0354166666666666
29,278,cl1xj9ksa000b3f6bvr1hgnfn,0,0.78515625,0.5458333333333333,0.0359375,0.0375
29,279,ckz3w0j4d00133867psu0dku8,0,0.6125,0.1875,0.040625,0.0458333333333333
29,279,cl1xj98o800033f6bbzcyndpi,0,0.1828125,0.08125,0.025,0.0375
29,279,cl1xj9dfe00073f6bo87qdh30,0,0.42109375,0.3802083333333333,0.0328125,0.0354166666666666
29,279,cl1xj9ksa000b3f6bvr1hgnfn,0,0.78515625,0.5458333333333333,0.0359375,0.0375
29,27,ckz3w0j4d00133867psu0dku8,0,0.6125,0.1875,0.040625,0.0458333333333333
29,27,cl1xj98o800033f6bbzcyndpi,0,0.1828125,0.08125,0.025,0.0375
29,27,cl1xj9dfe00073f6bo87qdh30,0,0.42109375,0.3802083333333333,0.0328125,0.0354166666666666
29,27,cl1xj9ksa000b3f6bvr1hgnfn,0,0.78515625,0.5458333333333333,0.0359375,0.0375
29,280,ckz3w0j4d00133867psu0dku8,0,0.6125,0.1875,0.040625,0.0458333333333333
29,280,cl1xj98o800033f6bbzcyndpi,0,0.1828125,0.08125,0.025,0.0375
29,280,cl1xj9dfe00073f6bo87qdh30,0,0.42109375,0.3802083333333333,0.0328125,0.0354166666666666
29,280,cl1xj9ksa000b3f6bvr1hgnfn,0,0.78515625,0.5458333333333333,0.0359375,0.0375
29,281,ckz3w0j4d00133867psu0dku8,0,0.6125,0.1875,0.040625,0.0458333333333333
29,281,cl1xj98o800033f6bbzcyndpi,0,0.1828125,0.08125,0.025,0.0375
29,281,cl1xj9dfe00073f6bo87qdh30,0,0.42109375,0.3802083333333333,0.0328125,0.0354166666666666
29,281,cl1xj9ksa000b3f6bvr1hgnfn,0,0.78515625,0.5458333333333333,0.0359375,0.0375
29,282,ckz3w0j4d00133867psu0dku8,0,0.6125,0.1875,0.040625,0.0458333333333333
29,282,cl1xj98o800033f6bbzcyndpi,0,0.1828125,0.08125,0.025,0.0375
29,282,cl1xj9dfe00073f6bo87qdh30,0,0.42109375,0.3802083333333333,0.0328125,0.0354166666666666
29,282,cl1xj9ksa000b3f6bvr1hgnfn,0,0.78515625,0.5458333333333333,0.0359375,0.0375
29,283,ckz3w0j4d00133867psu0dku8,0,0.6125,0.1875,0.040625,0.0458333333333333
29,283,cl1xj98o800033f6bbzcyndpi,0,0.1828125,0.08125,0.025,0.0375
29,283,cl1xj9dfe00073f6bo87qdh30,0,0.42109375,0.3802083333333333,0.0328125,0.0354166666666666
29,283,cl1xj9ksa000b3f6bvr1hgnfn,0,0.78515625,0.5458333333333333,0.0359375,0.0375
29,284,ckz3w0j4d00133867psu0dku8,0,0.6125,0.1875,0.040625,0.0458333333333333
29,284,cl1xj98o800033f6bbzcyndpi,0,0.1828125,0.08125,0.025,0.0375
29,284,cl1xj9dfe00073f6bo87qdh30,0,0.42109375,0.3802083333333333,0.0328125,0.0354166666666666
29,284,cl1xj9ksa000b3f6bvr1hgnfn,0,0.78515625,0.5458333333333333,0.0359375,0.0375
29,285,ckz3w0j4d00133867psu0dku8,0,0.6125,0.1875,0.040625,0.0458333333333333
29,285,cl1xj98o800033f6bbzcyndpi,0,0.1828125,0.08125,0.025,0.0375
29,285,cl1xj9dfe00073f6bo87qdh30,0,0.42109375,0.3802083333333333,0.0328125,0.0354166666666666
29,285,cl1xj9ksa000b3f6bvr1hgnfn,0,0.78515625,0.5458333333333333,0.0359375,0.0375
29,286,ckz3w0j4d00133867psu0dku8,0,0.6125,0.1875,0.040625,0.0458333333333333
29,286,cl1xj98o800033f6bbzcyndpi,0,0.1828125,0.08125,0.025,0.0375
29,286,cl1xj9dfe00073f6bo87qdh30,0,0.42109375,0.3802083333333333,0.0328125,0.0354166666666666
29,286,cl1xj9ksa000b3f6bvr1hgnfn,0,0.78515625,0.5458333333333333,0.0359375,0.0375
29,287,ckz3w0j4d00133867psu0dku8,0,0.6125,0.1875,0.040625,0.0458333333333333
29,287,cl1xj98o800033f6bbzcyndpi,0,0.1828125,0.08125,0.025,0.0375
29,287,cl1xj9dfe00073f6bo87qdh30,0,0.42109375,0.3802083333333333,0.0328125,0.0354166666666666
29,287,cl1xj9ksa000b3f6bvr1hgnfn,0,0.78515625,0.5458333333333333,0.0359375,0.0375
29,288,ckz3w0j4d00133867psu0dku8,0,0.6125,0.1875,0.040625,0.0458333333333333
29,288,cl1xj98o800033f6bbzcyndpi,0,0.1828125,0.08125,0.025,0.0375
29,288,cl1xj9dfe00073f6bo87qdh30,0,0.42109375,0.3802083333333333,0.0328125,0.0354166666666666
29,288,cl1xj9ksa000b3f6bvr1hgnfn,0,0.78515625,0.5458333333333333,0.0359375,0.0375
29,289,ckz3w0j4d00133867psu0dku8,0,0.6125,0.1875,0.040625,0.0458333333333333
29,289,cl1xj98o800033f6bbzcyndpi,0,0.1828125,0.08125,0.025,0.0375
29,289,cl1xj9dfe00073f6bo87qdh30,0,0.42109375,0.3802083333333333,0.0328125,0.0354166666666666
29,289,cl1xj9ksa000b3f6bvr1hgnfn,0,0.78515625,0.5458333333333333,0.0359375,0.0375
29,28,ckz3w0j4d00133867psu0dku8,0,0.6125,0.1875,0.040625,0.0458333333333333
29,28,cl1xj98o800033f6bbzcyndpi,0,0.1828125,0.08125,0.025,0.0375
29,28,cl1xj9dfe00073f6bo87qdh30,0,0.42109375,0.3802083333333333,0.0328125,0.0354166666666666
29,28,cl1xj9ksa000b3f6bvr1hgnfn,0,0.78515625,0.5458333333333333,0.0359375,0.0375
29,290,ckz3w0j4d00133867psu0dku8,0,0.6125,0.1875,0.040625,0.0458333333333333
29,290,cl1xj98o800033f6bbzcyndpi,0,0.1828125,0.08125,0.025,0.0375
29,290,cl1xj9dfe00073f6bo87qdh30,0,0.42109375,0.3802083333333333,0.0328125,0.0354166666666666
29,290,cl1xj9ksa000b3f6bvr1hgnfn,0,0.78515625,0.5458333333333333,0.0359375,0.0375
29,291,ckz3w0j4d00133867psu0dku8,0,0.6125,0.1875,0.040625,0.0458333333333333
29,291,cl1xj98o800033f6bbzcyndpi,0,0.1828125,0.08125,0.025,0.0375
29,291,cl1xj9dfe00073f6bo87qdh30,0,0.42109375,0.3802083333333333,0.0328125,0.0354166666666666
29,291,cl1xj9ksa000b3f6bvr1hgnfn,0,0.78515625,0.5458333333333333,0.0359375,0.0375
29,292,ckz3w0j4d00133867psu0dku8,0,0.6125,0.1875,0.040625,0.0458333333333333
29,292,cl1xj98o800033f6bbzcyndpi,0,0.1828125,0.08125,0.025,0.0375
29,292,cl1xj9dfe00073f6bo87qdh30,0,0.42109375,0.3802083333333333,0.0328125,0.0354166666666666
29,292,cl1xj9ksa000b3f6bvr1hgnfn,0,0.78515625,0.5458333333333333,0.0359375,0.0375
29,293,ckz3w0j4d00133867psu0dku8,0,0.6125,0.1875,0.040625,0.0458333333333333
29,293,cl1xj98o800033f6bbzcyndpi,0,0.1828125,0.08125,0.025,0.0375
29,293,cl1xj9dfe00073f6bo87qdh30,0,0.42109375,0.3802083333333333,0.0328125,0.0354166666666666
29,293,cl1xj9ksa000b3f6bvr1hgnfn,0,0.78515625,0.5458333333333333,0.0359375,0.0375
29,294,ckz3w0j4d00133867psu0dku8,0,0.6125,0.1875,0.040625,0.0458333333333333
29,294,cl1xj98o800033f6bbzcyndpi,0,0.1828125,0.08125,0.025,0.0375
29,294,cl1xj9dfe00073f6bo87qdh30,0,0.42109375,0.3802083333333333,0.0328125,0.0354166666666666
29,294,cl1xj9ksa000b3f6bvr1hgnfn,0,0.78515625,0.5458333333333333,0.0359375,0.0375
29,295,ckz3w0j4d00133867psu0dku8,0,0.6125,0.1875,0.040625,0.0458333333333333
29,295,cl1xj98o800033f6bbzcyndpi,0,0.1828125,0.08125,0.025,0.0375
29,295,cl1xj9dfe00073f6bo87qdh30,0,0.42109375,0.3802083333333333,0.0328125,0.0354166666666666
29,295,cl1xj9ksa000b3f6bvr1hgnfn,0,0.78515625,0.5458333333333333,0.0359375,0.0375
29,296,ckz3w0j4d00133867psu0dku8,0,0.6125,0.1875,0.040625,0.0458333333333333
29,296,cl1xj98o800033f6bbzcyndpi,0,0.1828125,0.08125,0.025,0.0375
29,296,cl1xj9dfe00073f6bo87qdh30,0,0.42109375,0.3802083333333333,0.0328125,0.0354166666666666
29,296,cl1xj9ksa000b3f6bvr1hgnfn,0,0.78515625,0.5458333333333333,0.0359375,0.0375
29,297,ckz3w0j4d00133867psu0dku8,0,0.6125,0.1875,0.040625,0.0458333333333333
29,297,cl1xj98o800033f6bbzcyndpi,0,0.1828125,0.08125,0.025,0.0375
29,297,cl1xj9dfe00073f6bo87qdh30,0,0.42109375,0.3802083333333333,0.0328125,0.0354166666666666
29,297,cl1xj9ksa000b3f6bvr1hgnfn,0,0.78515625,0.5458333333333333,0.0359375,0.0375
29,298,ckz3w0j4d00133867psu0dku8,0,0.6125,0.1875,0.040625,0.0458333333333333
29,298,cl1xj98o800033f6bbzcyndpi,0,0.1828125,0.08125,0.025,0.0375
29,298,cl1xj9dfe00073f6bo87qdh30,0,0.42109375,0.3802083333333333,0.0328125,0.0354166666666666
29,298,cl1xj9ksa000b3f6bvr1hgnfn,0,0.78515625,0.5458333333333333,0.0359375,0.0375
29,299,ckz3w0j4d00133867psu0dku8,0,0.6125,0.1875,0.040625,0.0458333333333333
29,299,cl1xj98o800033f6bbzcyndpi,0,0.1828125,0.08125,0.025,0.0375
29,299,cl1xj9dfe00073f6bo87qdh30,0,0.42109375,0.3802083333333333,0.0328125,0.0354166666666666
29,299,cl1xj9ksa000b3f6bvr1hgnfn,0,0.78515625,0.5458333333333333,0.0359375,0.0375
29,29,ckz3w0j4d00133867psu0dku8,0,0.6125,0.1875,0.040625,0.0458333333333333
29,29,cl1xj98o800033f6bbzcyndpi,0,0.1828125,0.08125,0.025,0.0375
29,29,cl1xj9dfe00073f6bo87qdh30,0,0.42109375,0.3802083333333333,0.0328125,0.0354166666666666
29,29,cl1xj9ksa000b3f6bvr1hgnfn,0,0.78515625,0.5458333333333333,0.0359375,0.0375
29,2,ckz3w0j4d00133867psu0dku8,0,0.6125,0.1875,0.040625,0.0458333333333333
29,2,cl1xj98o800033f6bbzcyndpi,0,0.1828125,0.08125,0.025,0.0375
29,2,cl1xj9dfe00073f6bo87qdh30,0,0.42109375,0.3802083333333333,0.0328125,0.0354166666666666
29,2,cl1xj9ksa000b3f6bvr1hgnfn,0,0.78515625,0.5458333333333333,0.0359375,0.0375
29,300,ckz3w0j4d00133867psu0dku8,0,0.6125,0.1875,0.040625,0.0458333333333333
29,300,cl1xj98o800033f6bbzcyndpi,0,0.1828125,0.08125,0.025,0.0375
29,300,cl1xj9dfe00073f6bo87qdh30,0,0.42109375,0.3802083333333333,0.0328125,0.0354166666666666
29,300,cl1xj9ksa000b3f6bvr1hgnfn,0,0.78515625,0.5458333333333333,0.0359375,0.0375
29,301,ckz3w0j4d00133867psu0dku8,0,0.6125,0.1875,0.040625,0.0458333333333333
29,301,cl1xj98o800033f6bbzcyndpi,0,0.1828125,0.08125,0.025,0.0375
29,301,cl1xj9dfe00073f6bo87qdh30,0,0.42109375,0.3802083333333333,0.0328125,0.0354166666666666
29,301,cl1xj9ksa000b3f6bvr1hgnfn,0,0.78515625,0.5458333333333333,0.0359375,0.0375
29,302,ckz3w0j4d00133867psu0dku8,0,0.6125,0.1875,0.040625,0.0458333333333333
29,302,cl1xj98o800033f6bbzcyndpi,0,0.1828125,0.08125,0.025,0.0375
29,302,cl1xj9dfe00073f6bo87qdh30,0,0.42109375,0.3802083333333333,0.0328125,0.0354166666666666
29,302,cl1xj9ksa000b3f6bvr1hgnfn,0,0.78515625,0.5458333333333333,0.0359375,0.0375
29,303,ckz3w0j4d00133867psu0dku8,0,0.6125,0.1875,0.040625,0.0458333333333333
29,303,cl1xj98o800033f6bbzcyndpi,0,0.1828125,0.08125,0.025,0.0375
29,303,cl1xj9dfe00073f6bo87qdh30,0,0.42109375,0.3802083333333333,0.0328125,0.0354166666666666
29,303,cl1xj9ksa000b3f6bvr1hgnfn,0,0.78515625,0.5458333333333333,0.0359375,0.0375
29,304,ckz3w0j4d00133867psu0dku8,0,0.6125,0.1875,0.040625,0.0458333333333333
29,304,cl1xj98o800033f6bbzcyndpi,0,0.1828125,0.08125,0.025,0.0375
29,304,cl1xj9dfe00073f6bo87qdh30,0,0.42109375,0.3802083333333333,0.0328125,0.0354166666666666
29,304,cl1xj9ksa000b3f6bvr1hgnfn,0,0.78515625,0.5458333333333333,0.0359375,0.0375
29,305,ckz3w0j4d00133867psu0dku8,0,0.6125,0.1875,0.040625,0.0458333333333333
29,305,cl1xj98o800033f6bbzcyndpi,0,0.1828125,0.08125,0.025,0.0375
29,305,cl1xj9dfe00073f6bo87qdh30,0,0.42109375,0.3802083333333333,0.0328125,0.0354166666666666
29,305,cl1xj9ksa000b3f6bvr1hgnfn,0,0.78515625,0.5458333333333333,0.0359375,0.0375
29,306,ckz3w0j4d00133867psu0dku8,0,0.6125,0.1875,0.040625,0.0458333333333333
29,306,cl1xj98o800033f6bbzcyndpi,0,0.1828125,0.08125,0.025,0.0375
29,306,cl1xj9dfe00073f6bo87qdh30,0,0.42109375,0.3802083333333333,0.0328125,0.0354166666666666
29,306,cl1xj9ksa000b3f6bvr1hgnfn,0,0.78515625,0.5458333333333333,0.0359375,0.0375
29,307,ckz3w0j4d00133867psu0dku8,0,0.6125,0.1875,0.040625,0.0458333333333333
29,307,cl1xj98o800033f6bbzcyndpi,0,0.1828125,0.08125,0.025,0.0375
29,307,cl1xj9dfe00073f6bo87qdh30,0,0.42109375,0.3802083333333333,0.0328125,0.0354166666666666
29,307,cl1xj9ksa000b3f6bvr1hgnfn,0,0.78515625,0.5458333333333333,0.0359375,0.0375
29,308,ckz3w0j4d00133867psu0dku8,0,0.6125,0.1875,0.040625,0.0458333333333333
29,308,cl1xj98o800033f6bbzcyndpi,0,0.1828125,0.08125,0.025,0.0375
29,308,cl1xj9dfe00073f6bo87qdh30,0,0.42109375,0.3802083333333333,0.0328125,0.0354166666666666
29,308,cl1xj9ksa000b3f6bvr1hgnfn,0,0.78515625,0.5458333333333333,0.0359375,0.0375
29,309,ckz3w0j4d00133867psu0dku8,0,0.6125,0.1875,0.040625,0.0458333333333333
29,309,cl1xj98o800033f6bbzcyndpi,0,0.1828125,0.08125,0.025,0.0375
29,309,cl1xj9dfe00073f6bo87qdh30,0,0.42109375,0.3802083333333333,0.0328125,0.0354166666666666
29,309,cl1xj9ksa000b3f6bvr1hgnfn,0,0.78515625,0.5458333333333333,0.0359375,0.0375
29,30,ckz3w0j4d00133867psu0dku8,0,0.6125,0.1875,0.040625,0.0458333333333333
29,30,cl1xj98o800033f6bbzcyndpi,0,0.1828125,0.08125,0.025,0.0375
29,30,cl1xj9dfe00073f6bo87qdh30,0,0.42109375,0.3802083333333333,0.0328125,0.0354166666666666
29,30,cl1xj9ksa000b3f6bvr1hgnfn,0,0.78515625,0.5458333333333333,0.0359375,0.0375
29,310,ckz3w0j4d00133867psu0dku8,0,0.6125,0.1875,0.040625,0.0458333333333333
29,310,cl1xj98o800033f6bbzcyndpi,0,0.1828125,0.08125,0.025,0.0375
29,310,cl1xj9dfe00073f6bo87qdh30,0,0.42109375,0.3802083333333333,0.0328125,0.0354166666666666
29,310,cl1xj9ksa000b3f6bvr1hgnfn,0,0.78515625,0.5458333333333333,0.0359375,0.0375
29,311,ckz3w0j4d00133867psu0dku8,0,0.6125,0.1875,0.040625,0.0458333333333333
29,311,cl1xj98o800033f6bbzcyndpi,0,0.1828125,0.08125,0.025,0.0375
29,311,cl1xj9dfe00073f6bo87qdh30,0,0.42109375,0.3802083333333333,0.0328125,0.0354166666666666
29,311,cl1xj9ksa000b3f6bvr1hgnfn,0,0.78515625,0.5458333333333333,0.0359375,0.0375
29,312,ckz3w0j4d00133867psu0dku8,0,0.6125,0.1875,0.040625,0.0458333333333333
29,312,cl1xj98o800033f6bbzcyndpi,0,0.1828125,0.08125,0.025,0.0375
29,312,cl1xj9dfe00073f6bo87qdh30,0,0.42109375,0.3802083333333333,0.0328125,0.0354166666666666
29,312,cl1xj9ksa000b3f6bvr1hgnfn,0,0.78515625,0.5458333333333333,0.0359375,0.0375
29,313,ckz3w0j4d00133867psu0dku8,0,0.6125,0.1875,0.040625,0.0458333333333333
29,313,cl1xj98o800033f6bbzcyndpi,0,0.1828125,0.08125,0.025,0.0375
29,313,cl1xj9dfe00073f6bo87qdh30,0,0.42109375,0.3802083333333333,0.0328125,0.0354166666666666
29,313,cl1xj9ksa000b3f6bvr1hgnfn,0,0.78515625,0.5458333333333333,0.0359375,0.0375
29,314,ckz3w0j4d00133867psu0dku8,0,0.6125,0.1875,0.040625,0.0458333333333333
29,314,cl1xj98o800033f6bbzcyndpi,0,0.1828125,0.08125,0.025,0.0375
29,314,cl1xj9dfe00073f6bo87qdh30,0,0.42109375,0.3802083333333333,0.0328125,0.0354166666666666
29,314,cl1xj9ksa000b3f6bvr1hgnfn,0,0.78515625,0.5458333333333333,0.0359375,0.0375
29,315,ckz3w0j4d00133867psu0dku8,0,0.6125,0.1875,0.040625,0.0458333333333333
29,315,cl1xj98o800033f6bbzcyndpi,0,0.1828125,0.08125,0.025,0.0375
29,315,cl1xj9dfe00073f6bo87qdh30,0,0.42109375,0.3802083333333333,0.0328125,0.0354166666666666
29,315,cl1xj9ksa000b3f6bvr1hgnfn,0,0.78515625,0.5458333333333333,0.0359375,0.0375
29,316,ckz3w0j4d00133867psu0dku8,0,0.6125,0.1875,0.040625,0.0458333333333333
29,316,cl1xj98o800033f6bbzcyndpi,0,0.1828125,0.08125,0.025,0.0375
29,316,cl1xj9dfe00073f6bo87qdh30,0,0.42109375,0.3802083333333333,0.0328125,0.0354166666666666
29,316,cl1xj9ksa000b3f6bvr1hgnfn,0,0.78515625,0.5458333333333333,0.0359375,0.0375
29,317,ckz3w0j4d00133867psu0dku8,0,0.6125,0.1875,0.040625,0.0458333333333333
29,317,cl1xj98o800033f6bbzcyndpi,0,0.1828125,0.08125,0.025,0.0375
29,317,cl1xj9dfe00073f6bo87qdh30,0,0.42109375,0.3802083333333333,0.0328125,0.0354166666666666
29,317,cl1xj9ksa000b3f6bvr1hgnfn,0,0.78515625,0.5458333333333333,0.0359375,0.0375
29,318,ckz3w0j4d00133867psu0dku8,0,0.6125,0.1875,0.040625,0.0458333333333333
29,318,cl1xj98o800033f6bbzcyndpi,0,0.1828125,0.08125,0.025,0.0375
29,318,cl1xj9dfe00073f6bo87qdh30,0,0.42109375,0.3802083333333333,0.0328125,0.0354166666666666
29,318,cl1xj9ksa000b3f6bvr1hgnfn,0,0.78515625,0.5458333333333333,0.0359375,0.0375
29,319,ckz3w0j4d00133867psu0dku8,0,0.6125,0.1875,0.040625,0.0458333333333333
29,319,cl1xj98o800033f6bbzcyndpi,0,0.1828125,0.08125,0.025,0.0375
29,319,cl1xj9dfe00073f6bo87qdh30,0,0.42109375,0.3802083333333333,0.0328125,0.0354166666666666
29,319,cl1xj9ksa000b3f6bvr1hgnfn,0,0.78515625,0.5458333333333333,0.0359375,0.0375
29,31,ckz3w0j4d00133867psu0dku8,0,0.6125,0.1875,0.040625,0.0458333333333333
29,31,cl1xj98o800033f6bbzcyndpi,0,0.1828125,0.08125,0.025,0.0375
29,31,cl1xj9dfe00073f6bo87qdh30,0,0.42109375,0.3802083333333333,0.0328125,0.0354166666666666
29,31,cl1xj9ksa000b3f6bvr1hgnfn,0,0.78515625,0.5458333333333333,0.0359375,0.0375
29,320,ckz3w0j4d00133867psu0dku8,0,0.6125,0.1875,0.040625,0.0458333333333333
29,320,cl1xj98o800033f6bbzcyndpi,0,0.1828125,0.08125,0.025,0.0375
29,320,cl1xj9dfe00073f6bo87qdh30,0,0.42109375,0.3802083333333333,0.0328125,0.0354166666666666
29,320,cl1xj9ksa000b3f6bvr1hgnfn,0,0.78515625,0.5458333333333333,0.0359375,0.0375
29,321,ckz3w0j4d00133867psu0dku8,0,0.6125,0.1875,0.040625,0.0458333333333333
29,321,cl1xj98o800033f6bbzcyndpi,0,0.1828125,0.08125,0.025,0.0375
29,321,cl1xj9dfe00073f6bo87qdh30,0,0.42109375,0.3802083333333333,0.0328125,0.0354166666666666
29,321,cl1xj9ksa000b3f6bvr1hgnfn,0,0.78515625,0.5458333333333333,0.0359375,0.0375
29,322,ckz3w0j4d00133867psu0dku8,0,0.6125,0.1875,0.040625,0.0458333333333333
29,322,cl1xj98o800033f6bbzcyndpi,0,0.1828125,0.08125,0.025,0.0375
29,322,cl1xj9dfe00073f6bo87qdh30,0,0.42109375,0.3802083333333333,0.0328125,0.0354166666666666
29,322,cl1xj9ksa000b3f6bvr1hgnfn,0,0.78515625,0.5458333333333333,0.0359375,0.0375
29,323,ckz3w0j4d00133867psu0dku8,0,0.6125,0.1875,0.040625,0.0458333333333333
29,323,cl1xj98o800033f6bbzcyndpi,0,0.1828125,0.08125,0.025,0.0375
29,323,cl1xj9dfe00073f6bo87qdh30,0,0.42109375,0.3802083333333333,0.0328125,0.0354166666666666
29,323,cl1xj9ksa000b3f6bvr1hgnfn,0,0.78515625,0.5458333333333333,0.0359375,0.0375
29,324,ckz3w0j4d00133867psu0dku8,0,0.6125,0.1875,0.040625,0.0458333333333333
29,324,cl1xj98o800033f6bbzcyndpi,0,0.1828125,0.08125,0.025,0.0375
29,324,cl1xj9dfe00073f6bo87qdh30,0,0.42109375,0.3802083333333333,0.0328125,0.0354166666666666
29,324,cl1xj9ksa000b3f6bvr1hgnfn,0,0.78515625,0.5458333333333333,0.0359375,0.0375
29,325,ckz3w0j4d00133867psu0dku8,0,0.6125,0.1875,0.040625,0.0458333333333333
29,325,cl1xj98o800033f6bbzcyndpi,0,0.1828125,0.08125,0.025,0.0375
29,325,cl1xj9dfe00073f6bo87qdh30,0,0.42109375,0.3802083333333333,0.0328125,0.0354166666666666
29,325,cl1xj9ksa000b3f6bvr1hgnfn,0,0.78515625,0.5458333333333333,0.0359375,0.0375
29,326,ckz3w0j4d00133867psu0dku8,0,0.6125,0.1875,0.040625,0.0458333333333333
29,326,cl1xj98o800033f6bbzcyndpi,0,0.1828125,0.08125,0.025,0.0375
29,326,cl1xj9dfe00073f6bo87qdh30,0,0.42109375,0.3802083333333333,0.0328125,0.0354166666666666
29,326,cl1xj9ksa000b3f6bvr1hgnfn,0,0.78515625,0.5458333333333333,0.0359375,0.0375
29,327,ckz3w0j4d00133867psu0dku8,0,0.6125,0.1875,0.040625,0.0458333333333333
29,327,cl1xj98o800033f6bbzcyndpi,0,0.1828125,0.08125,0.025,0.0375
29,327,cl1xj9dfe00073f6bo87qdh30,0,0.42109375,0.3802083333333333,0.0328125,0.0354166666666666
29,327,cl1xj9ksa000b3f6bvr1hgnfn,0,0.78515625,0.5458333333333333,0.0359375,0.0375
29,328,ckz3w0j4d00133867psu0dku8,0,0.6125,0.1875,0.040625,0.0458333333333333
29,328,cl1xj98o800033f6bbzcyndpi,0,0.1828125,0.08125,0.025,0.0375
29,328,cl1xj9dfe00073f6bo87qdh30,0,0.42109375,0.3802083333333333,0.0328125,0.0354166666666666
29,328,cl1xj9ksa000b3f6bvr1hgnfn,0,0.78515625,0.5458333333333333,0.0359375,0.0375
29,329,ckz3w0j4d00133867psu0dku8,0,0.6125,0.1875,0.040625,0.0458333333333333
29,329,cl1xj98o800033f6bbzcyndpi,0,0.1828125,0.08125,0.025,0.0375
29,329,cl1xj9dfe00073f6bo87qdh30,0,0.42109375,0.3802083333333333,0.0328125,0.0354166666666666
29,329,cl1xj9ksa000b3f6bvr1hgnfn,0,0.78515625,0.5458333333333333,0.0359375,0.0375
29,32,ckz3w0j4d00133867psu0dku8,0,0.6125,0.1875,0.040625,0.0458333333333333
29,32,cl1xj98o800033f6bbzcyndpi,0,0.1828125,0.08125,0.025,0.0375
29,32,cl1xj9dfe00073f6bo87qdh30,0,0.42109375,0.3802083333333333,0.0328125,0.0354166666666666
29,32,cl1xj9ksa000b3f6bvr1hgnfn,0,0.78515625,0.5458333333333333,0.0359375,0.0375
29,330,ckz3w0j4d00133867psu0dku8,0,0.6125,0.1875,0.040625,0.0458333333333333
29,330,cl1xj98o800033f6bbzcyndpi,0,0.1828125,0.08125,0.025,0.0375
29,330,cl1xj9dfe00073f6bo87qdh30,0,0.42109375,0.3802083333333333,0.0328125,0.0354166666666666
29,330,cl1xj9ksa000b3f6bvr1hgnfn,0,0.78515625,0.5458333333333333,0.0359375,0.0375
29,331,ckz3w0j4d00133867psu0dku8,0,0.6125,0.1875,0.040625,0.0458333333333333
29,331,cl1xj98o800033f6bbzcyndpi,0,0.1828125,0.08125,0.025,0.0375
29,331,cl1xj9dfe00073f6bo87qdh30,0,0.42109375,0.3802083333333333,0.0328125,0.0354166666666666
29,331,cl1xj9ksa000b3f6bvr1hgnfn,0,0.78515625,0.5458333333333333,0.0359375,0.0375
29,332,ckz3w0j4d00133867psu0dku8,0,0.6125,0.1875,0.040625,0.0458333333333333
29,332,cl1xj98o800033f6bbzcyndpi,0,0.1828125,0.08125,0.025,0.0375
29,332,cl1xj9dfe00073f6bo87qdh30,0,0.42109375,0.3802083333333333,0.0328125,0.0354166666666666
29,332,cl1xj9ksa000b3f6bvr1hgnfn,0,0.78515625,0.5458333333333333,0.0359375,0.0375
29,333,ckz3w0j4d00133867psu0dku8,0,0.6125,0.1875,0.040625,0.0458333333333333
29,333,cl1xj98o800033f6bbzcyndpi,0,0.1828125,0.08125,0.025,0.0375
29,333,cl1xj9dfe00073f6bo87qdh30,0,0.42109375,0.3802083333333333,0.0328125,0.0354166666666666
29,333,cl1xj9ksa000b3f6bvr1hgnfn,0,0.78515625,0.5458333333333333,0.0359375,0.0375
29,334,ckz3w0j4d00133867psu0dku8,0,0.6125,0.1875,0.040625,0.0458333333333333
29,334,cl1xj98o800033f6bbzcyndpi,0,0.1828125,0.08125,0.025,0.0375
29,334,cl1xj9dfe00073f6bo87qdh30,0,0.42109375,0.3802083333333333,0.0328125,0.0354166666666666
29,334,cl1xj9ksa000b3f6bvr1hgnfn,0,0.78515625,0.5458333333333333,0.0359375,0.0375
29,335,ckz3w0j4d00133867psu0dku8,0,0.6125,0.1875,0.040625,0.0458333333333333
29,335,cl1xj98o800033f6bbzcyndpi,0,0.1828125,0.08125,0.025,0.0375
29,335,cl1xj9dfe00073f6bo87qdh30,0,0.42109375,0.3802083333333333,0.0328125,0.0354166666666666
29,335,cl1xj9ksa000b3f6bvr1hgnfn,0,0.78515625,0.5458333333333333,0.0359375,0.0375
29,336,ckz3w0j4d00133867psu0dku8,0,0.6125,0.1875,0.040625,0.0458333333333333
29,336,cl1xj98o800033f6bbzcyndpi,0,0.1828125,0.08125,0.025,0.0375
29,336,cl1xj9dfe00073f6bo87qdh30,0,0.42109375,0.3802083333333333,0.0328125,0.0354166666666666
29,336,cl1xj9ksa000b3f6bvr1hgnfn,0,0.78515625,0.5458333333333333,0.0359375,0.0375
29,337,ckz3w0j4d00133867psu0dku8,0,0.6125,0.1875,0.040625,0.0458333333333333
29,337,cl1xj98o800033f6bbzcyndpi,0,0.1828125,0.08125,0.025,0.0375
29,337,cl1xj9dfe00073f6bo87qdh30,0,0.42109375,0.3802083333333333,0.0328125,0.0354166666666666
29,337,cl1xj9ksa000b3f6bvr1hgnfn,0,0.78515625,0.5458333333333333,0.0359375,0.0375
29,338,ckz3w0j4d00133867psu0dku8,0,0.6125,0.1875,0.040625,0.0458333333333333
29,338,cl1xj98o800033f6bbzcyndpi,0,0.1828125,0.08125,0.025,0.0375
29,338,cl1xj9dfe00073f6bo87qdh30,0,0.42109375,0.3802083333333333,0.0328125,0.0354166666666666
29,338,cl1xj9ksa000b3f6bvr1hgnfn,0,0.78515625,0.5458333333333333,0.0359375,0.0375
29,339,ckz3w0j4d00133867psu0dku8,0,0.6125,0.1875,0.040625,0.0458333333333333
29,339,cl1xj98o800033f6bbzcyndpi,0,0.1828125,0.08125,0.025,0.0375
29,339,cl1xj9dfe00073f6bo87qdh30,0,0.42109375,0.3802083333333333,0.0328125,0.0354166666666666
29,339,cl1xj9ksa000b3f6bvr1hgnfn,0,0.78515625,0.5458333333333333,0.0359375,0.0375
29,33,ckz3w0j4d00133867psu0dku8,0,0.6125,0.1875,0.040625,0.0458333333333333
29,33,cl1xj98o800033f6bbzcyndpi,0,0.1828125,0.08125,0.025,0.0375
29,33,cl1xj9dfe00073f6bo87qdh30,0,0.42109375,0.3802083333333333,0.0328125,0.0354166666666666
29,33,cl1xj9ksa000b3f6bvr1hgnfn,0,0.78515625,0.5458333333333333,0.0359375,0.0375
29,340,ckz3w0j4d00133867psu0dku8,0,0.6125,0.1875,0.040625,0.0458333333333333
29,340,cl1xj98o800033f6bbzcyndpi,0,0.1828125,0.08125,0.025,0.0375
29,340,cl1xj9dfe00073f6bo87qdh30,0,0.42109375,0.3802083333333333,0.0328125,0.0354166666666666
29,340,cl1xj9ksa000b3f6bvr1hgnfn,0,0.78515625,0.5458333333333333,0.0359375,0.0375
29,341,ckz3w0j4d00133867psu0dku8,0,0.6125,0.1875,0.040625,0.0458333333333333
29,341,cl1xj98o800033f6bbzcyndpi,0,0.1828125,0.08125,0.025,0.0375
29,341,cl1xj9dfe00073f6bo87qdh30,0,0.42109375,0.3802083333333333,0.0328125,0.0354166666666666
29,341,cl1xj9ksa000b3f6bvr1hgnfn,0,0.78515625,0.5458333333333333,0.0359375,0.0375
29,342,ckz3w0j4d00133867psu0dku8,0,0.6125,0.1875,0.040625,0.0458333333333333
29,342,cl1xj98o800033f6bbzcyndpi,0,0.1828125,0.08125,0.025,0.0375
29,342,cl1xj9dfe00073f6bo87qdh30,0,0.42109375,0.3802083333333333,0.0328125,0.0354166666666666
29,342,cl1xj9ksa000b3f6bvr1hgnfn,0,0.78515625,0.5458333333333333,0.0359375,0.0375
29,343,ckz3w0j4d00133867psu0dku8,0,0.6125,0.1875,0.040625,0.0458333333333333
29,343,cl1xj98o800033f6bbzcyndpi,0,0.1828125,0.08125,0.025,0.0375
29,343,cl1xj9dfe00073f6bo87qdh30,0,0.42109375,0.3802083333333333,0.0328125,0.0354166666666666
29,343,cl1xj9ksa000b3f6bvr1hgnfn,0,0.78515625,0.5458333333333333,0.0359375,0.0375
29,344,ckz3w0j4d00133867psu0dku8,0,0.6125,0.1875,0.040625,0.0458333333333333
29,344,cl1xj98o800033f6bbzcyndpi,0,0.1828125,0.08125,0.025,0.0375
29,344,cl1xj9dfe00073f6bo87qdh30,0,0.42109375,0.3802083333333333,0.0328125,0.0354166666666666
29,344,cl1xj9ksa000b3f6bvr1hgnfn,0,0.78515625,0.5458333333333333,0.0359375,0.0375
29,345,ckz3w0j4d00133867psu0dku8,0,0.6125,0.1875,0.040625,0.0458333333333333
29,345,cl1xj98o800033f6bbzcyndpi,0,0.1828125,0.08125,0.025,0.0375
29,345,cl1xj9dfe00073f6bo87qdh30,0,0.42109375,0.3802083333333333,0.0328125,0.0354166666666666
29,345,cl1xj9ksa000b3f6bvr1hgnfn,0,0.78515625,0.5458333333333333,0.0359375,0.0375
29,346,ckz3w0j4d00133867psu0dku8,0,0.6125,0.1875,0.040625,0.0458333333333333
29,346,cl1xj98o800033f6bbzcyndpi,0,0.1828125,0.08125,0.025,0.0375
29,346,cl1xj9dfe00073f6bo87qdh30,0,0.42109375,0.3802083333333333,0.0328125,0.0354166666666666
29,346,cl1xj9ksa000b3f6bvr1hgnfn,0,0.78515625,0.5458333333333333,0.0359375,0.0375
29,347,ckz3w0j4d00133867psu0dku8,0,0.6125,0.1875,0.040625,0.0458333333333333
29,347,cl1xj98o800033f6bbzcyndpi,0,0.1828125,0.08125,0.025,0.0375
29,347,cl1xj9dfe00073f6bo87qdh30,0,0.42109375,0.3802083333333333,0.0328125,0.0354166666666666
29,347,cl1xj9ksa000b3f6bvr1hgnfn,0,0.78515625,0.5458333333333333,0.0359375,0.0375
29,348,ckz3w0j4d00133867psu0dku8,0,0.6125,0.1875,0.040625,0.0458333333333333
29,348,cl1xj98o800033f6bbzcyndpi,0,0.1828125,0.08125,0.025,0.0375
29,348,cl1xj9dfe00073f6bo87qdh30,0,0.42109375,0.3802083333333333,0.0328125,0.0354166666666666
29,348,cl1xj9ksa000b3f6bvr1hgnfn,0,0.78515625,0.5458333333333333,0.0359375,0.0375
29,349,ckz3w0j4d00133867psu0dku8,0,0.6125,0.1875,0.040625,0.0458333333333333
29,349,cl1xj98o800033f6bbzcyndpi,0,0.1828125,0.08125,0.025,0.0375
29,349,cl1xj9dfe00073f6bo87qdh30,0,0.42109375,0.3802083333333333,0.0328125,0.0354166666666666
29,349,cl1xj9ksa000b3f6bvr1hgnfn,0,0.78515625,0.5458333333333333,0.0359375,0.0375
29,34,ckz3w0j4d00133867psu0dku8,0,0.6125,0.1875,0.040625,0.0458333333333333
29,34,cl1xj98o800033f6bbzcyndpi,0,0.1828125,0.08125,0.025,0.0375
29,34,cl1xj9dfe00073f6bo87qdh30,0,0.42109375,0.3802083333333333,0.0328125,0.0354166666666666
29,34,cl1xj9ksa000b3f6bvr1hgnfn,0,0.78515625,0.5458333333333333,0.0359375,0.0375
29,350,ckz3w0j4d00133867psu0dku8,0,0.6125,0.1875,0.040625,0.0458333333333333
29,350,cl1xj98o800033f6bbzcyndpi,0,0.1828125,0.08125,0.025,0.0375
29,350,cl1xj9dfe00073f6bo87qdh30,0,0.42109375,0.3802083333333333,0.0328125,0.0354166666666666
29,350,cl1xj9ksa000b3f6bvr1hgnfn,0,0.78515625,0.5458333333333333,0.0359375,0.0375
29,351,ckz3w0j4d00133867psu0dku8,0,0.6125,0.1875,0.040625,0.0458333333333333
29,351,cl1xj98o800033f6bbzcyndpi,0,0.1828125,0.08125,0.025,0.0375
29,351,cl1xj9dfe00073f6bo87qdh30,0,0.42109375,0.3802083333333333,0.0328125,0.0354166666666666
29,351,cl1xj9ksa000b3f6bvr1hgnfn,0,0.78515625,0.5458333333333333,0.0359375,0.0375
29,352,ckz3w0j4d00133867psu0dku8,0,0.6125,0.1875,0.040625,0.0458333333333333
29,352,cl1xj98o800033f6bbzcyndpi,0,0.1828125,0.08125,0.025,0.0375
29,352,cl1xj9dfe00073f6bo87qdh30,0,0.42109375,0.3802083333333333,0.0328125,0.0354166666666666
29,352,cl1xj9ksa000b3f6bvr1hgnfn,0,0.78515625,0.5458333333333333,0.0359375,0.0375
29,353,ckz3w0j4d00133867psu0dku8,0,0.6125,0.1875,0.040625,0.0458333333333333
29,353,cl1xj98o800033f6bbzcyndpi,0,0.1828125,0.08125,0.025,0.0375
29,353,cl1xj9dfe00073f6bo87qdh30,0,0.42109375,0.3802083333333333,0.0328125,0.0354166666666666
29,353,cl1xj9ksa000b3f6bvr1hgnfn,0,0.78515625,0.5458333333333333,0.0359375,0.0375
29,354,ckz3w0j4d00133867psu0dku8,0,0.6125,0.1875,0.040625,0.0458333333333333
29,354,cl1xj98o800033f6bbzcyndpi,0,0.1828125,0.08125,0.025,0.0375
29,354,cl1xj9dfe00073f6bo87qdh30,0,0.42109375,0.3802083333333333,0.0328125,0.0354166666666666
29,354,cl1xj9ksa000b3f6bvr1hgnfn,0,0.78515625,0.5458333333333333,0.0359375,0.0375
29,355,ckz3w0j4d00133867psu0dku8,0,0.6125,0.1875,0.040625,0.0458333333333333
29,355,cl1xj98o800033f6bbzcyndpi,0,0.1828125,0.08125,0.025,0.0375
29,355,cl1xj9dfe00073f6bo87qdh30,0,0.42109375,0.3802083333333333,0.0328125,0.0354166666666666
29,355,cl1xj9ksa000b3f6bvr1hgnfn,0,0.78515625,0.5458333333333333,0.0359375,0.0375
29,356,ckz3w0j4d00133867psu0dku8,0,0.6125,0.1875,0.040625,0.0458333333333333
29,356,cl1xj98o800033f6bbzcyndpi,0,0.1828125,0.08125,0.025,0.0375
29,356,cl1xj9dfe00073f6bo87qdh30,0,0.42109375,0.3802083333333333,0.0328125,0.0354166666666666
29,356,cl1xj9ksa000b3f6bvr1hgnfn,0,0.78515625,0.5458333333333333,0.0359375,0.0375
29,357,ckz3w0j4d00133867psu0dku8,0,0.6125,0.1875,0.040625,0.0458333333333333
29,357,cl1xj98o800033f6bbzcyndpi,0,0.1828125,0.08125,0.025,0.0375
29,357,cl1xj9dfe00073f6bo87qdh30,0,0.42109375,0.3802083333333333,0.0328125,0.0354166666666666
29,357,cl1xj9ksa000b3f6bvr1hgnfn,0,0.78515625,0.5458333333333333,0.0359375,0.0375
29,358,ckz3w0j4d00133867psu0dku8,0,0.6125,0.1875,0.040625,0.0458333333333333
29,358,cl1xj98o800033f6bbzcyndpi,0,0.1828125,0.08125,0.025,0.0375
29,358,cl1xj9dfe00073f6bo87qdh30,0,0.42109375,0.3802083333333333,0.0328125,0.0354166666666666
29,358,cl1xj9ksa000b3f6bvr1hgnfn,0,0.78515625,0.5458333333333333,0.0359375,0.0375
29,359,ckz3w0j4d00133867psu0dku8,0,0.6125,0.1875,0.040625,0.0458333333333333
29,359,cl1xj98o800033f6bbzcyndpi,0,0.1828125,0.08125,0.025,0.0375
29,359,cl1xj9dfe00073f6bo87qdh30,0,0.42109375,0.3802083333333333,0.0328125,0.0354166666666666
29,359,cl1xj9ksa000b3f6bvr1hgnfn,0,0.78515625,0.5458333333333333,0.0359375,0.0375
29,35,ckz3w0j4d00133867psu0dku8,0,0.6125,0.1875,0.040625,0.0458333333333333
29,35,cl1xj98o800033f6bbzcyndpi,0,0.1828125,0.08125,0.025,0.0375
29,35,cl1xj9dfe00073f6bo87qdh30,0,0.42109375,0.3802083333333333,0.0328125,0.0354166666666666
29,35,cl1xj9ksa000b3f6bvr1hgnfn,0,0.78515625,0.5458333333333333,0.0359375,0.0375
29,360,ckz3w0j4d00133867psu0dku8,0,0.6125,0.1875,0.040625,0.0458333333333333
29,360,cl1xj98o800033f6bbzcyndpi,0,0.1828125,0.08125,0.025,0.0375
29,360,cl1xj9dfe00073f6bo87qdh30,0,0.42109375,0.3802083333333333,0.0328125,0.0354166666666666
29,360,cl1xj9ksa000b3f6bvr1hgnfn,0,0.78515625,0.5458333333333333,0.0359375,0.0375
29,361,ckz3w0j4d00133867psu0dku8,0,0.6125,0.1875,0.040625,0.0458333333333333
29,361,cl1xj98o800033f6bbzcyndpi,0,0.1828125,0.08125,0.025,0.0375
29,361,cl1xj9dfe00073f6bo87qdh30,0,0.42109375,0.3802083333333333,0.0328125,0.0354166666666666
29,361,cl1xj9ksa000b3f6bvr1hgnfn,0,0.78515625,0.5458333333333333,0.0359375,0.0375
29,362,ckz3w0j4d00133867psu0dku8,0,0.6125,0.1875,0.040625,0.0458333333333333
29,362,cl1xj98o800033f6bbzcyndpi,0,0.1828125,0.08125,0.025,0.0375
29,362,cl1xj9dfe00073f6bo87qdh30,0,0.42109375,0.3802083333333333,0.0328125,0.0354166666666666
29,362,cl1xj9ksa000b3f6bvr1hgnfn,0,0.78515625,0.5458333333333333,0.0359375,0.0375
29,363,ckz3w0j4d00133867psu0dku8,0,0.6125,0.1875,0.040625,0.0458333333333333
29,363,cl1xj98o800033f6bbzcyndpi,0,0.1828125,0.08125,0.025,0.0375
29,363,cl1xj9dfe00073f6bo87qdh30,0,0.42109375,0.3802083333333333,0.0328125,0.0354166666666666
29,363,cl1xj9ksa000b3f6bvr1hgnfn,0,0.78515625,0.5458333333333333,0.0359375,0.0375
29,364,ckz3w0j4d00133867psu0dku8,0,0.6125,0.1875,0.040625,0.0458333333333333
29,364,cl1xj98o800033f6bbzcyndpi,0,0.1828125,0.08125,0.025,0.0375
29,364,cl1xj9dfe00073f6bo87qdh30,0,0.42109375,0.3802083333333333,0.0328125,0.0354166666666666
29,364,cl1xj9ksa000b3f6bvr1hgnfn,0,0.78515625,0.5458333333333333,0.0359375,0.0375
29,365,ckz3w0j4d00133867psu0dku8,0,0.6125,0.1875,0.040625,0.0458333333333333
29,365,cl1xj98o800033f6bbzcyndpi,0,0.1828125,0.08125,0.025,0.0375
29,365,cl1xj9dfe00073f6bo87qdh30,0,0.42109375,0.3802083333333333,0.0328125,0.0354166666666666
29,365,cl1xj9ksa000b3f6bvr1hgnfn,0,0.78515625,0.5458333333333333,0.0359375,0.0375
29,366,ckz3w0j4d00133867psu0dku8,0,0.6125,0.1875,0.040625,0.0458333333333333
29,366,cl1xj98o800033f6bbzcyndpi,0,0.1828125,0.08125,0.025,0.0375
29,366,cl1xj9dfe00073f6bo87qdh30,0,0.42109375,0.3802083333333333,0.0328125,0.0354166666666666
29,366,cl1xj9ksa000b3f6bvr1hgnfn,0,0.78515625,0.5458333333333333,0.0359375,0.0375
29,367,ckz3w0j4d00133867psu0dku8,0,0.6125,0.1875,0.040625,0.0458333333333333
29,367,cl1xj98o800033f6bbzcyndpi,0,0.1828125,0.08125,0.025,0.0375
29,367,cl1xj9dfe00073f6bo87qdh30,0,0.42109375,0.3802083333333333,0.0328125,0.0354166666666666
29,367,cl1xj9ksa000b3f6bvr1hgnfn,0,0.78515625,0.5458333333333333,0.0359375,0.0375
29,368,ckz3w0j4d00133867psu0dku8,0,0.6125,0.1875,0.040625,0.0458333333333333
29,368,cl1xj98o800033f6bbzcyndpi,0,0.1828125,0.08125,0.025,0.0375
29,368,cl1xj9dfe00073f6bo87qdh30,0,0.42109375,0.3802083333333333,0.0328125,0.0354166666666666
29,368,cl1xj9ksa000b3f6bvr1hgnfn,0,0.78515625,0.5458333333333333,0.0359375,0.0375
29,369,ckz3w0j4d00133867psu0dku8,0,0.6125,0.1875,0.040625,0.0458333333333333
29,369,cl1xj98o800033f6bbzcyndpi,0,0.1828125,0.08125,0.025,0.0375
29,369,cl1xj9dfe00073f6bo87qdh30,0,0.42109375,0.3802083333333333,0.0328125,0.0354166666666666
29,369,cl1xj9ksa000b3f6bvr1hgnfn,0,0.78515625,0.5458333333333333,0.0359375,0.0375
29,36,ckz3w0j4d00133867psu0dku8,0,0.6125,0.1875,0.040625,0.0458333333333333
29,36,cl1xj98o800033f6bbzcyndpi,0,0.1828125,0.08125,0.025,0.0375
29,36,cl1xj9dfe00073f6bo87qdh30,0,0.42109375,0.3802083333333333,0.0328125,0.0354166666666666
29,36,cl1xj9ksa000b3f6bvr1hgnfn,0,0.78515625,0.5458333333333333,0.0359375,0.0375
29,370,ckz3w0j4d00133867psu0dku8,0,0.6125,0.1875,0.040625,0.0458333333333333
29,370,cl1xj98o800033f6bbzcyndpi,0,0.1828125,0.08125,0.025,0.0375
29,370,cl1xj9dfe00073f6bo87qdh30,0,0.42109375,0.3802083333333333,0.0328125,0.0354166666666666
29,370,cl1xj9ksa000b3f6bvr1hgnfn,0,0.78515625,0.5458333333333333,0.0359375,0.0375
29,371,ckz3w0j4d00133867psu0dku8,0,0.6125,0.1875,0.040625,0.0458333333333333
29,371,cl1xj98o800033f6bbzcyndpi,0,0.1828125,0.08125,0.025,0.0375
29,371,cl1xj9dfe00073f6bo87qdh30,0,0.42109375,0.3802083333333333,0.0328125,0.0354166666666666
29,371,cl1xj9ksa000b3f6bvr1hgnfn,0,0.78515625,0.5458333333333333,0.0359375,0.0375
29,372,ckz3w0j4d00133867psu0dku8,0,0.6125,0.1875,0.040625,0.0458333333333333
29,372,cl1xj98o800033f6bbzcyndpi,0,0.1828125,0.08125,0.025,0.0375
29,372,cl1xj9dfe00073f6bo87qdh30,0,0.42109375,0.3802083333333333,0.0328125,0.0354166666666666
29,372,cl1xj9ksa000b3f6bvr1hgnfn,0,0.78515625,0.5458333333333333,0.0359375,0.0375
29,373,ckz3w0j4d00133867psu0dku8,0,0.6125,0.1875,0.040625,0.0458333333333333
29,373,cl1xj98o800033f6bbzcyndpi,0,0.1828125,0.08125,0.025,0.0375
29,373,cl1xj9dfe00073f6bo87qdh30,0,0.42109375,0.3802083333333333,0.0328125,0.0354166666666666
29,373,cl1xj9ksa000b3f6bvr1hgnfn,0,0.78515625,0.5458333333333333,0.0359375,0.0375
29,374,ckz3w0j4d00133867psu0dku8,0,0.6125,0.1875,0.040625,0.0458333333333333
29,374,cl1xj98o800033f6bbzcyndpi,0,0.1828125,0.08125,0.025,0.0375
29,374,cl1xj9dfe00073f6bo87qdh30,0,0.42109375,0.3802083333333333,0.0328125,0.0354166666666666
29,374,cl1xj9ksa000b3f6bvr1hgnfn,0,0.78515625,0.5458333333333333,0.0359375,0.0375
29,375,ckz3w0j4d00133867psu0dku8,0,0.6125,0.1875,0.040625,0.0458333333333333
29,375,cl1xj98o800033f6bbzcyndpi,0,0.1828125,0.08125,0.025,0.0375
29,375,cl1xj9dfe00073f6bo87qdh30,0,0.42109375,0.3802083333333333,0.0328125,0.0354166666666666
29,375,cl1xj9ksa000b3f6bvr1hgnfn,0,0.78515625,0.5458333333333333,0.0359375,0.0375
29,376,ckz3w0j4d00133867psu0dku8,0,0.6125,0.1875,0.040625,0.0458333333333333
29,376,cl1xj98o800033f6bbzcyndpi,0,0.1828125,0.08125,0.025,0.0375
29,376,cl1xj9dfe00073f6bo87qdh30,0,0.42109375,0.3802083333333333,0.0328125,0.0354166666666666
29,376,cl1xj9ksa000b3f6bvr1hgnfn,0,0.78515625,0.5458333333333333,0.0359375,0.0375
29,377,ckz3w0j4d00133867psu0dku8,0,0.6125,0.1875,0.040625,0.0458333333333333
29,377,cl1xj98o800033f6bbzcyndpi,0,0.1828125,0.08125,0.025,0.0375
29,377,cl1xj9dfe00073f6bo87qdh30,0,0.42109375,0.3802083333333333,0.0328125,0.0354166666666666
29,377,cl1xj9ksa000b3f6bvr1hgnfn,0,0.78515625,0.5458333333333333,0.0359375,0.0375
29,378,ckz3w0j4d00133867psu0dku8,0,0.6125,0.1875,0.040625,0.0458333333333333
29,378,cl1xj98o800033f6bbzcyndpi,0,0.1828125,0.08125,0.025,0.0375
29,378,cl1xj9dfe00073f6bo87qdh30,0,0.42109375,0.3802083333333333,0.0328125,0.0354166666666666
29,378,cl1xj9ksa000b3f6bvr1hgnfn,0,0.78515625,0.5458333333333333,0.0359375,0.0375
29,379,ckz3w0j4d00133867psu0dku8,0,0.6125,0.1875,0.040625,0.0458333333333333
29,379,cl1xj98o800033f6bbzcyndpi,0,0.1828125,0.08125,0.025,0.0375
29,379,cl1xj9dfe00073f6bo87qdh30,0,0.42109375,0.3802083333333333,0.0328125,0.0354166666666666
29,379,cl1xj9ksa000b3f6bvr1hgnfn,0,0.78515625,0.5458333333333333,0.0359375,0.0375
29,37,ckz3w0j4d00133867psu0dku8,0,0.6125,0.1875,0.040625,0.0458333333333333
29,37,cl1xj98o800033f6bbzcyndpi,0,0.1828125,0.08125,0.025,0.0375
29,37,cl1xj9dfe00073f6bo87qdh30,0,0.42109375,0.3802083333333333,0.0328125,0.0354166666666666
29,37,cl1xj9ksa000b3f6bvr1hgnfn,0,0.78515625,0.5458333333333333,0.0359375,0.0375
29,380,ckz3w0j4d00133867psu0dku8,0,0.6125,0.1875,0.040625,0.0458333333333333
29,380,cl1xj98o800033f6bbzcyndpi,0,0.1828125,0.08125,0.025,0.0375
29,380,cl1xj9dfe00073f6bo87qdh30,0,0.42109375,0.3802083333333333,0.0328125,0.0354166666666666
29,380,cl1xj9ksa000b3f6bvr1hgnfn,0,0.78515625,0.5458333333333333,0.0359375,0.0375
29,381,ckz3w0j4d00133867psu0dku8,0,0.6125,0.1875,0.040625,0.0458333333333333
29,381,cl1xj98o800033f6bbzcyndpi,0,0.1828125,0.08125,0.025,0.0375
29,381,cl1xj9dfe00073f6bo87qdh30,0,0.42109375,0.3802083333333333,0.0328125,0.0354166666666666
29,381,cl1xj9ksa000b3f6bvr1hgnfn,0,0.78515625,0.5458333333333333,0.0359375,0.0375
29,382,ckz3w0j4d00133867psu0dku8,0,0.6125,0.1875,0.040625,0.0458333333333333
29,382,cl1xj98o800033f6bbzcyndpi,0,0.1828125,0.08125,0.025,0.0375
29,382,cl1xj9dfe00073f6bo87qdh30,0,0.42109375,0.3802083333333333,0.0328125,0.0354166666666666
29,382,cl1xj9ksa000b3f6bvr1hgnfn,0,0.78515625,0.5458333333333333,0.0359375,0.0375
29,383,ckz3w0j4d00133867psu0dku8,0,0.6125,0.1875,0.040625,0.0458333333333333
29,383,cl1xj98o800033f6bbzcyndpi,0,0.1828125,0.08125,0.025,0.0375
29,383,cl1xj9dfe00073f6bo87qdh30,0,0.42109375,0.3802083333333333,0.0328125,0.0354166666666666
29,383,cl1xj9ksa000b3f6bvr1hgnfn,0,0.78515625,0.5458333333333333,0.0359375,0.0375
29,384,ckz3w0j4d00133867psu0dku8,0,0.6125,0.1875,0.040625,0.0458333333333333
29,384,cl1xj98o800033f6bbzcyndpi,0,0.1828125,0.08125,0.025,0.0375
29,384,cl1xj9dfe00073f6bo87qdh30,0,0.42109375,0.3802083333333333,0.0328125,0.0354166666666666
29,384,cl1xj9ksa000b3f6bvr1hgnfn,0,0.78515625,0.5458333333333333,0.0359375,0.0375
29,385,ckz3w0j4d00133867psu0dku8,0,0.6125,0.1875,0.040625,0.0458333333333333
29,385,cl1xj98o800033f6bbzcyndpi,0,0.1828125,0.08125,0.025,0.0375
29,385,cl1xj9dfe00073f6bo87qdh30,0,0.42109375,0.3802083333333333,0.0328125,0.0354166666666666
29,385,cl1xj9ksa000b3f6bvr1hgnfn,0,0.78515625,0.5458333333333333,0.0359375,0.0375
29,386,ckz3w0j4d00133867psu0dku8,0,0.6125,0.1875,0.040625,0.0458333333333333
29,386,cl1xj98o800033f6bbzcyndpi,0,0.1828125,0.08125,0.025,0.0375
29,386,cl1xj9dfe00073f6bo87qdh30,0,0.42109375,0.3802083333333333,0.0328125,0.0354166666666666
29,386,cl1xj9ksa000b3f6bvr1hgnfn,0,0.78515625,0.5458333333333333,0.0359375,0.0375
29,387,ckz3w0j4d00133867psu0dku8,0,0.6125,0.1875,0.040625,0.0458333333333333
29,387,cl1xj98o800033f6bbzcyndpi,0,0.1828125,0.08125,0.025,0.0375
29,387,cl1xj9dfe00073f6bo87qdh30,0,0.42109375,0.3802083333333333,0.0328125,0.0354166666666666
29,387,cl1xj9ksa000b3f6bvr1hgnfn,0,0.78515625,0.5458333333333333,0.0359375,0.0375
29,388,ckz3w0j4d00133867psu0dku8,0,0.6125,0.1875,0.040625,0.0458333333333333
29,388,cl1xj98o800033f6bbzcyndpi,0,0.1828125,0.08125,0.025,0.0375
29,388,cl1xj9dfe00073f6bo87qdh30,0,0.42109375,0.3802083333333333,0.0328125,0.0354166666666666
29,388,cl1xj9ksa000b3f6bvr1hgnfn,0,0.78515625,0.5458333333333333,0.0359375,0.0375
29,389,ckz3w0j4d00133867psu0dku8,0,0.6125,0.1875,0.040625,0.0458333333333333
29,389,cl1xj98o800033f6bbzcyndpi,0,0.1828125,0.08125,0.025,0.0375
29,389,cl1xj9dfe00073f6bo87qdh30,0,0.42109375,0.3802083333333333,0.0328125,0.0354166666666666
29,389,cl1xj9ksa000b3f6bvr1hgnfn,0,0.78515625,0.5458333333333333,0.0359375,0.0375
29,38,ckz3w0j4d00133867psu0dku8,0,0.6125,0.1875,0.040625,0.0458333333333333
29,38,cl1xj98o800033f6bbzcyndpi,0,0.1828125,0.08125,0.025,0.0375
29,38,cl1xj9dfe00073f6bo87qdh30,0,0.42109375,0.3802083333333333,0.0328125,0.0354166666666666
29,38,cl1xj9ksa000b3f6bvr1hgnfn,0,0.78515625,0.5458333333333333,0.0359375,0.0375
29,390,ckz3w0j4d00133867psu0dku8,0,0.6125,0.1875,0.040625,0.0458333333333333
29,390,cl1xj98o800033f6bbzcyndpi,0,0.1828125,0.08125,0.025,0.0375
29,390,cl1xj9dfe00073f6bo87qdh30,0,0.42109375,0.3802083333333333,0.0328125,0.0354166666666666
29,390,cl1xj9ksa000b3f6bvr1hgnfn,0,0.78515625,0.5458333333333333,0.0359375,0.0375
29,391,ckz3w0j4d00133867psu0dku8,0,0.6125,0.1875,0.040625,0.0458333333333333
29,391,cl1xj98o800033f6bbzcyndpi,0,0.1828125,0.08125,0.025,0.0375
29,391,cl1xj9dfe00073f6bo87qdh30,0,0.42109375,0.3802083333333333,0.0328125,0.0354166666666666
29,391,cl1xj9ksa000b3f6bvr1hgnfn,0,0.78515625,0.5458333333333333,0.0359375,0.0375
29,392,ckz3w0j4d00133867psu0dku8,0,0.6125,0.1875,0.040625,0.0458333333333333
29,392,cl1xj98o800033f6bbzcyndpi,0,0.1828125,0.08125,0.025,0.0375
29,392,cl1xj9dfe00073f6bo87qdh30,0,0.42109375,0.3802083333333333,0.0328125,0.0354166666666666
29,392,cl1xj9ksa000b3f6bvr1hgnfn,0,0.78515625,0.5458333333333333,0.0359375,0.0375
29,393,ckz3w0j4d00133867psu0dku8,0,0.6125,0.1875,0.040625,0.0458333333333333
29,393,cl1xj98o800033f6bbzcyndpi,0,0.1828125,0.08125,0.025,0.0375
29,393,cl1xj9dfe00073f6bo87qdh30,0,0.42109375,0.3802083333333333,0.0328125,0.0354166666666666
29,393,cl1xj9ksa000b3f6bvr1hgnfn,0,0.78515625,0.5458333333333333,0.0359375,0.0375
29,394,ckz3w0j4d00133867psu0dku8,0,0.6125,0.1875,0.040625,0.0458333333333333
29,394,cl1xj98o800033f6bbzcyndpi,0,0.1828125,0.08125,0.025,0.0375
29,394,cl1xj9dfe00073f6bo87qdh30,0,0.42109375,0.3802083333333333,0.0328125,0.0354166666666666
29,394,cl1xj9ksa000b3f6bvr1hgnfn,0,0.78515625,0.5458333333333333,0.0359375,0.0375
29,395,ckz3w0j4d00133867psu0dku8,0,0.6125,0.1875,0.040625,0.0458333333333333
29,395,cl1xj98o800033f6bbzcyndpi,0,0.1828125,0.08125,0.025,0.0375
29,395,cl1xj9dfe00073f6bo87qdh30,0,0.42109375,0.3802083333333333,0.0328125,0.0354166666666666
29,395,cl1xj9ksa000b3f6bvr1hgnfn,0,0.78515625,0.5458333333333333,0.0359375,0.0375
29,396,ckz3w0j4d00133867psu0dku8,0,0.6125,0.1875,0.040625,0.0458333333333333
29,396,cl1xj98o800033f6bbzcyndpi,0,0.1828125,0.08125,0.025,0.0375
29,396,cl1xj9dfe00073f6bo87qdh30,0,0.42109375,0.3802083333333333,0.0328125,0.0354166666666666
29,396,cl1xj9ksa000b3f6bvr1hgnfn,0,0.78515625,0.5458333333333333,0.0359375,0.0375
29,397,ckz3w0j4d00133867psu0dku8,0,0.6125,0.1875,0.040625,0.0458333333333333
29,397,cl1xj98o800033f6bbzcyndpi,0,0.1828125,0.08125,0.025,0.0375
29,397,cl1xj9dfe00073f6bo87qdh30,0,0.42109375,0.3802083333333333,0.0328125,0.0354166666666666
29,397,cl1xj9ksa000b3f6bvr1hgnfn,0,0.78515625,0.5458333333333333,0.0359375,0.0375
29,398,ckz3w0j4d00133867psu0dku8,0,0.6125,0.1875,0.040625,0.0458333333333333
29,398,cl1xj98o800033f6bbzcyndpi,0,0.1828125,0.08125,0.025,0.0375
29,398,cl1xj9dfe00073f6bo87qdh30,0,0.42109375,0.3802083333333333,0.0328125,0.0354166666666666
29,398,cl1xj9ksa000b3f6bvr1hgnfn,0,0.78515625,0.5458333333333333,0.0359375,0.0375
29,399,ckz3w0j4d00133867psu0dku8,0,0.6125,0.1875,0.040625,0.0458333333333333
29,399,cl1xj98o800033f6bbzcyndpi,0,0.1828125,0.08125,0.025,0.0375
29,399,cl1xj9dfe00073f6bo87qdh30,0,0.42109375,0.3802083333333333,0.0328125,0.0354166666666666
29,399,cl1xj9ksa000b3f6bvr1hgnfn,0,0.78515625,0.5458333333333333,0.0359375,0.0375
29,39,ckz3w0j4d00133867psu0dku8,0,0.6125,0.1875,0.040625,0.0458333333333333
29,39,cl1xj98o800033f6bbzcyndpi,0,0.1828125,0.08125,0.025,0.0375
29,39,cl1xj9dfe00073f6bo87qdh30,0,0.42109375,0.3802083333333333,0.0328125,0.0354166666666666
29,39,cl1xj9ksa000b3f6bvr1hgnfn,0,0.78515625,0.5458333333333333,0.0359375,0.0375
29,3,ckz3w0j4d00133867psu0dku8,0,0.6125,0.1875,0.040625,0.0458333333333333
29,3,cl1xj98o800033f6bbzcyndpi,0,0.1828125,0.08125,0.025,0.0375
29,3,cl1xj9dfe00073f6bo87qdh30,0,0.42109375,0.3802083333333333,0.0328125,0.0354166666666666
29,3,cl1xj9ksa000b3f6bvr1hgnfn,0,0.78515625,0.5458333333333333,0.0359375,0.0375
29,400,ckz3w0j4d00133867psu0dku8,0,0.6125,0.1875,0.040625,0.0458333333333333
29,400,cl1xj98o800033f6bbzcyndpi,0,0.1828125,0.08125,0.025,0.0375
29,400,cl1xj9dfe00073f6bo87qdh30,0,0.42109375,0.3802083333333333,0.0328125,0.0354166666666666
29,400,cl1xj9ksa000b3f6bvr1hgnfn,0,0.78515625,0.5458333333333333,0.0359375,0.0375
29,401,ckz3w0j4d00133867psu0dku8,0,0.6125,0.1875,0.040625,0.0458333333333333
29,401,cl1xj98o800033f6bbzcyndpi,0,0.1828125,0.08125,0.025,0.0375
29,401,cl1xj9dfe00073f6bo87qdh30,0,0.42109375,0.3802083333333333,0.0328125,0.0354166666666666
29,401,cl1xj9ksa000b3f6bvr1hgnfn,0,0.78515625,0.5458333333333333,0.0359375,0.0375
29,402,ckz3w0j4d00133867psu0dku8,0,0.6125,0.1875,0.040625,0.0458333333333333
29,402,cl1xj98o800033f6bbzcyndpi,0,0.1828125,0.08125,0.025,0.0375
29,402,cl1xj9dfe00073f6bo87qdh30,0,0.42109375,0.3802083333333333,0.0328125,0.0354166666666666
29,402,cl1xj9ksa000b3f6bvr1hgnfn,0,0.78515625,0.5458333333333333,0.0359375,0.0375
29,403,ckz3w0j4d00133867psu0dku8,0,0.6125,0.1875,0.040625,0.0458333333333333
29,403,cl1xj98o800033f6bbzcyndpi,0,0.1828125,0.08125,0.025,0.0375
29,403,cl1xj9dfe00073f6bo87qdh30,0,0.42109375,0.3802083333333333,0.0328125,0.0354166666666666
29,403,cl1xj9ksa000b3f6bvr1hgnfn,0,0.78515625,0.5458333333333333,0.0359375,0.0375
29,404,ckz3w0j4d00133867psu0dku8,0,0.6125,0.1875,0.040625,0.0458333333333333
29,404,cl1xj98o800033f6bbzcyndpi,0,0.1828125,0.08125,0.025,0.0375
29,404,cl1xj9dfe00073f6bo87qdh30,0,0.42109375,0.3802083333333333,0.0328125,0.0354166666666666
29,404,cl1xj9ksa000b3f6bvr1hgnfn,0,0.78515625,0.5458333333333333,0.0359375,0.0375
29,405,ckz3w0j4d00133867psu0dku8,0,0.6125,0.1875,0.040625,0.0458333333333333
29,405,cl1xj98o800033f6bbzcyndpi,0,0.1828125,0.08125,0.025,0.0375
29,405,cl1xj9dfe00073f6bo87qdh30,0,0.42109375,0.3802083333333333,0.0328125,0.0354166666666666
29,405,cl1xj9ksa000b3f6bvr1hgnfn,0,0.78515625,0.5458333333333333,0.0359375,0.0375
29,406,ckz3w0j4d00133867psu0dku8,0,0.6125,0.1875,0.040625,0.0458333333333333
29,406,cl1xj98o800033f6bbzcyndpi,0,0.1828125,0.08125,0.025,0.0375
29,406,cl1xj9dfe00073f6bo87qdh30,0,0.42109375,0.3802083333333333,0.0328125,0.0354166666666666
29,406,cl1xj9ksa000b3f6bvr1hgnfn,0,0.78515625,0.5458333333333333,0.0359375,0.0375
29,407,ckz3w0j4d00133867psu0dku8,0,0.6125,0.1875,0.040625,0.0458333333333333
29,407,cl1xj98o800033f6bbzcyndpi,0,0.1828125,0.08125,0.025,0.0375
29,407,cl1xj9dfe00073f6bo87qdh30,0,0.42109375,0.3802083333333333,0.0328125,0.0354166666666666
29,407,cl1xj9ksa000b3f6bvr1hgnfn,0,0.78515625,0.5458333333333333,0.0359375,0.0375
29,408,ckz3w0j4d00133867psu0dku8,0,0.6125,0.1875,0.040625,0.0458333333333333
29,408,cl1xj98o800033f6bbzcyndpi,0,0.1828125,0.08125,0.025,0.0375
29,408,cl1xj9dfe00073f6bo87qdh30,0,0.42109375,0.3802083333333333,0.0328125,0.0354166666666666
29,408,cl1xj9ksa000b3f6bvr1hgnfn,0,0.78515625,0.5458333333333333,0.0359375,0.0375
29,409,ckz3w0j4d00133867psu0dku8,0,0.6125,0.1875,0.040625,0.0458333333333333
29,409,cl1xj98o800033f6bbzcyndpi,0,0.1828125,0.08125,0.025,0.0375
29,409,cl1xj9dfe00073f6bo87qdh30,0,0.42109375,0.3802083333333333,0.0328125,0.0354166666666666
29,409,cl1xj9ksa000b3f6bvr1hgnfn,0,0.78515625,0.5458333333333333,0.0359375,0.0375
29,40,ckz3w0j4d00133867psu0dku8,0,0.6125,0.1875,0.040625,0.0458333333333333
29,40,cl1xj98o800033f6bbzcyndpi,0,0.1828125,0.08125,0.025,0.0375
29,40,cl1xj9dfe00073f6bo87qdh30,0,0.42109375,0.3802083333333333,0.0328125,0.0354166666666666
29,40,cl1xj9ksa000b3f6bvr1hgnfn,0,0.78515625,0.5458333333333333,0.0359375,0.0375
29,410,ckz3w0j4d00133867psu0dku8,0,0.6125,0.1875,0.040625,0.0458333333333333
29,410,cl1xj98o800033f6bbzcyndpi,0,0.1828125,0.08125,0.025,0.0375
29,410,cl1xj9dfe00073f6bo87qdh30,0,0.42109375,0.3802083333333333,0.0328125,0.0354166666666666
29,410,cl1xj9ksa000b3f6bvr1hgnfn,0,0.78515625,0.5458333333333333,0.0359375,0.0375
29,411,ckz3w0j4d00133867psu0dku8,0,0.6125,0.1875,0.040625,0.0458333333333333
29,411,cl1xj98o800033f6bbzcyndpi,0,0.1828125,0.08125,0.025,0.0375
29,411,cl1xj9dfe00073f6bo87qdh30,0,0.42109375,0.3802083333333333,0.0328125,0.0354166666666666
29,411,cl1xj9ksa000b3f6bvr1hgnfn,0,0.78515625,0.5458333333333333,0.0359375,0.0375
29,412,ckz3w0j4d00133867psu0dku8,0,0.6125,0.1875,0.040625,0.0458333333333333
29,412,cl1xj98o800033f6bbzcyndpi,0,0.1828125,0.08125,0.025,0.0375
29,412,cl1xj9dfe00073f6bo87qdh30,0,0.42109375,0.3802083333333333,0.0328125,0.0354166666666666
29,412,cl1xj9ksa000b3f6bvr1hgnfn,0,0.78515625,0.5458333333333333,0.0359375,0.0375
29,413,ckz3w0j4d00133867psu0dku8,0,0.6125,0.1875,0.040625,0.0458333333333333
29,413,cl1xj98o800033f6bbzcyndpi,0,0.1828125,0.08125,0.025,0.0375
29,413,cl1xj9dfe00073f6bo87qdh30,0,0.42109375,0.3802083333333333,0.0328125,0.0354166666666666
29,413,cl1xj9ksa000b3f6bvr1hgnfn,0,0.78515625,0.5458333333333333,0.0359375,0.0375
29,414,ckz3w0j4d00133867psu0dku8,0,0.6125,0.1875,0.040625,0.0458333333333333
29,414,cl1xj98o800033f6bbzcyndpi,0,0.1828125,0.08125,0.025,0.0375
29,414,cl1xj9dfe00073f6bo87qdh30,0,0.42109375,0.3802083333333333,0.0328125,0.0354166666666666
29,414,cl1xj9ksa000b3f6bvr1hgnfn,0,0.78515625,0.5458333333333333,0.0359375,0.0375
29,415,ckz3w0j4d00133867psu0dku8,0,0.6125,0.1875,0.040625,0.0458333333333333
29,415,cl1xj98o800033f6bbzcyndpi,0,0.1828125,0.08125,0.025,0.0375
29,415,cl1xj9dfe00073f6bo87qdh30,0,0.42109375,0.3802083333333333,0.0328125,0.0354166666666666
29,415,cl1xj9ksa000b3f6bvr1hgnfn,0,0.78515625,0.5458333333333333,0.0359375,0.0375
29,416,ckz3w0j4d00133867psu0dku8,0,0.6125,0.1875,0.040625,0.0458333333333333
29,416,cl1xj98o800033f6bbzcyndpi,0,0.1828125,0.08125,0.025,0.0375
29,416,cl1xj9dfe00073f6bo87qdh30,0,0.42109375,0.3802083333333333,0.0328125,0.0354166666666666
29,416,cl1xj9ksa000b3f6bvr1hgnfn,0,0.78515625,0.5458333333333333,0.0359375,0.0375
29,417,ckz3w0j4d00133867psu0dku8,0,0.6125,0.1875,0.040625,0.0458333333333333
29,417,cl1xj98o800033f6bbzcyndpi,0,0.1828125,0.08125,0.025,0.0375
29,417,cl1xj9dfe00073f6bo87qdh30,0,0.42109375,0.3802083333333333,0.0328125,0.0354166666666666
29,417,cl1xj9ksa000b3f6bvr1hgnfn,0,0.78515625,0.5458333333333333,0.0359375,0.0375
29,418,ckz3w0j4d00133867psu0dku8,0,0.6125,0.1875,0.040625,0.0458333333333333
29,418,cl1xj98o800033f6bbzcyndpi,0,0.1828125,0.08125,0.025,0.0375
29,418,cl1xj9dfe00073f6bo87qdh30,0,0.42109375,0.3802083333333333,0.0328125,0.0354166666666666
29,418,cl1xj9ksa000b3f6bvr1hgnfn,0,0.78515625,0.5458333333333333,0.0359375,0.0375
29,419,ckz3w0j4d00133867psu0dku8,0,0.6125,0.1875,0.040625,0.0458333333333333
29,419,cl1xj98o800033f6bbzcyndpi,0,0.1828125,0.08125,0.025,0.0375
29,419,cl1xj9dfe00073f6bo87qdh30,0,0.42109375,0.3802083333333333,0.0328125,0.0354166666666666
29,419,cl1xj9ksa000b3f6bvr1hgnfn,0,0.78515625,0.5458333333333333,0.0359375,0.0375
29,41,ckz3w0j4d00133867psu0dku8,0,0.6125,0.1875,0.040625,0.0458333333333333
29,41,cl1xj98o800033f6bbzcyndpi,0,0.1828125,0.08125,0.025,0.0375
29,41,cl1xj9dfe00073f6bo87qdh30,0,0.42109375,0.3802083333333333,0.0328125,0.0354166666666666
29,41,cl1xj9ksa000b3f6bvr1hgnfn,0,0.78515625,0.5458333333333333,0.0359375,0.0375
29,420,ckz3w0j4d00133867psu0dku8,0,0.6125,0.1875,0.040625,0.0458333333333333
29,420,cl1xj98o800033f6bbzcyndpi,0,0.1828125,0.08125,0.025,0.0375
29,420,cl1xj9dfe00073f6bo87qdh30,0,0.42109375,0.3802083333333333,0.0328125,0.0354166666666666
29,420,cl1xj9ksa000b3f6bvr1hgnfn,0,0.78515625,0.5458333333333333,0.0359375,0.0375
29,421,ckz3w0j4d00133867psu0dku8,0,0.6125,0.1875,0.040625,0.0458333333333333
29,421,cl1xj98o800033f6bbzcyndpi,0,0.1828125,0.08125,0.025,0.0375
29,421,cl1xj9dfe00073f6bo87qdh30,0,0.42109375,0.3802083333333333,0.0328125,0.0354166666666666
29,421,cl1xj9ksa000b3f6bvr1hgnfn,0,0.78515625,0.5458333333333333,0.0359375,0.0375
29,422,ckz3w0j4d00133867psu0dku8,0,0.6125,0.1875,0.040625,0.0458333333333333
29,422,cl1xj98o800033f6bbzcyndpi,0,0.1828125,0.08125,0.025,0.0375
29,422,cl1xj9dfe00073f6bo87qdh30,0,0.42109375,0.3802083333333333,0.0328125,0.0354166666666666
29,422,cl1xj9ksa000b3f6bvr1hgnfn,0,0.78515625,0.5458333333333333,0.0359375,0.0375
29,423,ckz3w0j4d00133867psu0dku8,0,0.6125,0.1875,0.040625,0.0458333333333333
29,423,cl1xj98o800033f6bbzcyndpi,0,0.1828125,0.08125,0.025,0.0375
29,423,cl1xj9dfe00073f6bo87qdh30,0,0.42109375,0.3802083333333333,0.0328125,0.0354166666666666
29,423,cl1xj9ksa000b3f6bvr1hgnfn,0,0.78515625,0.5458333333333333,0.0359375,0.0375
29,424,ckz3w0j4d00133867psu0dku8,0,0.6125,0.1875,0.040625,0.0458333333333333
29,424,cl1xj98o800033f6bbzcyndpi,0,0.1828125,0.08125,0.025,0.0375
29,424,cl1xj9dfe00073f6bo87qdh30,0,0.42109375,0.3802083333333333,0.0328125,0.0354166666666666
29,424,cl1xj9ksa000b3f6bvr1hgnfn,0,0.78515625,0.5458333333333333,0.0359375,0.0375
29,425,ckz3w0j4d00133867psu0dku8,0,0.6125,0.1875,0.040625,0.0458333333333333
29,425,cl1xj98o800033f6bbzcyndpi,0,0.1828125,0.08125,0.025,0.0375
29,425,cl1xj9dfe00073f6bo87qdh30,0,0.42109375,0.3802083333333333,0.0328125,0.0354166666666666
29,425,cl1xj9ksa000b3f6bvr1hgnfn,0,0.78515625,0.5458333333333333,0.0359375,0.0375
29,426,ckz3w0j4d00133867psu0dku8,0,0.6125,0.1875,0.040625,0.0458333333333333
29,426,cl1xj98o800033f6bbzcyndpi,0,0.1828125,0.08125,0.025,0.0375
29,426,cl1xj9dfe00073f6bo87qdh30,0,0.42109375,0.3802083333333333,0.0328125,0.0354166666666666
29,426,cl1xj9ksa000b3f6bvr1hgnfn,0,0.78515625,0.5458333333333333,0.0359375,0.0375
29,427,ckz3w0j4d00133867psu0dku8,0,0.6125,0.1875,0.040625,0.0458333333333333
29,427,cl1xj98o800033f6bbzcyndpi,0,0.1828125,0.08125,0.025,0.0375
29,427,cl1xj9dfe00073f6bo87qdh30,0,0.42109375,0.3802083333333333,0.0328125,0.0354166666666666
29,427,cl1xj9ksa000b3f6bvr1hgnfn,0,0.78515625,0.5458333333333333,0.0359375,0.0375
29,428,ckz3w0j4d00133867psu0dku8,0,0.6125,0.1875,0.040625,0.0458333333333333
29,428,cl1xj98o800033f6bbzcyndpi,0,0.1828125,0.08125,0.025,0.0375
29,428,cl1xj9dfe00073f6bo87qdh30,0,0.42109375,0.3802083333333333,0.0328125,0.0354166666666666
29,428,cl1xj9ksa000b3f6bvr1hgnfn,0,0.78515625,0.5458333333333333,0.0359375,0.0375
29,429,ckz3w0j4d00133867psu0dku8,0,0.6125,0.1875,0.040625,0.0458333333333333
29,429,cl1xj98o800033f6bbzcyndpi,0,0.1828125,0.08125,0.025,0.0375
29,429,cl1xj9dfe00073f6bo87qdh30,0,0.42109375,0.3802083333333333,0.0328125,0.0354166666666666
29,429,cl1xj9ksa000b3f6bvr1hgnfn,0,0.78515625,0.5458333333333333,0.0359375,0.0375
29,42,ckz3w0j4d00133867psu0dku8,0,0.6125,0.1875,0.040625,0.0458333333333333
29,42,cl1xj98o800033f6bbzcyndpi,0,0.1828125,0.08125,0.025,0.0375
29,42,cl1xj9dfe00073f6bo87qdh30,0,0.42109375,0.3802083333333333,0.0328125,0.0354166666666666
29,42,cl1xj9ksa000b3f6bvr1hgnfn,0,0.78515625,0.5458333333333333,0.0359375,0.0375
29,430,ckz3w0j4d00133867psu0dku8,0,0.6125,0.1875,0.040625,0.0458333333333333
29,430,cl1xj98o800033f6bbzcyndpi,0,0.1828125,0.08125,0.025,0.0375
29,430,cl1xj9dfe00073f6bo87qdh30,0,0.42109375,0.3802083333333333,0.0328125,0.0354166666666666
29,430,cl1xj9ksa000b3f6bvr1hgnfn,0,0.78515625,0.5458333333333333,0.0359375,0.0375
29,431,ckz3w0j4d00133867psu0dku8,0,0.6125,0.1875,0.040625,0.0458333333333333
29,431,cl1xj98o800033f6bbzcyndpi,0,0.1828125,0.08125,0.025,0.0375
29,431,cl1xj9dfe00073f6bo87qdh30,0,0.42109375,0.3802083333333333,0.0328125,0.0354166666666666
29,431,cl1xj9ksa000b3f6bvr1hgnfn,0,0.78515625,0.5458333333333333,0.0359375,0.0375
29,432,ckz3w0j4d00133867psu0dku8,0,0.6125,0.1875,0.040625,0.0458333333333333
29,432,cl1xj98o800033f6bbzcyndpi,0,0.1828125,0.08125,0.025,0.0375
29,432,cl1xj9dfe00073f6bo87qdh30,0,0.42109375,0.3802083333333333,0.0328125,0.0354166666666666
29,432,cl1xj9ksa000b3f6bvr1hgnfn,0,0.78515625,0.5458333333333333,0.0359375,0.0375
29,433,ckz3w0j4d00133867psu0dku8,0,0.6125,0.1875,0.040625,0.0458333333333333
29,433,cl1xj98o800033f6bbzcyndpi,0,0.1828125,0.08125,0.025,0.0375
29,433,cl1xj9dfe00073f6bo87qdh30,0,0.42109375,0.3802083333333333,0.0328125,0.0354166666666666
29,433,cl1xj9ksa000b3f6bvr1hgnfn,0,0.78515625,0.5458333333333333,0.0359375,0.0375
29,434,ckz3w0j4d00133867psu0dku8,0,0.6125,0.1875,0.040625,0.0458333333333333
29,434,cl1xj98o800033f6bbzcyndpi,0,0.1828125,0.08125,0.025,0.0375
29,434,cl1xj9dfe00073f6bo87qdh30,0,0.42109375,0.3802083333333333,0.0328125,0.0354166666666666
29,434,cl1xj9ksa000b3f6bvr1hgnfn,0,0.78515625,0.5458333333333333,0.0359375,0.0375
29,435,ckz3w0j4d00133867psu0dku8,0,0.6125,0.1875,0.040625,0.0458333333333333
29,435,cl1xj98o800033f6bbzcyndpi,0,0.1828125,0.08125,0.025,0.0375
29,435,cl1xj9dfe00073f6bo87qdh30,0,0.42109375,0.3802083333333333,0.0328125,0.0354166666666666
29,435,cl1xj9ksa000b3f6bvr1hgnfn,0,0.78515625,0.5458333333333333,0.0359375,0.0375
29,436,ckz3w0j4d00133867psu0dku8,0,0.6125,0.1875,0.040625,0.0458333333333333
29,436,cl1xj98o800033f6bbzcyndpi,0,0.1828125,0.08125,0.025,0.0375
29,436,cl1xj9dfe00073f6bo87qdh30,0,0.42109375,0.3802083333333333,0.0328125,0.0354166666666666
29,436,cl1xj9ksa000b3f6bvr1hgnfn,0,0.78515625,0.5458333333333333,0.0359375,0.0375
29,437,ckz3w0j4d00133867psu0dku8,0,0.6125,0.1875,0.040625,0.0458333333333333
29,437,cl1xj98o800033f6bbzcyndpi,0,0.1828125,0.08125,0.025,0.0375
29,437,cl1xj9dfe00073f6bo87qdh30,0,0.42109375,0.3802083333333333,0.0328125,0.0354166666666666
29,437,cl1xj9ksa000b3f6bvr1hgnfn,0,0.78515625,0.5458333333333333,0.0359375,0.0375
29,438,ckz3w0j4d00133867psu0dku8,0,0.6125,0.1875,0.040625,0.0458333333333333
29,438,cl1xj98o800033f6bbzcyndpi,0,0.1828125,0.08125,0.025,0.0375
29,438,cl1xj9dfe00073f6bo87qdh30,0,0.42109375,0.3802083333333333,0.0328125,0.0354166666666666
29,438,cl1xj9ksa000b3f6bvr1hgnfn,0,0.78515625,0.5458333333333333,0.0359375,0.0375
29,439,ckz3w0j4d00133867psu0dku8,0,0.6125,0.1875,0.040625,0.0458333333333333
29,439,cl1xj98o800033f6bbzcyndpi,0,0.1828125,0.08125,0.025,0.0375
29,439,cl1xj9dfe00073f6bo87qdh30,0,0.42109375,0.3802083333333333,0.0328125,0.0354166666666666
29,439,cl1xj9ksa000b3f6bvr1hgnfn,0,0.78515625,0.5458333333333333,0.0359375,0.0375
29,43,ckz3w0j4d00133867psu0dku8,0,0.6125,0.1875,0.040625,0.0458333333333333
29,43,cl1xj98o800033f6bbzcyndpi,0,0.1828125,0.08125,0.025,0.0375
29,43,cl1xj9dfe00073f6bo87qdh30,0,0.42109375,0.3802083333333333,0.0328125,0.0354166666666666
29,43,cl1xj9ksa000b3f6bvr1hgnfn,0,0.78515625,0.5458333333333333,0.0359375,0.0375
29,440,ckz3w0j4d00133867psu0dku8,0,0.6125,0.1875,0.040625,0.0458333333333333
29,440,cl1xj98o800033f6bbzcyndpi,0,0.1828125,0.08125,0.025,0.0375
29,440,cl1xj9dfe00073f6bo87qdh30,0,0.42109375,0.3802083333333333,0.0328125,0.0354166666666666
29,440,cl1xj9ksa000b3f6bvr1hgnfn,0,0.78515625,0.5458333333333333,0.0359375,0.0375
29,441,ckz3w0j4d00133867psu0dku8,0,0.6125,0.1875,0.040625,0.0458333333333333
29,441,cl1xj98o800033f6bbzcyndpi,0,0.1828125,0.08125,0.025,0.0375
29,441,cl1xj9dfe00073f6bo87qdh30,0,0.42109375,0.3802083333333333,0.0328125,0.0354166666666666
29,441,cl1xj9ksa000b3f6bvr1hgnfn,0,0.78515625,0.5458333333333333,0.0359375,0.0375
29,442,ckz3w0j4d00133867psu0dku8,0,0.6125,0.1875,0.040625,0.0458333333333333
29,442,cl1xj98o800033f6bbzcyndpi,0,0.1828125,0.08125,0.025,0.0375
29,442,cl1xj9dfe00073f6bo87qdh30,0,0.42109375,0.3802083333333333,0.0328125,0.0354166666666666
29,442,cl1xj9ksa000b3f6bvr1hgnfn,0,0.78515625,0.5458333333333333,0.0359375,0.0375
29,443,ckz3w0j4d00133867psu0dku8,0,0.6125,0.1875,0.040625,0.0458333333333333
29,443,cl1xj98o800033f6bbzcyndpi,0,0.1828125,0.08125,0.025,0.0375
29,443,cl1xj9dfe00073f6bo87qdh30,0,0.42109375,0.3802083333333333,0.0328125,0.0354166666666666
29,443,cl1xj9ksa000b3f6bvr1hgnfn,0,0.78515625,0.5458333333333333,0.0359375,0.0375
29,444,ckz3w0j4d00133867psu0dku8,0,0.6125,0.1875,0.040625,0.0458333333333333
29,444,cl1xj98o800033f6bbzcyndpi,0,0.1828125,0.08125,0.025,0.0375
29,444,cl1xj9dfe00073f6bo87qdh30,0,0.42109375,0.3802083333333333,0.0328125,0.0354166666666666
29,444,cl1xj9ksa000b3f6bvr1hgnfn,0,0.78515625,0.5458333333333333,0.0359375,0.0375
29,445,ckz3w0j4d00133867psu0dku8,0,0.6125,0.1875,0.040625,0.0458333333333333
29,445,cl1xj98o800033f6bbzcyndpi,0,0.1828125,0.08125,0.025,0.0375
29,445,cl1xj9dfe00073f6bo87qdh30,0,0.42109375,0.3802083333333333,0.0328125,0.0354166666666666
29,445,cl1xj9ksa000b3f6bvr1hgnfn,0,0.78515625,0.5458333333333333,0.0359375,0.0375
29,446,ckz3w0j4d00133867psu0dku8,0,0.6125,0.1875,0.040625,0.0458333333333333
29,446,cl1xj98o800033f6bbzcyndpi,0,0.1828125,0.08125,0.025,0.0375
29,446,cl1xj9dfe00073f6bo87qdh30,0,0.42109375,0.3802083333333333,0.0328125,0.0354166666666666
29,446,cl1xj9ksa000b3f6bvr1hgnfn,0,0.78515625,0.5458333333333333,0.0359375,0.0375
29,447,ckz3w0j4d00133867psu0dku8,0,0.6125,0.1875,0.040625,0.0458333333333333
29,447,cl1xj98o800033f6bbzcyndpi,0,0.1828125,0.08125,0.025,0.0375
29,447,cl1xj9dfe00073f6bo87qdh30,0,0.42109375,0.3802083333333333,0.0328125,0.0354166666666666
29,447,cl1xj9ksa000b3f6bvr1hgnfn,0,0.78515625,0.5458333333333333,0.0359375,0.0375
29,448,ckz3w0j4d00133867psu0dku8,0,0.6125,0.1875,0.040625,0.0458333333333333
29,448,cl1xj98o800033f6bbzcyndpi,0,0.1828125,0.08125,0.025,0.0375
29,448,cl1xj9dfe00073f6bo87qdh30,0,0.42109375,0.3802083333333333,0.0328125,0.0354166666666666
29,448,cl1xj9ksa000b3f6bvr1hgnfn,0,0.78515625,0.5458333333333333,0.0359375,0.0375
29,449,ckz3w0j4d00133867psu0dku8,0,0.6125,0.1875,0.040625,0.0458333333333333
29,449,cl1xj98o800033f6bbzcyndpi,0,0.1828125,0.08125,0.025,0.0375
29,449,cl1xj9dfe00073f6bo87qdh30,0,0.42109375,0.3802083333333333,0.0328125,0.0354166666666666
29,449,cl1xj9ksa000b3f6bvr1hgnfn,0,0.78515625,0.5458333333333333,0.0359375,0.0375
29,44,ckz3w0j4d00133867psu0dku8,0,0.6125,0.1875,0.040625,0.0458333333333333
29,44,cl1xj98o800033f6bbzcyndpi,0,0.1828125,0.08125,0.025,0.0375
29,44,cl1xj9dfe00073f6bo87qdh30,0,0.42109375,0.3802083333333333,0.0328125,0.0354166666666666
29,44,cl1xj9ksa000b3f6bvr1hgnfn,0,0.78515625,0.5458333333333333,0.0359375,0.0375
29,450,ckz3w0j4d00133867psu0dku8,0,0.6125,0.1875,0.040625,0.0458333333333333
29,450,cl1xj98o800033f6bbzcyndpi,0,0.1828125,0.08125,0.025,0.0375
29,450,cl1xj9dfe00073f6bo87qdh30,0,0.42109375,0.3802083333333333,0.0328125,0.0354166666666666
29,450,cl1xj9ksa000b3f6bvr1hgnfn,0,0.78515625,0.5458333333333333,0.0359375,0.0375
29,451,cl1xjb311000g3f6b7y8tt576,0,0.08125,0.5822916666666667,0.03125,0.04375
29,451,cl1xjb8ci000k3f6bjjkf3trc,0,0.92734375,0.3083333333333333,0.0359375,0.0375
29,452,cl1xjb311000g3f6b7y8tt576,0,0.08125,0.5822916666666667,0.03125,0.04375
29,452,cl1xjb8ci000k3f6bjjkf3trc,0,0.92734375,0.3083333333333333,0.0359375,0.0375
29,453,cl1xjb311000g3f6b7y8tt576,0,0.08125,0.5822916666666667,0.03125,0.04375
29,453,cl1xjb8ci000k3f6bjjkf3trc,0,0.92734375,0.3083333333333333,0.0359375,0.0375
29,454,cl1xjb311000g3f6b7y8tt576,0,0.08125,0.5822916666666667,0.03125,0.04375
29,454,cl1xjb8ci000k3f6bjjkf3trc,0,0.92734375,0.3083333333333333,0.0359375,0.0375
29,455,cl1xjb311000g3f6b7y8tt576,0,0.08125,0.5822916666666667,0.03125,0.04375
29,455,cl1xjb8ci000k3f6bjjkf3trc,0,0.92734375,0.3083333333333333,0.0359375,0.0375
29,456,cl1xjb311000g3f6b7y8tt576,0,0.08125,0.5822916666666667,0.03125,0.04375
29,456,cl1xjb8ci000k3f6bjjkf3trc,0,0.92734375,0.3083333333333333,0.0359375,0.0375
29,457,cl1xjb311000g3f6b7y8tt576,0,0.08125,0.5822916666666667,0.03125,0.04375
29,457,cl1xjb8ci000k3f6bjjkf3trc,0,0.92734375,0.3083333333333333,0.0359375,0.0375
29,458,cl1xjb311000g3f6b7y8tt576,0,0.08125,0.5822916666666667,0.03125,0.04375
29,458,cl1xjb8ci000k3f6bjjkf3trc,0,0.92734375,0.3083333333333333,0.0359375,0.0375
29,459,cl1xjb311000g3f6b7y8tt576,0,0.08125,0.5822916666666667,0.03125,0.04375
29,459,cl1xjb8ci000k3f6bjjkf3trc,0,0.92734375,0.3083333333333333,0.0359375,0.0375
29,45,ckz3w0j4d00133867psu0dku8,0,0.6125,0.1875,0.040625,0.0458333333333333
29,45,cl1xj98o800033f6bbzcyndpi,0,0.1828125,0.08125,0.025,0.0375
29,45,cl1xj9dfe00073f6bo87qdh30,0,0.42109375,0.3802083333333333,0.0328125,0.0354166666666666
29,45,cl1xj9ksa000b3f6bvr1hgnfn,0,0.78515625,0.5458333333333333,0.0359375,0.0375
29,460,cl1xjb311000g3f6b7y8tt576,0,0.08125,0.5822916666666667,0.03125,0.04375
29,460,cl1xjb8ci000k3f6bjjkf3trc,0,0.92734375,0.3083333333333333,0.0359375,0.0375
29,461,cl1xjb311000g3f6b7y8tt576,0,0.08125,0.5822916666666667,0.03125,0.04375
29,461,cl1xjb8ci000k3f6bjjkf3trc,0,0.92734375,0.3083333333333333,0.0359375,0.0375
29,462,cl1xjb311000g3f6b7y8tt576,0,0.08125,0.5822916666666667,0.03125,0.04375
29,462,cl1xjb8ci000k3f6bjjkf3trc,0,0.92734375,0.3083333333333333,0.0359375,0.0375
29,463,cl1xjb311000g3f6b7y8tt576,0,0.08125,0.5822916666666667,0.03125,0.04375
29,463,cl1xjb8ci000k3f6bjjkf3trc,0,0.92734375,0.3083333333333333,0.0359375,0.0375
29,464,cl1xjb311000g3f6b7y8tt576,0,0.08125,0.5822916666666667,0.03125,0.04375
29,464,cl1xjb8ci000k3f6bjjkf3trc,0,0.92734375,0.3083333333333333,0.0359375,0.0375
29,465,cl1xjb311000g3f6b7y8tt576,0,0.08125,0.5822916666666667,0.03125,0.04375
29,465,cl1xjb8ci000k3f6bjjkf3trc,0,0.92734375,0.3083333333333333,0.0359375,0.0375
29,466,cl1xjb311000g3f6b7y8tt576,0,0.08125,0.5822916666666667,0.03125,0.04375
29,466,cl1xjb8ci000k3f6bjjkf3trc,0,0.92734375,0.3083333333333333,0.0359375,0.0375
29,467,cl1xjb311000g3f6b7y8tt576,0,0.08125,0.5822916666666667,0.03125,0.04375
29,467,cl1xjb8ci000k3f6bjjkf3trc,0,0.92734375,0.3083333333333333,0.0359375,0.0375
29,468,cl1xjb311000g3f6b7y8tt576,0,0.08125,0.5822916666666667,0.03125,0.04375
29,468,cl1xjb8ci000k3f6bjjkf3trc,0,0.92734375,0.3083333333333333,0.0359375,0.0375
29,469,cl1xjb311000g3f6b7y8tt576,0,0.08125,0.5822916666666667,0.03125,0.04375
29,469,cl1xjb8ci000k3f6bjjkf3trc,0,0.92734375,0.3083333333333333,0.0359375,0.0375
29,46,ckz3w0j4d00133867psu0dku8,0,0.6125,0.1875,0.040625,0.0458333333333333
29,46,cl1xj98o800033f6bbzcyndpi,0,0.1828125,0.08125,0.025,0.0375
29,46,cl1xj9dfe00073f6bo87qdh30,0,0.42109375,0.3802083333333333,0.0328125,0.0354166666666666
29,46,cl1xj9ksa000b3f6bvr1hgnfn,0,0.78515625,0.5458333333333333,0.0359375,0.0375
29,470,cl1xjb311000g3f6b7y8tt576,0,0.08125,0.5822916666666667,0.03125,0.04375
29,470,cl1xjb8ci000k3f6bjjkf3trc,0,0.92734375,0.3083333333333333,0.0359375,0.0375
29,471,cl1xjb311000g3f6b7y8tt576,0,0.08125,0.5822916666666667,0.03125,0.04375
29,471,cl1xjb8ci000k3f6bjjkf3trc,0,0.92734375,0.3083333333333333,0.0359375,0.0375
29,472,cl1xjb311000g3f6b7y8tt576,0,0.08125,0.5822916666666667,0.03125,0.04375
29,472,cl1xjb8ci000k3f6bjjkf3trc,0,0.92734375,0.3083333333333333,0.0359375,0.0375
29,473,cl1xjb311000g3f6b7y8tt576,0,0.08125,0.5822916666666667,0.03125,0.04375
29,473,cl1xjb8ci000k3f6bjjkf3trc,0,0.92734375,0.3083333333333333,0.0359375,0.0375
29,474,cl1xjb311000g3f6b7y8tt576,0,0.08125,0.5822916666666667,0.03125,0.04375
29,474,cl1xjb8ci000k3f6bjjkf3trc,0,0.92734375,0.3083333333333333,0.0359375,0.0375
29,475,cl1xjb311000g3f6b7y8tt576,0,0.08125,0.5822916666666667,0.03125,0.04375
29,475,cl1xjb8ci000k3f6bjjkf3trc,0,0.92734375,0.3083333333333333,0.0359375,0.0375
29,476,cl1xjb311000g3f6b7y8tt576,0,0.08125,0.5822916666666667,0.03125,0.04375
29,476,cl1xjb8ci000k3f6bjjkf3trc,0,0.92734375,0.3083333333333333,0.0359375,0.0375
29,477,cl1xjb311000g3f6b7y8tt576,0,0.08125,0.5822916666666667,0.03125,0.04375
29,477,cl1xjb8ci000k3f6bjjkf3trc,0,0.92734375,0.3083333333333333,0.0359375,0.0375
29,478,cl1xjb311000g3f6b7y8tt576,0,0.08125,0.5822916666666667,0.03125,0.04375
29,478,cl1xjb8ci000k3f6bjjkf3trc,0,0.92734375,0.3083333333333333,0.0359375,0.0375
29,479,cl1xjb311000g3f6b7y8tt576,0,0.08125,0.5822916666666667,0.03125,0.04375
29,479,cl1xjb8ci000k3f6bjjkf3trc,0,0.92734375,0.3083333333333333,0.0359375,0.0375
29,47,ckz3w0j4d00133867psu0dku8,0,0.6125,0.1875,0.040625,0.0458333333333333
29,47,cl1xj98o800033f6bbzcyndpi,0,0.1828125,0.08125,0.025,0.0375
29,47,cl1xj9dfe00073f6bo87qdh30,0,0.42109375,0.3802083333333333,0.0328125,0.0354166666666666
29,47,cl1xj9ksa000b3f6bvr1hgnfn,0,0.78515625,0.5458333333333333,0.0359375,0.0375
29,480,cl1xjb311000g3f6b7y8tt576,0,0.08125,0.5822916666666667,0.03125,0.04375
29,480,cl1xjb8ci000k3f6bjjkf3trc,0,0.92734375,0.3083333333333333,0.0359375,0.0375
29,481,cl1xjb311000g3f6b7y8tt576,0,0.08125,0.5822916666666667,0.03125,0.04375
29,481,cl1xjb8ci000k3f6bjjkf3trc,0,0.92734375,0.3083333333333333,0.0359375,0.0375
29,482,cl1xjb311000g3f6b7y8tt576,0,0.08125,0.5822916666666667,0.03125,0.04375
29,482,cl1xjb8ci000k3f6bjjkf3trc,0,0.92734375,0.3083333333333333,0.0359375,0.0375
29,483,cl1xjb311000g3f6b7y8tt576,0,0.08125,0.5822916666666667,0.03125,0.04375
29,483,cl1xjb8ci000k3f6bjjkf3trc,0,0.92734375,0.3083333333333333,0.0359375,0.0375
29,484,cl1xjb311000g3f6b7y8tt576,0,0.08125,0.5822916666666667,0.03125,0.04375
29,484,cl1xjb8ci000k3f6bjjkf3trc,0,0.92734375,0.3083333333333333,0.0359375,0.0375
29,485,cl1xjb311000g3f6b7y8tt576,0,0.08125,0.5822916666666667,0.03125,0.04375
29,485,cl1xjb8ci000k3f6bjjkf3trc,0,0.92734375,0.3083333333333333,0.0359375,0.0375
29,486,cl1xjb311000g3f6b7y8tt576,0,0.08125,0.5822916666666667,0.03125,0.04375
29,486,cl1xjb8ci000k3f6bjjkf3trc,0,0.92734375,0.3083333333333333,0.0359375,0.0375
29,487,cl1xjb311000g3f6b7y8tt576,0,0.08125,0.5822916666666667,0.03125,0.04375
29,487,cl1xjb8ci000k3f6bjjkf3trc,0,0.92734375,0.3083333333333333,0.0359375,0.0375
29,488,cl1xjb311000g3f6b7y8tt576,0,0.08125,0.5822916666666667,0.03125,0.04375
29,488,cl1xjb8ci000k3f6bjjkf3trc,0,0.92734375,0.3083333333333333,0.0359375,0.0375
29,489,cl1xjb311000g3f6b7y8tt576,0,0.08125,0.5822916666666667,0.03125,0.04375
29,489,cl1xjb8ci000k3f6bjjkf3trc,0,0.92734375,0.3083333333333333,0.0359375,0.0375
29,48,ckz3w0j4d00133867psu0dku8,0,0.6125,0.1875,0.040625,0.0458333333333333
29,48,cl1xj98o800033f6bbzcyndpi,0,0.1828125,0.08125,0.025,0.0375
29,48,cl1xj9dfe00073f6bo87qdh30,0,0.42109375,0.3802083333333333,0.0328125,0.0354166666666666
29,48,cl1xj9ksa000b3f6bvr1hgnfn,0,0.78515625,0.5458333333333333,0.0359375,0.0375
29,490,cl1xjb311000g3f6b7y8tt576,0,0.08125,0.5822916666666667,0.03125,0.04375
29,490,cl1xjb8ci000k3f6bjjkf3trc,0,0.92734375,0.3083333333333333,0.0359375,0.0375
29,491,cl1xjb311000g3f6b7y8tt576,0,0.08125,0.5822916666666667,0.03125,0.04375
29,491,cl1xjb8ci000k3f6bjjkf3trc,0,0.92734375,0.3083333333333333,0.0359375,0.0375
29,492,cl1xjb311000g3f6b7y8tt576,0,0.08125,0.5822916666666667,0.03125,0.04375
29,492,cl1xjb8ci000k3f6bjjkf3trc,0,0.92734375,0.3083333333333333,0.0359375,0.0375
29,493,cl1xjb311000g3f6b7y8tt576,0,0.08125,0.5822916666666667,0.03125,0.04375
29,493,cl1xjb8ci000k3f6bjjkf3trc,0,0.92734375,0.3083333333333333,0.0359375,0.0375
29,494,cl1xjb311000g3f6b7y8tt576,0,0.08125,0.5822916666666667,0.03125,0.04375
29,494,cl1xjb8ci000k3f6bjjkf3trc,0,0.92734375,0.3083333333333333,0.0359375,0.0375
29,495,cl1xjb311000g3f6b7y8tt576,0,0.08125,0.5822916666666667,0.03125,0.04375
29,495,cl1xjb8ci000k3f6bjjkf3trc,0,0.92734375,0.3083333333333333,0.0359375,0.0375
29,496,cl1xjb311000g3f6b7y8tt576,0,0.08125,0.5822916666666667,0.03125,0.04375
29,496,cl1xjb8ci000k3f6bjjkf3trc,0,0.92734375,0.3083333333333333,0.0359375,0.0375
29,497,cl1xjb311000g3f6b7y8tt576,0,0.08125,0.5822916666666667,0.03125,0.04375
29,497,cl1xjb8ci000k3f6bjjkf3trc,0,0.92734375,0.3083333333333333,0.0359375,0.0375
29,498,cl1xjb311000g3f6b7y8tt576,0,0.08125,0.5822916666666667,0.03125,0.04375
29,498,cl1xjb8ci000k3f6bjjkf3trc,0,0.92734375,0.3083333333333333,0.0359375,0.0375
29,499,cl1xjb311000g3f6b7y8tt576,0,0.08125,0.5822916666666667,0.03125,0.04375
29,499,cl1xjb8ci000k3f6bjjkf3trc,0,0.92734375,0.3083333333333333,0.0359375,0.0375
29,49,ckz3w0j4d00133867psu0dku8,0,0.6125,0.1875,0.040625,0.0458333333333333
29,49,cl1xj98o800033f6bbzcyndpi,0,0.1828125,0.08125,0.025,0.0375
29,49,cl1xj9dfe00073f6bo87qdh30,0,0.42109375,0.3802083333333333,0.0328125,0.0354166666666666
29,49,cl1xj9ksa000b3f6bvr1hgnfn,0,0.78515625,0.5458333333333333,0.0359375,0.0375
29,4,ckz3w0j4d00133867psu0dku8,0,0.6125,0.1875,0.040625,0.0458333333333333
29,4,cl1xj98o800033f6bbzcyndpi,0,0.1828125,0.08125,0.025,0.0375
29,4,cl1xj9dfe00073f6bo87qdh30,0,0.42109375,0.3802083333333333,0.0328125,0.0354166666666666
29,4,cl1xj9ksa000b3f6bvr1hgnfn,0,0.78515625,0.5458333333333333,0.0359375,0.0375
29,500,cl1xjb311000g3f6b7y8tt576,0,0.08125,0.5822916666666667,0.03125,0.04375
29,500,cl1xjb8ci000k3f6bjjkf3trc,0,0.92734375,0.3083333333333333,0.0359375,0.0375
29,501,cl1xjb311000g3f6b7y8tt576,0,0.08125,0.5822916666666667,0.03125,0.04375
29,501,cl1xjb8ci000k3f6bjjkf3trc,0,0.92734375,0.3083333333333333,0.0359375,0.0375
29,502,cl1xjb311000g3f6b7y8tt576,0,0.08125,0.5822916666666667,0.03125,0.04375
29,502,cl1xjb8ci000k3f6bjjkf3trc,0,0.92734375,0.3083333333333333,0.0359375,0.0375
29,503,cl1xjb311000g3f6b7y8tt576,0,0.08125,0.5822916666666667,0.03125,0.04375
29,503,cl1xjb8ci000k3f6bjjkf3trc,0,0.92734375,0.3083333333333333,0.0359375,0.0375
29,504,cl1xjb311000g3f6b7y8tt576,0,0.08125,0.5822916666666667,0.03125,0.04375
29,504,cl1xjb8ci000k3f6bjjkf3trc,0,0.92734375,0.3083333333333333,0.0359375,0.0375
29,505,cl1xjb311000g3f6b7y8tt576,0,0.08125,0.5822916666666667,0.03125,0.04375
29,505,cl1xjb8ci000k3f6bjjkf3trc,0,0.92734375,0.3083333333333333,0.0359375,0.0375
29,506,cl1xjb311000g3f6b7y8tt576,0,0.08125,0.5822916666666667,0.03125,0.04375
29,506,cl1xjb8ci000k3f6bjjkf3trc,0,0.92734375,0.3083333333333333,0.0359375,0.0375
29,507,cl1xjb311000g3f6b7y8tt576,0,0.08125,0.5822916666666667,0.03125,0.04375
29,507,cl1xjb8ci000k3f6bjjkf3trc,0,0.92734375,0.3083333333333333,0.0359375,0.0375
29,508,cl1xjb311000g3f6b7y8tt576,0,0.08125,0.5822916666666667,0.03125,0.04375
29,508,cl1xjb8ci000k3f6bjjkf3trc,0,0.92734375,0.3083333333333333,0.0359375,0.0375
29,509,cl1xjb311000g3f6b7y8tt576,0,0.08125,0.5822916666666667,0.03125,0.04375
29,509,cl1xjb8ci000k3f6bjjkf3trc,0,0.92734375,0.3083333333333333,0.0359375,0.0375
29,50,ckz3w0j4d00133867psu0dku8,0,0.6125,0.1875,0.040625,0.0458333333333333
29,50,cl1xj98o800033f6bbzcyndpi,0,0.1828125,0.08125,0.025,0.0375
29,50,cl1xj9dfe00073f6bo87qdh30,0,0.42109375,0.3802083333333333,0.0328125,0.0354166666666666
29,50,cl1xj9ksa000b3f6bvr1hgnfn,0,0.78515625,0.5458333333333333,0.0359375,0.0375
29,510,cl1xjb311000g3f6b7y8tt576,0,0.08125,0.5822916666666667,0.03125,0.04375
29,510,cl1xjb8ci000k3f6bjjkf3trc,0,0.92734375,0.3083333333333333,0.0359375,0.0375
29,511,cl1xjb311000g3f6b7y8tt576,0,0.08125,0.5822916666666667,0.03125,0.04375
29,511,cl1xjb8ci000k3f6bjjkf3trc,0,0.92734375,0.3083333333333333,0.0359375,0.0375
29,512,cl1xjb311000g3f6b7y8tt576,0,0.08125,0.5822916666666667,0.03125,0.04375
29,512,cl1xjb8ci000k3f6bjjkf3trc,0,0.92734375,0.3083333333333333,0.0359375,0.0375
29,513,cl1xjb311000g3f6b7y8tt576,0,0.08125,0.5822916666666667,0.03125,0.04375
29,513,cl1xjb8ci000k3f6bjjkf3trc,0,0.92734375,0.3083333333333333,0.0359375,0.0375
29,514,cl1xjb311000g3f6b7y8tt576,0,0.08125,0.5822916666666667,0.03125,0.04375
29,514,cl1xjb8ci000k3f6bjjkf3trc,0,0.92734375,0.3083333333333333,0.0359375,0.0375
29,515,cl1xjb311000g3f6b7y8tt576,0,0.08125,0.5822916666666667,0.03125,0.04375
29,515,cl1xjb8ci000k3f6bjjkf3trc,0,0.92734375,0.3083333333333333,0.0359375,0.0375
29,516,cl1xjb311000g3f6b7y8tt576,0,0.08125,0.5822916666666667,0.03125,0.04375
29,516,cl1xjb8ci000k3f6bjjkf3trc,0,0.92734375,0.3083333333333333,0.0359375,0.0375
29,517,cl1xjb311000g3f6b7y8tt576,0,0.08125,0.5822916666666667,0.03125,0.04375
29,517,cl1xjb8ci000k3f6bjjkf3trc,0,0.92734375,0.3083333333333333,0.0359375,0.0375
29,518,cl1xjb311000g3f6b7y8tt576,0,0.08125,0.5822916666666667,0.03125,0.04375
29,518,cl1xjb8ci000k3f6bjjkf3trc,0,0.92734375,0.3083333333333333,0.0359375,0.0375
29,519,cl1xjb311000g3f6b7y8tt576,0,0.08125,0.5822916666666667,0.03125,0.04375
29,519,cl1xjb8ci000k3f6bjjkf3trc,0,0.92734375,0.3083333333333333,0.0359375,0.0375
29,51,ckz3w0j4d00133867psu0dku8,0,0.6125,0.1875,0.040625,0.0458333333333333
29,51,cl1xj98o800033f6bbzcyndpi,0,0.1828125,0.08125,0.025,0.0375
29,51,cl1xj9dfe00073f6bo87qdh30,0,0.42109375,0.3802083333333333,0.0328125,0.0354166666666666
29,51,cl1xj9ksa000b3f6bvr1hgnfn,0,0.78515625,0.5458333333333333,0.0359375,0.0375
29,520,cl1xjb311000g3f6b7y8tt576,0,0.08125,0.5822916666666667,0.03125,0.04375
29,520,cl1xjb8ci000k3f6bjjkf3trc,0,0.92734375,0.3083333333333333,0.0359375,0.0375
29,521,cl1xjb311000g3f6b7y8tt576,0,0.08125,0.5822916666666667,0.03125,0.04375
29,521,cl1xjb8ci000k3f6bjjkf3trc,0,0.92734375,0.3083333333333333,0.0359375,0.0375
29,522,cl1xjb311000g3f6b7y8tt576,0,0.08125,0.5822916666666667,0.03125,0.04375
29,522,cl1xjb8ci000k3f6bjjkf3trc,0,0.92734375,0.3083333333333333,0.0359375,0.0375
29,523,cl1xjb311000g3f6b7y8tt576,0,0.08125,0.5822916666666667,0.03125,0.04375
29,523,cl1xjb8ci000k3f6bjjkf3trc,0,0.92734375,0.3083333333333333,0.0359375,0.0375
29,524,cl1xjb311000g3f6b7y8tt576,0,0.08125,0.5822916666666667,0.03125,0.04375
29,524,cl1xjb8ci000k3f6bjjkf3trc,0,0.92734375,0.3083333333333333,0.0359375,0.0375
29,525,cl1xjb311000g3f6b7y8tt576,0,0.08125,0.5822916666666667,0.03125,0.04375
29,525,cl1xjb8ci000k3f6bjjkf3trc,0,0.92734375,0.3083333333333333,0.0359375,0.0375
29,526,cl1xjb311000g3f6b7y8tt576,0,0.08125,0.5822916666666667,0.03125,0.04375
29,526,cl1xjb8ci000k3f6bjjkf3trc,0,0.92734375,0.3083333333333333,0.0359375,0.0375
29,527,cl1xjb311000g3f6b7y8tt576,0,0.08125,0.5822916666666667,0.03125,0.04375
29,527,cl1xjb8ci000k3f6bjjkf3trc,0,0.92734375,0.3083333333333333,0.0359375,0.0375
29,528,cl1xjb311000g3f6b7y8tt576,0,0.08125,0.5822916666666667,0.03125,0.04375
29,528,cl1xjb8ci000k3f6bjjkf3trc,0,0.92734375,0.3083333333333333,0.0359375,0.0375
29,529,cl1xjb311000g3f6b7y8tt576,0,0.08125,0.5822916666666667,0.03125,0.04375
29,529,cl1xjb8ci000k3f6bjjkf3trc,0,0.92734375,0.3083333333333333,0.0359375,0.0375
29,52,ckz3w0j4d00133867psu0dku8,0,0.6125,0.1875,0.040625,0.0458333333333333
29,52,cl1xj98o800033f6bbzcyndpi,0,0.1828125,0.08125,0.025,0.0375
29,52,cl1xj9dfe00073f6bo87qdh30,0,0.42109375,0.3802083333333333,0.0328125,0.0354166666666666
29,52,cl1xj9ksa000b3f6bvr1hgnfn,0,0.78515625,0.5458333333333333,0.0359375,0.0375
29,530,cl1xjb311000g3f6b7y8tt576,0,0.08125,0.5822916666666667,0.03125,0.04375
29,530,cl1xjb8ci000k3f6bjjkf3trc,0,0.92734375,0.3083333333333333,0.0359375,0.0375
29,531,cl1xjb311000g3f6b7y8tt576,0,0.08125,0.5822916666666667,0.03125,0.04375
29,531,cl1xjb8ci000k3f6bjjkf3trc,0,0.92734375,0.3083333333333333,0.0359375,0.0375
29,532,cl1xjb311000g3f6b7y8tt576,0,0.08125,0.5822916666666667,0.03125,0.04375
29,532,cl1xjb8ci000k3f6bjjkf3trc,0,0.92734375,0.3083333333333333,0.0359375,0.0375
29,533,cl1xjb311000g3f6b7y8tt576,0,0.08125,0.5822916666666667,0.03125,0.04375
29,533,cl1xjb8ci000k3f6bjjkf3trc,0,0.92734375,0.3083333333333333,0.0359375,0.0375
29,534,cl1xjb311000g3f6b7y8tt576,0,0.08125,0.5822916666666667,0.03125,0.04375
29,534,cl1xjb8ci000k3f6bjjkf3trc,0,0.92734375,0.3083333333333333,0.0359375,0.0375
29,535,cl1xjb311000g3f6b7y8tt576,0,0.08125,0.5822916666666667,0.03125,0.04375
29,535,cl1xjb8ci000k3f6bjjkf3trc,0,0.92734375,0.3083333333333333,0.0359375,0.0375
29,536,cl1xjb311000g3f6b7y8tt576,0,0.08125,0.5822916666666667,0.03125,0.04375
29,536,cl1xjb8ci000k3f6bjjkf3trc,0,0.92734375,0.3083333333333333,0.0359375,0.0375
29,537,cl1xjb311000g3f6b7y8tt576,0,0.08125,0.5822916666666667,0.03125,0.04375
29,537,cl1xjb8ci000k3f6bjjkf3trc,0,0.92734375,0.3083333333333333,0.0359375,0.0375
29,538,cl1xjb311000g3f6b7y8tt576,0,0.08125,0.5822916666666667,0.03125,0.04375
29,538,cl1xjb8ci000k3f6bjjkf3trc,0,0.92734375,0.3083333333333333,0.0359375,0.0375
29,539,cl1xjb311000g3f6b7y8tt576,0,0.08125,0.5822916666666667,0.03125,0.04375
29,539,cl1xjb8ci000k3f6bjjkf3trc,0,0.92734375,0.3083333333333333,0.0359375,0.0375
29,53,ckz3w0j4d00133867psu0dku8,0,0.6125,0.1875,0.040625,0.0458333333333333
29,53,cl1xj98o800033f6bbzcyndpi,0,0.1828125,0.08125,0.025,0.0375
29,53,cl1xj9dfe00073f6bo87qdh30,0,0.42109375,0.3802083333333333,0.0328125,0.0354166666666666
29,53,cl1xj9ksa000b3f6bvr1hgnfn,0,0.78515625,0.5458333333333333,0.0359375,0.0375
29,540,cl1xjb311000g3f6b7y8tt576,0,0.08125,0.5822916666666667,0.03125,0.04375
29,540,cl1xjb8ci000k3f6bjjkf3trc,0,0.92734375,0.3083333333333333,0.0359375,0.0375
29,541,cl1xjb311000g3f6b7y8tt576,0,0.08125,0.5822916666666667,0.03125,0.04375
29,541,cl1xjb8ci000k3f6bjjkf3trc,0,0.92734375,0.3083333333333333,0.0359375,0.0375
29,542,cl1xjb311000g3f6b7y8tt576,0,0.08125,0.5822916666666667,0.03125,0.04375
29,542,cl1xjb8ci000k3f6bjjkf3trc,0,0.92734375,0.3083333333333333,0.0359375,0.0375
29,543,cl1xjb311000g3f6b7y8tt576,0,0.08125,0.5822916666666667,0.03125,0.04375
29,543,cl1xjb8ci000k3f6bjjkf3trc,0,0.92734375,0.3083333333333333,0.0359375,0.0375
29,544,cl1xjb311000g3f6b7y8tt576,0,0.08125,0.5822916666666667,0.03125,0.04375
29,544,cl1xjb8ci000k3f6bjjkf3trc,0,0.92734375,0.3083333333333333,0.0359375,0.0375
29,545,cl1xjb311000g3f6b7y8tt576,0,0.08125,0.5822916666666667,0.03125,0.04375
29,545,cl1xjb8ci000k3f6bjjkf3trc,0,0.92734375,0.3083333333333333,0.0359375,0.0375
29,546,cl1xjb311000g3f6b7y8tt576,0,0.08125,0.5822916666666667,0.03125,0.04375
29,546,cl1xjb8ci000k3f6bjjkf3trc,0,0.92734375,0.3083333333333333,0.0359375,0.0375
29,547,cl1xjb311000g3f6b7y8tt576,0,0.08125,0.5822916666666667,0.03125,0.04375
29,547,cl1xjb8ci000k3f6bjjkf3trc,0,0.92734375,0.3083333333333333,0.0359375,0.0375
29,548,cl1xjb311000g3f6b7y8tt576,0,0.08125,0.5822916666666667,0.03125,0.04375
29,548,cl1xjb8ci000k3f6bjjkf3trc,0,0.92734375,0.3083333333333333,0.0359375,0.0375
29,549,cl1xjb311000g3f6b7y8tt576,0,0.08125,0.5822916666666667,0.03125,0.04375
29,549,cl1xjb8ci000k3f6bjjkf3trc,0,0.92734375,0.3083333333333333,0.0359375,0.0375
29,54,ckz3w0j4d00133867psu0dku8,0,0.6125,0.1875,0.040625,0.0458333333333333
29,54,cl1xj98o800033f6bbzcyndpi,0,0.1828125,0.08125,0.025,0.0375
29,54,cl1xj9dfe00073f6bo87qdh30,0,0.42109375,0.3802083333333333,0.0328125,0.0354166666666666
29,54,cl1xj9ksa000b3f6bvr1hgnfn,0,0.78515625,0.5458333333333333,0.0359375,0.0375
29,550,cl1xjb311000g3f6b7y8tt576,0,0.08125,0.5822916666666667,0.03125,0.04375
29,550,cl1xjb8ci000k3f6bjjkf3trc,0,0.92734375,0.3083333333333333,0.0359375,0.0375
29,551,cl1xjb311000g3f6b7y8tt576,0,0.08125,0.5822916666666667,0.03125,0.04375
29,551,cl1xjb8ci000k3f6bjjkf3trc,0,0.92734375,0.3083333333333333,0.0359375,0.0375
29,552,cl1xjb311000g3f6b7y8tt576,0,0.08125,0.5822916666666667,0.03125,0.04375
29,552,cl1xjb8ci000k3f6bjjkf3trc,0,0.92734375,0.3083333333333333,0.0359375,0.0375
29,553,cl1xjb311000g3f6b7y8tt576,0,0.08125,0.5822916666666667,0.03125,0.04375
29,553,cl1xjb8ci000k3f6bjjkf3trc,0,0.92734375,0.3083333333333333,0.0359375,0.0375
29,554,cl1xjb311000g3f6b7y8tt576,0,0.08125,0.5822916666666667,0.03125,0.04375
29,554,cl1xjb8ci000k3f6bjjkf3trc,0,0.92734375,0.3083333333333333,0.0359375,0.0375
29,555,cl1xjb311000g3f6b7y8tt576,0,0.08125,0.5822916666666667,0.03125,0.04375
29,555,cl1xjb8ci000k3f6bjjkf3trc,0,0.92734375,0.3083333333333333,0.0359375,0.0375
29,556,cl1xjb311000g3f6b7y8tt576,0,0.08125,0.5822916666666667,0.03125,0.04375
29,556,cl1xjb8ci000k3f6bjjkf3trc,0,0.92734375,0.3083333333333333,0.0359375,0.0375
29,557,cl1xjb311000g3f6b7y8tt576,0,0.08125,0.5822916666666667,0.03125,0.04375
29,557,cl1xjb8ci000k3f6bjjkf3trc,0,0.92734375,0.3083333333333333,0.0359375,0.0375
29,558,cl1xjb311000g3f6b7y8tt576,0,0.08125,0.5822916666666667,0.03125,0.04375
29,558,cl1xjb8ci000k3f6bjjkf3trc,0,0.92734375,0.3083333333333333,0.0359375,0.0375
29,559,cl1xjb311000g3f6b7y8tt576,0,0.08125,0.5822916666666667,0.03125,0.04375
29,559,cl1xjb8ci000k3f6bjjkf3trc,0,0.92734375,0.3083333333333333,0.0359375,0.0375
29,55,ckz3w0j4d00133867psu0dku8,0,0.6125,0.1875,0.040625,0.0458333333333333
29,55,cl1xj98o800033f6bbzcyndpi,0,0.1828125,0.08125,0.025,0.0375
29,55,cl1xj9dfe00073f6bo87qdh30,0,0.42109375,0.3802083333333333,0.0328125,0.0354166666666666
29,55,cl1xj9ksa000b3f6bvr1hgnfn,0,0.78515625,0.5458333333333333,0.0359375,0.0375
29,560,cl1xjb311000g3f6b7y8tt576,0,0.08125,0.5822916666666667,0.03125,0.04375
29,560,cl1xjb8ci000k3f6bjjkf3trc,0,0.92734375,0.3083333333333333,0.0359375,0.0375
29,561,cl1xjb311000g3f6b7y8tt576,0,0.08125,0.5822916666666667,0.03125,0.04375
29,561,cl1xjb8ci000k3f6bjjkf3trc,0,0.92734375,0.3083333333333333,0.0359375,0.0375
29,562,cl1xjb311000g3f6b7y8tt576,0,0.08125,0.5822916666666667,0.03125,0.04375
29,562,cl1xjb8ci000k3f6bjjkf3trc,0,0.92734375,0.3083333333333333,0.0359375,0.0375
29,563,cl1xjb311000g3f6b7y8tt576,0,0.08125,0.5822916666666667,0.03125,0.04375
29,563,cl1xjb8ci000k3f6bjjkf3trc,0,0.92734375,0.3083333333333333,0.0359375,0.0375
29,564,cl1xjb311000g3f6b7y8tt576,0,0.08125,0.5822916666666667,0.03125,0.04375
29,564,cl1xjb8ci000k3f6bjjkf3trc,0,0.92734375,0.3083333333333333,0.0359375,0.0375
29,565,cl1xjb311000g3f6b7y8tt576,0,0.08125,0.5822916666666667,0.03125,0.04375
29,565,cl1xjb8ci000k3f6bjjkf3trc,0,0.92734375,0.3083333333333333,0.0359375,0.0375
29,566,cl1xjb311000g3f6b7y8tt576,0,0.08125,0.5822916666666667,0.03125,0.04375
29,566,cl1xjb8ci000k3f6bjjkf3trc,0,0.92734375,0.3083333333333333,0.0359375,0.0375
29,567,cl1xjb311000g3f6b7y8tt576,0,0.08125,0.5822916666666667,0.03125,0.04375
29,567,cl1xjb8ci000k3f6bjjkf3trc,0,0.92734375,0.3083333333333333,0.0359375,0.0375
29,568,cl1xjb311000g3f6b7y8tt576,0,0.08125,0.5822916666666667,0.03125,0.04375
29,568,cl1xjb8ci000k3f6bjjkf3trc,0,0.92734375,0.3083333333333333,0.0359375,0.0375
29,569,cl1xjb311000g3f6b7y8tt576,0,0.08125,0.5822916666666667,0.03125,0.04375
29,569,cl1xjb8ci000k3f6bjjkf3trc,0,0.92734375,0.3083333333333333,0.0359375,0.0375
29,56,ckz3w0j4d00133867psu0dku8,0,0.6125,0.1875,0.040625,0.0458333333333333
29,56,cl1xj98o800033f6bbzcyndpi,0,0.1828125,0.08125,0.025,0.0375
29,56,cl1xj9dfe00073f6bo87qdh30,0,0.42109375,0.3802083333333333,0.0328125,0.0354166666666666
29,56,cl1xj9ksa000b3f6bvr1hgnfn,0,0.78515625,0.5458333333333333,0.0359375,0.0375
29,570,cl1xjb311000g3f6b7y8tt576,0,0.08125,0.5822916666666667,0.03125,0.04375
29,570,cl1xjb8ci000k3f6bjjkf3trc,0,0.92734375,0.3083333333333333,0.0359375,0.0375
29,571,cl1xjb311000g3f6b7y8tt576,0,0.08125,0.5822916666666667,0.03125,0.04375
29,571,cl1xjb8ci000k3f6bjjkf3trc,0,0.92734375,0.3083333333333333,0.0359375,0.0375
29,572,cl1xjb311000g3f6b7y8tt576,0,0.08125,0.5822916666666667,0.03125,0.04375
29,572,cl1xjb8ci000k3f6bjjkf3trc,0,0.92734375,0.3083333333333333,0.0359375,0.0375
29,573,cl1xjb311000g3f6b7y8tt576,0,0.08125,0.5822916666666667,0.03125,0.04375
29,573,cl1xjb8ci000k3f6bjjkf3trc,0,0.92734375,0.3083333333333333,0.0359375,0.0375
29,574,cl1xjb311000g3f6b7y8tt576,0,0.08125,0.5822916666666667,0.03125,0.04375
29,574,cl1xjb8ci000k3f6bjjkf3trc,0,0.92734375,0.3083333333333333,0.0359375,0.0375
29,575,cl1xjb311000g3f6b7y8tt576,0,0.08125,0.5822916666666667,0.03125,0.04375
29,575,cl1xjb8ci000k3f6bjjkf3trc,0,0.92734375,0.3083333333333333,0.0359375,0.0375
29,576,cl1xjb311000g3f6b7y8tt576,0,0.08125,0.5822916666666667,0.03125,0.04375
29,576,cl1xjb8ci000k3f6bjjkf3trc,0,0.92734375,0.3083333333333333,0.0359375,0.0375
29,577,cl1xjb311000g3f6b7y8tt576,0,0.08125,0.5822916666666667,0.03125,0.04375
29,577,cl1xjb8ci000k3f6bjjkf3trc,0,0.92734375,0.3083333333333333,0.0359375,0.0375
29,578,cl1xjb311000g3f6b7y8tt576,0,0.08125,0.5822916666666667,0.03125,0.04375
29,578,cl1xjb8ci000k3f6bjjkf3trc,0,0.92734375,0.3083333333333333,0.0359375,0.0375
29,579,cl1xjb311000g3f6b7y8tt576,0,0.08125,0.5822916666666667,0.03125,0.04375
29,579,cl1xjb8ci000k3f6bjjkf3trc,0,0.92734375,0.3083333333333333,0.0359375,0.0375
29,57,ckz3w0j4d00133867psu0dku8,0,0.6125,0.1875,0.040625,0.0458333333333333
29,57,cl1xj98o800033f6bbzcyndpi,0,0.1828125,0.08125,0.025,0.0375
29,57,cl1xj9dfe00073f6bo87qdh30,0,0.42109375,0.3802083333333333,0.0328125,0.0354166666666666
29,57,cl1xj9ksa000b3f6bvr1hgnfn,0,0.78515625,0.5458333333333333,0.0359375,0.0375
29,580,cl1xjb311000g3f6b7y8tt576,0,0.08125,0.5822916666666667,0.03125,0.04375
29,580,cl1xjb8ci000k3f6bjjkf3trc,0,0.92734375,0.3083333333333333,0.0359375,0.0375
29,581,cl1xjb311000g3f6b7y8tt576,0,0.08125,0.5822916666666667,0.03125,0.04375
29,581,cl1xjb8ci000k3f6bjjkf3trc,0,0.92734375,0.3083333333333333,0.0359375,0.0375
29,582,cl1xjb311000g3f6b7y8tt576,0,0.08125,0.5822916666666667,0.03125,0.04375
29,582,cl1xjb8ci000k3f6bjjkf3trc,0,0.92734375,0.3083333333333333,0.0359375,0.0375
29,583,cl1xjb311000g3f6b7y8tt576,0,0.08125,0.5822916666666667,0.03125,0.04375
29,583,cl1xjb8ci000k3f6bjjkf3trc,0,0.92734375,0.3083333333333333,0.0359375,0.0375
29,584,cl1xjb311000g3f6b7y8tt576,0,0.08125,0.5822916666666667,0.03125,0.04375
29,584,cl1xjb8ci000k3f6bjjkf3trc,0,0.92734375,0.3083333333333333,0.0359375,0.0375
29,585,cl1xjb311000g3f6b7y8tt576,0,0.08125,0.5822916666666667,0.03125,0.04375
29,585,cl1xjb8ci000k3f6bjjkf3trc,0,0.92734375,0.3083333333333333,0.0359375,0.0375
29,586,cl1xjb311000g3f6b7y8tt576,0,0.08125,0.5822916666666667,0.03125,0.04375
29,586,cl1xjb8ci000k3f6bjjkf3trc,0,0.92734375,0.3083333333333333,0.0359375,0.0375
29,587,cl1xjb311000g3f6b7y8tt576,0,0.08125,0.5822916666666667,0.03125,0.04375
29,587,cl1xjb8ci000k3f6bjjkf3trc,0,0.92734375,0.3083333333333333,0.0359375,0.0375
29,588,cl1xjb311000g3f6b7y8tt576,0,0.08125,0.5822916666666667,0.03125,0.04375
29,588,cl1xjb8ci000k3f6bjjkf3trc,0,0.92734375,0.3083333333333333,0.0359375,0.0375
29,589,cl1xjb311000g3f6b7y8tt576,0,0.08125,0.5822916666666667,0.03125,0.04375
29,589,cl1xjb8ci000k3f6bjjkf3trc,0,0.92734375,0.3083333333333333,0.0359375,0.0375
29,58,ckz3w0j4d00133867psu0dku8,0,0.6125,0.1875,0.040625,0.0458333333333333
29,58,cl1xj98o800033f6bbzcyndpi,0,0.1828125,0.08125,0.025,0.0375
29,58,cl1xj9dfe00073f6bo87qdh30,0,0.42109375,0.3802083333333333,0.0328125,0.0354166666666666
29,58,cl1xj9ksa000b3f6bvr1hgnfn,0,0.78515625,0.5458333333333333,0.0359375,0.0375
29,590,cl1xjb311000g3f6b7y8tt576,0,0.08125,0.5822916666666667,0.03125,0.04375
29,590,cl1xjb8ci000k3f6bjjkf3trc,0,0.92734375,0.3083333333333333,0.0359375,0.0375
29,591,cl1xjb311000g3f6b7y8tt576,0,0.08125,0.5822916666666667,0.03125,0.04375
29,591,cl1xjb8ci000k3f6bjjkf3trc,0,0.92734375,0.3083333333333333,0.0359375,0.0375
29,592,cl1xjb311000g3f6b7y8tt576,0,0.08125,0.5822916666666667,0.03125,0.04375
29,592,cl1xjb8ci000k3f6bjjkf3trc,0,0.92734375,0.3083333333333333,0.0359375,0.0375
29,593,cl1xjb311000g3f6b7y8tt576,0,0.08125,0.5822916666666667,0.03125,0.04375
29,593,cl1xjb8ci000k3f6bjjkf3trc,0,0.92734375,0.3083333333333333,0.0359375,0.0375
29,594,cl1xjb311000g3f6b7y8tt576,0,0.08125,0.5822916666666667,0.03125,0.04375
29,594,cl1xjb8ci000k3f6bjjkf3trc,0,0.92734375,0.3083333333333333,0.0359375,0.0375
29,595,cl1xjb311000g3f6b7y8tt576,0,0.08125,0.5822916666666667,0.03125,0.04375
29,595,cl1xjb8ci000k3f6bjjkf3trc,0,0.92734375,0.3083333333333333,0.0359375,0.0375
29,596,cl1xjb311000g3f6b7y8tt576,0,0.08125,0.5822916666666667,0.03125,0.04375
29,596,cl1xjb8ci000k3f6bjjkf3trc,0,0.92734375,0.3083333333333333,0.0359375,0.0375
29,597,cl1xjb311000g3f6b7y8tt576,0,0.08125,0.5822916666666667,0.03125,0.04375
29,597,cl1xjb8ci000k3f6bjjkf3trc,0,0.92734375,0.3083333333333333,0.0359375,0.0375
29,598,cl1xjb311000g3f6b7y8tt576,0,0.08125,0.5822916666666667,0.03125,0.04375
29,598,cl1xjb8ci000k3f6bjjkf3trc,0,0.92734375,0.3083333333333333,0.0359375,0.0375
29,599,cl1xjb311000g3f6b7y8tt576,0,0.08125,0.5822916666666667,0.03125,0.04375
29,599,cl1xjb8ci000k3f6bjjkf3trc,0,0.92734375,0.3083333333333333,0.0359375,0.0375
29,59,ckz3w0j4d00133867psu0dku8,0,0.6125,0.1875,0.040625,0.0458333333333333
29,59,cl1xj98o800033f6bbzcyndpi,0,0.1828125,0.08125,0.025,0.0375
29,59,cl1xj9dfe00073f6bo87qdh30,0,0.42109375,0.3802083333333333,0.0328125,0.0354166666666666
29,59,cl1xj9ksa000b3f6bvr1hgnfn,0,0.78515625,0.5458333333333333,0.0359375,0.0375
29,5,ckz3w0j4d00133867psu0dku8,0,0.6125,0.1875,0.040625,0.0458333333333333
29,5,cl1xj98o800033f6bbzcyndpi,0,0.1828125,0.08125,0.025,0.0375
29,5,cl1xj9dfe00073f6bo87qdh30,0,0.42109375,0.3802083333333333,0.0328125,0.0354166666666666
29,5,cl1xj9ksa000b3f6bvr1hgnfn,0,0.78515625,0.5458333333333333,0.0359375,0.0375
29,600,cl1xjb311000g3f6b7y8tt576,0,0.08125,0.5822916666666667,0.03125,0.04375
29,600,cl1xjb8ci000k3f6bjjkf3trc,0,0.92734375,0.3083333333333333,0.0359375,0.0375
29,601,cl1xjb311000g3f6b7y8tt576,0,0.08125,0.5822916666666667,0.03125,0.04375
29,601,cl1xjb8ci000k3f6bjjkf3trc,0,0.92734375,0.3083333333333333,0.0359375,0.0375
29,602,cl1xjb311000g3f6b7y8tt576,0,0.08125,0.5822916666666667,0.03125,0.04375
29,602,cl1xjb8ci000k3f6bjjkf3trc,0,0.92734375,0.3083333333333333,0.0359375,0.0375
29,603,cl1xjb311000g3f6b7y8tt576,0,0.08125,0.5822916666666667,0.03125,0.04375
29,603,cl1xjb8ci000k3f6bjjkf3trc,0,0.92734375,0.3083333333333333,0.0359375,0.0375
29,604,cl1xjb311000g3f6b7y8tt576,0,0.08125,0.5822916666666667,0.03125,0.04375
29,604,cl1xjb8ci000k3f6bjjkf3trc,0,0.92734375,0.3083333333333333,0.0359375,0.0375
29,605,cl1xjb311000g3f6b7y8tt576,0,0.08125,0.5822916666666667,0.03125,0.04375
29,605,cl1xjb8ci000k3f6bjjkf3trc,0,0.92734375,0.3083333333333333,0.0359375,0.0375
29,606,cl1xjb311000g3f6b7y8tt576,0,0.08125,0.5822916666666667,0.03125,0.04375
29,606,cl1xjb8ci000k3f6bjjkf3trc,0,0.92734375,0.3083333333333333,0.0359375,0.0375
29,607,cl1xjb311000g3f6b7y8tt576,0,0.08125,0.5822916666666667,0.03125,0.04375
29,607,cl1xjb8ci000k3f6bjjkf3trc,0,0.92734375,0.3083333333333333,0.0359375,0.0375
29,608,cl1xjb311000g3f6b7y8tt576,0,0.08125,0.5822916666666667,0.03125,0.04375
29,608,cl1xjb8ci000k3f6bjjkf3trc,0,0.92734375,0.3083333333333333,0.0359375,0.0375
29,609,cl1xjb311000g3f6b7y8tt576,0,0.08125,0.5822916666666667,0.03125,0.04375
29,609,cl1xjb8ci000k3f6bjjkf3trc,0,0.92734375,0.3083333333333333,0.0359375,0.0375
29,60,ckz3w0j4d00133867psu0dku8,0,0.6125,0.1875,0.040625,0.0458333333333333
29,60,cl1xj98o800033f6bbzcyndpi,0,0.1828125,0.08125,0.025,0.0375
29,60,cl1xj9dfe00073f6bo87qdh30,0,0.42109375,0.3802083333333333,0.0328125,0.0354166666666666
29,60,cl1xj9ksa000b3f6bvr1hgnfn,0,0.78515625,0.5458333333333333,0.0359375,0.0375
29,610,cl1xjb311000g3f6b7y8tt576,0,0.08125,0.5822916666666667,0.03125,0.04375
29,610,cl1xjb8ci000k3f6bjjkf3trc,0,0.92734375,0.3083333333333333,0.0359375,0.0375
29,611,cl1xjb311000g3f6b7y8tt576,0,0.08125,0.5822916666666667,0.03125,0.04375
29,611,cl1xjb8ci000k3f6bjjkf3trc,0,0.92734375,0.3083333333333333,0.0359375,0.0375
29,612,cl1xjb311000g3f6b7y8tt576,0,0.08125,0.5822916666666667,0.03125,0.04375
29,612,cl1xjb8ci000k3f6bjjkf3trc,0,0.92734375,0.3083333333333333,0.0359375,0.0375
29,613,cl1xjb311000g3f6b7y8tt576,0,0.08125,0.5822916666666667,0.03125,0.04375
29,613,cl1xjb8ci000k3f6bjjkf3trc,0,0.92734375,0.3083333333333333,0.0359375,0.0375
29,614,cl1xjb311000g3f6b7y8tt576,0,0.08125,0.5822916666666667,0.03125,0.04375
29,614,cl1xjb8ci000k3f6bjjkf3trc,0,0.92734375,0.3083333333333333,0.0359375,0.0375
29,615,cl1xjb311000g3f6b7y8tt576,0,0.08125,0.5822916666666667,0.03125,0.04375
29,615,cl1xjb8ci000k3f6bjjkf3trc,0,0.92734375,0.3083333333333333,0.0359375,0.0375
29,616,cl1xjb311000g3f6b7y8tt576,0,0.08125,0.5822916666666667,0.03125,0.04375
29,616,cl1xjb8ci000k3f6bjjkf3trc,0,0.92734375,0.3083333333333333,0.0359375,0.0375
29,617,cl1xjb311000g3f6b7y8tt576,0,0.08125,0.5822916666666667,0.03125,0.04375
29,617,cl1xjb8ci000k3f6bjjkf3trc,0,0.92734375,0.3083333333333333,0.0359375,0.0375
29,618,cl1xjb311000g3f6b7y8tt576,0,0.08125,0.5822916666666667,0.03125,0.04375
29,618,cl1xjb8ci000k3f6bjjkf3trc,0,0.92734375,0.3083333333333333,0.0359375,0.0375
29,619,cl1xjb311000g3f6b7y8tt576,0,0.08125,0.5822916666666667,0.03125,0.04375
29,619,cl1xjb8ci000k3f6bjjkf3trc,0,0.92734375,0.3083333333333333,0.0359375,0.0375
29,61,ckz3w0j4d00133867psu0dku8,0,0.6125,0.1875,0.040625,0.0458333333333333
29,61,cl1xj98o800033f6bbzcyndpi,0,0.1828125,0.08125,0.025,0.0375
29,61,cl1xj9dfe00073f6bo87qdh30,0,0.42109375,0.3802083333333333,0.0328125,0.0354166666666666
29,61,cl1xj9ksa000b3f6bvr1hgnfn,0,0.78515625,0.5458333333333333,0.0359375,0.0375
29,620,cl1xjb311000g3f6b7y8tt576,0,0.08125,0.5822916666666667,0.03125,0.04375
29,620,cl1xjb8ci000k3f6bjjkf3trc,0,0.92734375,0.3083333333333333,0.0359375,0.0375
29,621,cl1xjb311000g3f6b7y8tt576,0,0.08125,0.5822916666666667,0.03125,0.04375
29,621,cl1xjb8ci000k3f6bjjkf3trc,0,0.92734375,0.3083333333333333,0.0359375,0.0375
29,622,cl1xjb311000g3f6b7y8tt576,0,0.08125,0.5822916666666667,0.03125,0.04375
29,622,cl1xjb8ci000k3f6bjjkf3trc,0,0.92734375,0.3083333333333333,0.0359375,0.0375
29,623,cl1xjb311000g3f6b7y8tt576,0,0.08125,0.5822916666666667,0.03125,0.04375
29,623,cl1xjb8ci000k3f6bjjkf3trc,0,0.92734375,0.3083333333333333,0.0359375,0.0375
29,624,cl1xjb311000g3f6b7y8tt576,0,0.08125,0.5822916666666667,0.03125,0.04375
29,624,cl1xjb8ci000k3f6bjjkf3trc,0,0.92734375,0.3083333333333333,0.0359375,0.0375
29,625,cl1xjb311000g3f6b7y8tt576,0,0.08125,0.5822916666666667,0.03125,0.04375
29,625,cl1xjb8ci000k3f6bjjkf3trc,0,0.92734375,0.3083333333333333,0.0359375,0.0375
29,626,cl1xjb311000g3f6b7y8tt576,0,0.08125,0.5822916666666667,0.03125,0.04375
29,626,cl1xjb8ci000k3f6bjjkf3trc,0,0.92734375,0.3083333333333333,0.0359375,0.0375
29,627,cl1xjb311000g3f6b7y8tt576,0,0.08125,0.5822916666666667,0.03125,0.04375
29,627,cl1xjb8ci000k3f6bjjkf3trc,0,0.92734375,0.3083333333333333,0.0359375,0.0375
29,628,cl1xjb311000g3f6b7y8tt576,0,0.08125,0.5822916666666667,0.03125,0.04375
29,628,cl1xjb8ci000k3f6bjjkf3trc,0,0.92734375,0.3083333333333333,0.0359375,0.0375
29,629,cl1xjb311000g3f6b7y8tt576,0,0.08125,0.5822916666666667,0.03125,0.04375
29,629,cl1xjb8ci000k3f6bjjkf3trc,0,0.92734375,0.3083333333333333,0.0359375,0.0375
29,62,ckz3w0j4d00133867psu0dku8,0,0.6125,0.1875,0.040625,0.0458333333333333
29,62,cl1xj98o800033f6bbzcyndpi,0,0.1828125,0.08125,0.025,0.0375
29,62,cl1xj9dfe00073f6bo87qdh30,0,0.42109375,0.3802083333333333,0.0328125,0.0354166666666666
29,62,cl1xj9ksa000b3f6bvr1hgnfn,0,0.78515625,0.5458333333333333,0.0359375,0.0375
29,630,cl1xjb311000g3f6b7y8tt576,0,0.08125,0.5822916666666667,0.03125,0.04375
29,630,cl1xjb8ci000k3f6bjjkf3trc,0,0.92734375,0.3083333333333333,0.0359375,0.0375
29,631,cl1xjb311000g3f6b7y8tt576,0,0.08125,0.5822916666666667,0.03125,0.04375
29,631,cl1xjb8ci000k3f6bjjkf3trc,0,0.92734375,0.3083333333333333,0.0359375,0.0375
29,632,cl1xjb311000g3f6b7y8tt576,0,0.08125,0.5822916666666667,0.03125,0.04375
29,632,cl1xjb8ci000k3f6bjjkf3trc,0,0.92734375,0.3083333333333333,0.0359375,0.0375
29,633,cl1xjb311000g3f6b7y8tt576,0,0.08125,0.5822916666666667,0.03125,0.04375
29,633,cl1xjb8ci000k3f6bjjkf3trc,0,0.92734375,0.3083333333333333,0.0359375,0.0375
29,634,cl1xjb311000g3f6b7y8tt576,0,0.08125,0.5822916666666667,0.03125,0.04375
29,634,cl1xjb8ci000k3f6bjjkf3trc,0,0.92734375,0.3083333333333333,0.0359375,0.0375
29,635,cl1xjb311000g3f6b7y8tt576,0,0.08125,0.5822916666666667,0.03125,0.04375
29,635,cl1xjb8ci000k3f6bjjkf3trc,0,0.92734375,0.3083333333333333,0.0359375,0.0375
29,636,cl1xjb311000g3f6b7y8tt576,0,0.08125,0.5822916666666667,0.03125,0.04375
29,636,cl1xjb8ci000k3f6bjjkf3trc,0,0.92734375,0.3083333333333333,0.0359375,0.0375
29,637,cl1xjb311000g3f6b7y8tt576,0,0.08125,0.5822916666666667,0.03125,0.04375
29,637,cl1xjb8ci000k3f6bjjkf3trc,0,0.92734375,0.3083333333333333,0.0359375,0.0375
29,638,cl1xjb311000g3f6b7y8tt576,0,0.08125,0.5822916666666667,0.03125,0.04375
29,638,cl1xjb8ci000k3f6bjjkf3trc,0,0.92734375,0.3083333333333333,0.0359375,0.0375
29,639,cl1xjb311000g3f6b7y8tt576,0,0.08125,0.5822916666666667,0.03125,0.04375
29,639,cl1xjb8ci000k3f6bjjkf3trc,0,0.92734375,0.3083333333333333,0.0359375,0.0375
29,63,ckz3w0j4d00133867psu0dku8,0,0.6125,0.1875,0.040625,0.0458333333333333
29,63,cl1xj98o800033f6bbzcyndpi,0,0.1828125,0.08125,0.025,0.0375
29,63,cl1xj9dfe00073f6bo87qdh30,0,0.42109375,0.3802083333333333,0.0328125,0.0354166666666666
29,63,cl1xj9ksa000b3f6bvr1hgnfn,0,0.78515625,0.5458333333333333,0.0359375,0.0375
29,640,cl1xjb311000g3f6b7y8tt576,0,0.08125,0.5822916666666667,0.03125,0.04375
29,640,cl1xjb8ci000k3f6bjjkf3trc,0,0.92734375,0.3083333333333333,0.0359375,0.0375
29,641,cl1xjb311000g3f6b7y8tt576,0,0.08125,0.5822916666666667,0.03125,0.04375
29,641,cl1xjb8ci000k3f6bjjkf3trc,0,0.92734375,0.3083333333333333,0.0359375,0.0375
29,642,cl1xjb311000g3f6b7y8tt576,0,0.08125,0.5822916666666667,0.03125,0.04375
29,642,cl1xjb8ci000k3f6bjjkf3trc,0,0.92734375,0.3083333333333333,0.0359375,0.0375
29,643,cl1xjb311000g3f6b7y8tt576,0,0.08125,0.5822916666666667,0.03125,0.04375
29,643,cl1xjb8ci000k3f6bjjkf3trc,0,0.92734375,0.3083333333333333,0.0359375,0.0375
29,644,cl1xjb311000g3f6b7y8tt576,0,0.08125,0.5822916666666667,0.03125,0.04375
29,644,cl1xjb8ci000k3f6bjjkf3trc,0,0.92734375,0.3083333333333333,0.0359375,0.0375
29,645,cl1xjb311000g3f6b7y8tt576,0,0.08125,0.5822916666666667,0.03125,0.04375
29,645,cl1xjb8ci000k3f6bjjkf3trc,0,0.92734375,0.3083333333333333,0.0359375,0.0375
29,646,cl1xjb311000g3f6b7y8tt576,0,0.08125,0.5822916666666667,0.03125,0.04375
29,646,cl1xjb8ci000k3f6bjjkf3trc,0,0.92734375,0.3083333333333333,0.0359375,0.0375
29,647,cl1xjb311000g3f6b7y8tt576,0,0.08125,0.5822916666666667,0.03125,0.04375
29,647,cl1xjb8ci000k3f6bjjkf3trc,0,0.92734375,0.3083333333333333,0.0359375,0.0375
29,648,cl1xjb311000g3f6b7y8tt576,0,0.08125,0.5822916666666667,0.03125,0.04375
29,648,cl1xjb8ci000k3f6bjjkf3trc,0,0.92734375,0.3083333333333333,0.0359375,0.0375
29,649,cl1xjb311000g3f6b7y8tt576,0,0.08125,0.5822916666666667,0.03125,0.04375
29,649,cl1xjb8ci000k3f6bjjkf3trc,0,0.92734375,0.3083333333333333,0.0359375,0.0375
29,64,ckz3w0j4d00133867psu0dku8,0,0.6125,0.1875,0.040625,0.0458333333333333
29,64,cl1xj98o800033f6bbzcyndpi,0,0.1828125,0.08125,0.025,0.0375
29,64,cl1xj9dfe00073f6bo87qdh30,0,0.42109375,0.3802083333333333,0.0328125,0.0354166666666666
29,64,cl1xj9ksa000b3f6bvr1hgnfn,0,0.78515625,0.5458333333333333,0.0359375,0.0375
29,650,cl1xjb311000g3f6b7y8tt576,0,0.08125,0.5822916666666667,0.03125,0.04375
29,650,cl1xjb8ci000k3f6bjjkf3trc,0,0.92734375,0.3083333333333333,0.0359375,0.0375
29,651,cl1xjb311000g3f6b7y8tt576,0,0.08125,0.5822916666666667,0.03125,0.04375
29,651,cl1xjb8ci000k3f6bjjkf3trc,0,0.92734375,0.3083333333333333,0.0359375,0.0375
29,652,cl1xjb311000g3f6b7y8tt576,0,0.08125,0.5822916666666667,0.03125,0.04375
29,652,cl1xjb8ci000k3f6bjjkf3trc,0,0.92734375,0.3083333333333333,0.0359375,0.0375
29,653,cl1xjb311000g3f6b7y8tt576,0,0.08125,0.5822916666666667,0.03125,0.04375
29,653,cl1xjb8ci000k3f6bjjkf3trc,0,0.92734375,0.3083333333333333,0.0359375,0.0375
29,654,cl1xjb311000g3f6b7y8tt576,0,0.08125,0.5822916666666667,0.03125,0.04375
29,654,cl1xjb8ci000k3f6bjjkf3trc,0,0.92734375,0.3083333333333333,0.0359375,0.0375
29,655,cl1xjb311000g3f6b7y8tt576,0,0.08125,0.5822916666666667,0.03125,0.04375
29,655,cl1xjb8ci000k3f6bjjkf3trc,0,0.92734375,0.3083333333333333,0.0359375,0.0375
29,656,cl1xjb311000g3f6b7y8tt576,0,0.08125,0.5822916666666667,0.03125,0.04375
29,656,cl1xjb8ci000k3f6bjjkf3trc,0,0.92734375,0.3083333333333333,0.0359375,0.0375
29,657,cl1xjb311000g3f6b7y8tt576,0,0.08125,0.5822916666666667,0.03125,0.04375
29,657,cl1xjb8ci000k3f6bjjkf3trc,0,0.92734375,0.3083333333333333,0.0359375,0.0375
29,658,cl1xjb311000g3f6b7y8tt576,0,0.08125,0.5822916666666667,0.03125,0.04375
29,658,cl1xjb8ci000k3f6bjjkf3trc,0,0.92734375,0.3083333333333333,0.0359375,0.0375
29,659,cl1xjb311000g3f6b7y8tt576,0,0.08125,0.5822916666666667,0.03125,0.04375
29,659,cl1xjb8ci000k3f6bjjkf3trc,0,0.92734375,0.3083333333333333,0.0359375,0.0375
29,65,ckz3w0j4d00133867psu0dku8,0,0.6125,0.1875,0.040625,0.0458333333333333
29,65,cl1xj98o800033f6bbzcyndpi,0,0.1828125,0.08125,0.025,0.0375
29,65,cl1xj9dfe00073f6bo87qdh30,0,0.42109375,0.3802083333333333,0.0328125,0.0354166666666666
29,65,cl1xj9ksa000b3f6bvr1hgnfn,0,0.78515625,0.5458333333333333,0.0359375,0.0375
29,660,cl1xjb311000g3f6b7y8tt576,0,0.08125,0.5822916666666667,0.03125,0.04375
29,660,cl1xjb8ci000k3f6bjjkf3trc,0,0.92734375,0.3083333333333333,0.0359375,0.0375
29,661,cl1xjb311000g3f6b7y8tt576,0,0.08125,0.5822916666666667,0.03125,0.04375
29,661,cl1xjb8ci000k3f6bjjkf3trc,0,0.92734375,0.3083333333333333,0.0359375,0.0375
29,662,cl1xjb311000g3f6b7y8tt576,0,0.08125,0.5822916666666667,0.03125,0.04375
29,662,cl1xjb8ci000k3f6bjjkf3trc,0,0.92734375,0.3083333333333333,0.0359375,0.0375
29,663,cl1xjb311000g3f6b7y8tt576,0,0.08125,0.5822916666666667,0.03125,0.04375
29,663,cl1xjb8ci000k3f6bjjkf3trc,0,0.92734375,0.3083333333333333,0.0359375,0.0375
29,664,cl1xjb311000g3f6b7y8tt576,0,0.08125,0.5822916666666667,0.03125,0.04375
29,664,cl1xjb8ci000k3f6bjjkf3trc,0,0.92734375,0.3083333333333333,0.0359375,0.0375
29,665,cl1xjb311000g3f6b7y8tt576,0,0.08125,0.5822916666666667,0.03125,0.04375
29,665,cl1xjb8ci000k3f6bjjkf3trc,0,0.92734375,0.3083333333333333,0.0359375,0.0375
29,666,cl1xjb311000g3f6b7y8tt576,0,0.08125,0.5822916666666667,0.03125,0.04375
29,666,cl1xjb8ci000k3f6bjjkf3trc,0,0.92734375,0.3083333333333333,0.0359375,0.0375
29,667,cl1xjb311000g3f6b7y8tt576,0,0.08125,0.5822916666666667,0.03125,0.04375
29,667,cl1xjb8ci000k3f6bjjkf3trc,0,0.92734375,0.3083333333333333,0.0359375,0.0375
29,668,cl1xjb311000g3f6b7y8tt576,0,0.08125,0.5822916666666667,0.03125,0.04375
29,668,cl1xjb8ci000k3f6bjjkf3trc,0,0.92734375,0.3083333333333333,0.0359375,0.0375
29,669,cl1xjb311000g3f6b7y8tt576,0,0.08125,0.5822916666666667,0.03125,0.04375
29,669,cl1xjb8ci000k3f6bjjkf3trc,0,0.92734375,0.3083333333333333,0.0359375,0.0375
29,66,ckz3w0j4d00133867psu0dku8,0,0.6125,0.1875,0.040625,0.0458333333333333
29,66,cl1xj98o800033f6bbzcyndpi,0,0.1828125,0.08125,0.025,0.0375
29,66,cl1xj9dfe00073f6bo87qdh30,0,0.42109375,0.3802083333333333,0.0328125,0.0354166666666666
29,66,cl1xj9ksa000b3f6bvr1hgnfn,0,0.78515625,0.5458333333333333,0.0359375,0.0375
29,670,cl1xjb311000g3f6b7y8tt576,0,0.08125,0.5822916666666667,0.03125,0.04375
29,670,cl1xjb8ci000k3f6bjjkf3trc,0,0.92734375,0.3083333333333333,0.0359375,0.0375
29,671,cl1xjb311000g3f6b7y8tt576,0,0.08125,0.5822916666666667,0.03125,0.04375
29,671,cl1xjb8ci000k3f6bjjkf3trc,0,0.92734375,0.3083333333333333,0.0359375,0.0375
29,672,cl1xjb311000g3f6b7y8tt576,0,0.08125,0.5822916666666667,0.03125,0.04375
29,672,cl1xjb8ci000k3f6bjjkf3trc,0,0.92734375,0.3083333333333333,0.0359375,0.0375
29,673,cl1xjb311000g3f6b7y8tt576,0,0.08125,0.5822916666666667,0.03125,0.04375
29,673,cl1xjb8ci000k3f6bjjkf3trc,0,0.92734375,0.3083333333333333,0.0359375,0.0375
29,674,cl1xjb311000g3f6b7y8tt576,0,0.08125,0.5822916666666667,0.03125,0.04375
29,674,cl1xjb8ci000k3f6bjjkf3trc,0,0.92734375,0.3083333333333333,0.0359375,0.0375
29,675,cl1xjb311000g3f6b7y8tt576,0,0.08125,0.5822916666666667,0.03125,0.04375
29,675,cl1xjb8ci000k3f6bjjkf3trc,0,0.92734375,0.3083333333333333,0.0359375,0.0375
29,676,cl1xjb311000g3f6b7y8tt576,0,0.08125,0.5822916666666667,0.03125,0.04375
29,676,cl1xjb8ci000k3f6bjjkf3trc,0,0.92734375,0.3083333333333333,0.0359375,0.0375
29,677,cl1xjb311000g3f6b7y8tt576,0,0.08125,0.5822916666666667,0.03125,0.04375
29,677,cl1xjb8ci000k3f6bjjkf3trc,0,0.92734375,0.3083333333333333,0.0359375,0.0375
29,678,cl1xjb311000g3f6b7y8tt576,0,0.08125,0.5822916666666667,0.03125,0.04375
29,678,cl1xjb8ci000k3f6bjjkf3trc,0,0.92734375,0.3083333333333333,0.0359375,0.0375
29,679,cl1xjb311000g3f6b7y8tt576,0,0.08125,0.5822916666666667,0.03125,0.04375
29,679,cl1xjb8ci000k3f6bjjkf3trc,0,0.92734375,0.3083333333333333,0.0359375,0.0375
29,67,ckz3w0j4d00133867psu0dku8,0,0.6125,0.1875,0.040625,0.0458333333333333
29,67,cl1xj98o800033f6bbzcyndpi,0,0.1828125,0.08125,0.025,0.0375
29,67,cl1xj9dfe00073f6bo87qdh30,0,0.42109375,0.3802083333333333,0.0328125,0.0354166666666666
29,67,cl1xj9ksa000b3f6bvr1hgnfn,0,0.78515625,0.5458333333333333,0.0359375,0.0375
29,680,cl1xjb311000g3f6b7y8tt576,0,0.08125,0.5822916666666667,0.03125,0.04375
29,680,cl1xjb8ci000k3f6bjjkf3trc,0,0.92734375,0.3083333333333333,0.0359375,0.0375
29,681,cl1xjb311000g3f6b7y8tt576,0,0.08125,0.5822916666666667,0.03125,0.04375
29,681,cl1xjb8ci000k3f6bjjkf3trc,0,0.92734375,0.3083333333333333,0.0359375,0.0375
29,682,cl1xjb311000g3f6b7y8tt576,0,0.08125,0.5822916666666667,0.03125,0.04375
29,682,cl1xjb8ci000k3f6bjjkf3trc,0,0.92734375,0.3083333333333333,0.0359375,0.0375
29,683,cl1xjb311000g3f6b7y8tt576,0,0.08125,0.5822916666666667,0.03125,0.04375
29,683,cl1xjb8ci000k3f6bjjkf3trc,0,0.92734375,0.3083333333333333,0.0359375,0.0375
29,684,cl1xjb311000g3f6b7y8tt576,0,0.08125,0.5822916666666667,0.03125,0.04375
29,684,cl1xjb8ci000k3f6bjjkf3trc,0,0.92734375,0.3083333333333333,0.0359375,0.0375
29,685,cl1xjb311000g3f6b7y8tt576,0,0.08125,0.5822916666666667,0.03125,0.04375
29,685,cl1xjb8ci000k3f6bjjkf3trc,0,0.92734375,0.3083333333333333,0.0359375,0.0375
29,686,cl1xjb311000g3f6b7y8tt576,0,0.08125,0.5822916666666667,0.03125,0.04375
29,686,cl1xjb8ci000k3f6bjjkf3trc,0,0.92734375,0.3083333333333333,0.0359375,0.0375
29,687,cl1xjb311000g3f6b7y8tt576,0,0.08125,0.5822916666666667,0.03125,0.04375
29,687,cl1xjb8ci000k3f6bjjkf3trc,0,0.92734375,0.3083333333333333,0.0359375,0.0375
29,688,cl1xjb311000g3f6b7y8tt576,0,0.08125,0.5822916666666667,0.03125,0.04375
29,688,cl1xjb8ci000k3f6bjjkf3trc,0,0.92734375,0.3083333333333333,0.0359375,0.0375
29,689,cl1xjb311000g3f6b7y8tt576,0,0.08125,0.5822916666666667,0.03125,0.04375
29,689,cl1xjb8ci000k3f6bjjkf3trc,0,0.92734375,0.3083333333333333,0.0359375,0.0375
29,68,ckz3w0j4d00133867psu0dku8,0,0.6125,0.1875,0.040625,0.0458333333333333
29,68,cl1xj98o800033f6bbzcyndpi,0,0.1828125,0.08125,0.025,0.0375
29,68,cl1xj9dfe00073f6bo87qdh30,0,0.42109375,0.3802083333333333,0.0328125,0.0354166666666666
29,68,cl1xj9ksa000b3f6bvr1hgnfn,0,0.78515625,0.5458333333333333,0.0359375,0.0375
29,690,cl1xjb311000g3f6b7y8tt576,0,0.08125,0.5822916666666667,0.03125,0.04375
29,690,cl1xjb8ci000k3f6bjjkf3trc,0,0.92734375,0.3083333333333333,0.0359375,0.0375
29,691,cl1xjb311000g3f6b7y8tt576,0,0.08125,0.5822916666666667,0.03125,0.04375
29,691,cl1xjb8ci000k3f6bjjkf3trc,0,0.92734375,0.3083333333333333,0.0359375,0.0375
29,692,cl1xjb311000g3f6b7y8tt576,0,0.08125,0.5822916666666667,0.03125,0.04375
29,692,cl1xjb8ci000k3f6bjjkf3trc,0,0.92734375,0.3083333333333333,0.0359375,0.0375
29,693,cl1xjb311000g3f6b7y8tt576,0,0.08125,0.5822916666666667,0.03125,0.04375
29,693,cl1xjb8ci000k3f6bjjkf3trc,0,0.92734375,0.3083333333333333,0.0359375,0.0375
29,694,cl1xjb311000g3f6b7y8tt576,0,0.08125,0.5822916666666667,0.03125,0.04375
29,694,cl1xjb8ci000k3f6bjjkf3trc,0,0.92734375,0.3083333333333333,0.0359375,0.0375
29,695,cl1xjb311000g3f6b7y8tt576,0,0.08125,0.5822916666666667,0.03125,0.04375
29,695,cl1xjb8ci000k3f6bjjkf3trc,0,0.92734375,0.3083333333333333,0.0359375,0.0375
29,696,cl1xjb311000g3f6b7y8tt576,0,0.08125,0.5822916666666667,0.03125,0.04375
29,696,cl1xjb8ci000k3f6bjjkf3trc,0,0.92734375,0.3083333333333333,0.0359375,0.0375
29,697,cl1xjb311000g3f6b7y8tt576,0,0.08125,0.5822916666666667,0.03125,0.04375
29,697,cl1xjb8ci000k3f6bjjkf3trc,0,0.92734375,0.3083333333333333,0.0359375,0.0375
29,698,cl1xjb311000g3f6b7y8tt576,0,0.08125,0.5822916666666667,0.03125,0.04375
29,698,cl1xjb8ci000k3f6bjjkf3trc,0,0.92734375,0.3083333333333333,0.0359375,0.0375
29,699,cl1xjb311000g3f6b7y8tt576,0,0.08125,0.5822916666666667,0.03125,0.04375
29,699,cl1xjb8ci000k3f6bjjkf3trc,0,0.92734375,0.3083333333333333,0.0359375,0.0375
29,69,ckz3w0j4d00133867psu0dku8,0,0.6125,0.1875,0.040625,0.0458333333333333
29,69,cl1xj98o800033f6bbzcyndpi,0,0.1828125,0.08125,0.025,0.0375
29,69,cl1xj9dfe00073f6bo87qdh30,0,0.42109375,0.3802083333333333,0.0328125,0.0354166666666666
29,69,cl1xj9ksa000b3f6bvr1hgnfn,0,0.78515625,0.5458333333333333,0.0359375,0.0375
29,6,ckz3w0j4d00133867psu0dku8,0,0.6125,0.1875,0.040625,0.0458333333333333
29,6,cl1xj98o800033f6bbzcyndpi,0,0.1828125,0.08125,0.025,0.0375
29,6,cl1xj9dfe00073f6bo87qdh30,0,0.42109375,0.3802083333333333,0.0328125,0.0354166666666666
29,6,cl1xj9ksa000b3f6bvr1hgnfn,0,0.78515625,0.5458333333333333,0.0359375,0.0375
29,700,cl1xjb311000g3f6b7y8tt576,0,0.08125,0.5822916666666667,0.03125,0.04375
29,700,cl1xjb8ci000k3f6bjjkf3trc,0,0.92734375,0.3083333333333333,0.0359375,0.0375
29,701,cl1xjb311000g3f6b7y8tt576,0,0.08125,0.5822916666666667,0.03125,0.04375
29,701,cl1xjb8ci000k3f6bjjkf3trc,0,0.92734375,0.3083333333333333,0.0359375,0.0375
29,702,cl1xjb311000g3f6b7y8tt576,0,0.08125,0.5822916666666667,0.03125,0.04375
29,702,cl1xjb8ci000k3f6bjjkf3trc,0,0.92734375,0.3083333333333333,0.0359375,0.0375
29,703,cl1xjb311000g3f6b7y8tt576,0,0.08125,0.5822916666666667,0.03125,0.04375
29,703,cl1xjb8ci000k3f6bjjkf3trc,0,0.92734375,0.3083333333333333,0.0359375,0.0375
29,704,cl1xjb311000g3f6b7y8tt576,0,0.08125,0.5822916666666667,0.03125,0.04375
29,704,cl1xjb8ci000k3f6bjjkf3trc,0,0.92734375,0.3083333333333333,0.0359375,0.0375
29,705,cl1xjb311000g3f6b7y8tt576,0,0.08125,0.5822916666666667,0.03125,0.04375
29,705,cl1xjb8ci000k3f6bjjkf3trc,0,0.92734375,0.3083333333333333,0.0359375,0.0375
29,706,cl1xjb311000g3f6b7y8tt576,0,0.08125,0.5822916666666667,0.03125,0.04375
29,706,cl1xjb8ci000k3f6bjjkf3trc,0,0.92734375,0.3083333333333333,0.0359375,0.0375
29,707,cl1xjb311000g3f6b7y8tt576,0,0.08125,0.5822916666666667,0.03125,0.04375
29,707,cl1xjb8ci000k3f6bjjkf3trc,0,0.92734375,0.3083333333333333,0.0359375,0.0375
29,708,cl1xjb311000g3f6b7y8tt576,0,0.08125,0.5822916666666667,0.03125,0.04375
29,708,cl1xjb8ci000k3f6bjjkf3trc,0,0.92734375,0.3083333333333333,0.0359375,0.0375
29,709,cl1xjb311000g3f6b7y8tt576,0,0.08125,0.5822916666666667,0.03125,0.04375
29,709,cl1xjb8ci000k3f6bjjkf3trc,0,0.92734375,0.3083333333333333,0.0359375,0.0375
29,70,ckz3w0j4d00133867psu0dku8,0,0.6125,0.1875,0.040625,0.0458333333333333
29,70,cl1xj98o800033f6bbzcyndpi,0,0.1828125,0.08125,0.025,0.0375
29,70,cl1xj9dfe00073f6bo87qdh30,0,0.42109375,0.3802083333333333,0.0328125,0.0354166666666666
29,70,cl1xj9ksa000b3f6bvr1hgnfn,0,0.78515625,0.5458333333333333,0.0359375,0.0375
29,710,cl1xjb311000g3f6b7y8tt576,0,0.08125,0.5822916666666667,0.03125,0.04375
29,710,cl1xjb8ci000k3f6bjjkf3trc,0,0.92734375,0.3083333333333333,0.0359375,0.0375
29,711,cl1xjb311000g3f6b7y8tt576,0,0.08125,0.5822916666666667,0.03125,0.04375
29,711,cl1xjb8ci000k3f6bjjkf3trc,0,0.92734375,0.3083333333333333,0.0359375,0.0375
29,712,cl1xjb311000g3f6b7y8tt576,0,0.08125,0.5822916666666667,0.03125,0.04375
29,712,cl1xjb8ci000k3f6bjjkf3trc,0,0.92734375,0.3083333333333333,0.0359375,0.0375
29,713,cl1xjb311000g3f6b7y8tt576,0,0.08125,0.5822916666666667,0.03125,0.04375
29,713,cl1xjb8ci000k3f6bjjkf3trc,0,0.92734375,0.3083333333333333,0.0359375,0.0375
29,714,cl1xjb311000g3f6b7y8tt576,0,0.08125,0.5822916666666667,0.03125,0.04375
29,714,cl1xjb8ci000k3f6bjjkf3trc,0,0.92734375,0.3083333333333333,0.0359375,0.0375
29,715,cl1xjb311000g3f6b7y8tt576,0,0.08125,0.5822916666666667,0.03125,0.04375
29,715,cl1xjb8ci000k3f6bjjkf3trc,0,0.92734375,0.3083333333333333,0.0359375,0.0375
29,716,cl1xjb311000g3f6b7y8tt576,0,0.08125,0.5822916666666667,0.03125,0.04375
29,716,cl1xjb8ci000k3f6bjjkf3trc,0,0.92734375,0.3083333333333333,0.0359375,0.0375
29,717,cl1xjb311000g3f6b7y8tt576,0,0.08125,0.5822916666666667,0.03125,0.04375
29,717,cl1xjb8ci000k3f6bjjkf3trc,0,0.92734375,0.3083333333333333,0.0359375,0.0375
29,718,cl1xjb311000g3f6b7y8tt576,0,0.08125,0.5822916666666667,0.03125,0.04375
29,718,cl1xjb8ci000k3f6bjjkf3trc,0,0.92734375,0.3083333333333333,0.0359375,0.0375
29,719,cl1xjb311000g3f6b7y8tt576,0,0.08125,0.5822916666666667,0.03125,0.04375
29,719,cl1xjb8ci000k3f6bjjkf3trc,0,0.92734375,0.3083333333333333,0.0359375,0.0375
29,71,ckz3w0j4d00133867psu0dku8,0,0.6125,0.1875,0.040625,0.0458333333333333
29,71,cl1xj98o800033f6bbzcyndpi,0,0.1828125,0.08125,0.025,0.0375
29,71,cl1xj9dfe00073f6bo87qdh30,0,0.42109375,0.3802083333333333,0.0328125,0.0354166666666666
29,71,cl1xj9ksa000b3f6bvr1hgnfn,0,0.78515625,0.5458333333333333,0.0359375,0.0375
29,720,cl1xjb311000g3f6b7y8tt576,0,0.08125,0.5822916666666667,0.03125,0.04375
29,720,cl1xjb8ci000k3f6bjjkf3trc,0,0.92734375,0.3083333333333333,0.0359375,0.0375
29,721,cl1xjb311000g3f6b7y8tt576,0,0.08125,0.5822916666666667,0.03125,0.04375
29,721,cl1xjb8ci000k3f6bjjkf3trc,0,0.92734375,0.3083333333333333,0.0359375,0.0375
29,722,cl1xjb311000g3f6b7y8tt576,0,0.08125,0.5822916666666667,0.03125,0.04375
29,722,cl1xjb8ci000k3f6bjjkf3trc,0,0.92734375,0.3083333333333333,0.0359375,0.0375
29,723,cl1xjb311000g3f6b7y8tt576,0,0.08125,0.5822916666666667,0.03125,0.04375
29,723,cl1xjb8ci000k3f6bjjkf3trc,0,0.92734375,0.3083333333333333,0.0359375,0.0375
29,724,cl1xjb311000g3f6b7y8tt576,0,0.08125,0.5822916666666667,0.03125,0.04375
29,724,cl1xjb8ci000k3f6bjjkf3trc,0,0.92734375,0.3083333333333333,0.0359375,0.0375
29,725,cl1xjb311000g3f6b7y8tt576,0,0.08125,0.5822916666666667,0.03125,0.04375
29,725,cl1xjb8ci000k3f6bjjkf3trc,0,0.92734375,0.3083333333333333,0.0359375,0.0375
29,726,cl1xjb311000g3f6b7y8tt576,0,0.08125,0.5822916666666667,0.03125,0.04375
29,726,cl1xjb8ci000k3f6bjjkf3trc,0,0.92734375,0.3083333333333333,0.0359375,0.0375
29,727,cl1xjb311000g3f6b7y8tt576,0,0.08125,0.5822916666666667,0.03125,0.04375
29,727,cl1xjb8ci000k3f6bjjkf3trc,0,0.92734375,0.3083333333333333,0.0359375,0.0375
29,728,cl1xjb311000g3f6b7y8tt576,0,0.08125,0.5822916666666667,0.03125,0.04375
29,728,cl1xjb8ci000k3f6bjjkf3trc,0,0.92734375,0.3083333333333333,0.0359375,0.0375
29,729,cl1xjb311000g3f6b7y8tt576,0,0.08125,0.5822916666666667,0.03125,0.04375
29,729,cl1xjb8ci000k3f6bjjkf3trc,0,0.92734375,0.3083333333333333,0.0359375,0.0375
29,72,ckz3w0j4d00133867psu0dku8,0,0.6125,0.1875,0.040625,0.0458333333333333
29,72,cl1xj98o800033f6bbzcyndpi,0,0.1828125,0.08125,0.025,0.0375
29,72,cl1xj9dfe00073f6bo87qdh30,0,0.42109375,0.3802083333333333,0.0328125,0.0354166666666666
29,72,cl1xj9ksa000b3f6bvr1hgnfn,0,0.78515625,0.5458333333333333,0.0359375,0.0375
29,730,cl1xjb311000g3f6b7y8tt576,0,0.08125,0.5822916666666667,0.03125,0.04375
29,730,cl1xjb8ci000k3f6bjjkf3trc,0,0.92734375,0.3083333333333333,0.0359375,0.0375
29,731,cl1xjb311000g3f6b7y8tt576,0,0.08125,0.5822916666666667,0.03125,0.04375
29,731,cl1xjb8ci000k3f6bjjkf3trc,0,0.92734375,0.3083333333333333,0.0359375,0.0375
29,732,cl1xjb311000g3f6b7y8tt576,0,0.08125,0.5822916666666667,0.03125,0.04375
29,732,cl1xjb8ci000k3f6bjjkf3trc,0,0.92734375,0.3083333333333333,0.0359375,0.0375
29,733,cl1xjb311000g3f6b7y8tt576,0,0.08125,0.5822916666666667,0.03125,0.04375
29,733,cl1xjb8ci000k3f6bjjkf3trc,0,0.92734375,0.3083333333333333,0.0359375,0.0375
29,734,cl1xjb311000g3f6b7y8tt576,0,0.08125,0.5822916666666667,0.03125,0.04375
29,734,cl1xjb8ci000k3f6bjjkf3trc,0,0.92734375,0.3083333333333333,0.0359375,0.0375
29,735,cl1xjb311000g3f6b7y8tt576,0,0.08125,0.5822916666666667,0.03125,0.04375
29,735,cl1xjb8ci000k3f6bjjkf3trc,0,0.92734375,0.3083333333333333,0.0359375,0.0375
29,736,cl1xjb311000g3f6b7y8tt576,0,0.08125,0.5822916666666667,0.03125,0.04375
29,736,cl1xjb8ci000k3f6bjjkf3trc,0,0.92734375,0.3083333333333333,0.0359375,0.0375
29,737,cl1xjb311000g3f6b7y8tt576,0,0.08125,0.5822916666666667,0.03125,0.04375
29,737,cl1xjb8ci000k3f6bjjkf3trc,0,0.92734375,0.3083333333333333,0.0359375,0.0375
29,738,cl1xjb311000g3f6b7y8tt576,0,0.08125,0.5822916666666667,0.03125,0.04375
29,738,cl1xjb8ci000k3f6bjjkf3trc,0,0.92734375,0.3083333333333333,0.0359375,0.0375
29,739,cl1xjb311000g3f6b7y8tt576,0,0.08125,0.5822916666666667,0.03125,0.04375
29,739,cl1xjb8ci000k3f6bjjkf3trc,0,0.92734375,0.3083333333333333,0.0359375,0.0375
29,73,ckz3w0j4d00133867psu0dku8,0,0.6125,0.1875,0.040625,0.0458333333333333
29,73,cl1xj98o800033f6bbzcyndpi,0,0.1828125,0.08125,0.025,0.0375
29,73,cl1xj9dfe00073f6bo87qdh30,0,0.42109375,0.3802083333333333,0.0328125,0.0354166666666666
29,73,cl1xj9ksa000b3f6bvr1hgnfn,0,0.78515625,0.5458333333333333,0.0359375,0.0375
29,740,cl1xjb311000g3f6b7y8tt576,0,0.08125,0.5822916666666667,0.03125,0.04375
29,740,cl1xjb8ci000k3f6bjjkf3trc,0,0.92734375,0.3083333333333333,0.0359375,0.0375
29,741,cl1xjb311000g3f6b7y8tt576,0,0.08125,0.5822916666666667,0.03125,0.04375
29,741,cl1xjb8ci000k3f6bjjkf3trc,0,0.92734375,0.3083333333333333,0.0359375,0.0375
29,742,cl1xjb311000g3f6b7y8tt576,0,0.08125,0.5822916666666667,0.03125,0.04375
29,742,cl1xjb8ci000k3f6bjjkf3trc,0,0.92734375,0.3083333333333333,0.0359375,0.0375
29,743,cl1xjb311000g3f6b7y8tt576,0,0.08125,0.5822916666666667,0.03125,0.04375
29,743,cl1xjb8ci000k3f6bjjkf3trc,0,0.92734375,0.3083333333333333,0.0359375,0.0375
29,744,cl1xjb311000g3f6b7y8tt576,0,0.08125,0.5822916666666667,0.03125,0.04375
29,744,cl1xjb8ci000k3f6bjjkf3trc,0,0.92734375,0.3083333333333333,0.0359375,0.0375
29,745,cl1xjb311000g3f6b7y8tt576,0,0.08125,0.5822916666666667,0.03125,0.04375
29,745,cl1xjb8ci000k3f6bjjkf3trc,0,0.92734375,0.3083333333333333,0.0359375,0.0375
29,746,cl1xjb311000g3f6b7y8tt576,0,0.08125,0.5822916666666667,0.03125,0.04375
29,746,cl1xjb8ci000k3f6bjjkf3trc,0,0.92734375,0.3083333333333333,0.0359375,0.0375
29,747,cl1xjb311000g3f6b7y8tt576,0,0.08125,0.5822916666666667,0.03125,0.04375
29,747,cl1xjb8ci000k3f6bjjkf3trc,0,0.92734375,0.3083333333333333,0.0359375,0.0375
29,748,cl1xjb311000g3f6b7y8tt576,0,0.08125,0.5822916666666667,0.03125,0.04375
29,748,cl1xjb8ci000k3f6bjjkf3trc,0,0.92734375,0.3083333333333333,0.0359375,0.0375
29,749,cl1xjb311000g3f6b7y8tt576,0,0.08125,0.5822916666666667,0.03125,0.04375
29,749,cl1xjb8ci000k3f6bjjkf3trc,0,0.92734375,0.3083333333333333,0.0359375,0.0375
29,74,ckz3w0j4d00133867psu0dku8,0,0.6125,0.1875,0.040625,0.0458333333333333
29,74,cl1xj98o800033f6bbzcyndpi,0,0.1828125,0.08125,0.025,0.0375
29,74,cl1xj9dfe00073f6bo87qdh30,0,0.42109375,0.3802083333333333,0.0328125,0.0354166666666666
29,74,cl1xj9ksa000b3f6bvr1hgnfn,0,0.78515625,0.5458333333333333,0.0359375,0.0375
29,750,cl1xjb311000g3f6b7y8tt576,0,0.08125,0.5822916666666667,0.03125,0.04375
29,750,cl1xjb8ci000k3f6bjjkf3trc,0,0.92734375,0.3083333333333333,0.0359375,0.0375
29,751,cl1xjb311000g3f6b7y8tt576,0,0.08125,0.5822916666666667,0.03125,0.04375
29,751,cl1xjb8ci000k3f6bjjkf3trc,0,0.92734375,0.3083333333333333,0.0359375,0.0375
29,752,cl1xjb311000g3f6b7y8tt576,0,0.08125,0.5822916666666667,0.03125,0.04375
29,752,cl1xjb8ci000k3f6bjjkf3trc,0,0.92734375,0.3083333333333333,0.0359375,0.0375
29,753,cl1xjb311000g3f6b7y8tt576,0,0.08125,0.5822916666666667,0.03125,0.04375
29,753,cl1xjb8ci000k3f6bjjkf3trc,0,0.92734375,0.3083333333333333,0.0359375,0.0375
29,754,cl1xjb311000g3f6b7y8tt576,0,0.08125,0.5822916666666667,0.03125,0.04375
29,754,cl1xjb8ci000k3f6bjjkf3trc,0,0.92734375,0.3083333333333333,0.0359375,0.0375
29,755,cl1xjb311000g3f6b7y8tt576,0,0.08125,0.5822916666666667,0.03125,0.04375
29,755,cl1xjb8ci000k3f6bjjkf3trc,0,0.92734375,0.3083333333333333,0.0359375,0.0375
29,756,cl1xjb311000g3f6b7y8tt576,0,0.08125,0.5822916666666667,0.03125,0.04375
29,756,cl1xjb8ci000k3f6bjjkf3trc,0,0.92734375,0.3083333333333333,0.0359375,0.0375
29,757,cl1xjb311000g3f6b7y8tt576,0,0.08125,0.5822916666666667,0.03125,0.04375
29,757,cl1xjb8ci000k3f6bjjkf3trc,0,0.92734375,0.3083333333333333,0.0359375,0.0375
29,758,cl1xjb311000g3f6b7y8tt576,0,0.08125,0.5822916666666667,0.03125,0.04375
29,758,cl1xjb8ci000k3f6bjjkf3trc,0,0.92734375,0.3083333333333333,0.0359375,0.0375
29,759,cl1xjb311000g3f6b7y8tt576,0,0.08125,0.5822916666666667,0.03125,0.04375
29,759,cl1xjb8ci000k3f6bjjkf3trc,0,0.92734375,0.3083333333333333,0.0359375,0.0375
29,75,ckz3w0j4d00133867psu0dku8,0,0.6125,0.1875,0.040625,0.0458333333333333
29,75,cl1xj98o800033f6bbzcyndpi,0,0.1828125,0.08125,0.025,0.0375
29,75,cl1xj9dfe00073f6bo87qdh30,0,0.42109375,0.3802083333333333,0.0328125,0.0354166666666666
29,75,cl1xj9ksa000b3f6bvr1hgnfn,0,0.78515625,0.5458333333333333,0.0359375,0.0375
29,760,cl1xjb311000g3f6b7y8tt576,0,0.08125,0.5822916666666667,0.03125,0.04375
29,760,cl1xjb8ci000k3f6bjjkf3trc,0,0.92734375,0.3083333333333333,0.0359375,0.0375
29,761,cl1xjb311000g3f6b7y8tt576,0,0.08125,0.5822916666666667,0.03125,0.04375
29,761,cl1xjb8ci000k3f6bjjkf3trc,0,0.92734375,0.3083333333333333,0.0359375,0.0375
29,762,cl1xjb311000g3f6b7y8tt576,0,0.08125,0.5822916666666667,0.03125,0.04375
29,762,cl1xjb8ci000k3f6bjjkf3trc,0,0.92734375,0.3083333333333333,0.0359375,0.0375
29,763,cl1xjb311000g3f6b7y8tt576,0,0.08125,0.5822916666666667,0.03125,0.04375
29,763,cl1xjb8ci000k3f6bjjkf3trc,0,0.92734375,0.3083333333333333,0.0359375,0.0375
29,764,cl1xjb311000g3f6b7y8tt576,0,0.08125,0.5822916666666667,0.03125,0.04375
29,764,cl1xjb8ci000k3f6bjjkf3trc,0,0.92734375,0.3083333333333333,0.0359375,0.0375
29,765,cl1xjb311000g3f6b7y8tt576,0,0.08125,0.5822916666666667,0.03125,0.04375
29,765,cl1xjb8ci000k3f6bjjkf3trc,0,0.92734375,0.3083333333333333,0.0359375,0.0375
29,766,cl1xjb311000g3f6b7y8tt576,0,0.08125,0.5822916666666667,0.03125,0.04375
29,766,cl1xjb8ci000k3f6bjjkf3trc,0,0.92734375,0.3083333333333333,0.0359375,0.0375
29,767,cl1xjb311000g3f6b7y8tt576,0,0.08125,0.5822916666666667,0.03125,0.04375
29,767,cl1xjb8ci000k3f6bjjkf3trc,0,0.92734375,0.3083333333333333,0.0359375,0.0375
29,768,cl1xjb311000g3f6b7y8tt576,0,0.08125,0.5822916666666667,0.03125,0.04375
29,768,cl1xjb8ci000k3f6bjjkf3trc,0,0.92734375,0.3083333333333333,0.0359375,0.0375
29,769,cl1xjb311000g3f6b7y8tt576,0,0.08125,0.5822916666666667,0.03125,0.04375
29,769,cl1xjb8ci000k3f6bjjkf3trc,0,0.92734375,0.3083333333333333,0.0359375,0.0375
29,76,ckz3w0j4d00133867psu0dku8,0,0.6125,0.1875,0.040625,0.0458333333333333
29,76,cl1xj98o800033f6bbzcyndpi,0,0.1828125,0.08125,0.025,0.0375
29,76,cl1xj9dfe00073f6bo87qdh30,0,0.42109375,0.3802083333333333,0.0328125,0.0354166666666666
29,76,cl1xj9ksa000b3f6bvr1hgnfn,0,0.78515625,0.5458333333333333,0.0359375,0.0375
29,770,cl1xjb311000g3f6b7y8tt576,0,0.08125,0.5822916666666667,0.03125,0.04375
29,770,cl1xjb8ci000k3f6bjjkf3trc,0,0.92734375,0.3083333333333333,0.0359375,0.0375
29,771,cl1xjb311000g3f6b7y8tt576,0,0.08125,0.5822916666666667,0.03125,0.04375
29,771,cl1xjb8ci000k3f6bjjkf3trc,0,0.92734375,0.3083333333333333,0.0359375,0.0375
29,772,cl1xjb311000g3f6b7y8tt576,0,0.08125,0.5822916666666667,0.03125,0.04375
29,772,cl1xjb8ci000k3f6bjjkf3trc,0,0.92734375,0.3083333333333333,0.0359375,0.0375
29,773,cl1xjb311000g3f6b7y8tt576,0,0.08125,0.5822916666666667,0.03125,0.04375
29,773,cl1xjb8ci000k3f6bjjkf3trc,0,0.92734375,0.3083333333333333,0.0359375,0.0375
29,774,cl1xjb311000g3f6b7y8tt576,0,0.08125,0.5822916666666667,0.03125,0.04375
29,774,cl1xjb8ci000k3f6bjjkf3trc,0,0.92734375,0.3083333333333333,0.0359375,0.0375
29,775,cl1xjb311000g3f6b7y8tt576,0,0.08125,0.5822916666666667,0.03125,0.04375
29,775,cl1xjb8ci000k3f6bjjkf3trc,0,0.92734375,0.3083333333333333,0.0359375,0.0375
29,776,cl1xjb311000g3f6b7y8tt576,0,0.08125,0.5822916666666667,0.03125,0.04375
29,776,cl1xjb8ci000k3f6bjjkf3trc,0,0.92734375,0.3083333333333333,0.0359375,0.0375
29,777,cl1xjb311000g3f6b7y8tt576,0,0.08125,0.5822916666666667,0.03125,0.04375
29,777,cl1xjb8ci000k3f6bjjkf3trc,0,0.92734375,0.3083333333333333,0.0359375,0.0375
29,778,cl1xjb311000g3f6b7y8tt576,0,0.08125,0.5822916666666667,0.03125,0.04375
29,778,cl1xjb8ci000k3f6bjjkf3trc,0,0.92734375,0.3083333333333333,0.0359375,0.0375
29,779,cl1xjb311000g3f6b7y8tt576,0,0.08125,0.5822916666666667,0.03125,0.04375
29,779,cl1xjb8ci000k3f6bjjkf3trc,0,0.92734375,0.3083333333333333,0.0359375,0.0375
29,77,ckz3w0j4d00133867psu0dku8,0,0.6125,0.1875,0.040625,0.0458333333333333
29,77,cl1xj98o800033f6bbzcyndpi,0,0.1828125,0.08125,0.025,0.0375
29,77,cl1xj9dfe00073f6bo87qdh30,0,0.42109375,0.3802083333333333,0.0328125,0.0354166666666666
29,77,cl1xj9ksa000b3f6bvr1hgnfn,0,0.78515625,0.5458333333333333,0.0359375,0.0375
29,780,cl1xjb311000g3f6b7y8tt576,0,0.08125,0.5822916666666667,0.03125,0.04375
29,780,cl1xjb8ci000k3f6bjjkf3trc,0,0.92734375,0.3083333333333333,0.0359375,0.0375
29,781,cl1xjb311000g3f6b7y8tt576,0,0.08125,0.5822916666666667,0.03125,0.04375
29,781,cl1xjb8ci000k3f6bjjkf3trc,0,0.92734375,0.3083333333333333,0.0359375,0.0375
29,782,cl1xjb311000g3f6b7y8tt576,0,0.08125,0.5822916666666667,0.03125,0.04375
29,782,cl1xjb8ci000k3f6bjjkf3trc,0,0.92734375,0.3083333333333333,0.0359375,0.0375
29,783,cl1xjb311000g3f6b7y8tt576,0,0.08125,0.5822916666666667,0.03125,0.04375
29,783,cl1xjb8ci000k3f6bjjkf3trc,0,0.92734375,0.3083333333333333,0.0359375,0.0375
29,784,cl1xjb311000g3f6b7y8tt576,0,0.08125,0.5822916666666667,0.03125,0.04375
29,784,cl1xjb8ci000k3f6bjjkf3trc,0,0.92734375,0.3083333333333333,0.0359375,0.0375
29,785,cl1xjb311000g3f6b7y8tt576,0,0.08125,0.5822916666666667,0.03125,0.04375
29,785,cl1xjb8ci000k3f6bjjkf3trc,0,0.92734375,0.3083333333333333,0.0359375,0.0375
29,786,cl1xjb311000g3f6b7y8tt576,0,0.08125,0.5822916666666667,0.03125,0.04375
29,786,cl1xjb8ci000k3f6bjjkf3trc,0,0.92734375,0.3083333333333333,0.0359375,0.0375
29,787,cl1xjb311000g3f6b7y8tt576,0,0.08125,0.5822916666666667,0.03125,0.04375
29,787,cl1xjb8ci000k3f6bjjkf3trc,0,0.92734375,0.3083333333333333,0.0359375,0.0375
29,788,cl1xjb311000g3f6b7y8tt576,0,0.08125,0.5822916666666667,0.03125,0.04375
29,788,cl1xjb8ci000k3f6bjjkf3trc,0,0.92734375,0.3083333333333333,0.0359375,0.0375
29,789,cl1xjb311000g3f6b7y8tt576,0,0.08125,0.5822916666666667,0.03125,0.04375
29,789,cl1xjb8ci000k3f6bjjkf3trc,0,0.92734375,0.3083333333333333,0.0359375,0.0375
29,78,ckz3w0j4d00133867psu0dku8,0,0.6125,0.1875,0.040625,0.0458333333333333
29,78,cl1xj98o800033f6bbzcyndpi,0,0.1828125,0.08125,0.025,0.0375
29,78,cl1xj9dfe00073f6bo87qdh30,0,0.42109375,0.3802083333333333,0.0328125,0.0354166666666666
29,78,cl1xj9ksa000b3f6bvr1hgnfn,0,0.78515625,0.5458333333333333,0.0359375,0.0375
29,790,cl1xjb311000g3f6b7y8tt576,0,0.08125,0.5822916666666667,0.03125,0.04375
29,790,cl1xjb8ci000k3f6bjjkf3trc,0,0.92734375,0.3083333333333333,0.0359375,0.0375
29,791,cl1xjb311000g3f6b7y8tt576,0,0.08125,0.5822916666666667,0.03125,0.04375
29,791,cl1xjb8ci000k3f6bjjkf3trc,0,0.92734375,0.3083333333333333,0.0359375,0.0375
29,792,cl1xjb311000g3f6b7y8tt576,0,0.08125,0.5822916666666667,0.03125,0.04375
29,792,cl1xjb8ci000k3f6bjjkf3trc,0,0.92734375,0.3083333333333333,0.0359375,0.0375
29,793,cl1xjb311000g3f6b7y8tt576,0,0.08125,0.5822916666666667,0.03125,0.04375
29,793,cl1xjb8ci000k3f6bjjkf3trc,0,0.92734375,0.3083333333333333,0.0359375,0.0375
29,794,cl1xjb311000g3f6b7y8tt576,0,0.08125,0.5822916666666667,0.03125,0.04375
29,794,cl1xjb8ci000k3f6bjjkf3trc,0,0.92734375,0.3083333333333333,0.0359375,0.0375
29,795,cl1xjb311000g3f6b7y8tt576,0,0.08125,0.5822916666666667,0.03125,0.04375
29,795,cl1xjb8ci000k3f6bjjkf3trc,0,0.92734375,0.3083333333333333,0.0359375,0.0375
29,796,cl1xjb311000g3f6b7y8tt576,0,0.08125,0.5822916666666667,0.03125,0.04375
29,796,cl1xjb8ci000k3f6bjjkf3trc,0,0.92734375,0.3083333333333333,0.0359375,0.0375
29,797,cl1xjb311000g3f6b7y8tt576,0,0.08125,0.5822916666666667,0.03125,0.04375
29,797,cl1xjb8ci000k3f6bjjkf3trc,0,0.92734375,0.3083333333333333,0.0359375,0.0375
29,798,cl1xjb311000g3f6b7y8tt576,0,0.08125,0.5822916666666667,0.03125,0.04375
29,798,cl1xjb8ci000k3f6bjjkf3trc,0,0.92734375,0.3083333333333333,0.0359375,0.0375
29,799,cl1xjb311000g3f6b7y8tt576,0,0.08125,0.5822916666666667,0.03125,0.04375
29,799,cl1xjb8ci000k3f6bjjkf3trc,0,0.92734375,0.3083333333333333,0.0359375,0.0375
29,79,ckz3w0j4d00133867psu0dku8,0,0.6125,0.1875,0.040625,0.0458333333333333
29,79,cl1xj98o800033f6bbzcyndpi,0,0.1828125,0.08125,0.025,0.0375
29,79,cl1xj9dfe00073f6bo87qdh30,0,0.42109375,0.3802083333333333,0.0328125,0.0354166666666666
29,79,cl1xj9ksa000b3f6bvr1hgnfn,0,0.78515625,0.5458333333333333,0.0359375,0.0375
29,7,ckz3w0j4d00133867psu0dku8,0,0.6125,0.1875,0.040625,0.0458333333333333
29,7,cl1xj98o800033f6bbzcyndpi,0,0.1828125,0.08125,0.025,0.0375
29,7,cl1xj9dfe00073f6bo87qdh30,0,0.42109375,0.3802083333333333,0.0328125,0.0354166666666666
29,7,cl1xj9ksa000b3f6bvr1hgnfn,0,0.78515625,0.5458333333333333,0.0359375,0.0375
29,800,cl1xjb311000g3f6b7y8tt576,0,0.08125,0.5822916666666667,0.03125,0.04375
29,800,cl1xjb8ci000k3f6bjjkf3trc,0,0.92734375,0.3083333333333333,0.0359375,0.0375
29,801,cl1xjb311000g3f6b7y8tt576,0,0.08125,0.5822916666666667,0.03125,0.04375
29,801,cl1xjb8ci000k3f6bjjkf3trc,0,0.92734375,0.3083333333333333,0.0359375,0.0375
29,802,cl1xjb311000g3f6b7y8tt576,0,0.08125,0.5822916666666667,0.03125,0.04375
29,802,cl1xjb8ci000k3f6bjjkf3trc,0,0.92734375,0.3083333333333333,0.0359375,0.0375
29,803,cl1xjb311000g3f6b7y8tt576,0,0.08125,0.5822916666666667,0.03125,0.04375
29,803,cl1xjb8ci000k3f6bjjkf3trc,0,0.92734375,0.3083333333333333,0.0359375,0.0375
29,804,cl1xjb311000g3f6b7y8tt576,0,0.08125,0.5822916666666667,0.03125,0.04375
29,804,cl1xjb8ci000k3f6bjjkf3trc,0,0.92734375,0.3083333333333333,0.0359375,0.0375
29,805,cl1xjb311000g3f6b7y8tt576,0,0.08125,0.5822916666666667,0.03125,0.04375
29,805,cl1xjb8ci000k3f6bjjkf3trc,0,0.92734375,0.3083333333333333,0.0359375,0.0375
29,806,cl1xjb311000g3f6b7y8tt576,0,0.08125,0.5822916666666667,0.03125,0.04375
29,806,cl1xjb8ci000k3f6bjjkf3trc,0,0.92734375,0.3083333333333333,0.0359375,0.0375
29,807,cl1xjb311000g3f6b7y8tt576,0,0.08125,0.5822916666666667,0.03125,0.04375
29,807,cl1xjb8ci000k3f6bjjkf3trc,0,0.92734375,0.3083333333333333,0.0359375,0.0375
29,808,cl1xjb311000g3f6b7y8tt576,0,0.08125,0.5822916666666667,0.03125,0.04375
29,808,cl1xjb8ci000k3f6bjjkf3trc,0,0.92734375,0.3083333333333333,0.0359375,0.0375
29,809,cl1xjb311000g3f6b7y8tt576,0,0.08125,0.5822916666666667,0.03125,0.04375
29,809,cl1xjb8ci000k3f6bjjkf3trc,0,0.92734375,0.3083333333333333,0.0359375,0.0375
29,80,ckz3w0j4d00133867psu0dku8,0,0.6125,0.1875,0.040625,0.0458333333333333
29,80,cl1xj98o800033f6bbzcyndpi,0,0.1828125,0.08125,0.025,0.0375
29,80,cl1xj9dfe00073f6bo87qdh30,0,0.42109375,0.3802083333333333,0.0328125,0.0354166666666666
29,80,cl1xj9ksa000b3f6bvr1hgnfn,0,0.78515625,0.5458333333333333,0.0359375,0.0375
29,810,cl1xjb311000g3f6b7y8tt576,0,0.08125,0.5822916666666667,0.03125,0.04375
29,810,cl1xjb8ci000k3f6bjjkf3trc,0,0.92734375,0.3083333333333333,0.0359375,0.0375
29,811,cl1xjb311000g3f6b7y8tt576,0,0.08125,0.5822916666666667,0.03125,0.04375
29,811,cl1xjb8ci000k3f6bjjkf3trc,0,0.92734375,0.3083333333333333,0.0359375,0.0375
29,812,cl1xjb311000g3f6b7y8tt576,0,0.08125,0.5822916666666667,0.03125,0.04375
29,812,cl1xjb8ci000k3f6bjjkf3trc,0,0.92734375,0.3083333333333333,0.0359375,0.0375
29,813,cl1xjb311000g3f6b7y8tt576,0,0.08125,0.5822916666666667,0.03125,0.04375
29,813,cl1xjb8ci000k3f6bjjkf3trc,0,0.92734375,0.3083333333333333,0.0359375,0.0375
29,814,cl1xjb311000g3f6b7y8tt576,0,0.08125,0.5822916666666667,0.03125,0.04375
29,814,cl1xjb8ci000k3f6bjjkf3trc,0,0.92734375,0.3083333333333333,0.0359375,0.0375
29,815,cl1xjb311000g3f6b7y8tt576,0,0.08125,0.5822916666666667,0.03125,0.04375
29,815,cl1xjb8ci000k3f6bjjkf3trc,0,0.92734375,0.3083333333333333,0.0359375,0.0375
29,816,cl1xjb311000g3f6b7y8tt576,0,0.08125,0.5822916666666667,0.03125,0.04375
29,816,cl1xjb8ci000k3f6bjjkf3trc,0,0.92734375,0.3083333333333333,0.0359375,0.0375
29,817,cl1xjb311000g3f6b7y8tt576,0,0.08125,0.5822916666666667,0.03125,0.04375
29,817,cl1xjb8ci000k3f6bjjkf3trc,0,0.92734375,0.3083333333333333,0.0359375,0.0375
29,818,cl1xjb311000g3f6b7y8tt576,0,0.08125,0.5822916666666667,0.03125,0.04375
29,818,cl1xjb8ci000k3f6bjjkf3trc,0,0.92734375,0.3083333333333333,0.0359375,0.0375
29,819,cl1xjb311000g3f6b7y8tt576,0,0.08125,0.5822916666666667,0.03125,0.04375
29,819,cl1xjb8ci000k3f6bjjkf3trc,0,0.92734375,0.3083333333333333,0.0359375,0.0375
29,81,ckz3w0j4d00133867psu0dku8,0,0.6125,0.1875,0.040625,0.0458333333333333
29,81,cl1xj98o800033f6bbzcyndpi,0,0.1828125,0.08125,0.025,0.0375
29,81,cl1xj9dfe00073f6bo87qdh30,0,0.42109375,0.3802083333333333,0.0328125,0.0354166666666666
29,81,cl1xj9ksa000b3f6bvr1hgnfn,0,0.78515625,0.5458333333333333,0.0359375,0.0375
29,820,cl1xjb311000g3f6b7y8tt576,0,0.08125,0.5822916666666667,0.03125,0.04375
29,820,cl1xjb8ci000k3f6bjjkf3trc,0,0.92734375,0.3083333333333333,0.0359375,0.0375
29,821,cl1xjb311000g3f6b7y8tt576,0,0.08125,0.5822916666666667,0.03125,0.04375
29,821,cl1xjb8ci000k3f6bjjkf3trc,0,0.92734375,0.3083333333333333,0.0359375,0.0375
29,822,cl1xjb311000g3f6b7y8tt576,0,0.08125,0.5822916666666667,0.03125,0.04375
29,822,cl1xjb8ci000k3f6bjjkf3trc,0,0.92734375,0.3083333333333333,0.0359375,0.0375
29,823,cl1xjb311000g3f6b7y8tt576,0,0.08125,0.5822916666666667,0.03125,0.04375
29,823,cl1xjb8ci000k3f6bjjkf3trc,0,0.92734375,0.3083333333333333,0.0359375,0.0375
29,824,cl1xjb311000g3f6b7y8tt576,0,0.08125,0.5822916666666667,0.03125,0.04375
29,824,cl1xjb8ci000k3f6bjjkf3trc,0,0.92734375,0.3083333333333333,0.0359375,0.0375
29,825,cl1xjb311000g3f6b7y8tt576,0,0.08125,0.5822916666666667,0.03125,0.04375
29,825,cl1xjb8ci000k3f6bjjkf3trc,0,0.92734375,0.3083333333333333,0.0359375,0.0375
29,826,cl1xjb311000g3f6b7y8tt576,0,0.08125,0.5822916666666667,0.03125,0.04375
29,826,cl1xjb8ci000k3f6bjjkf3trc,0,0.92734375,0.3083333333333333,0.0359375,0.0375
29,827,cl1xjb311000g3f6b7y8tt576,0,0.08125,0.5822916666666667,0.03125,0.04375
29,827,cl1xjb8ci000k3f6bjjkf3trc,0,0.92734375,0.3083333333333333,0.0359375,0.0375
29,828,cl1xjb311000g3f6b7y8tt576,0,0.08125,0.5822916666666667,0.03125,0.04375
29,828,cl1xjb8ci000k3f6bjjkf3trc,0,0.92734375,0.3083333333333333,0.0359375,0.0375
29,829,cl1xjb311000g3f6b7y8tt576,0,0.08125,0.5822916666666667,0.03125,0.04375
29,829,cl1xjb8ci000k3f6bjjkf3trc,0,0.92734375,0.3083333333333333,0.0359375,0.0375
29,82,ckz3w0j4d00133867psu0dku8,0,0.6125,0.1875,0.040625,0.0458333333333333
29,82,cl1xj98o800033f6bbzcyndpi,0,0.1828125,0.08125,0.025,0.0375
29,82,cl1xj9dfe00073f6bo87qdh30,0,0.42109375,0.3802083333333333,0.0328125,0.0354166666666666
29,82,cl1xj9ksa000b3f6bvr1hgnfn,0,0.78515625,0.5458333333333333,0.0359375,0.0375
29,830,cl1xjb311000g3f6b7y8tt576,0,0.08125,0.5822916666666667,0.03125,0.04375
29,830,cl1xjb8ci000k3f6bjjkf3trc,0,0.92734375,0.3083333333333333,0.0359375,0.0375
29,831,cl1xjb311000g3f6b7y8tt576,0,0.08125,0.5822916666666667,0.03125,0.04375
29,831,cl1xjb8ci000k3f6bjjkf3trc,0,0.92734375,0.3083333333333333,0.0359375,0.0375
29,832,cl1xjb311000g3f6b7y8tt576,0,0.08125,0.5822916666666667,0.03125,0.04375
29,832,cl1xjb8ci000k3f6bjjkf3trc,0,0.92734375,0.3083333333333333,0.0359375,0.0375
29,833,cl1xjb311000g3f6b7y8tt576,0,0.08125,0.5822916666666667,0.03125,0.04375
29,833,cl1xjb8ci000k3f6bjjkf3trc,0,0.92734375,0.3083333333333333,0.0359375,0.0375
29,834,cl1xjb311000g3f6b7y8tt576,0,0.08125,0.5822916666666667,0.03125,0.04375
29,834,cl1xjb8ci000k3f6bjjkf3trc,0,0.92734375,0.3083333333333333,0.0359375,0.0375
29,835,cl1xjb311000g3f6b7y8tt576,0,0.08125,0.5822916666666667,0.03125,0.04375
29,835,cl1xjb8ci000k3f6bjjkf3trc,0,0.92734375,0.3083333333333333,0.0359375,0.0375
29,836,cl1xjb311000g3f6b7y8tt576,0,0.08125,0.5822916666666667,0.03125,0.04375
29,836,cl1xjb8ci000k3f6bjjkf3trc,0,0.92734375,0.3083333333333333,0.0359375,0.0375
29,837,cl1xjb311000g3f6b7y8tt576,0,0.08125,0.5822916666666667,0.03125,0.04375
29,837,cl1xjb8ci000k3f6bjjkf3trc,0,0.92734375,0.3083333333333333,0.0359375,0.0375
29,838,cl1xjb311000g3f6b7y8tt576,0,0.08125,0.5822916666666667,0.03125,0.04375
29,838,cl1xjb8ci000k3f6bjjkf3trc,0,0.92734375,0.3083333333333333,0.0359375,0.0375
29,839,cl1xjb311000g3f6b7y8tt576,0,0.08125,0.5822916666666667,0.03125,0.04375
29,839,cl1xjb8ci000k3f6bjjkf3trc,0,0.92734375,0.3083333333333333,0.0359375,0.0375
29,83,ckz3w0j4d00133867psu0dku8,0,0.6125,0.1875,0.040625,0.0458333333333333
29,83,cl1xj98o800033f6bbzcyndpi,0,0.1828125,0.08125,0.025,0.0375
29,83,cl1xj9dfe00073f6bo87qdh30,0,0.42109375,0.3802083333333333,0.0328125,0.0354166666666666
29,83,cl1xj9ksa000b3f6bvr1hgnfn,0,0.78515625,0.5458333333333333,0.0359375,0.0375
29,840,cl1xjb311000g3f6b7y8tt576,0,0.08125,0.5822916666666667,0.03125,0.04375
29,840,cl1xjb8ci000k3f6bjjkf3trc,0,0.92734375,0.3083333333333333,0.0359375,0.0375
29,841,cl1xjb311000g3f6b7y8tt576,0,0.08125,0.5822916666666667,0.03125,0.04375
29,841,cl1xjb8ci000k3f6bjjkf3trc,0,0.92734375,0.3083333333333333,0.0359375,0.0375
29,842,cl1xjb311000g3f6b7y8tt576,0,0.08125,0.5822916666666667,0.03125,0.04375
29,842,cl1xjb8ci000k3f6bjjkf3trc,0,0.92734375,0.3083333333333333,0.0359375,0.0375
29,843,cl1xjb311000g3f6b7y8tt576,0,0.08125,0.5822916666666667,0.03125,0.04375
29,843,cl1xjb8ci000k3f6bjjkf3trc,0,0.92734375,0.3083333333333333,0.0359375,0.0375
29,844,cl1xjb311000g3f6b7y8tt576,0,0.08125,0.5822916666666667,0.03125,0.04375
29,844,cl1xjb8ci000k3f6bjjkf3trc,0,0.92734375,0.3083333333333333,0.0359375,0.0375
29,845,cl1xjb311000g3f6b7y8tt576,0,0.08125,0.5822916666666667,0.03125,0.04375
29,845,cl1xjb8ci000k3f6bjjkf3trc,0,0.92734375,0.3083333333333333,0.0359375,0.0375
29,846,cl1xjb311000g3f6b7y8tt576,0,0.08125,0.5822916666666667,0.03125,0.04375
29,846,cl1xjb8ci000k3f6bjjkf3trc,0,0.92734375,0.3083333333333333,0.0359375,0.0375
29,847,cl1xjb311000g3f6b7y8tt576,0,0.08125,0.5822916666666667,0.03125,0.04375
29,847,cl1xjb8ci000k3f6bjjkf3trc,0,0.92734375,0.3083333333333333,0.0359375,0.0375
29,848,cl1xjb311000g3f6b7y8tt576,0,0.08125,0.5822916666666667,0.03125,0.04375
29,848,cl1xjb8ci000k3f6bjjkf3trc,0,0.92734375,0.3083333333333333,0.0359375,0.0375
29,849,cl1xjb311000g3f6b7y8tt576,0,0.08125,0.5822916666666667,0.03125,0.04375
29,849,cl1xjb8ci000k3f6bjjkf3trc,0,0.92734375,0.3083333333333333,0.0359375,0.0375
29,84,ckz3w0j4d00133867psu0dku8,0,0.6125,0.1875,0.040625,0.0458333333333333
29,84,cl1xj98o800033f6bbzcyndpi,0,0.1828125,0.08125,0.025,0.0375
29,84,cl1xj9dfe00073f6bo87qdh30,0,0.42109375,0.3802083333333333,0.0328125,0.0354166666666666
29,84,cl1xj9ksa000b3f6bvr1hgnfn,0,0.78515625,0.5458333333333333,0.0359375,0.0375
29,850,cl1xjb311000g3f6b7y8tt576,0,0.08125,0.5822916666666667,0.03125,0.04375
29,850,cl1xjb8ci000k3f6bjjkf3trc,0,0.92734375,0.3083333333333333,0.0359375,0.0375
29,851,cl1xjb311000g3f6b7y8tt576,0,0.08125,0.5822916666666667,0.03125,0.04375
29,851,cl1xjb8ci000k3f6bjjkf3trc,0,0.92734375,0.3083333333333333,0.0359375,0.0375
29,852,cl1xjb311000g3f6b7y8tt576,0,0.08125,0.5822916666666667,0.03125,0.04375
29,852,cl1xjb8ci000k3f6bjjkf3trc,0,0.92734375,0.3083333333333333,0.0359375,0.0375
29,853,cl1xjb311000g3f6b7y8tt576,0,0.08125,0.5822916666666667,0.03125,0.04375
29,853,cl1xjb8ci000k3f6bjjkf3trc,0,0.92734375,0.3083333333333333,0.0359375,0.0375
29,854,cl1xjb311000g3f6b7y8tt576,0,0.08125,0.5822916666666667,0.03125,0.04375
29,854,cl1xjb8ci000k3f6bjjkf3trc,0,0.92734375,0.3083333333333333,0.0359375,0.0375
29,855,cl1xjb311000g3f6b7y8tt576,0,0.08125,0.5822916666666667,0.03125,0.04375
29,855,cl1xjb8ci000k3f6bjjkf3trc,0,0.92734375,0.3083333333333333,0.0359375,0.0375
29,856,cl1xjb311000g3f6b7y8tt576,0,0.08125,0.5822916666666667,0.03125,0.04375
29,856,cl1xjb8ci000k3f6bjjkf3trc,0,0.92734375,0.3083333333333333,0.0359375,0.0375
29,857,cl1xjb311000g3f6b7y8tt576,0,0.08125,0.5822916666666667,0.03125,0.04375
29,857,cl1xjb8ci000k3f6bjjkf3trc,0,0.92734375,0.3083333333333333,0.0359375,0.0375
29,858,cl1xjb311000g3f6b7y8tt576,0,0.08125,0.5822916666666667,0.03125,0.04375
29,858,cl1xjb8ci000k3f6bjjkf3trc,0,0.92734375,0.3083333333333333,0.0359375,0.0375
29,859,cl1xjb311000g3f6b7y8tt576,0,0.08125,0.5822916666666667,0.03125,0.04375
29,859,cl1xjb8ci000k3f6bjjkf3trc,0,0.92734375,0.3083333333333333,0.0359375,0.0375
29,85,ckz3w0j4d00133867psu0dku8,0,0.6125,0.1875,0.040625,0.0458333333333333
29,85,cl1xj98o800033f6bbzcyndpi,0,0.1828125,0.08125,0.025,0.0375
29,85,cl1xj9dfe00073f6bo87qdh30,0,0.42109375,0.3802083333333333,0.0328125,0.0354166666666666
29,85,cl1xj9ksa000b3f6bvr1hgnfn,0,0.78515625,0.5458333333333333,0.0359375,0.0375
29,860,cl1xjb311000g3f6b7y8tt576,0,0.08125,0.5822916666666667,0.03125,0.04375
29,860,cl1xjb8ci000k3f6bjjkf3trc,0,0.92734375,0.3083333333333333,0.0359375,0.0375
29,861,cl1xjb311000g3f6b7y8tt576,0,0.08125,0.5822916666666667,0.03125,0.04375
29,861,cl1xjb8ci000k3f6bjjkf3trc,0,0.92734375,0.3083333333333333,0.0359375,0.0375
29,862,cl1xjb311000g3f6b7y8tt576,0,0.08125,0.5822916666666667,0.03125,0.04375
29,862,cl1xjb8ci000k3f6bjjkf3trc,0,0.92734375,0.3083333333333333,0.0359375,0.0375
29,863,cl1xjb311000g3f6b7y8tt576,0,0.08125,0.5822916666666667,0.03125,0.04375
29,863,cl1xjb8ci000k3f6bjjkf3trc,0,0.92734375,0.3083333333333333,0.0359375,0.0375
29,864,cl1xjb311000g3f6b7y8tt576,0,0.08125,0.5822916666666667,0.03125,0.04375
29,864,cl1xjb8ci000k3f6bjjkf3trc,0,0.92734375,0.3083333333333333,0.0359375,0.0375
29,865,cl1xjb311000g3f6b7y8tt576,0,0.08125,0.5822916666666667,0.03125,0.04375
29,865,cl1xjb8ci000k3f6bjjkf3trc,0,0.92734375,0.3083333333333333,0.0359375,0.0375
29,866,cl1xjb311000g3f6b7y8tt576,0,0.08125,0.5822916666666667,0.03125,0.04375
29,866,cl1xjb8ci000k3f6bjjkf3trc,0,0.92734375,0.3083333333333333,0.0359375,0.0375
29,867,cl1xjb311000g3f6b7y8tt576,0,0.08125,0.5822916666666667,0.03125,0.04375
29,867,cl1xjb8ci000k3f6bjjkf3trc,0,0.92734375,0.3083333333333333,0.0359375,0.0375
29,868,cl1xjb311000g3f6b7y8tt576,0,0.08125,0.5822916666666667,0.03125,0.04375
29,868,cl1xjb8ci000k3f6bjjkf3trc,0,0.92734375,0.3083333333333333,0.0359375,0.0375
29,869,cl1xjb311000g3f6b7y8tt576,0,0.08125,0.5822916666666667,0.03125,0.04375
29,869,cl1xjb8ci000k3f6bjjkf3trc,0,0.92734375,0.3083333333333333,0.0359375,0.0375
29,86,ckz3w0j4d00133867psu0dku8,0,0.6125,0.1875,0.040625,0.0458333333333333
29,86,cl1xj98o800033f6bbzcyndpi,0,0.1828125,0.08125,0.025,0.0375
29,86,cl1xj9dfe00073f6bo87qdh30,0,0.42109375,0.3802083333333333,0.0328125,0.0354166666666666
29,86,cl1xj9ksa000b3f6bvr1hgnfn,0,0.78515625,0.5458333333333333,0.0359375,0.0375
29,870,cl1xjb311000g3f6b7y8tt576,0,0.08125,0.5822916666666667,0.03125,0.04375
29,870,cl1xjb8ci000k3f6bjjkf3trc,0,0.92734375,0.3083333333333333,0.0359375,0.0375
29,871,cl1xjb311000g3f6b7y8tt576,0,0.08125,0.5822916666666667,0.03125,0.04375
29,871,cl1xjb8ci000k3f6bjjkf3trc,0,0.92734375,0.3083333333333333,0.0359375,0.0375
29,872,cl1xjb311000g3f6b7y8tt576,0,0.08125,0.5822916666666667,0.03125,0.04375
29,872,cl1xjb8ci000k3f6bjjkf3trc,0,0.92734375,0.3083333333333333,0.0359375,0.0375
29,873,cl1xjb311000g3f6b7y8tt576,0,0.08125,0.5822916666666667,0.03125,0.04375
29,873,cl1xjb8ci000k3f6bjjkf3trc,0,0.92734375,0.3083333333333333,0.0359375,0.0375
29,874,cl1xjb311000g3f6b7y8tt576,0,0.08125,0.5822916666666667,0.03125,0.04375
29,874,cl1xjb8ci000k3f6bjjkf3trc,0,0.92734375,0.3083333333333333,0.0359375,0.0375
29,875,cl1xjb311000g3f6b7y8tt576,0,0.08125,0.5822916666666667,0.03125,0.04375
29,875,cl1xjb8ci000k3f6bjjkf3trc,0,0.92734375,0.3083333333333333,0.0359375,0.0375
29,876,cl1xjb311000g3f6b7y8tt576,0,0.08125,0.5822916666666667,0.03125,0.04375
29,876,cl1xjb8ci000k3f6bjjkf3trc,0,0.92734375,0.3083333333333333,0.0359375,0.0375
29,877,cl1xjb311000g3f6b7y8tt576,0,0.08125,0.5822916666666667,0.03125,0.04375
29,877,cl1xjb8ci000k3f6bjjkf3trc,0,0.92734375,0.3083333333333333,0.0359375,0.0375
29,878,cl1xjb311000g3f6b7y8tt576,0,0.08125,0.5822916666666667,0.03125,0.04375
29,878,cl1xjb8ci000k3f6bjjkf3trc,0,0.92734375,0.3083333333333333,0.0359375,0.0375
29,879,cl1xjb311000g3f6b7y8tt576,0,0.08125,0.5822916666666667,0.03125,0.04375
29,879,cl1xjb8ci000k3f6bjjkf3trc,0,0.92734375,0.3083333333333333,0.0359375,0.0375
29,87,ckz3w0j4d00133867psu0dku8,0,0.6125,0.1875,0.040625,0.0458333333333333
29,87,cl1xj98o800033f6bbzcyndpi,0,0.1828125,0.08125,0.025,0.0375
29,87,cl1xj9dfe00073f6bo87qdh30,0,0.42109375,0.3802083333333333,0.0328125,0.0354166666666666
29,87,cl1xj9ksa000b3f6bvr1hgnfn,0,0.78515625,0.5458333333333333,0.0359375,0.0375
29,880,cl1xjb311000g3f6b7y8tt576,0,0.08125,0.5822916666666667,0.03125,0.04375
29,880,cl1xjb8ci000k3f6bjjkf3trc,0,0.92734375,0.3083333333333333,0.0359375,0.0375
29,881,cl1xjb311000g3f6b7y8tt576,0,0.08125,0.5822916666666667,0.03125,0.04375
29,881,cl1xjb8ci000k3f6bjjkf3trc,0,0.92734375,0.3083333333333333,0.0359375,0.0375
29,882,cl1xjb311000g3f6b7y8tt576,0,0.08125,0.5822916666666667,0.03125,0.04375
29,882,cl1xjb8ci000k3f6bjjkf3trc,0,0.92734375,0.3083333333333333,0.0359375,0.0375
29,883,cl1xjb311000g3f6b7y8tt576,0,0.08125,0.5822916666666667,0.03125,0.04375
29,883,cl1xjb8ci000k3f6bjjkf3trc,0,0.92734375,0.3083333333333333,0.0359375,0.0375
29,884,cl1xjb311000g3f6b7y8tt576,0,0.08125,0.5822916666666667,0.03125,0.04375
29,884,cl1xjb8ci000k3f6bjjkf3trc,0,0.92734375,0.3083333333333333,0.0359375,0.0375
29,885,cl1xjb311000g3f6b7y8tt576,0,0.08125,0.5822916666666667,0.03125,0.04375
29,885,cl1xjb8ci000k3f6bjjkf3trc,0,0.92734375,0.3083333333333333,0.0359375,0.0375
29,886,cl1xjb311000g3f6b7y8tt576,0,0.08125,0.5822916666666667,0.03125,0.04375
29,886,cl1xjb8ci000k3f6bjjkf3trc,0,0.92734375,0.3083333333333333,0.0359375,0.0375
29,887,cl1xjb311000g3f6b7y8tt576,0,0.08125,0.5822916666666667,0.03125,0.04375
29,887,cl1xjb8ci000k3f6bjjkf3trc,0,0.92734375,0.3083333333333333,0.0359375,0.0375
29,888,cl1xjb311000g3f6b7y8tt576,0,0.08125,0.5822916666666667,0.03125,0.04375
29,888,cl1xjb8ci000k3f6bjjkf3trc,0,0.92734375,0.3083333333333333,0.0359375,0.0375
29,889,cl1xjb311000g3f6b7y8tt576,0,0.08125,0.5822916666666667,0.03125,0.04375
29,889,cl1xjb8ci000k3f6bjjkf3trc,0,0.92734375,0.3083333333333333,0.0359375,0.0375
29,88,ckz3w0j4d00133867psu0dku8,0,0.6125,0.1875,0.040625,0.0458333333333333
29,88,cl1xj98o800033f6bbzcyndpi,0,0.1828125,0.08125,0.025,0.0375
29,88,cl1xj9dfe00073f6bo87qdh30,0,0.42109375,0.3802083333333333,0.0328125,0.0354166666666666
29,88,cl1xj9ksa000b3f6bvr1hgnfn,0,0.78515625,0.5458333333333333,0.0359375,0.0375
29,890,cl1xjb311000g3f6b7y8tt576,0,0.08125,0.5822916666666667,0.03125,0.04375
29,890,cl1xjb8ci000k3f6bjjkf3trc,0,0.92734375,0.3083333333333333,0.0359375,0.0375
29,891,cl1xjb311000g3f6b7y8tt576,0,0.08125,0.5822916666666667,0.03125,0.04375
29,891,cl1xjb8ci000k3f6bjjkf3trc,0,0.92734375,0.3083333333333333,0.0359375,0.0375
29,892,cl1xjb311000g3f6b7y8tt576,0,0.08125,0.5822916666666667,0.03125,0.04375
29,892,cl1xjb8ci000k3f6bjjkf3trc,0,0.92734375,0.3083333333333333,0.0359375,0.0375
29,893,cl1xjb311000g3f6b7y8tt576,0,0.08125,0.5822916666666667,0.03125,0.04375
29,893,cl1xjb8ci000k3f6bjjkf3trc,0,0.92734375,0.3083333333333333,0.0359375,0.0375
29,894,cl1xjb311000g3f6b7y8tt576,0,0.08125,0.5822916666666667,0.03125,0.04375
29,894,cl1xjb8ci000k3f6bjjkf3trc,0,0.92734375,0.3083333333333333,0.0359375,0.0375
29,895,cl1xjb311000g3f6b7y8tt576,0,0.08125,0.5822916666666667,0.03125,0.04375
29,895,cl1xjb8ci000k3f6bjjkf3trc,0,0.92734375,0.3083333333333333,0.0359375,0.0375
29,896,cl1xjb311000g3f6b7y8tt576,0,0.08125,0.5822916666666667,0.03125,0.04375
29,896,cl1xjb8ci000k3f6bjjkf3trc,0,0.92734375,0.3083333333333333,0.0359375,0.0375
29,897,cl1xjb311000g3f6b7y8tt576,0,0.08125,0.5822916666666667,0.03125,0.04375
29,897,cl1xjb8ci000k3f6bjjkf3trc,0,0.92734375,0.3083333333333333,0.0359375,0.0375
29,898,cl1xjb311000g3f6b7y8tt576,0,0.08125,0.5822916666666667,0.03125,0.04375
29,898,cl1xjb8ci000k3f6bjjkf3trc,0,0.92734375,0.3083333333333333,0.0359375,0.0375
29,899,cl1xjb311000g3f6b7y8tt576,0,0.08125,0.5822916666666667,0.03125,0.04375
29,899,cl1xjb8ci000k3f6bjjkf3trc,0,0.92734375,0.3083333333333333,0.0359375,0.0375
29,89,ckz3w0j4d00133867psu0dku8,0,0.6125,0.1875,0.040625,0.0458333333333333
29,89,cl1xj98o800033f6bbzcyndpi,0,0.1828125,0.08125,0.025,0.0375
29,89,cl1xj9dfe00073f6bo87qdh30,0,0.42109375,0.3802083333333333,0.0328125,0.0354166666666666
29,89,cl1xj9ksa000b3f6bvr1hgnfn,0,0.78515625,0.5458333333333333,0.0359375,0.0375
29,8,ckz3w0j4d00133867psu0dku8,0,0.6125,0.1875,0.040625,0.0458333333333333
29,8,cl1xj98o800033f6bbzcyndpi,0,0.1828125,0.08125,0.025,0.0375
29,8,cl1xj9dfe00073f6bo87qdh30,0,0.42109375,0.3802083333333333,0.0328125,0.0354166666666666
29,8,cl1xj9ksa000b3f6bvr1hgnfn,0,0.78515625,0.5458333333333333,0.0359375,0.0375
29,900,cl1xjb311000g3f6b7y8tt576,0,0.08125,0.5822916666666667,0.03125,0.04375
29,900,cl1xjb8ci000k3f6bjjkf3trc,0,0.92734375,0.3083333333333333,0.0359375,0.0375
29,901,cl1xjb311000g3f6b7y8tt576,0,0.08125,0.5822916666666667,0.03125,0.04375
29,901,cl1xjb8ci000k3f6bjjkf3trc,0,0.92734375,0.3083333333333333,0.0359375,0.0375
29,902,cl1xjb311000g3f6b7y8tt576,0,0.08125,0.5822916666666667,0.03125,0.04375
29,902,cl1xjb8ci000k3f6bjjkf3trc,0,0.92734375,0.3083333333333333,0.0359375,0.0375
29,903,cl1xjb311000g3f6b7y8tt576,0,0.08125,0.5822916666666667,0.03125,0.04375
29,903,cl1xjb8ci000k3f6bjjkf3trc,0,0.92734375,0.3083333333333333,0.0359375,0.0375
29,904,cl1xjb311000g3f6b7y8tt576,0,0.08125,0.5822916666666667,0.03125,0.04375
29,904,cl1xjb8ci000k3f6bjjkf3trc,0,0.92734375,0.3083333333333333,0.0359375,0.0375
29,905,cl1xjb311000g3f6b7y8tt576,0,0.08125,0.5822916666666667,0.03125,0.04375
29,905,cl1xjb8ci000k3f6bjjkf3trc,0,0.92734375,0.3083333333333333,0.0359375,0.0375
29,906,cl1xjb311000g3f6b7y8tt576,0,0.08125,0.5822916666666667,0.03125,0.04375
29,906,cl1xjb8ci000k3f6bjjkf3trc,0,0.92734375,0.3083333333333333,0.0359375,0.0375
29,907,cl1xjb311000g3f6b7y8tt576,0,0.08125,0.5822916666666667,0.03125,0.04375
29,907,cl1xjb8ci000k3f6bjjkf3trc,0,0.92734375,0.3083333333333333,0.0359375,0.0375
29,908,cl1xjb311000g3f6b7y8tt576,0,0.08125,0.5822916666666667,0.03125,0.04375
29,908,cl1xjb8ci000k3f6bjjkf3trc,0,0.92734375,0.3083333333333333,0.0359375,0.0375
29,909,cl1xjb311000g3f6b7y8tt576,0,0.08125,0.5822916666666667,0.03125,0.04375
29,909,cl1xjb8ci000k3f6bjjkf3trc,0,0.92734375,0.3083333333333333,0.0359375,0.0375
29,90,ckz3w0j4d00133867psu0dku8,0,0.6125,0.1875,0.040625,0.0458333333333333
29,90,cl1xj98o800033f6bbzcyndpi,0,0.1828125,0.08125,0.025,0.0375
29,90,cl1xj9dfe00073f6bo87qdh30,0,0.42109375,0.3802083333333333,0.0328125,0.0354166666666666
29,90,cl1xj9ksa000b3f6bvr1hgnfn,0,0.78515625,0.5458333333333333,0.0359375,0.0375
29,910,cl1xjb311000g3f6b7y8tt576,0,0.08125,0.5822916666666667,0.03125,0.04375
29,910,cl1xjb8ci000k3f6bjjkf3trc,0,0.92734375,0.3083333333333333,0.0359375,0.0375
29,911,cl1xjb311000g3f6b7y8tt576,0,0.08125,0.5822916666666667,0.03125,0.04375
29,911,cl1xjb8ci000k3f6bjjkf3trc,0,0.92734375,0.3083333333333333,0.0359375,0.0375
29,912,cl1xjb311000g3f6b7y8tt576,0,0.08125,0.5822916666666667,0.03125,0.04375
29,912,cl1xjb8ci000k3f6bjjkf3trc,0,0.92734375,0.3083333333333333,0.0359375,0.0375
29,913,cl1xjb311000g3f6b7y8tt576,0,0.08125,0.5822916666666667,0.03125,0.04375
29,913,cl1xjb8ci000k3f6bjjkf3trc,0,0.92734375,0.3083333333333333,0.0359375,0.0375
29,914,cl1xjb311000g3f6b7y8tt576,0,0.08125,0.5822916666666667,0.03125,0.04375
29,914,cl1xjb8ci000k3f6bjjkf3trc,0,0.92734375,0.3083333333333333,0.0359375,0.0375
29,915,cl1xjb311000g3f6b7y8tt576,0,0.08125,0.5822916666666667,0.03125,0.04375
29,915,cl1xjb8ci000k3f6bjjkf3trc,0,0.92734375,0.3083333333333333,0.0359375,0.0375
29,916,cl1xjb311000g3f6b7y8tt576,0,0.08125,0.5822916666666667,0.03125,0.04375
29,916,cl1xjb8ci000k3f6bjjkf3trc,0,0.92734375,0.3083333333333333,0.0359375,0.0375
29,917,cl1xjb311000g3f6b7y8tt576,0,0.08125,0.5822916666666667,0.03125,0.04375
29,917,cl1xjb8ci000k3f6bjjkf3trc,0,0.92734375,0.3083333333333333,0.0359375,0.0375
29,918,cl1xjb311000g3f6b7y8tt576,0,0.08125,0.5822916666666667,0.03125,0.04375
29,918,cl1xjb8ci000k3f6bjjkf3trc,0,0.92734375,0.3083333333333333,0.0359375,0.0375
29,919,cl1xjb311000g3f6b7y8tt576,0,0.08125,0.5822916666666667,0.03125,0.04375
29,919,cl1xjb8ci000k3f6bjjkf3trc,0,0.92734375,0.3083333333333333,0.0359375,0.0375
29,91,ckz3w0j4d00133867psu0dku8,0,0.6125,0.1875,0.040625,0.0458333333333333
29,91,cl1xj98o800033f6bbzcyndpi,0,0.1828125,0.08125,0.025,0.0375
29,91,cl1xj9dfe00073f6bo87qdh30,0,0.42109375,0.3802083333333333,0.0328125,0.0354166666666666
29,91,cl1xj9ksa000b3f6bvr1hgnfn,0,0.78515625,0.5458333333333333,0.0359375,0.0375
29,920,cl1xjb311000g3f6b7y8tt576,0,0.08125,0.5822916666666667,0.03125,0.04375
29,920,cl1xjb8ci000k3f6bjjkf3trc,0,0.92734375,0.3083333333333333,0.0359375,0.0375
29,921,cl1xjb311000g3f6b7y8tt576,0,0.08125,0.5822916666666667,0.03125,0.04375
29,921,cl1xjb8ci000k3f6bjjkf3trc,0,0.92734375,0.3083333333333333,0.0359375,0.0375
29,922,cl1xjb311000g3f6b7y8tt576,0,0.08125,0.5822916666666667,0.03125,0.04375
29,922,cl1xjb8ci000k3f6bjjkf3trc,0,0.92734375,0.3083333333333333,0.0359375,0.0375
29,923,cl1xjb311000g3f6b7y8tt576,0,0.08125,0.5822916666666667,0.03125,0.04375
29,923,cl1xjb8ci000k3f6bjjkf3trc,0,0.92734375,0.3083333333333333,0.0359375,0.0375
29,924,cl1xjb311000g3f6b7y8tt576,0,0.08125,0.5822916666666667,0.03125,0.04375
29,924,cl1xjb8ci000k3f6bjjkf3trc,0,0.92734375,0.3083333333333333,0.0359375,0.0375
29,925,cl1xjb311000g3f6b7y8tt576,0,0.08125,0.5822916666666667,0.03125,0.04375
29,925,cl1xjb8ci000k3f6bjjkf3trc,0,0.92734375,0.3083333333333333,0.0359375,0.0375
29,926,cl1xjb311000g3f6b7y8tt576,0,0.08125,0.5822916666666667,0.03125,0.04375
29,926,cl1xjb8ci000k3f6bjjkf3trc,0,0.92734375,0.3083333333333333,0.0359375,0.0375
29,927,cl1xjb311000g3f6b7y8tt576,0,0.08125,0.5822916666666667,0.03125,0.04375
29,927,cl1xjb8ci000k3f6bjjkf3trc,0,0.92734375,0.3083333333333333,0.0359375,0.0375
29,928,cl1xjb311000g3f6b7y8tt576,0,0.08125,0.5822916666666667,0.03125,0.04375
29,928,cl1xjb8ci000k3f6bjjkf3trc,0,0.92734375,0.3083333333333333,0.0359375,0.0375
29,929,cl1xjb311000g3f6b7y8tt576,0,0.08125,0.5822916666666667,0.03125,0.04375
29,929,cl1xjb8ci000k3f6bjjkf3trc,0,0.92734375,0.3083333333333333,0.0359375,0.0375
29,92,ckz3w0j4d00133867psu0dku8,0,0.6125,0.1875,0.040625,0.0458333333333333
29,92,cl1xj98o800033f6bbzcyndpi,0,0.1828125,0.08125,0.025,0.0375
29,92,cl1xj9dfe00073f6bo87qdh30,0,0.42109375,0.3802083333333333,0.0328125,0.0354166666666666
29,92,cl1xj9ksa000b3f6bvr1hgnfn,0,0.78515625,0.5458333333333333,0.0359375,0.0375
29,930,cl1xjb311000g3f6b7y8tt576,0,0.08125,0.5822916666666667,0.03125,0.04375
29,930,cl1xjb8ci000k3f6bjjkf3trc,0,0.92734375,0.3083333333333333,0.0359375,0.0375
29,931,cl1xjb311000g3f6b7y8tt576,0,0.08125,0.5822916666666667,0.03125,0.04375
29,931,cl1xjb8ci000k3f6bjjkf3trc,0,0.92734375,0.3083333333333333,0.0359375,0.0375
29,932,cl1xjb311000g3f6b7y8tt576,0,0.08125,0.5822916666666667,0.03125,0.04375
29,932,cl1xjb8ci000k3f6bjjkf3trc,0,0.92734375,0.3083333333333333,0.0359375,0.0375
29,933,cl1xjb311000g3f6b7y8tt576,0,0.08125,0.5822916666666667,0.03125,0.04375
29,933,cl1xjb8ci000k3f6bjjkf3trc,0,0.92734375,0.3083333333333333,0.0359375,0.0375
29,934,cl1xjb311000g3f6b7y8tt576,0,0.08125,0.5822916666666667,0.03125,0.04375
29,934,cl1xjb8ci000k3f6bjjkf3trc,0,0.92734375,0.3083333333333333,0.0359375,0.0375
29,935,cl1xjb311000g3f6b7y8tt576,0,0.08125,0.5822916666666667,0.03125,0.04375
29,935,cl1xjb8ci000k3f6bjjkf3trc,0,0.92734375,0.3083333333333333,0.0359375,0.0375
29,936,cl1xjb311000g3f6b7y8tt576,0,0.08125,0.5822916666666667,0.03125,0.04375
29,936,cl1xjb8ci000k3f6bjjkf3trc,0,0.92734375,0.3083333333333333,0.0359375,0.0375
29,937,cl1xjb311000g3f6b7y8tt576,0,0.08125,0.5822916666666667,0.03125,0.04375
29,937,cl1xjb8ci000k3f6bjjkf3trc,0,0.92734375,0.3083333333333333,0.0359375,0.0375
29,938,cl1xjb311000g3f6b7y8tt576,0,0.08125,0.5822916666666667,0.03125,0.04375
29,938,cl1xjb8ci000k3f6bjjkf3trc,0,0.92734375,0.3083333333333333,0.0359375,0.0375
29,939,cl1xjb311000g3f6b7y8tt576,0,0.08125,0.5822916666666667,0.03125,0.04375
29,939,cl1xjb8ci000k3f6bjjkf3trc,0,0.92734375,0.3083333333333333,0.0359375,0.0375
29,93,ckz3w0j4d00133867psu0dku8,0,0.6125,0.1875,0.040625,0.0458333333333333
29,93,cl1xj98o800033f6bbzcyndpi,0,0.1828125,0.08125,0.025,0.0375
29,93,cl1xj9dfe00073f6bo87qdh30,0,0.42109375,0.3802083333333333,0.0328125,0.0354166666666666
29,93,cl1xj9ksa000b3f6bvr1hgnfn,0,0.78515625,0.5458333333333333,0.0359375,0.0375
29,940,cl1xjb311000g3f6b7y8tt576,0,0.08125,0.5822916666666667,0.03125,0.04375
29,940,cl1xjb8ci000k3f6bjjkf3trc,0,0.92734375,0.3083333333333333,0.0359375,0.0375
29,941,cl1xjb311000g3f6b7y8tt576,0,0.08125,0.5822916666666667,0.03125,0.04375
29,941,cl1xjb8ci000k3f6bjjkf3trc,0,0.92734375,0.3083333333333333,0.0359375,0.0375
29,942,cl1xjb311000g3f6b7y8tt576,0,0.08125,0.5822916666666667,0.03125,0.04375
29,942,cl1xjb8ci000k3f6bjjkf3trc,0,0.92734375,0.3083333333333333,0.0359375,0.0375
29,943,cl1xjb311000g3f6b7y8tt576,0,0.08125,0.5822916666666667,0.03125,0.04375
29,943,cl1xjb8ci000k3f6bjjkf3trc,0,0.92734375,0.3083333333333333,0.0359375,0.0375
29,944,cl1xjb311000g3f6b7y8tt576,0,0.08125,0.5822916666666667,0.03125,0.04375
29,944,cl1xjb8ci000k3f6bjjkf3trc,0,0.92734375,0.3083333333333333,0.0359375,0.0375
29,945,cl1xjb311000g3f6b7y8tt576,0,0.08125,0.5822916666666667,0.03125,0.04375
29,945,cl1xjb8ci000k3f6bjjkf3trc,0,0.92734375,0.3083333333333333,0.0359375,0.0375
29,946,cl1xjb311000g3f6b7y8tt576,0,0.08125,0.5822916666666667,0.03125,0.04375
29,946,cl1xjb8ci000k3f6bjjkf3trc,0,0.92734375,0.3083333333333333,0.0359375,0.0375
29,947,cl1xjb311000g3f6b7y8tt576,0,0.08125,0.5822916666666667,0.03125,0.04375
29,947,cl1xjb8ci000k3f6bjjkf3trc,0,0.92734375,0.3083333333333333,0.0359375,0.0375
29,948,cl1xjb311000g3f6b7y8tt576,0,0.08125,0.5822916666666667,0.03125,0.04375
29,948,cl1xjb8ci000k3f6bjjkf3trc,0,0.92734375,0.3083333333333333,0.0359375,0.0375
29,949,cl1xjb311000g3f6b7y8tt576,0,0.08125,0.5822916666666667,0.03125,0.04375
29,949,cl1xjb8ci000k3f6bjjkf3trc,0,0.92734375,0.3083333333333333,0.0359375,0.0375
29,94,ckz3w0j4d00133867psu0dku8,0,0.6125,0.1875,0.040625,0.0458333333333333
29,94,cl1xj98o800033f6bbzcyndpi,0,0.1828125,0.08125,0.025,0.0375
29,94,cl1xj9dfe00073f6bo87qdh30,0,0.42109375,0.3802083333333333,0.0328125,0.0354166666666666
29,94,cl1xj9ksa000b3f6bvr1hgnfn,0,0.78515625,0.5458333333333333,0.0359375,0.0375
29,950,cl1xjb311000g3f6b7y8tt576,0,0.08125,0.5822916666666667,0.03125,0.04375
29,950,cl1xjb8ci000k3f6bjjkf3trc,0,0.92734375,0.3083333333333333,0.0359375,0.0375
29,951,cl1xjb311000g3f6b7y8tt576,0,0.08125,0.5822916666666667,0.03125,0.04375
29,951,cl1xjb8ci000k3f6bjjkf3trc,0,0.92734375,0.3083333333333333,0.0359375,0.0375
29,952,cl1xjb311000g3f6b7y8tt576,0,0.08125,0.5822916666666667,0.03125,0.04375
29,952,cl1xjb8ci000k3f6bjjkf3trc,0,0.92734375,0.3083333333333333,0.0359375,0.0375
29,953,cl1xjb311000g3f6b7y8tt576,0,0.08125,0.5822916666666667,0.03125,0.04375
29,953,cl1xjb8ci000k3f6bjjkf3trc,0,0.92734375,0.3083333333333333,0.0359375,0.0375
29,954,cl1xjb311000g3f6b7y8tt576,0,0.08125,0.5822916666666667,0.03125,0.04375
29,954,cl1xjb8ci000k3f6bjjkf3trc,0,0.92734375,0.3083333333333333,0.0359375,0.0375
29,955,cl1xjb311000g3f6b7y8tt576,0,0.08125,0.5822916666666667,0.03125,0.04375
29,955,cl1xjb8ci000k3f6bjjkf3trc,0,0.92734375,0.3083333333333333,0.0359375,0.0375
29,956,cl1xjb311000g3f6b7y8tt576,0,0.08125,0.5822916666666667,0.03125,0.04375
29,956,cl1xjb8ci000k3f6bjjkf3trc,0,0.92734375,0.3083333333333333,0.0359375,0.0375
29,957,cl1xjb311000g3f6b7y8tt576,0,0.08125,0.5822916666666667,0.03125,0.04375
29,957,cl1xjb8ci000k3f6bjjkf3trc,0,0.92734375,0.3083333333333333,0.0359375,0.0375
29,958,cl1xjb311000g3f6b7y8tt576,0,0.08125,0.5822916666666667,0.03125,0.04375
29,958,cl1xjb8ci000k3f6bjjkf3trc,0,0.92734375,0.3083333333333333,0.0359375,0.0375
29,959,cl1xjb311000g3f6b7y8tt576,0,0.08125,0.5822916666666667,0.03125,0.04375
29,959,cl1xjb8ci000k3f6bjjkf3trc,0,0.92734375,0.3083333333333333,0.0359375,0.0375
29,95,ckz3w0j4d00133867psu0dku8,0,0.6125,0.1875,0.040625,0.0458333333333333
29,95,cl1xj98o800033f6bbzcyndpi,0,0.1828125,0.08125,0.025,0.0375
29,95,cl1xj9dfe00073f6bo87qdh30,0,0.42109375,0.3802083333333333,0.0328125,0.0354166666666666
29,95,cl1xj9ksa000b3f6bvr1hgnfn,0,0.78515625,0.5458333333333333,0.0359375,0.0375
29,960,cl1xjb311000g3f6b7y8tt576,0,0.08125,0.5822916666666667,0.03125,0.04375
29,960,cl1xjb8ci000k3f6bjjkf3trc,0,0.92734375,0.3083333333333333,0.0359375,0.0375
29,961,cl1xjb311000g3f6b7y8tt576,0,0.08125,0.5822916666666667,0.03125,0.04375
29,961,cl1xjb8ci000k3f6bjjkf3trc,0,0.92734375,0.3083333333333333,0.0359375,0.0375
29,962,cl1xjb311000g3f6b7y8tt576,0,0.08125,0.5822916666666667,0.03125,0.04375
29,962,cl1xjb8ci000k3f6bjjkf3trc,0,0.92734375,0.3083333333333333,0.0359375,0.0375
29,963,cl1xjb311000g3f6b7y8tt576,0,0.08125,0.5822916666666667,0.03125,0.04375
29,963,cl1xjb8ci000k3f6bjjkf3trc,0,0.92734375,0.3083333333333333,0.0359375,0.0375
29,964,cl1xjb311000g3f6b7y8tt576,0,0.08125,0.5822916666666667,0.03125,0.04375
29,964,cl1xjb8ci000k3f6bjjkf3trc,0,0.92734375,0.3083333333333333,0.0359375,0.0375
29,965,cl1xjb311000g3f6b7y8tt576,0,0.08125,0.5822916666666667,0.03125,0.04375
29,965,cl1xjb8ci000k3f6bjjkf3trc,0,0.92734375,0.3083333333333333,0.0359375,0.0375
29,966,cl1xjb311000g3f6b7y8tt576,0,0.08125,0.5822916666666667,0.03125,0.04375
29,966,cl1xjb8ci000k3f6bjjkf3trc,0,0.92734375,0.3083333333333333,0.0359375,0.0375
29,967,cl1xjb311000g3f6b7y8tt576,0,0.08125,0.5822916666666667,0.03125,0.04375
29,967,cl1xjb8ci000k3f6bjjkf3trc,0,0.92734375,0.3083333333333333,0.0359375,0.0375
29,968,cl1xjb311000g3f6b7y8tt576,0,0.08125,0.5822916666666667,0.03125,0.04375
29,968,cl1xjb8ci000k3f6bjjkf3trc,0,0.92734375,0.3083333333333333,0.0359375,0.0375
29,969,cl1xjb311000g3f6b7y8tt576,0,0.08125,0.5822916666666667,0.03125,0.04375
29,969,cl1xjb8ci000k3f6bjjkf3trc,0,0.92734375,0.3083333333333333,0.0359375,0.0375
29,96,ckz3w0j4d00133867psu0dku8,0,0.6125,0.1875,0.040625,0.0458333333333333
29,96,cl1xj98o800033f6bbzcyndpi,0,0.1828125,0.08125,0.025,0.0375
29,96,cl1xj9dfe00073f6bo87qdh30,0,0.42109375,0.3802083333333333,0.0328125,0.0354166666666666
29,96,cl1xj9ksa000b3f6bvr1hgnfn,0,0.78515625,0.5458333333333333,0.0359375,0.0375
29,970,cl1xjb311000g3f6b7y8tt576,0,0.08125,0.5822916666666667,0.03125,0.04375
29,970,cl1xjb8ci000k3f6bjjkf3trc,0,0.92734375,0.3083333333333333,0.0359375,0.0375
29,971,cl1xjb311000g3f6b7y8tt576,0,0.08125,0.5822916666666667,0.03125,0.04375
29,971,cl1xjb8ci000k3f6bjjkf3trc,0,0.92734375,0.3083333333333333,0.0359375,0.0375
29,972,cl1xjb311000g3f6b7y8tt576,0,0.08125,0.5822916666666667,0.03125,0.04375
29,972,cl1xjb8ci000k3f6bjjkf3trc,0,0.92734375,0.3083333333333333,0.0359375,0.0375
29,973,cl1xjb311000g3f6b7y8tt576,0,0.08125,0.5822916666666667,0.03125,0.04375
29,973,cl1xjb8ci000k3f6bjjkf3trc,0,0.92734375,0.3083333333333333,0.0359375,0.0375
29,974,cl1xjb311000g3f6b7y8tt576,0,0.08125,0.5822916666666667,0.03125,0.04375
29,974,cl1xjb8ci000k3f6bjjkf3trc,0,0.92734375,0.3083333333333333,0.0359375,0.0375
29,975,cl1xjb311000g3f6b7y8tt576,0,0.08125,0.5822916666666667,0.03125,0.04375
29,975,cl1xjb8ci000k3f6bjjkf3trc,0,0.92734375,0.3083333333333333,0.0359375,0.0375
29,976,cl1xjb311000g3f6b7y8tt576,0,0.08125,0.5822916666666667,0.03125,0.04375
29,976,cl1xjb8ci000k3f6bjjkf3trc,0,0.92734375,0.3083333333333333,0.0359375,0.0375
29,977,cl1xjb311000g3f6b7y8tt576,0,0.08125,0.5822916666666667,0.03125,0.04375
29,977,cl1xjb8ci000k3f6bjjkf3trc,0,0.92734375,0.3083333333333333,0.0359375,0.0375
29,978,cl1xjb311000g3f6b7y8tt576,0,0.08125,0.5822916666666667,0.03125,0.04375
29,978,cl1xjb8ci000k3f6bjjkf3trc,0,0.92734375,0.3083333333333333,0.0359375,0.0375
29,979,cl1xjb311000g3f6b7y8tt576,0,0.08125,0.5822916666666667,0.03125,0.04375
29,979,cl1xjb8ci000k3f6bjjkf3trc,0,0.92734375,0.3083333333333333,0.0359375,0.0375
29,97,ckz3w0j4d00133867psu0dku8,0,0.6125,0.1875,0.040625,0.0458333333333333
29,97,cl1xj98o800033f6bbzcyndpi,0,0.1828125,0.08125,0.025,0.0375
29,97,cl1xj9dfe00073f6bo87qdh30,0,0.42109375,0.3802083333333333,0.0328125,0.0354166666666666
29,97,cl1xj9ksa000b3f6bvr1hgnfn,0,0.78515625,0.5458333333333333,0.0359375,0.0375
29,980,cl1xjb311000g3f6b7y8tt576,0,0.08125,0.5822916666666667,0.03125,0.04375
29,980,cl1xjb8ci000k3f6bjjkf3trc,0,0.92734375,0.3083333333333333,0.0359375,0.0375
29,981,cl1xjb311000g3f6b7y8tt576,0,0.08125,0.5822916666666667,0.03125,0.04375
29,981,cl1xjb8ci000k3f6bjjkf3trc,0,0.92734375,0.3083333333333333,0.0359375,0.0375
29,982,cl1xjb311000g3f6b7y8tt576,0,0.08125,0.5822916666666667,0.03125,0.04375
29,982,cl1xjb8ci000k3f6bjjkf3trc,0,0.92734375,0.3083333333333333,0.0359375,0.0375
29,983,cl1xjb311000g3f6b7y8tt576,0,0.08125,0.5822916666666667,0.03125,0.04375
29,983,cl1xjb8ci000k3f6bjjkf3trc,0,0.92734375,0.3083333333333333,0.0359375,0.0375
29,984,cl1xjb311000g3f6b7y8tt576,0,0.08125,0.5822916666666667,0.03125,0.04375
29,984,cl1xjb8ci000k3f6bjjkf3trc,0,0.92734375,0.3083333333333333,0.0359375,0.0375
29,985,cl1xjb311000g3f6b7y8tt576,0,0.08125,0.5822916666666667,0.03125,0.04375
29,985,cl1xjb8ci000k3f6bjjkf3trc,0,0.92734375,0.3083333333333333,0.0359375,0.0375
29,986,cl1xjb311000g3f6b7y8tt576,0,0.08125,0.5822916666666667,0.03125,0.04375
29,986,cl1xjb8ci000k3f6bjjkf3trc,0,0.92734375,0.3083333333333333,0.0359375,0.0375
29,987,cl1xjb311000g3f6b7y8tt576,0,0.08125,0.5822916666666667,0.03125,0.04375
29,987,cl1xjb8ci000k3f6bjjkf3trc,0,0.92734375,0.3083333333333333,0.0359375,0.0375
29,988,cl1xjb311000g3f6b7y8tt576,0,0.08125,0.5822916666666667,0.03125,0.04375
29,988,cl1xjb8ci000k3f6bjjkf3trc,0,0.92734375,0.3083333333333333,0.0359375,0.0375
29,989,cl1xjb311000g3f6b7y8tt576,0,0.08125,0.5822916666666667,0.03125,0.04375
29,989,cl1xjb8ci000k3f6bjjkf3trc,0,0.92734375,0.3083333333333333,0.0359375,0.0375
29,98,ckz3w0j4d00133867psu0dku8,0,0.6125,0.1875,0.040625,0.0458333333333333
29,98,cl1xj98o800033f6bbzcyndpi,0,0.1828125,0.08125,0.025,0.0375
29,98,cl1xj9dfe00073f6bo87qdh30,0,0.42109375,0.3802083333333333,0.0328125,0.0354166666666666
29,98,cl1xj9ksa000b3f6bvr1hgnfn,0,0.78515625,0.5458333333333333,0.0359375,0.0375
29,990,cl1xjb311000g3f6b7y8tt576,0,0.08125,0.5822916666666667,0.03125,0.04375
29,990,cl1xjb8ci000k3f6bjjkf3trc,0,0.92734375,0.3083333333333333,0.0359375,0.0375
29,991,cl1xjb311000g3f6b7y8tt576,0,0.08125,0.5822916666666667,0.03125,0.04375
29,991,cl1xjb8ci000k3f6bjjkf3trc,0,0.92734375,0.3083333333333333,0.0359375,0.0375
29,992,cl1xjb311000g3f6b7y8tt576,0,0.08125,0.5822916666666667,0.03125,0.04375
29,992,cl1xjb8ci000k3f6bjjkf3trc,0,0.92734375,0.3083333333333333,0.0359375,0.0375
29,993,cl1xjb311000g3f6b7y8tt576,0,0.08125,0.5822916666666667,0.03125,0.04375
29,993,cl1xjb8ci000k3f6bjjkf3trc,0,0.92734375,0.3083333333333333,0.0359375,0.0375
29,994,cl1xjb311000g3f6b7y8tt576,0,0.08125,0.5822916666666667,0.03125,0.04375
29,994,cl1xjb8ci000k3f6bjjkf3trc,0,0.92734375,0.3083333333333333,0.0359375,0.0375
29,995,cl1xjb311000g3f6b7y8tt576,0,0.08125,0.5822916666666667,0.03125,0.04375
29,995,cl1xjb8ci000k3f6bjjkf3trc,0,0.92734375,0.3083333333333333,0.0359375,0.0375
29,996,cl1xjb311000g3f6b7y8tt576,0,0.08125,0.5822916666666667,0.03125,0.04375
29,996,cl1xjb8ci000k3f6bjjkf3trc,0,0.92734375,0.3083333333333333,0.0359375,0.0375
29,997,cl1xjb311000g3f6b7y8tt576,0,0.08125,0.5822916666666667,0.03125,0.04375
29,997,cl1xjb8ci000k3f6bjjkf3trc,0,0.92734375,0.3083333333333333,0.0359375,0.0375
29,998,cl1xjb311000g3f6b7y8tt576,0,0.08125,0.5822916666666667,0.03125,0.04375
29,998,cl1xjb8ci000k3f6bjjkf3trc,0,0.92734375,0.3083333333333333,0.0359375,0.0375
29,999,cl1xjb311000g3f6b7y8tt576,0,0.08125,0.5822916666666667,0.03125,0.04375
29,999,cl1xjb8ci000k3f6bjjkf3trc,0,0.92734375,0.3083333333333333,0.0359375,0.0375
29,99,ckz3w0j4d00133867psu0dku8,0,0.6125,0.1875,0.040625,0.0458333333333333
29,99,cl1xj98o800033f6bbzcyndpi,0,0.1828125,0.08125,0.025,0.0375
29,99,cl1xj9dfe00073f6bo87qdh30,0,0.42109375,0.3802083333333333,0.0328125,0.0354166666666666
29,99,cl1xj9ksa000b3f6bvr1hgnfn,0,0.78515625,0.5458333333333333,0.0359375,0.0375
29,9,ckz3w0j4d00133867psu0dku8,0,0.6125,0.1875,0.040625,0.0458333333333333
29,9,cl1xj98o800033f6bbzcyndpi,0,0.1828125,0.08125,0.025,0.0375
29,9,cl1xj9dfe00073f6bo87qdh30,0,0.42109375,0.3802083333333333,0.0328125,0.0354166666666666
29,9,cl1xj9ksa000b3f6bvr1hgnfn,0,0.78515625,0.5458333333333333,0.0359375,0.0375
