user_id,timestamp,trajectory_id,ftid,x,y,w,h
23,0,ckz3vxvyj000v3867zug7yf6g,0,0.43125,0.678125,0.03125,0.0354166666666666
23,0,cl2k8lcht00033g6cw07bj64y,0,0.67265625,0.646875,0.0265625,0.0354166666666666
23,0,cl2k8llkb00073g6cnsr3ko43,0,0.95234375,0.50625,0.0265625,0.0458333333333333
23,0,cl2vz88mm00043f6c97ce4nes,0,0.71953125,0.1479166666666666,0.0234375,0.0291666666666666
23,100,ckz3vxvyj000v3867zug7yf6g,0,0.4327102803738318,0.6771514797507787,0.0297897196261682,0.0354166666666666
23,100,cl2k8lcht00033g6cw07bj64y,0,0.8498621323529412,0.4667279411764706,0.0296875,0.0354166666666666
23,100,cl2k8llkb00073g6cnsr3ko43,0,0.93125,0.4875,0.03125,0.0458333333333333
23,100,cl2vz88mm00043f6c97ce4nes,0,0.71976480754858,0.1482280767314399,0.02297038490284,0.0297894867962132
23,101,ckz3vxvyj000v3867zug7yf6g,0,0.4327248831775702,0.6771417445482866,0.0297751168224299,0.0354166666666666
23,101,cl2k8lcht00033g6cw07bj64y,0,0.8511488970588236,0.4647671568627451,0.0296875,0.0354166666666666
23,101,cl2k8llkb00073g6cnsr3ko43,0,0.93359375,0.487890625,0.03125,0.0455729166666666
23,101,cl2vz88mm00043f6c97ce4nes,0,0.7197671431240658,0.1482311908320876,0.0229657137518684,0.0297957149975087
23,102,ckz3vxvyj000v3867zug7yf6g,0,0.4327394859813084,0.6771320093457943,0.0297605140186916,0.0354166666666666
23,102,cl2k8lcht00033g6cw07bj64y,0,0.8524356617647058,0.4628063725490196,0.0296875,0.0354166666666666
23,102,cl2k8llkb00073g6cnsr3ko43,0,0.9359375,0.48828125,0.03125,0.0453125
23,102,cl2vz88mm00043f6c97ce4nes,0,0.7197694786995517,0.1482343049327354,0.0229610426008968,0.0298019431988041
23,103,ckz3vxvyj000v3867zug7yf6g,0,0.4327540887850468,0.6771222741433022,0.0297459112149533,0.0354166666666666
23,103,cl2k8lcht00033g6cw07bj64y,0,0.8537224264705883,0.4608455882352941,0.0296875,0.0354166666666666
23,103,cl2k8llkb00073g6cnsr3ko43,0,0.93828125,0.488671875,0.03125,0.0450520833333333
23,103,cl2vz88mm00043f6c97ce4nes,0,0.7197718142750373,0.1482374190333831,0.0229563714499252,0.0298081714000996
23,104,ckz3vxvyj000v3867zug7yf6g,0,0.432768691588785,0.6771125389408099,0.029731308411215,0.0354166666666666
23,104,cl2k8lcht00033g6cw07bj64y,0,0.8550091911764707,0.4588848039215686,0.0296875,0.0354166666666666
23,104,cl2k8llkb00073g6cnsr3ko43,0,0.940625,0.4890625,0.03125,0.0447916666666666
23,104,cl2vz88mm00043f6c97ce4nes,0,0.7197741498505231,0.1482405331340309,0.0229517002989537,0.0298143996013951
23,105,ckz3vxvyj000v3867zug7yf6g,0,0.4327832943925234,0.6771028037383178,0.0297167056074766,0.0354166666666666
23,105,cl2k8lcht00033g6cw07bj64y,0,0.8562959558823529,0.4569240196078431,0.0296875,0.0354166666666666
23,105,cl2k8llkb00073g6cnsr3ko43,0,0.94296875,0.489453125,0.03125,0.04453125
23,105,cl2vz88mm00043f6c97ce4nes,0,0.7197764854260089,0.1482436472346786,0.022947029147982,0.0298206278026905
23,106,ckz3vxvyj000v3867zug7yf6g,0,0.4327978971962617,0.6770930685358255,0.0297021028037383,0.0354166666666666
23,106,cl2k8lcht00033g6cw07bj64y,0,0.8575827205882354,0.4549632352941176,0.0296875,0.0354166666666666
23,106,cl2k8llkb00073g6cnsr3ko43,0,0.9453125,0.48984375,0.03125,0.0442708333333333
23,106,cl2vz88mm00043f6c97ce4nes,0,0.7197788210014948,0.1482467613353263,0.0229423579970104,0.029826856003986
23,107,ckz3vxvyj000v3867zug7yf6g,0,0.4328125,0.6770833333333334,0.0296875,0.0354166666666666
23,107,cl2k8lcht00033g6cw07bj64y,0,0.8588694852941176,0.4530024509803921,0.0296875,0.0354166666666666
23,107,cl2k8llkb00073g6cnsr3ko43,0,0.94765625,0.490234375,0.03125,0.0440104166666666
23,107,cl2vz88mm00043f6c97ce4nes,0,0.7197811565769806,0.1482498754359741,0.0229376868460388,0.0298330842052815
23,108,ckz3vxvyj000v3867zug7yf6g,0,0.4328271028037383,0.6770735981308411,0.0296728971962616,0.0354166666666666
23,108,cl2k8lcht00033g6cw07bj64y,0,0.86015625,0.4510416666666667,0.0296875,0.0354166666666666
23,108,cl2k8llkb00073g6cnsr3ko43,0,0.95,0.490625,0.03125,0.04375
23,108,cl2vz88mm00043f6c97ce4nes,0,0.7197834921524663,0.1482529895366218,0.0229330156950672,0.0298393124065769
23,109,ckz3vxvyj000v3867zug7yf6g,0,0.4328417056074766,0.677063862928349,0.0296582943925233,0.0354166666666666
23,109,cl2k8lcht00033g6cw07bj64y,0,0.8619140625,0.4481770833333333,0.0296875,0.0354166666666666
23,109,cl2k8llkb00073g6cnsr3ko43,0,0.9490234375,0.48984375,0.031640625,0.04375
23,109,cl2vz88mm00043f6c97ce4nes,0,0.7197858277279522,0.1482561036372695,0.0229283445440956,0.0298455406078724
23,10,ckz3vxvyj000v3867zug7yf6g,0,0.4313960280373832,0.6780276479750779,0.0311039719626168,0.0354166666666666
23,10,cl2k8lcht00033g6cw07bj64y,0,0.7190104166666667,0.5940972222222223,0.0307291666666666,0.0395833333333333
23,10,cl2k8llkb00073g6cnsr3ko43,0,0.9496323529411764,0.5169730392156863,0.0297794117647057,0.0332107843137254
23,10,cl2vz88mm00043f6c97ce4nes,0,0.719554605754858,0.147947807673144,0.023390788490284,0.0292289486796213
23,110,ckz3vxvyj000v3867zug7yf6g,0,0.4328563084112149,0.6770541277258567,0.0296436915887849,0.0354166666666666
23,110,cl2k8lcht00033g6cw07bj64y,0,0.863671875,0.4453125,0.0296875,0.0354166666666666
23,110,cl2k8llkb00073g6cnsr3ko43,0,0.948046875,0.4890625,0.03203125,0.04375
23,110,cl2vz88mm00043f6c97ce4nes,0,0.719788163303438,0.1482592177379173,0.022923673393124,0.0298517688091679
23,111,ckz3vxvyj000v3867zug7yf6g,0,0.4328709112149532,0.6770443925233646,0.0296290887850466,0.0354166666666666
23,111,cl2k8lcht00033g6cw07bj64y,0,0.8654296875,0.4424479166666666,0.0296875,0.0354166666666666
23,111,cl2k8llkb00073g6cnsr3ko43,0,0.9470703125,0.48828125,0.032421875,0.04375
23,111,cl2vz88mm00043f6c97ce4nes,0,0.7197904988789238,0.148262331838565,0.0229190022421525,0.0298579970104633
23,112,ckz3vxvyj000v3867zug7yf6g,0,0.4328855140186915,0.6770346573208723,0.0296144859813083,0.0354166666666666
23,112,cl2k8lcht00033g6cw07bj64y,0,0.8671875,0.4395833333333333,0.0296875,0.0354166666666666
23,112,cl2k8llkb00073g6cnsr3ko43,0,0.94609375,0.4875,0.0328125,0.04375
23,112,cl2vz88mm00043f6c97ce4nes,0,0.7197928344544096,0.1482654459392127,0.0229143310911808,0.0298642252117588
23,113,ckz3vxvyj000v3867zug7yf6g,0,0.4329001168224298,0.6770249221183801,0.02959988317757,0.0354166666666666
23,113,cl2k8lcht00033g6cw07bj64y,0,0.8689453125,0.43671875,0.0296875,0.0354166666666666
23,113,cl2k8llkb00073g6cnsr3ko43,0,0.9451171875,0.48671875,0.033203125,0.04375
23,113,cl2vz88mm00043f6c97ce4nes,0,0.7197951700298953,0.1482685600398605,0.0229096599402092,0.0298704534130543
23,114,ckz3vxvyj000v3867zug7yf6g,0,0.4329147196261681,0.6770151869158879,0.0295852803738317,0.0354166666666666
23,114,cl2k8lcht00033g6cw07bj64y,0,0.870703125,0.4338541666666666,0.0296875,0.0354166666666666
23,114,cl2k8llkb00073g6cnsr3ko43,0,0.944140625,0.4859375,0.03359375,0.04375
23,114,cl2vz88mm00043f6c97ce4nes,0,0.7197975056053811,0.1482716741405082,0.0229049887892376,0.0298766816143497
23,115,ckz3vxvyj000v3867zug7yf6g,0,0.4329293224299066,0.6770054517133955,0.0295706775700934,0.0354166666666666
23,115,cl2k8lcht00033g6cw07bj64y,0,0.8724609375,0.4309895833333333,0.0296875,0.0354166666666666
23,115,cl2k8llkb00073g6cnsr3ko43,0,0.9431640625,0.48515625,0.033984375,0.04375
23,115,cl2vz88mm00043f6c97ce4nes,0,0.7197998411808669,0.1482747882411559,0.0229003176382661,0.0298829098156452
23,116,ckz3vxvyj000v3867zug7yf6g,0,0.4329439252336449,0.6769957165109034,0.0295560747663551,0.0354166666666666
23,116,cl2k8lcht00033g6cw07bj64y,0,0.87421875,0.428125,0.0296875,0.0354166666666666
23,116,cl2k8llkb00073g6cnsr3ko43,0,0.9421875,0.484375,0.034375,0.04375
23,116,cl2vz88mm00043f6c97ce4nes,0,0.7198021767563528,0.1482779023418036,0.0228956464872944,0.0298891380169407
23,117,ckz3vxvyj000v3867zug7yf6g,0,0.4329585280373832,0.6769859813084111,0.0295414719626168,0.0354166666666666
23,117,cl2k8lcht00033g6cw07bj64y,0,0.87734375,0.4329861111111111,0.0296875,0.0354166666666666
23,117,cl2k8llkb00073g6cnsr3ko43,0,0.9408854166666666,0.4854166666666666,0.0359375,0.0402777777777777
23,117,cl2vz88mm00043f6c97ce4nes,0,0.7198045123318385,0.1482810164424514,0.0228909753363228,0.0298953662182361
23,118,ckz3vxvyj000v3867zug7yf6g,0,0.4329731308411215,0.676976246105919,0.0295268691588785,0.0354166666666666
23,118,cl2k8lcht00033g6cw07bj64y,0,0.88046875,0.4378472222222222,0.0296875,0.0354166666666666
23,118,cl2k8llkb00073g6cnsr3ko43,0,0.9395833333333334,0.4864583333333333,0.0375,0.0368055555555556
23,118,cl2vz88mm00043f6c97ce4nes,0,0.7198068479073243,0.1482841305430991,0.0228863041853513,0.0299015944195316
23,119,ckz3vxvyj000v3867zug7yf6g,0,0.4329877336448599,0.6769665109034267,0.0295122663551402,0.0354166666666666
23,119,cl2k8lcht00033g6cw07bj64y,0,0.88359375,0.4427083333333333,0.0296875,0.0354166666666666
23,119,cl2k8llkb00073g6cnsr3ko43,0,0.93828125,0.4875,0.0390625,0.0333333333333333
23,119,cl2vz88mm00043f6c97ce4nes,0,0.7198091834828102,0.1482872446437468,0.0228816330343796,0.0299078226208271
23,11,ckz3vxvyj000v3867zug7yf6g,0,0.4314106308411215,0.6780179127725856,0.0310893691588785,0.0354166666666666
23,11,cl2k8lcht00033g6cw07bj64y,0,0.71953125,0.5927083333333333,0.0296875,0.0395833333333333
23,11,cl2k8llkb00073g6cnsr3ko43,0,0.9495863970588236,0.5174019607843137,0.0295955882352942,0.0334558823529411
23,11,cl2vz88mm00043f6c97ce4nes,0,0.7195569413303439,0.1479509217737917,0.0233861173393123,0.0292351768809168
23,120,ckz3vxvyj000v3867zug7yf6g,0,0.4330023364485981,0.6769567757009346,0.0294976635514018,0.0354166666666666
23,120,cl2k8lcht00033g6cw07bj64y,0,0.885546875,0.4401041666666667,0.0296875,0.0354166666666666
23,120,cl2k8llkb00073g6cnsr3ko43,0,0.9388671875,0.4846354166666666,0.036328125,0.0369791666666666
23,120,cl2vz88mm00043f6c97ce4nes,0,0.719811519058296,0.1482903587443946,0.022876961883408,0.0299140508221225
23,1219,cl2yurphq000c3f6ct5e98hvn,0,0.73515625,0.0083333333333333,0.0390625,0.0166666666666666
23,121,ckz3vxvyj000v3867zug7yf6g,0,0.4330169392523365,0.6769470404984423,0.0294830607476635,0.0354166666666666
23,121,cl2k8lcht00033g6cw07bj64y,0,0.8875,0.4375,0.0296875,0.0354166666666666
23,121,cl2k8llkb00073g6cnsr3ko43,0,0.939453125,0.4817708333333333,0.03359375,0.040625
23,121,cl2vz88mm00043f6c97ce4nes,0,0.7198138546337818,0.1482934728450423,0.0228722907324364,0.029920279023418
23,1220,cl2yurphq000c3f6ct5e98hvn,0,0.7368489583333334,0.0081597222222222,0.0388020833333333,0.0163194444444444
23,1221,cl2yurphq000c3f6ct5e98hvn,0,0.7385416666666667,0.0079861111111111,0.0385416666666666,0.0159722222222222
23,1222,cl2yurphq000c3f6ct5e98hvn,0,0.740234375,0.0078125,0.03828125,0.015625
23,1223,cl2yurphq000c3f6ct5e98hvn,0,0.7419270833333333,0.0076388888888888,0.0380208333333333,0.0152777777777777
23,1224,cl2yurphq000c3f6ct5e98hvn,0,0.7436197916666666,0.0074652777777777,0.0377604166666667,0.0149305555555555
23,1225,cl2yurphq000c3f6ct5e98hvn,0,0.7453125,0.0072916666666666,0.0375,0.0145833333333333
23,1226,cl2yurphq000c3f6ct5e98hvn,0,0.74765625,0.0098958333333333,0.0375,0.0197916666666666
23,1227,cl2yurphq000c3f6ct5e98hvn,0,0.75,0.0125,0.0375,0.025
23,1228,cl2yurphq000c3f6ct5e98hvn,0,0.74828125,0.0132291666666666,0.0371875,0.0264583333333333
23,1229,cl2yurphq000c3f6ct5e98hvn,0,0.7465625,0.0139583333333333,0.036875,0.0279166666666666
23,122,ckz3vxvyj000v3867zug7yf6g,0,0.4330315420560747,0.6769373052959502,0.0294684579439252,0.0354166666666666
23,122,cl2k8lcht00033g6cw07bj64y,0,0.889453125,0.4348958333333333,0.0296875,0.0354166666666666
23,122,cl2k8llkb00073g6cnsr3ko43,0,0.9400390625,0.47890625,0.030859375,0.0442708333333333
23,122,cl2vz88mm00043f6c97ce4nes,0,0.7198161902092675,0.14829658694569,0.0228676195814649,0.0299265072247134
23,1230,cl2yurphq000c3f6ct5e98hvn,0,0.74484375,0.0146875,0.0365624999999999,0.029375
23,1231,cl2yurphq000c3f6ct5e98hvn,0,0.743125,0.0154166666666666,0.0362499999999999,0.0308333333333333
23,1232,cl2yurphq000c3f6ct5e98hvn,0,0.74140625,0.0161458333333333,0.0359375,0.0322916666666666
23,1233,cl2yurphq000c3f6ct5e98hvn,0,0.7396874999999999,0.0168749999999999,0.035625,0.0337499999999999
23,1234,cl2yurphq000c3f6ct5e98hvn,0,0.7379687500000001,0.0176041666666666,0.0353125,0.0352083333333333
23,1235,cl2yurphq000c3f6ct5e98hvn,0,0.73625,0.0183333333333333,0.0349999999999999,0.0366666666666666
23,1236,cl2yurphq000c3f6ct5e98hvn,0,0.7345312500000001,0.0190625,0.0346874999999999,0.038125
23,1237,cl2yurphq000c3f6ct5e98hvn,0,0.7328125,0.0197916666666666,0.034375,0.0395833333333333
23,1238,cl2yurphq000c3f6ct5e98hvn,0,0.7349609375,0.0231770833333333,0.033984375,0.0401041666666666
23,1239,cl2yurphq000c3f6ct5e98hvn,0,0.737109375,0.0265625,0.03359375,0.040625
23,123,ckz3vxvyj000v3867zug7yf6g,0,0.4330461448598131,0.6769275700934579,0.0294538551401869,0.0354166666666666
23,123,cl2k8lcht00033g6cw07bj64y,0,0.89140625,0.4322916666666667,0.0296875,0.0354166666666666
23,123,cl2k8llkb00073g6cnsr3ko43,0,0.940625,0.4760416666666666,0.028125,0.0479166666666666
23,123,cl2vz88mm00043f6c97ce4nes,0,0.7198185257847534,0.1482997010463378,0.0228629484304932,0.0299327354260089
23,1240,cl2yurphq000c3f6ct5e98hvn,0,0.7392578125,0.0299479166666666,0.033203125,0.0411458333333333
23,1241,cl2yurphq000c3f6ct5e98hvn,0,0.74140625,0.0333333333333333,0.0328125,0.0416666666666666
23,1242,cl2yurphq000c3f6ct5e98hvn,0,0.74453125,0.03203125,0.0328125,0.0421875
23,1243,cl2yurphq000c3f6ct5e98hvn,0,0.74765625,0.0307291666666666,0.0328125,0.0427083333333333
23,1244,cl2yurphq000c3f6ct5e98hvn,0,0.75078125,0.0294270833333333,0.0328125,0.0432291666666666
23,1245,cl2yurphq000c3f6ct5e98hvn,0,0.75390625,0.028125,0.0328125,0.04375
23,1246,cl2yurphq000c3f6ct5e98hvn,0,0.7546875,0.0303819444444444,0.0328125,0.0440972222222222
23,1247,cl2yurphq000c3f6ct5e98hvn,0,0.75546875,0.0326388888888888,0.0328125,0.0444444444444444
23,1248,cl2yurphq000c3f6ct5e98hvn,0,0.75625,0.0348958333333333,0.0328125,0.0447916666666666
23,1249,cl2yurphq000c3f6ct5e98hvn,0,0.75703125,0.0371527777777777,0.0328125,0.0451388888888888
23,124,ckz3vxvyj000v3867zug7yf6g,0,0.4330607476635514,0.6769178348909658,0.0294392523364486,0.0354166666666666
23,124,cl2k8lcht00033g6cw07bj64y,0,0.8912946428571429,0.4306547619047619,0.0294642857142857,0.0363095238095237
23,124,cl2k8llkb00073g6cnsr3ko43,0,0.9419642857142858,0.4763392857142857,0.028125,0.0473214285714285
23,124,cl2vz88mm00043f6c97ce4nes,0,0.7198208613602392,0.1483028151469855,0.0228582772795216,0.0299389636273044
23,1250,cl2yurphq000c3f6ct5e98hvn,0,0.7578125,0.0394097222222222,0.0328125,0.0454861111111111
23,1251,cl2yurphq000c3f6ct5e98hvn,0,0.75859375,0.0416666666666666,0.0328125,0.0458333333333333
23,1252,cl2yurphq000c3f6ct5e98hvn,0,0.758984375,0.0416666666666666,0.0328125,0.046875
23,1253,cl2yurphq000c3f6ct5e98hvn,0,0.759375,0.0416666666666666,0.0328125,0.0479166666666666
23,1254,cl2yurphq000c3f6ct5e98hvn,0,0.759765625,0.0416666666666666,0.0328125,0.0489583333333333
23,1255,cl2yurphq000c3f6ct5e98hvn,0,0.76015625,0.0416666666666666,0.0328125,0.05
23,1256,cl2yurphq000c3f6ct5e98hvn,0,0.759033203125,0.0434244791666666,0.03291015625,0.049609375
23,1257,cl2yurphq000c3f6ct5e98hvn,0,0.75791015625,0.0451822916666666,0.0330078125,0.04921875
23,1258,cl2yurphq000c3f6ct5e98hvn,0,0.756787109375,0.0469401041666666,0.03310546875,0.048828125
23,1259,cl2yurphq000c3f6ct5e98hvn,0,0.7556640625,0.0486979166666666,0.033203125,0.0484375
23,125,ckz3vxvyj000v3867zug7yf6g,0,0.4330753504672897,0.6769080996884735,0.0294246495327102,0.0354166666666666
23,125,cl2k8lcht00033g6cw07bj64y,0,0.8911830357142858,0.4290178571428572,0.0292410714285713,0.0372023809523809
23,125,cl2k8llkb00073g6cnsr3ko43,0,0.9433035714285714,0.4766369047619047,0.028125,0.0467261904761904
23,125,cl2vz88mm00043f6c97ce4nes,0,0.7198231969357249,0.1483059292476332,0.0228536061285501,0.0299451918285999
23,1260,cl2yurphq000c3f6ct5e98hvn,0,0.754541015625,0.0504557291666666,0.03330078125,0.048046875
23,1261,cl2yurphq000c3f6ct5e98hvn,0,0.75341796875,0.0522135416666666,0.0333984375,0.04765625
23,1262,cl2yurphq000c3f6ct5e98hvn,0,0.752294921875,0.0539713541666666,0.03349609375,0.047265625
23,1263,cl2yurphq000c3f6ct5e98hvn,0,0.751171875,0.0557291666666666,0.03359375,0.046875
23,1264,cl2yurphq000c3f6ct5e98hvn,0,0.750048828125,0.0574869791666666,0.03369140625,0.046484375
23,1265,cl2yurphq000c3f6ct5e98hvn,0,0.74892578125,0.0592447916666666,0.0337890625,0.04609375
23,1266,cl2yurphq000c3f6ct5e98hvn,0,0.747802734375,0.0610026041666666,0.03388671875,0.045703125
23,1267,cl2yurphq000c3f6ct5e98hvn,0,0.7466796875,0.0627604166666666,0.033984375,0.0453125
23,1268,cl2yurphq000c3f6ct5e98hvn,0,0.745556640625,0.0645182291666666,0.03408203125,0.044921875
23,1269,cl2yurphq000c3f6ct5e98hvn,0,0.74443359375,0.0662760416666666,0.0341796875,0.04453125
23,126,ckz3vxvyj000v3867zug7yf6g,0,0.433089953271028,0.6768983644859813,0.0294100467289719,0.0354166666666666
23,126,cl2k8lcht00033g6cw07bj64y,0,0.8910714285714285,0.4273809523809523,0.0290178571428571,0.038095238095238
23,126,cl2k8llkb00073g6cnsr3ko43,0,0.9446428571428572,0.4769345238095238,0.028125,0.0461309523809523
23,126,cl2vz88mm00043f6c97ce4nes,0,0.7198255325112107,0.148309043348281,0.0228489349775784,0.0299514200298953
23,1270,cl2yurphq000c3f6ct5e98hvn,0,0.743310546875,0.0680338541666666,0.03427734375,0.044140625
23,1271,cl2yurphq000c3f6ct5e98hvn,0,0.7421875,0.0697916666666666,0.034375,0.04375
23,1272,cl2yurphq000c3f6ct5e98hvn,0,0.7416015625,0.0703125,0.034375,0.04375
23,1273,cl2yurphq000c3f6ct5e98hvn,0,0.741015625,0.0708333333333333,0.034375,0.04375
23,1274,cl2yurphq000c3f6ct5e98hvn,0,0.7404296875,0.0713541666666666,0.034375,0.04375
23,1275,cl2yurphq000c3f6ct5e98hvn,0,0.73984375,0.071875,0.034375,0.04375
23,1276,cl2yurphq000c3f6ct5e98hvn,0,0.7392578125,0.0723958333333333,0.034375,0.04375
23,1277,cl2yurphq000c3f6ct5e98hvn,0,0.738671875,0.0729166666666666,0.034375,0.04375
23,1278,cl2yurphq000c3f6ct5e98hvn,0,0.7380859375,0.0734375,0.034375,0.04375
23,1279,cl2yurphq000c3f6ct5e98hvn,0,0.7375,0.0739583333333333,0.034375,0.04375
23,127,ckz3vxvyj000v3867zug7yf6g,0,0.4331045560747663,0.6768886292834891,0.0293954439252336,0.0354166666666666
23,127,cl2k8lcht00033g6cw07bj64y,0,0.8909598214285716,0.4257440476190476,0.0287946428571428,0.0389880952380952
23,127,cl2k8llkb00073g6cnsr3ko43,0,0.9459821428571428,0.4772321428571428,0.028125,0.0455357142857143
23,127,cl2vz88mm00043f6c97ce4nes,0,0.7198278680866965,0.1483121574489287,0.0228442638266068,0.0299576482311908
23,1280,cl2yurphq000c3f6ct5e98hvn,0,0.7381249999999999,0.076875,0.034375,0.0454166666666666
23,1281,cl2yurphq000c3f6ct5e98hvn,0,0.73875,0.0797916666666666,0.034375,0.0470833333333333
23,1282,cl2yurphq000c3f6ct5e98hvn,0,0.739375,0.0827083333333333,0.034375,0.0487499999999999
23,1283,cl2yurphq000c3f6ct5e98hvn,0,0.74,0.085625,0.034375,0.0504166666666666
23,1284,cl2yurphq000c3f6ct5e98hvn,0,0.740625,0.0885416666666666,0.034375,0.0520833333333333
23,1285,cl2yurphq000c3f6ct5e98hvn,0,0.74375,0.0881944444444444,0.0354166666666666,0.0513888888888888
23,1286,cl2yurphq000c3f6ct5e98hvn,0,0.746875,0.0878472222222222,0.0364583333333333,0.0506944444444444
23,1287,cl2yurphq000c3f6ct5e98hvn,0,0.75,0.0875,0.0375,0.05
23,1288,cl2yurphq000c3f6ct5e98hvn,0,0.7501953125,0.0903645833333333,0.037109375,0.0494791666666666
23,1289,cl2yurphq000c3f6ct5e98hvn,0,0.750390625,0.0932291666666666,0.03671875,0.0489583333333333
23,128,ckz3vxvyj000v3867zug7yf6g,0,0.4331191588785046,0.6768788940809969,0.0293808411214953,0.0354166666666666
23,128,cl2k8lcht00033g6cw07bj64y,0,0.8908482142857143,0.4241071428571428,0.0285714285714286,0.0398809523809523
23,128,cl2k8llkb00073g6cnsr3ko43,0,0.9473214285714286,0.4775297619047619,0.028125,0.0449404761904762
23,128,cl2vz88mm00043f6c97ce4nes,0,0.7198302036621824,0.1483152715495765,0.0228395926756352,0.0299638764324863
23,1290,cl2yurphq000c3f6ct5e98hvn,0,0.7505859375,0.09609375,0.036328125,0.0484375
23,1291,cl2yurphq000c3f6ct5e98hvn,0,0.75078125,0.0989583333333333,0.0359375,0.0479166666666666
23,1292,cl2yurphq000c3f6ct5e98hvn,0,0.7513671875,0.0984375,0.035546875,0.046875
23,1293,cl2yurphq000c3f6ct5e98hvn,0,0.751953125,0.0979166666666666,0.03515625,0.0458333333333333
23,1294,cl2yurphq000c3f6ct5e98hvn,0,0.7525390625,0.0973958333333333,0.034765625,0.0447916666666666
23,1295,cl2yurphq000c3f6ct5e98hvn,0,0.753125,0.096875,0.034375,0.04375
23,1296,cl2yurphq000c3f6ct5e98hvn,0,0.755078125,0.0947916666666666,0.03515625,0.04375
23,1297,cl2yurphq000c3f6ct5e98hvn,0,0.75703125,0.0927083333333333,0.0359375,0.04375
23,1298,cl2yurphq000c3f6ct5e98hvn,0,0.7591145833333333,0.0940972222222222,0.0359375,0.04375
23,1299,cl2yurphq000c3f6ct5e98hvn,0,0.7611979166666667,0.0954861111111111,0.0359375,0.04375
23,129,ckz3vxvyj000v3867zug7yf6g,0,0.4331337616822429,0.6768691588785047,0.0293662383177569,0.0354166666666666
23,129,cl2k8lcht00033g6cw07bj64y,0,0.8907366071428571,0.4224702380952381,0.0283482142857142,0.0407738095238095
23,129,cl2k8llkb00073g6cnsr3ko43,0,0.9486607142857142,0.477827380952381,0.028125,0.044345238095238
23,129,cl2vz88mm00043f6c97ce4nes,0,0.7198325392376681,0.1483183856502242,0.0228349215246637,0.0299701046337817
23,12,ckz3vxvyj000v3867zug7yf6g,0,0.4314252336448598,0.6780081775700935,0.0310747663551402,0.0354166666666666
23,12,cl2k8lcht00033g6cw07bj64y,0,0.72421875,0.592013888888889,0.0296875,0.0395833333333333
23,12,cl2k8llkb00073g6cnsr3ko43,0,0.9495404411764706,0.5178308823529412,0.0294117647058824,0.0337009803921568
23,12,cl2vz88mm00043f6c97ce4nes,0,0.7195592769058295,0.1479540358744394,0.0233814461883407,0.0292414050822122
23,1300,cl2yurphq000c3f6ct5e98hvn,0,0.76328125,0.096875,0.0359375,0.04375
23,1301,cl2yurphq000c3f6ct5e98hvn,0,0.7619791666666667,0.0989583333333333,0.0357638888888888,0.04375
23,1302,cl2yurphq000c3f6ct5e98hvn,0,0.7606770833333334,0.1010416666666666,0.0355902777777777,0.04375
23,1303,cl2yurphq000c3f6ct5e98hvn,0,0.759375,0.103125,0.0354166666666666,0.04375
23,1304,cl2yurphq000c3f6ct5e98hvn,0,0.7580729166666667,0.1052083333333333,0.0352430555555555,0.04375
23,1305,cl2yurphq000c3f6ct5e98hvn,0,0.7567708333333333,0.1072916666666666,0.0350694444444444,0.04375
23,1306,cl2yurphq000c3f6ct5e98hvn,0,0.75546875,0.109375,0.0348958333333333,0.04375
23,1307,cl2yurphq000c3f6ct5e98hvn,0,0.7541666666666667,0.1114583333333333,0.0347222222222222,0.04375
23,1308,cl2yurphq000c3f6ct5e98hvn,0,0.7528645833333334,0.1135416666666666,0.0345486111111111,0.04375
23,1309,cl2yurphq000c3f6ct5e98hvn,0,0.7515625,0.115625,0.034375,0.04375
23,130,ckz3vxvyj000v3867zug7yf6g,0,0.4331483644859814,0.6768594236760124,0.0293516355140186,0.0354166666666666
23,130,cl2k8lcht00033g6cw07bj64y,0,0.890625,0.4208333333333333,0.028125,0.0416666666666666
23,130,cl2k8llkb00073g6cnsr3ko43,0,0.95,0.478125,0.028125,0.04375
23,130,cl2vz88mm00043f6c97ce4nes,0,0.719834874813154,0.1483214997508719,0.022830250373692,0.0299763328350772
23,1310,cl2yurphq000c3f6ct5e98hvn,0,0.75234375,0.1182291666666666,0.034375,0.04375
23,1311,cl2yurphq000c3f6ct5e98hvn,0,0.753125,0.1208333333333333,0.034375,0.04375
23,1312,cl2yurphq000c3f6ct5e98hvn,0,0.75390625,0.1234375,0.034375,0.04375
23,1313,cl2yurphq000c3f6ct5e98hvn,0,0.7546875,0.1260416666666666,0.034375,0.04375
23,1314,cl2yurphq000c3f6ct5e98hvn,0,0.7578125,0.1255208333333333,0.034375,0.04375
23,1315,cl2yurphq000c3f6ct5e98hvn,0,0.7609375,0.125,0.034375,0.04375
23,1316,cl2yurphq000c3f6ct5e98hvn,0,0.7640625,0.1244791666666666,0.034375,0.04375
23,1317,cl2yurphq000c3f6ct5e98hvn,0,0.7671875,0.1239583333333333,0.034375,0.04375
23,1318,cl2yurphq000c3f6ct5e98hvn,0,0.77109375,0.1234375,0.0375,0.0427083333333333
23,1319,cl2yurphq000c3f6ct5e98hvn,0,0.775,0.1229166666666666,0.040625,0.0416666666666666
23,131,ckz3vxvyj000v3867zug7yf6g,0,0.4331629672897197,0.6768496884735202,0.0293370327102803,0.0354166666666666
23,131,cl2k8lcht00033g6cw07bj64y,0,0.89359375,0.4202083333333333,0.0284375,0.0404166666666666
23,131,cl2k8llkb00073g6cnsr3ko43,0,0.9490625,0.4766666666666667,0.028125,0.0433333333333333
23,131,cl2vz88mm00043f6c97ce4nes,0,0.7198372103886397,0.1483246138515196,0.0228255792227204,0.0299825610363726
23,1320,cl2yurphq000c3f6ct5e98hvn,0,0.775,0.1253472222222222,0.0385416666666666,0.0423611111111111
23,1321,cl2yurphq000c3f6ct5e98hvn,0,0.775,0.1277777777777778,0.0364583333333333,0.0430555555555555
23,1322,cl2yurphq000c3f6ct5e98hvn,0,0.775,0.1302083333333333,0.034375,0.04375
23,1323,cl2yurphq000c3f6ct5e98hvn,0,0.77421875,0.1322916666666666,0.034375,0.04375
23,1324,cl2yurphq000c3f6ct5e98hvn,0,0.7734375,0.134375,0.034375,0.04375
23,1325,cl2yurphq000c3f6ct5e98hvn,0,0.77265625,0.1364583333333333,0.034375,0.04375
23,1326,cl2yurphq000c3f6ct5e98hvn,0,0.771875,0.1385416666666666,0.034375,0.04375
23,1327,cl2yurphq000c3f6ct5e98hvn,0,0.7690625,0.1402083333333333,0.034375,0.04375
23,1328,cl2yurphq000c3f6ct5e98hvn,0,0.76625,0.141875,0.034375,0.0437499999999999
23,1329,cl2yurphq000c3f6ct5e98hvn,0,0.7634375,0.1435416666666666,0.034375,0.04375
23,132,ckz3vxvyj000v3867zug7yf6g,0,0.433177570093458,0.676839953271028,0.029322429906542,0.0354166666666666
23,132,cl2k8lcht00033g6cw07bj64y,0,0.8965624999999999,0.4195833333333333,0.0287499999999999,0.0391666666666666
23,132,cl2k8llkb00073g6cnsr3ko43,0,0.948125,0.4752083333333334,0.028125,0.0429166666666666
23,132,cl2vz88mm00043f6c97ce4nes,0,0.7198395459641256,0.1483277279521674,0.0228209080717488,0.0299887892376681
23,1330,cl2yurphq000c3f6ct5e98hvn,0,0.760625,0.1452083333333333,0.034375,0.04375
23,1331,cl2yurphq000c3f6ct5e98hvn,0,0.7578125,0.146875,0.034375,0.04375
23,1332,cl2yurphq000c3f6ct5e98hvn,0,0.7590625,0.1489583333333333,0.034375,0.04375
23,1333,cl2yurphq000c3f6ct5e98hvn,0,0.7603125000000001,0.1510416666666666,0.034375,0.04375
23,1334,cl2yurphq000c3f6ct5e98hvn,0,0.7615624999999999,0.153125,0.034375,0.04375
23,1335,cl2yurphq000c3f6ct5e98hvn,0,0.7628125,0.1552083333333333,0.034375,0.04375
23,1336,cl2yurphq000c3f6ct5e98hvn,0,0.7640625,0.1572916666666666,0.034375,0.04375
23,1337,cl2yurphq000c3f6ct5e98hvn,0,0.7670312499999999,0.1564583333333333,0.0346874999999999,0.04375
23,1338,cl2yurphq000c3f6ct5e98hvn,0,0.77,0.155625,0.0349999999999999,0.04375
23,1339,cl2yurphq000c3f6ct5e98hvn,0,0.77296875,0.1547916666666666,0.0353125,0.04375
23,133,ckz3vxvyj000v3867zug7yf6g,0,0.4331921728971963,0.6768302180685358,0.0293078271028037,0.0354166666666666
23,133,cl2k8lcht00033g6cw07bj64y,0,0.8995312500000001,0.4189583333333333,0.0290625,0.0379166666666666
23,133,cl2k8llkb00073g6cnsr3ko43,0,0.9471875,0.4737499999999999,0.028125,0.0425
23,133,cl2vz88mm00043f6c97ce4nes,0,0.7198418815396114,0.1483308420528151,0.0228162369207773,0.0299950174389636
23,1340,cl2yurphq000c3f6ct5e98hvn,0,0.7759375000000001,0.1539583333333333,0.035625,0.04375
23,1341,cl2yurphq000c3f6ct5e98hvn,0,0.77890625,0.153125,0.0359375,0.04375
23,1342,cl2yurphq000c3f6ct5e98hvn,0,0.7790364583333333,0.1553819444444444,0.0356770833333333,0.0447916666666666
23,1343,cl2yurphq000c3f6ct5e98hvn,0,0.7791666666666666,0.1576388888888889,0.0354166666666666,0.0458333333333333
23,1344,cl2yurphq000c3f6ct5e98hvn,0,0.779296875,0.1598958333333333,0.03515625,0.046875
23,1345,cl2yurphq000c3f6ct5e98hvn,0,0.7794270833333334,0.1621527777777777,0.0348958333333333,0.0479166666666666
23,1346,cl2yurphq000c3f6ct5e98hvn,0,0.7795572916666667,0.1644097222222222,0.0346354166666666,0.0489583333333333
23,1347,cl2yurphq000c3f6ct5e98hvn,0,0.7796875,0.1666666666666666,0.034375,0.05
23,1348,cl2yurphq000c3f6ct5e98hvn,0,0.7763671875,0.1682291666666666,0.035546875,0.05
23,1349,cl2yurphq000c3f6ct5e98hvn,0,0.773046875,0.1697916666666666,0.03671875,0.05
23,134,ckz3vxvyj000v3867zug7yf6g,0,0.4332067757009346,0.6768204828660436,0.0292932242990654,0.0354166666666666
23,134,cl2k8lcht00033g6cw07bj64y,0,0.9025,0.4183333333333333,0.0293749999999999,0.0366666666666666
23,134,cl2k8llkb00073g6cnsr3ko43,0,0.94625,0.4722916666666666,0.028125,0.0420833333333333
23,134,cl2vz88mm00043f6c97ce4nes,0,0.7198442171150972,0.1483339561534628,0.0228115657698056,0.0300012456402591
23,1350,cl2yurphq000c3f6ct5e98hvn,0,0.7697265625,0.1713541666666666,0.037890625,0.05
23,1351,cl2yurphq000c3f6ct5e98hvn,0,0.76640625,0.1729166666666666,0.0390625,0.05
23,1352,cl2yurphq000c3f6ct5e98hvn,0,0.7681640625,0.1770833333333333,0.037890625,0.0510416666666666
23,1353,cl2yurphq000c3f6ct5e98hvn,0,0.769921875,0.18125,0.03671875,0.0520833333333333
23,1354,cl2yurphq000c3f6ct5e98hvn,0,0.7716796875,0.1854166666666666,0.035546875,0.053125
23,1355,cl2yurphq000c3f6ct5e98hvn,0,0.7734375,0.1895833333333333,0.034375,0.0541666666666666
23,1356,cl2yurphq000c3f6ct5e98hvn,0,0.7763671875,0.1880208333333333,0.035546875,0.0510416666666666
23,1357,cl2yurphq000c3f6ct5e98hvn,0,0.779296875,0.1864583333333333,0.03671875,0.0479166666666666
23,1358,cl2yurphq000c3f6ct5e98hvn,0,0.7822265625,0.1848958333333333,0.037890625,0.0447916666666666
23,1359,cl2yurphq000c3f6ct5e98hvn,0,0.78515625,0.1833333333333333,0.0390625,0.0416666666666666
23,135,ckz3vxvyj000v3867zug7yf6g,0,0.4332213785046729,0.6768107476635514,0.0292786214953271,0.0354166666666666
23,135,cl2k8lcht00033g6cw07bj64y,0,0.90546875,0.4177083333333333,0.0296875,0.0354166666666666
23,135,cl2k8llkb00073g6cnsr3ko43,0,0.9453125,0.4708333333333333,0.028125,0.0416666666666666
23,135,cl2vz88mm00043f6c97ce4nes,0,0.719846552690583,0.1483370702541106,0.022806894618834,0.0300074738415545
23,1360,cl2yurphq000c3f6ct5e98hvn,0,0.7864583333333333,0.1861111111111111,0.0385416666666666,0.0430555555555555
23,1361,cl2yurphq000c3f6ct5e98hvn,0,0.7877604166666667,0.1888888888888888,0.0380208333333333,0.0444444444444444
23,1362,cl2yurphq000c3f6ct5e98hvn,0,0.7890625,0.1916666666666666,0.0375,0.0458333333333333
23,1363,cl2yurphq000c3f6ct5e98hvn,0,0.7873046875,0.1942708333333333,0.037109375,0.046875
23,1364,cl2yurphq000c3f6ct5e98hvn,0,0.785546875,0.196875,0.03671875,0.0479166666666666
23,1365,cl2yurphq000c3f6ct5e98hvn,0,0.7837890625,0.1994791666666666,0.036328125,0.0489583333333333
23,1366,cl2yurphq000c3f6ct5e98hvn,0,0.78203125,0.2020833333333333,0.0359375,0.05
23,1367,cl2yurphq000c3f6ct5e98hvn,0,0.780859375,0.2020833333333333,0.0359375,0.05
23,1368,cl2yurphq000c3f6ct5e98hvn,0,0.7796875,0.2020833333333333,0.0359375,0.05
23,1369,cl2yurphq000c3f6ct5e98hvn,0,0.778515625,0.2020833333333333,0.0359375,0.05
23,136,ckz3vxvyj000v3867zug7yf6g,0,0.4332359813084112,0.6768010124610592,0.0292640186915887,0.0354166666666666
23,136,cl2k8lcht00033g6cw07bj64y,0,0.9075520833333334,0.415625,0.0296875,0.0354166666666666
23,136,cl2k8llkb00073g6cnsr3ko43,0,0.9435546875,0.4729166666666666,0.028515625,0.0416666666666666
23,136,cl2vz88mm00043f6c97ce4nes,0,0.7198488882660687,0.1483401843547583,0.0228022234678625,0.03001370204285
23,1370,cl2yurphq000c3f6ct5e98hvn,0,0.77734375,0.2020833333333333,0.0359375,0.05
23,1371,cl2yurphq000c3f6ct5e98hvn,0,0.77890625,0.20625,0.0359375,0.05
23,1372,cl2yurphq000c3f6ct5e98hvn,0,0.78046875,0.2104166666666666,0.0359375,0.05
23,1373,cl2yurphq000c3f6ct5e98hvn,0,0.78203125,0.2145833333333333,0.0359375,0.05
23,1374,cl2yurphq000c3f6ct5e98hvn,0,0.7846875,0.214375,0.0362499999999998,0.0479166666666666
23,1375,cl2yurphq000c3f6ct5e98hvn,0,0.78734375,0.2141666666666666,0.0365625,0.0458333333333333
23,1376,cl2yurphq000c3f6ct5e98hvn,0,0.79,0.2139583333333333,0.0368749999999999,0.04375
23,1377,cl2yurphq000c3f6ct5e98hvn,0,0.7926562500000001,0.21375,0.0371875000000001,0.0416666666666666
23,1378,cl2yurphq000c3f6ct5e98hvn,0,0.7953125,0.2135416666666666,0.0375,0.0395833333333333
23,1379,cl2yurphq000c3f6ct5e98hvn,0,0.796875,0.2111111111111111,0.0375,0.0402777777777777
23,137,ckz3vxvyj000v3867zug7yf6g,0,0.4332505841121495,0.676791277258567,0.0292494158878504,0.0354166666666666
23,137,cl2k8lcht00033g6cw07bj64y,0,0.9096354166666666,0.4135416666666666,0.0296875,0.0354166666666666
23,137,cl2k8llkb00073g6cnsr3ko43,0,0.941796875,0.475,0.02890625,0.0416666666666666
23,137,cl2vz88mm00043f6c97ce4nes,0,0.7198512238415546,0.1483432984554061,0.0227975523168908,0.0300199302441454
23,1380,cl2yurphq000c3f6ct5e98hvn,0,0.7984375,0.2086805555555555,0.0375,0.0409722222222222
23,1381,cl2yurphq000c3f6ct5e98hvn,0,0.8,0.20625,0.0375,0.0416666666666666
23,1382,cl2yurphq000c3f6ct5e98hvn,0,0.80078125,0.2085416666666666,0.0365625,0.0420833333333333
23,1383,cl2yurphq000c3f6ct5e98hvn,0,0.8015625,0.2108333333333333,0.0356249999999999,0.0425
23,1384,cl2yurphq000c3f6ct5e98hvn,0,0.80234375,0.2131249999999999,0.0346875,0.0429166666666666
23,1385,cl2yurphq000c3f6ct5e98hvn,0,0.803125,0.2154166666666666,0.0337499999999999,0.0433333333333333
23,1386,cl2yurphq000c3f6ct5e98hvn,0,0.80390625,0.2177083333333333,0.0328125,0.04375
23,1387,cl2yurphq000c3f6ct5e98hvn,0,0.8036458333333334,0.2203125,0.0333333333333333,0.0447916666666666
23,1388,cl2yurphq000c3f6ct5e98hvn,0,0.8033854166666666,0.2229166666666666,0.0338541666666667,0.0458333333333333
23,1389,cl2yurphq000c3f6ct5e98hvn,0,0.803125,0.2255208333333333,0.034375,0.046875
23,138,ckz3vxvyj000v3867zug7yf6g,0,0.4332651869158878,0.6767815420560748,0.0292348130841121,0.0354166666666666
23,138,cl2k8lcht00033g6cw07bj64y,0,0.91171875,0.4114583333333333,0.0296875,0.0354166666666666
23,138,cl2k8llkb00073g6cnsr3ko43,0,0.9400390625,0.4770833333333333,0.029296875,0.0416666666666666
23,138,cl2vz88mm00043f6c97ce4nes,0,0.7198535594170403,0.1483464125560538,0.0227928811659192,0.0300261584454409
23,1390,cl2yurphq000c3f6ct5e98hvn,0,0.8028645833333334,0.228125,0.0348958333333333,0.0479166666666666
23,1391,cl2yurphq000c3f6ct5e98hvn,0,0.8026041666666666,0.2307291666666666,0.0354166666666666,0.0489583333333333
23,1392,cl2yurphq000c3f6ct5e98hvn,0,0.80234375,0.2333333333333333,0.0359375,0.05
23,1393,cl2yurphq000c3f6ct5e98hvn,0,0.803125,0.2350694444444444,0.0364583333333333,0.0506944444444444
23,1394,cl2yurphq000c3f6ct5e98hvn,0,0.80390625,0.2368055555555555,0.0369791666666666,0.0513888888888889
23,1395,cl2yurphq000c3f6ct5e98hvn,0,0.8046875,0.2385416666666666,0.0375,0.0520833333333333
23,1396,cl2yurphq000c3f6ct5e98hvn,0,0.803125,0.2380208333333333,0.0375,0.0517361111111111
23,1397,cl2yurphq000c3f6ct5e98hvn,0,0.8015625,0.2375,0.0375,0.0513888888888888
23,1398,cl2yurphq000c3f6ct5e98hvn,0,0.8,0.2369791666666666,0.0375,0.0510416666666666
23,1399,cl2yurphq000c3f6ct5e98hvn,0,0.7984375,0.2364583333333333,0.0375,0.0506944444444444
23,139,ckz3vxvyj000v3867zug7yf6g,0,0.4332797897196261,0.6767718068535825,0.0292202102803738,0.0354166666666666
23,139,cl2k8lcht00033g6cw07bj64y,0,0.9138020833333332,0.409375,0.0296875,0.0354166666666666
23,139,cl2k8llkb00073g6cnsr3ko43,0,0.93828125,0.4791666666666667,0.0296875,0.0416666666666666
23,139,cl2vz88mm00043f6c97ce4nes,0,0.7198558949925262,0.1483495266567015,0.0227882100149476,0.0300323866467364
23,13,ckz3vxvyj000v3867zug7yf6g,0,0.4314398364485982,0.6779984423676012,0.0310601635514018,0.0354166666666666
23,13,cl2k8lcht00033g6cw07bj64y,0,0.72890625,0.5913194444444444,0.0296875,0.0395833333333333
23,13,cl2k8llkb00073g6cnsr3ko43,0,0.9494944852941176,0.5182598039215687,0.0292279411764704,0.0339460784313725
23,13,cl2vz88mm00043f6c97ce4nes,0,0.7195616124813153,0.1479571499750872,0.0233767750373692,0.0292476332835077
23,1400,cl2yurphq000c3f6ct5e98hvn,0,0.796875,0.2359375,0.0375,0.0503472222222222
23,1401,cl2yurphq000c3f6ct5e98hvn,0,0.7953125,0.2354166666666666,0.0375,0.05
23,1402,cl2yurphq000c3f6ct5e98hvn,0,0.79453125,0.2368055555555555,0.0380208333333333,0.05
23,1403,cl2yurphq000c3f6ct5e98hvn,0,0.79375,0.2381944444444444,0.0385416666666666,0.05
23,1404,cl2yurphq000c3f6ct5e98hvn,0,0.79296875,0.2395833333333333,0.0390625,0.05
23,1405,cl2yurphq000c3f6ct5e98hvn,0,0.79453125,0.2424479166666666,0.0390625,0.0494791666666666
23,1406,cl2yurphq000c3f6ct5e98hvn,0,0.79609375,0.2453125,0.0390625,0.0489583333333333
23,1407,cl2yurphq000c3f6ct5e98hvn,0,0.79765625,0.2481770833333333,0.0390625,0.0484375
23,1408,cl2yurphq000c3f6ct5e98hvn,0,0.79921875,0.2510416666666666,0.0390625,0.0479166666666666
23,1409,cl2yurphq000c3f6ct5e98hvn,0,0.8009374999999999,0.2525,0.0381249999999999,0.0483333333333333
23,140,ckz3vxvyj000v3867zug7yf6g,0,0.4332943925233644,0.6767620716510904,0.0292056074766355,0.0354166666666666
23,140,cl2k8lcht00033g6cw07bj64y,0,0.9158854166666666,0.4072916666666666,0.0296875,0.0354166666666666
23,140,cl2k8llkb00073g6cnsr3ko43,0,0.9396875,0.47875,0.03,0.0425
23,140,cl2vz88mm00043f6c97ce4nes,0,0.7198582305680119,0.1483526407573492,0.0227835388639761,0.0300386148480318
23,1410,cl2yurphq000c3f6ct5e98hvn,0,0.8026562500000001,0.2539583333333333,0.0371875,0.0487499999999999
23,1411,cl2yurphq000c3f6ct5e98hvn,0,0.804375,0.2554166666666667,0.0362499999999999,0.0491666666666666
23,1412,cl2yurphq000c3f6ct5e98hvn,0,0.8060937500000002,0.256875,0.0353125,0.0495833333333333
23,1413,cl2yurphq000c3f6ct5e98hvn,0,0.8078125,0.2583333333333333,0.034375,0.05
23,1413,cl2yv00y8000g3f6cqg1na0wb,0,0.9421875,0.0083333333333333,0.0375,0.0166666666666666
23,1414,cl2yurphq000c3f6ct5e98hvn,0,0.80546875,0.2604166666666667,0.0328125,0.05
23,1414,cl2yv00y8000g3f6cqg1na0wb,0,0.9401041666666669,0.0097222222222222,0.0364583333333333,0.0194444444444444
23,1415,cl2yurphq000c3f6ct5e98hvn,0,0.80361328125,0.2608072916666666,0.0330078125,0.0497395833333333
23,1415,cl2yv00y8000g3f6cqg1na0wb,0,0.9380208333333332,0.0111111111111111,0.0354166666666666,0.0222222222222222
23,1416,cl2yurphq000c3f6ct5e98hvn,0,0.8017578125,0.2611979166666666,0.033203125,0.0494791666666666
23,1416,cl2yv00y8000g3f6cqg1na0wb,0,0.9359375,0.0125,0.034375,0.025
23,1417,cl2yurphq000c3f6ct5e98hvn,0,0.79990234375,0.2615885416666667,0.0333984375,0.04921875
23,1417,cl2yv00y8000g3f6cqg1na0wb,0,0.9390625,0.0161458333333333,0.034375,0.0322916666666666
23,1418,cl2yurphq000c3f6ct5e98hvn,0,0.798046875,0.2619791666666666,0.03359375,0.0489583333333333
23,1418,cl2yv00y8000g3f6cqg1na0wb,0,0.9421875,0.0197916666666666,0.034375,0.0395833333333333
23,1419,cl2yurphq000c3f6ct5e98hvn,0,0.79619140625,0.2623697916666667,0.0337890625,0.0486979166666666
23,1419,cl2yv00y8000g3f6cqg1na0wb,0,0.9408203125,0.0231770833333333,0.034765625,0.0401041666666666
23,141,ckz3vxvyj000v3867zug7yf6g,0,0.4333089953271027,0.6767523364485981,0.0291910046728971,0.0354166666666666
23,141,cl2k8lcht00033g6cw07bj64y,0,0.91796875,0.4052083333333333,0.0296875,0.0354166666666666
23,141,cl2k8llkb00073g6cnsr3ko43,0,0.94109375,0.4783333333333333,0.0303124999999999,0.0433333333333333
23,141,cl2vz88mm00043f6c97ce4nes,0,0.7198605661434978,0.148355754857997,0.0227788677130044,0.0300448430493273
23,1420,cl2yurphq000c3f6ct5e98hvn,0,0.7943359375,0.2627604166666666,0.033984375,0.0484375
23,1420,cl2yv00y8000g3f6cqg1na0wb,0,0.939453125,0.0265625,0.03515625,0.040625
23,1421,cl2yurphq000c3f6ct5e98hvn,0,0.79248046875,0.2631510416666666,0.0341796875,0.0481770833333333
23,1421,cl2yv00y8000g3f6cqg1na0wb,0,0.9380859375,0.0299479166666666,0.035546875,0.0411458333333333
23,1422,cl2yurphq000c3f6ct5e98hvn,0,0.790625,0.2635416666666667,0.034375,0.0479166666666666
23,1422,cl2yv00y8000g3f6cqg1na0wb,0,0.93671875,0.0333333333333333,0.0359375,0.0416666666666666
23,1423,cl2yurphq000c3f6ct5e98hvn,0,0.79140625,0.2670138888888889,0.0348958333333333,0.0479166666666666
23,1423,cl2yv00y8000g3f6cqg1na0wb,0,0.9385416666666668,0.0367187499999999,0.0356770833333333,0.0414930555555555
23,1424,cl2yurphq000c3f6ct5e98hvn,0,0.7921875,0.2704861111111111,0.0354166666666666,0.0479166666666667
23,1424,cl2yv00y8000g3f6cqg1na0wb,0,0.9403645833333332,0.0401041666666666,0.0354166666666666,0.0413194444444444
23,1425,cl2yurphq000c3f6ct5e98hvn,0,0.79296875,0.2739583333333333,0.0359375,0.0479166666666666
23,1425,cl2yv00y8000g3f6cqg1na0wb,0,0.9421875,0.0434895833333333,0.03515625,0.0411458333333333
23,1426,cl2yurphq000c3f6ct5e98hvn,0,0.79578125,0.275,0.0365624999999999,0.0483333333333333
23,1426,cl2yv00y8000g3f6cqg1na0wb,0,0.9440104166666669,0.046875,0.0348958333333333,0.0409722222222222
23,1427,cl2yurphq000c3f6ct5e98hvn,0,0.79859375,0.2760416666666667,0.0371875,0.0487499999999999
23,1427,cl2yv00y8000g3f6cqg1na0wb,0,0.9458333333333332,0.0502604166666666,0.0346354166666666,0.0407986111111111
23,1428,cl2yurphq000c3f6ct5e98hvn,0,0.80140625,0.2770833333333333,0.0378124999999999,0.0491666666666666
23,1428,cl2yv00y8000g3f6cqg1na0wb,0,0.94765625,0.0536458333333333,0.034375,0.040625
23,1429,cl2yurphq000c3f6ct5e98hvn,0,0.8042187500000001,0.278125,0.0384375,0.0495833333333333
23,1429,cl2yv00y8000g3f6cqg1na0wb,0,0.9494791666666668,0.05703125,0.0341145833333333,0.0404513888888888
23,142,ckz3vxvyj000v3867zug7yf6g,0,0.4333235981308411,0.676742601246106,0.0291764018691588,0.0354166666666666
23,142,cl2k8lcht00033g6cw07bj64y,0,0.9200520833333334,0.403125,0.0296875,0.0354166666666666
23,142,cl2k8llkb00073g6cnsr3ko43,0,0.9425,0.4779166666666666,0.030625,0.0441666666666666
23,142,cl2vz88mm00043f6c97ce4nes,0,0.7198629017189836,0.1483588689586447,0.0227741965620328,0.0300510712506228
23,1430,cl2yurphq000c3f6ct5e98hvn,0,0.80703125,0.2791666666666667,0.0390625,0.05
23,1430,cl2yv00y8000g3f6cqg1na0wb,0,0.9513020833333332,0.0604166666666666,0.0338541666666666,0.0402777777777777
23,1431,cl2yurphq000c3f6ct5e98hvn,0,0.8055989583333332,0.2797743055555555,0.0393229166666666,0.0494791666666666
23,1431,cl2yv00y8000g3f6cqg1na0wb,0,0.953125,0.0638020833333333,0.03359375,0.0401041666666666
23,1432,cl2yurphq000c3f6ct5e98hvn,0,0.8041666666666668,0.2803819444444445,0.0395833333333333,0.0489583333333333
23,1432,cl2yv00y8000g3f6cqg1na0wb,0,0.9549479166666668,0.0671875,0.0333333333333333,0.0399305555555555
23,1433,cl2yurphq000c3f6ct5e98hvn,0,0.802734375,0.2809895833333333,0.03984375,0.0484375
23,1433,cl2yv00y8000g3f6cqg1na0wb,0,0.9567708333333332,0.0705729166666666,0.0330729166666666,0.0397569444444444
23,1434,cl2yurphq000c3f6ct5e98hvn,0,0.8013020833333332,0.2815972222222222,0.0401041666666666,0.0479166666666666
23,1434,cl2yv00y8000g3f6cqg1na0wb,0,0.95859375,0.0739583333333333,0.0328125,0.0395833333333333
23,1435,cl2yurphq000c3f6ct5e98hvn,0,0.7998697916666667,0.2822048611111111,0.0403645833333333,0.0473958333333333
23,1435,cl2yv00y8000g3f6cqg1na0wb,0,0.9603515625,0.07734375,0.031640625,0.0390625
23,1436,cl2yurphq000c3f6ct5e98hvn,0,0.7984375,0.2828125,0.040625,0.046875
23,1436,cl2yv00y8000g3f6cqg1na0wb,0,0.962109375,0.0807291666666666,0.03046875,0.0385416666666666
23,1437,cl2yurphq000c3f6ct5e98hvn,0,0.7970052083333333,0.2834201388888889,0.0408854166666666,0.0463541666666666
23,1437,cl2yv00y8000g3f6cqg1na0wb,0,0.9638671875,0.0841145833333333,0.029296875,0.0380208333333333
23,1438,cl2yurphq000c3f6ct5e98hvn,0,0.7955729166666667,0.2840277777777778,0.0411458333333333,0.0458333333333333
23,1438,cl2yv00y8000g3f6cqg1na0wb,0,0.965625,0.0875,0.028125,0.0375
23,1439,cl2yurphq000c3f6ct5e98hvn,0,0.794140625,0.2846354166666666,0.04140625,0.0453125
23,1439,cl2yv00y8000g3f6cqg1na0wb,0,0.968359375,0.0890625,0.0296875,0.0375
23,143,ckz3vxvyj000v3867zug7yf6g,0,0.4333382009345793,0.6767328660436137,0.0291617990654205,0.0354166666666666
23,143,cl2k8lcht00033g6cw07bj64y,0,0.9221354166666668,0.4010416666666667,0.0296875,0.0354166666666666
23,143,cl2k8llkb00073g6cnsr3ko43,0,0.94390625,0.4775,0.0309374999999999,0.0449999999999999
23,143,cl2vz88mm00043f6c97ce4nes,0,0.7198652372944693,0.1483619830592925,0.0227695254110613,0.0300572994519183
23,1440,cl2yurphq000c3f6ct5e98hvn,0,0.7927083333333333,0.2852430555555555,0.0416666666666666,0.0447916666666666
23,1440,cl2yv00y8000g3f6cqg1na0wb,0,0.97109375,0.090625,0.03125,0.0375
23,1441,cl2yurphq000c3f6ct5e98hvn,0,0.7912760416666667,0.2858506944444444,0.0419270833333333,0.0442708333333333
23,1441,cl2yv00y8000g3f6cqg1na0wb,0,0.973828125,0.0921875,0.0328125,0.0375
23,1442,cl2yurphq000c3f6ct5e98hvn,0,0.78984375,0.2864583333333333,0.0421875,0.04375
23,1442,cl2yv00y8000g3f6cqg1na0wb,0,0.9765625,0.09375,0.034375,0.0375
23,1443,cl2yurphq000c3f6ct5e98hvn,0,0.7885044642857142,0.2883928571428572,0.0417410714285714,0.044047619047619
23,1443,cl2yv00y8000g3f6cqg1na0wb,0,0.9786458333333332,0.0979166666666666,0.0333333333333333,0.0375
23,1444,cl2yurphq000c3f6ct5e98hvn,0,0.7871651785714285,0.290327380952381,0.0412946428571428,0.044345238095238
23,1444,cl2yv00y8000g3f6cqg1na0wb,0,0.9807291666666668,0.1020833333333333,0.0322916666666666,0.0375
23,1445,cl2yurphq000c3f6ct5e98hvn,0,0.7858258928571429,0.2922619047619047,0.0408482142857143,0.0446428571428571
23,1445,cl2yv00y8000g3f6cqg1na0wb,0,0.9828125,0.10625,0.03125,0.0375
23,1446,cl2yurphq000c3f6ct5e98hvn,0,0.7844866071428571,0.2941964285714286,0.0404017857142856,0.0449404761904762
23,1446,cl2yv00y8000g3f6cqg1na0wb,0,0.9818359375,0.11015625,0.031640625,0.0390625
23,1447,cl2yurphq000c3f6ct5e98hvn,0,0.7831473214285715,0.2961309523809524,0.0399553571428571,0.0452380952380952
23,1447,cl2yv00y8000g3f6cqg1na0wb,0,0.980859375,0.1140625,0.03203125,0.040625
23,1448,cl2yurphq000c3f6ct5e98hvn,0,0.7818080357142858,0.2980654761904761,0.0395089285714285,0.0455357142857143
23,1448,cl2yv00y8000g3f6cqg1na0wb,0,0.9798828125,0.11796875,0.032421875,0.0421875
23,1449,cl2yurphq000c3f6ct5e98hvn,0,0.78046875,0.3,0.0390625,0.0458333333333333
23,1449,cl2yv00y8000g3f6cqg1na0wb,0,0.97890625,0.121875,0.0328125,0.04375
23,144,ckz3vxvyj000v3867zug7yf6g,0,0.4333528037383177,0.6767231308411216,0.0291471962616822,0.0354166666666666
23,144,cl2k8lcht00033g6cw07bj64y,0,0.92421875,0.3989583333333333,0.0296875,0.0354166666666666
23,144,cl2k8llkb00073g6cnsr3ko43,0,0.9453125,0.4770833333333333,0.03125,0.0458333333333333
23,144,cl2vz88mm00043f6c97ce4nes,0,0.7198675728699552,0.1483650971599402,0.0227648542600896,0.0300635276532137
23,1450,cl2yurphq000c3f6ct5e98hvn,0,0.780078125,0.2997395833333333,0.03828125,0.0463541666666666
23,1450,cl2yv00y8000g3f6cqg1na0wb,0,0.9783203125,0.1265625,0.033203125,0.04375
23,1451,cl2yurphq000c3f6ct5e98hvn,0,0.7796875,0.2994791666666667,0.0375,0.046875
23,1451,cl2yv00y8000g3f6cqg1na0wb,0,0.977734375,0.13125,0.03359375,0.04375
23,1452,cl2yurphq000c3f6ct5e98hvn,0,0.779296875,0.29921875,0.03671875,0.0473958333333333
23,1452,cl2yv00y8000g3f6cqg1na0wb,0,0.9771484375,0.1359375,0.033984375,0.04375
23,1453,cl2yurphq000c3f6ct5e98hvn,0,0.77890625,0.2989583333333333,0.0359375,0.0479166666666666
23,1453,cl2yv00y8000g3f6cqg1na0wb,0,0.9765625,0.140625,0.034375,0.04375
23,1454,cl2yurphq000c3f6ct5e98hvn,0,0.7765625,0.3010416666666666,0.0375,0.0479166666666666
23,1454,cl2yv00y8000g3f6cqg1na0wb,0,0.98125,0.1375,0.03125,0.0416666666666666
23,1455,cl2yurphq000c3f6ct5e98hvn,0,0.77421875,0.303125,0.0390625,0.0479166666666666
23,1455,cl2yv00y8000g3f6cqg1na0wb,0,0.9859375,0.134375,0.028125,0.0395833333333333
23,1456,cl2yurphq000c3f6ct5e98hvn,0,0.7736979166666667,0.3052083333333333,0.0380208333333333,0.0465277777777777
23,1456,cl2yv00y8000g3f6cqg1na0wb,0,0.9872395833333332,0.1371527777777777,0.0255208333333333,0.0381944444444444
23,1457,cl2yurphq000c3f6ct5e98hvn,0,0.7731770833333333,0.3072916666666667,0.0369791666666666,0.0451388888888889
23,1457,cl2yv00y8000g3f6cqg1na0wb,0,0.9885416666666668,0.1399305555555555,0.0229166666666666,0.0368055555555555
23,1458,cl2yurphq000c3f6ct5e98hvn,0,0.77265625,0.309375,0.0359375,0.04375
23,1458,cl2yv00y8000g3f6cqg1na0wb,0,0.98984375,0.1427083333333333,0.0203125,0.0354166666666666
23,1459,cl2yurphq000c3f6ct5e98hvn,0,0.771875,0.30859375,0.03515625,0.0421875
23,1459,cl2yv00y8000g3f6cqg1na0wb,0,0.9876953125,0.146875,0.021484375,0.0364583333333333
23,145,ckz3vxvyj000v3867zug7yf6g,0,0.4333674065420559,0.6767133956386293,0.0291325934579439,0.0354166666666666
23,145,cl2k8lcht00033g6cw07bj64y,0,0.92578125,0.396577380952381,0.0296875,0.0360119047619047
23,145,cl2k8llkb00073g6cnsr3ko43,0,0.9470982142857144,0.478422619047619,0.0316964285714286,0.0449404761904761
23,145,cl2vz88mm00043f6c97ce4nes,0,0.719869908445441,0.1483682112605879,0.022760183109118,0.0300697558545092
23,1460,cl2yurphq000c3f6ct5e98hvn,0,0.77109375,0.3078125,0.034375,0.040625
23,1460,cl2yv00y8000g3f6cqg1na0wb,0,0.985546875,0.1510416666666666,0.02265625,0.0375
23,1461,cl2yurphq000c3f6ct5e98hvn,0,0.7703125,0.30703125,0.03359375,0.0390625
23,1461,cl2yv00y8000g3f6cqg1na0wb,0,0.9833984375,0.1552083333333333,0.023828125,0.0385416666666666
23,1462,cl2yurphq000c3f6ct5e98hvn,0,0.76953125,0.30625,0.0328125,0.0375
23,1462,cl2yv00y8000g3f6cqg1na0wb,0,0.98125,0.159375,0.025,0.0395833333333333
23,1463,cl2yurphq000c3f6ct5e98hvn,0,0.7694196428571429,0.3047619047619047,0.0339285714285714,0.0375
23,1463,cl2yv00y8000g3f6cqg1na0wb,0,0.982421875,0.1643229166666666,0.02578125,0.0401041666666666
23,1464,cl2yurphq000c3f6ct5e98hvn,0,0.7693080357142857,0.3032738095238095,0.0350446428571427,0.0375
23,1464,cl2yv00y8000g3f6cqg1na0wb,0,0.98359375,0.1692708333333333,0.0265625,0.040625
23,1465,cl2yurphq000c3f6ct5e98hvn,0,0.7691964285714286,0.3017857142857142,0.0361607142857142,0.0375
23,1465,cl2yv00y8000g3f6cqg1na0wb,0,0.984765625,0.17421875,0.02734375,0.0411458333333333
23,1466,cl2yurphq000c3f6ct5e98hvn,0,0.7690848214285715,0.300297619047619,0.0372767857142857,0.0375
23,1466,cl2yv00y8000g3f6cqg1na0wb,0,0.9859375,0.1791666666666666,0.028125,0.0416666666666666
23,1467,cl2yurphq000c3f6ct5e98hvn,0,0.7689732142857142,0.2988095238095238,0.0383928571428572,0.0375
23,1467,cl2yv00y8000g3f6cqg1na0wb,0,0.98515625,0.1809027777777778,0.0296875,0.0423611111111111
23,1468,cl2yurphq000c3f6ct5e98hvn,0,0.7688616071428571,0.2973214285714285,0.0395089285714285,0.0375
23,1468,cl2yv00y8000g3f6cqg1na0wb,0,0.984375,0.1826388888888888,0.03125,0.0430555555555555
23,1469,cl2yurphq000c3f6ct5e98hvn,0,0.76875,0.2958333333333333,0.040625,0.0375
23,1469,cl2yv00y8000g3f6cqg1na0wb,0,0.98359375,0.184375,0.0328125,0.04375
23,146,ckz3vxvyj000v3867zug7yf6g,0,0.4333820093457944,0.6767036604361371,0.0291179906542056,0.0354166666666666
23,146,cl2k8lcht00033g6cw07bj64y,0,0.92734375,0.3941964285714286,0.0296875,0.0366071428571428
23,146,cl2k8llkb00073g6cnsr3ko43,0,0.9488839285714284,0.4797619047619047,0.0321428571428571,0.044047619047619
23,146,cl2vz88mm00043f6c97ce4nes,0,0.7198722440209269,0.1483713253612356,0.0227555119581464,0.0300759840558046
23,147,ckz3vxvyj000v3867zug7yf6g,0,0.4333966121495328,0.6766939252336448,0.0291033878504673,0.0354166666666666
23,147,cl2k8lcht00033g6cw07bj64y,0,0.92890625,0.3918154761904761,0.0296875,0.0372023809523809
23,147,cl2k8llkb00073g6cnsr3ko43,0,0.9506696428571428,0.4811011904761905,0.0325892857142857,0.0431547619047618
23,147,cl2vz88mm00043f6c97ce4nes,0,0.7198745795964125,0.1483744394618834,0.0227508408071749,0.0300822122571001
23,148,ckz3vxvyj000v3867zug7yf6g,0,0.433411214953271,0.6766841900311527,0.029088785046729,0.0354166666666666
23,148,cl2k8lcht00033g6cw07bj64y,0,0.93046875,0.3894345238095238,0.0296875,0.037797619047619
23,148,cl2k8llkb00073g6cnsr3ko43,0,0.9524553571428572,0.4824404761904761,0.0330357142857142,0.0422619047619048
23,148,cl2vz88mm00043f6c97ce4nes,0,0.7198769151718983,0.1483775535625311,0.0227461696562032,0.0300884404583956
23,149,ckz3vxvyj000v3867zug7yf6g,0,0.4334258177570094,0.6766744548286604,0.0290741822429906,0.0354166666666666
23,149,cl2k8lcht00033g6cw07bj64y,0,0.93203125,0.3870535714285714,0.0296875,0.0383928571428571
23,149,cl2k8llkb00073g6cnsr3ko43,0,0.9542410714285716,0.4837797619047619,0.0334821428571428,0.0413690476190476
23,149,cl2vz88mm00043f6c97ce4nes,0,0.7198792507473841,0.1483806676631789,0.0227414985052316,0.030094668659691
23,14,ckz3vxvyj000v3867zug7yf6g,0,0.4314544392523364,0.6779887071651091,0.0310455607476635,0.0354166666666666
23,14,cl2k8lcht00033g6cw07bj64y,0,0.73359375,0.590625,0.0296875,0.0395833333333333
23,14,cl2k8llkb00073g6cnsr3ko43,0,0.9494485294117648,0.5186887254901961,0.0290441176470588,0.0341911764705882
23,14,cl2vz88mm00043f6c97ce4nes,0,0.7195639480568012,0.1479602640757349,0.0233721038863976,0.0292538614848031
23,150,ckz3vxvyj000v3867zug7yf6g,0,0.4334404205607477,0.6766647196261683,0.0290595794392523,0.0354166666666666
23,150,cl2k8lcht00033g6cw07bj64y,0,0.93359375,0.384672619047619,0.0296875,0.0389880952380952
23,150,cl2k8llkb00073g6cnsr3ko43,0,0.9560267857142858,0.4851190476190476,0.0339285714285713,0.0404761904761905
23,150,cl2vz88mm00043f6c97ce4nes,0,0.7198815863228699,0.1483837817638266,0.0227368273542601,0.0301008968609865
23,151,ckz3vxvyj000v3867zug7yf6g,0,0.433455023364486,0.676654984423676,0.0290449766355139,0.0354166666666666
23,151,cl2k8lcht00033g6cw07bj64y,0,0.93515625,0.3822916666666666,0.0296875,0.0395833333333333
23,151,cl2k8llkb00073g6cnsr3ko43,0,0.9578125,0.4864583333333333,0.034375,0.0395833333333333
23,151,cl2vz88mm00043f6c97ce4nes,0,0.7198839218983558,0.1483868958644743,0.0227321562032885,0.030107125062282
23,152,ckz3vxvyj000v3867zug7yf6g,0,0.4334696261682243,0.6766452492211837,0.0290303738317756,0.0354166666666666
23,152,cl2k8lcht00033g6cw07bj64y,0,0.9356770833333334,0.3793402777777777,0.0296875,0.0392361111111111
23,152,cl2k8llkb00073g6cnsr3ko43,0,0.958533653846154,0.4874198717948718,0.034375,0.0395833333333333
23,152,cl2vz88mm00043f6c97ce4nes,0,0.7198862574738415,0.148390009965122,0.0227274850523168,0.0301133532635774
23,153,ckz3vxvyj000v3867zug7yf6g,0,0.4334842289719626,0.6766355140186916,0.0290157710280373,0.0354166666666666
23,153,cl2k8lcht00033g6cw07bj64y,0,0.9361979166666666,0.3763888888888889,0.0296875,0.0388888888888888
23,153,cl2k8llkb00073g6cnsr3ko43,0,0.9592548076923076,0.4883814102564103,0.034375,0.0395833333333333
23,153,cl2vz88mm00043f6c97ce4nes,0,0.7198885930493274,0.1483931240657698,0.0227228139013452,0.0301195814648729
23,154,ckz3vxvyj000v3867zug7yf6g,0,0.4334988317757009,0.6766257788161993,0.029001168224299,0.0354166666666666
23,154,cl2k8lcht00033g6cw07bj64y,0,0.93671875,0.3734375,0.0296875,0.0385416666666666
23,154,cl2k8llkb00073g6cnsr3ko43,0,0.9599759615384617,0.4893429487179487,0.034375,0.0395833333333333
23,154,cl2vz88mm00043f6c97ce4nes,0,0.7198909286248132,0.1483962381664175,0.0227181427503737,0.0301258096661684
23,155,ckz3vxvyj000v3867zug7yf6g,0,0.4335134345794392,0.6766160436137072,0.0289865654205607,0.0354166666666666
23,155,cl2k8lcht00033g6cw07bj64y,0,0.9372395833333332,0.370486111111111,0.0296875,0.0381944444444444
23,155,cl2k8llkb00073g6cnsr3ko43,0,0.9606971153846152,0.4903044871794871,0.034375,0.0395833333333333
23,155,cl2vz88mm00043f6c97ce4nes,0,0.719893264200299,0.1483993522670652,0.022713471599402,0.0301320378674638
23,156,ckz3vxvyj000v3867zug7yf6g,0,0.4335280373831775,0.6766063084112149,0.0289719626168223,0.0354166666666666
23,156,cl2k8lcht00033g6cw07bj64y,0,0.9377604166666668,0.3675347222222223,0.0296875,0.0378472222222222
23,156,cl2k8llkb00073g6cnsr3ko43,0,0.9614182692307692,0.4912660256410256,0.034375,0.0395833333333333
23,156,cl2vz88mm00043f6c97ce4nes,0,0.7198955997757848,0.148402466367713,0.0227088004484304,0.0301382660687593
23,157,ckz3vxvyj000v3867zug7yf6g,0,0.4335426401869158,0.6765965732087228,0.028957359813084,0.0354166666666666
23,157,cl2k8lcht00033g6cw07bj64y,0,0.93828125,0.3645833333333333,0.0296875,0.0375
23,157,cl2k8llkb00073g6cnsr3ko43,0,0.962139423076923,0.4922275641025641,0.034375,0.0395833333333333
23,157,cl2vz88mm00043f6c97ce4nes,0,0.7198979353512704,0.1484055804683607,0.0227041292974589,0.0301444942700548
23,158,ckz3vxvyj000v3867zug7yf6g,0,0.4335572429906541,0.6765868380062305,0.0289427570093457,0.0354166666666666
23,158,cl2k8lcht00033g6cw07bj64y,0,0.940625,0.3658854166666667,0.0296875,0.0369791666666666
23,158,cl2k8llkb00073g6cnsr3ko43,0,0.962860576923077,0.4931891025641025,0.034375,0.0395833333333333
23,158,cl2vz88mm00043f6c97ce4nes,0,0.7199002709267563,0.1484086945690084,0.0226994581464873,0.0301507224713502
23,159,ckz3vxvyj000v3867zug7yf6g,0,0.4335718457943924,0.6765771028037384,0.0289281542056074,0.0354166666666666
23,159,cl2k8lcht00033g6cw07bj64y,0,0.94296875,0.3671875,0.0296875,0.0364583333333333
23,159,cl2k8llkb00073g6cnsr3ko43,0,0.9635817307692308,0.494150641025641,0.034375,0.0395833333333333
23,159,cl2vz88mm00043f6c97ce4nes,0,0.7199026065022421,0.1484118086696562,0.0226947869955156,0.0301569506726457
23,15,ckz3vxvyj000v3867zug7yf6g,0,0.4314690420560748,0.6779789719626168,0.0310309579439252,0.0354166666666666
23,15,cl2k8lcht00033g6cw07bj64y,0,0.73046875,0.5850694444444444,0.0296875,0.0395833333333333
23,15,cl2k8llkb00073g6cnsr3ko43,0,0.9494025735294118,0.5191176470588236,0.0288602941176471,0.0344362745098039
23,15,cl2vz88mm00043f6c97ce4nes,0,0.719566283632287,0.1479633781763826,0.0233674327354259,0.0292600896860986
23,160,ckz3vxvyj000v3867zug7yf6g,0,0.4335864485981308,0.6765673676012461,0.0289135514018691,0.0354166666666666
23,160,cl2k8lcht00033g6cw07bj64y,0,0.9453125,0.3684895833333333,0.0296875,0.0359375
23,160,cl2k8llkb00073g6cnsr3ko43,0,0.9643028846153848,0.4951121794871795,0.034375,0.0395833333333333
23,160,cl2vz88mm00043f6c97ce4nes,0,0.719904942077728,0.1484149227703039,0.022690115844544,0.0301631788739412
23,161,ckz3vxvyj000v3867zug7yf6g,0,0.4336010514018692,0.6765576323987539,0.0288989485981308,0.0354166666666666
23,161,cl2k8lcht00033g6cw07bj64y,0,0.94765625,0.3697916666666667,0.0296875,0.0354166666666666
23,161,cl2k8llkb00073g6cnsr3ko43,0,0.9650240384615384,0.4960737179487179,0.034375,0.0395833333333333
23,161,cl2vz88mm00043f6c97ce4nes,0,0.7199072776532137,0.1484180368709516,0.0226854446935725,0.0301694070752366
23,162,ckz3vxvyj000v3867zug7yf6g,0,0.4336156542056075,0.6765478971962616,0.0288843457943925,0.0354166666666666
23,162,cl2k8lcht00033g6cw07bj64y,0,0.9502604166666666,0.3677083333333333,0.0296875,0.0354166666666666
23,162,cl2k8llkb00073g6cnsr3ko43,0,0.9657451923076924,0.4970352564102563,0.034375,0.0395833333333333
23,162,cl2vz88mm00043f6c97ce4nes,0,0.7199096132286995,0.1484211509715994,0.0226807735426008,0.0301756352765321
23,163,ckz3vxvyj000v3867zug7yf6g,0,0.4336302570093459,0.6765381619937695,0.0288697429906542,0.0354166666666666
23,163,cl2k8lcht00033g6cw07bj64y,0,0.9528645833333332,0.365625,0.0296875,0.0354166666666666
23,163,cl2k8llkb00073g6cnsr3ko43,0,0.9664663461538462,0.4979967948717949,0.034375,0.0395833333333333
23,163,cl2vz88mm00043f6c97ce4nes,0,0.7199119488041854,0.1484242650722471,0.0226761023916292,0.0301818634778276
23,164,ckz3vxvyj000v3867zug7yf6g,0,0.4336448598130841,0.6765284267912772,0.0288551401869159,0.0354166666666666
23,164,cl2k8lcht00033g6cw07bj64y,0,0.95546875,0.3635416666666666,0.0296875,0.0354166666666666
23,164,cl2k8llkb00073g6cnsr3ko43,0,0.9671875,0.4989583333333333,0.034375,0.0395833333333333
23,164,cl2vz88mm00043f6c97ce4nes,0,0.7199142843796711,0.1484273791728948,0.0226714312406577,0.030188091679123
23,165,ckz3vxvyj000v3867zug7yf6g,0,0.4336594626168225,0.676518691588785,0.0288405373831776,0.0354166666666666
23,165,cl2k8lcht00033g6cw07bj64y,0,0.9561789772727274,0.3607954545454545,0.0299715909090908,0.0356060606060606
23,165,cl2k8llkb00073g6cnsr3ko43,0,0.9672991071428572,0.4988095238095238,0.0337053571428571,0.0386904761904762
23,165,cl2vz88mm00043f6c97ce4nes,0,0.719916619955157,0.1484304932735426,0.0226667600896861,0.0301943198804185
23,166,ckz3vxvyj000v3867zug7yf6g,0,0.4336740654205607,0.6765089563862928,0.0288259345794392,0.0354166666666666
23,166,cl2k8lcht00033g6cw07bj64y,0,0.9568892045454548,0.3580492424242424,0.0302556818181818,0.0357954545454545
23,166,cl2k8llkb00073g6cnsr3ko43,0,0.9674107142857142,0.4986607142857142,0.0330357142857142,0.037797619047619
23,166,cl2vz88mm00043f6c97ce4nes,0,0.7199189555306427,0.1484336073741903,0.0226620889387144,0.0302005480817139
23,167,ckz3vxvyj000v3867zug7yf6g,0,0.4336886682242991,0.6764992211838006,0.0288113317757009,0.0354166666666666
23,167,cl2k8lcht00033g6cw07bj64y,0,0.957599431818182,0.3553030303030303,0.0305397727272726,0.0359848484848485
23,167,cl2k8llkb00073g6cnsr3ko43,0,0.9675223214285716,0.4985119047619047,0.0323660714285713,0.0369047619047619
23,167,cl2vz88mm00043f6c97ce4nes,0,0.7199212911061286,0.148436721474838,0.0226574177877428,0.0302067762830094
23,168,ckz3vxvyj000v3867zug7yf6g,0,0.4337032710280374,0.6764894859813084,0.0287967289719626,0.0354166666666666
23,168,cl2k8lcht00033g6cw07bj64y,0,0.958309659090909,0.3525568181818181,0.0308238636363634,0.0361742424242424
23,168,cl2k8llkb00073g6cnsr3ko43,0,0.9676339285714284,0.4983630952380952,0.0316964285714286,0.0360119047619047
23,168,cl2vz88mm00043f6c97ce4nes,0,0.7199236266816144,0.1484398355754858,0.0226527466367713,0.0302130044843049
23,169,ckz3vxvyj000v3867zug7yf6g,0,0.4337178738317757,0.6764797507788162,0.0287821261682243,0.0354166666666666
23,169,cl2k8lcht00033g6cw07bj64y,0,0.9590198863636364,0.349810606060606,0.0311079545454544,0.0363636363636363
23,169,cl2k8llkb00073g6cnsr3ko43,0,0.9677455357142858,0.4982142857142858,0.0310267857142857,0.0351190476190476
23,169,cl2vz88mm00043f6c97ce4nes,0,0.7199259622571001,0.1484429496761335,0.0226480754857997,0.0302192326856003
23,16,ckz3vxvyj000v3867zug7yf6g,0,0.431483644859813,0.6779692367601247,0.0310163551401869,0.0354166666666666
23,16,cl2k8lcht00033g6cw07bj64y,0,0.72734375,0.5795138888888889,0.0296875,0.0395833333333333
23,16,cl2k8llkb00073g6cnsr3ko43,0,0.9493566176470588,0.519546568627451,0.0286764705882353,0.0346813725490195
23,16,cl2vz88mm00043f6c97ce4nes,0,0.7195686192077728,0.1479664922770304,0.0233627615844544,0.0292663178873941
23,170,ckz3vxvyj000v3867zug7yf6g,0,0.433732476635514,0.676470015576324,0.028767523364486,0.0354166666666666
23,170,cl2k8lcht00033g6cw07bj64y,0,0.9597301136363636,0.3470643939393939,0.0313920454545455,0.0365530303030303
23,170,cl2k8llkb00073g6cnsr3ko43,0,0.9678571428571427,0.4980654761904761,0.0303571428571428,0.0342261904761904
23,170,cl2vz88mm00043f6c97ce4nes,0,0.7199282978325859,0.1484460637767813,0.022643404334828,0.0302254608868958
23,171,ckz3vxvyj000v3867zug7yf6g,0,0.4337470794392523,0.6764602803738318,0.0287529205607476,0.0354166666666666
23,171,cl2k8lcht00033g6cw07bj64y,0,0.960440340909091,0.3443181818181818,0.0316761363636365,0.0367424242424242
23,171,cl2k8llkb00073g6cnsr3ko43,0,0.96796875,0.4979166666666667,0.0296875,0.0333333333333333
23,171,cl2vz88mm00043f6c97ce4nes,0,0.7199306334080717,0.148449177877429,0.0226387331838565,0.0302316890881913
23,172,ckz3vxvyj000v3867zug7yf6g,0,0.4337616822429906,0.6764505451713396,0.0287383177570093,0.0354166666666666
23,172,cl2k8lcht00033g6cw07bj64y,0,0.9611505681818182,0.3415719696969697,0.0319602272727273,0.0369318181818181
23,172,cl2k8llkb00073g6cnsr3ko43,0,0.967578125,0.4947916666666667,0.02890625,0.0375
23,172,cl2vz88mm00043f6c97ce4nes,0,0.7199329689835576,0.1484522919780767,0.0226340620328849,0.0302379172894868
23,173,ckz3vxvyj000v3867zug7yf6g,0,0.4337762850467289,0.6764408099688474,0.0287237149532709,0.0354166666666666
23,173,cl2k8lcht00033g6cw07bj64y,0,0.9618607954545452,0.3388257575757575,0.0322443181818181,0.0371212121212121
23,173,cl2k8llkb00073g6cnsr3ko43,0,0.9671875,0.4916666666666666,0.028125,0.0416666666666666
23,173,cl2vz88mm00043f6c97ce4nes,0,0.7199353045590433,0.1484554060787244,0.0226293908819132,0.0302441454907822
23,174,ckz3vxvyj000v3867zug7yf6g,0,0.4337908878504672,0.6764310747663552,0.0287091121495326,0.0354166666666666
23,174,cl2k8lcht00033g6cw07bj64y,0,0.9625710227272728,0.3360795454545454,0.0325284090909091,0.037310606060606
23,174,cl2k8llkb00073g6cnsr3ko43,0,0.966796875,0.4885416666666666,0.02734375,0.0458333333333333
23,174,cl2vz88mm00043f6c97ce4nes,0,0.7199376401345292,0.1484585201793722,0.0226247197309416,0.0302503736920777
23,175,ckz3vxvyj000v3867zug7yf6g,0,0.4338054906542055,0.676421339563863,0.0286945093457943,0.0354166666666666
23,175,cl2k8lcht00033g6cw07bj64y,0,0.96328125,0.3333333333333333,0.0328125,0.0375
23,175,cl2k8llkb00073g6cnsr3ko43,0,0.96640625,0.4854166666666666,0.0265625,0.05
23,175,cl2vz88mm00043f6c97ce4nes,0,0.7199399757100149,0.1484616342800199,0.0226200485799701,0.0302566018933731
23,176,ckz3vxvyj000v3867zug7yf6g,0,0.433820093457944,0.6764116043613707,0.028679906542056,0.0354166666666666
23,176,cl2k8lcht00033g6cw07bj64y,0,0.96484375,0.3338541666666667,0.03203125,0.0375
23,176,cl2k8llkb00073g6cnsr3ko43,0,0.9638020833333332,0.4848958333333333,0.0276041666666666,0.0489583333333333
23,176,cl2vz88mm00043f6c97ce4nes,0,0.7199423112855008,0.1484647483806676,0.0226153774289985,0.0302628300946686
23,177,ckz3vxvyj000v3867zug7yf6g,0,0.4338346962616823,0.6764018691588785,0.0286653037383177,0.0354166666666666
23,177,cl2k8lcht00033g6cw07bj64y,0,0.96640625,0.334375,0.03125,0.0375
23,177,cl2k8llkb00073g6cnsr3ko43,0,0.9611979166666668,0.484375,0.0286458333333333,0.0479166666666666
23,177,cl2vz88mm00043f6c97ce4nes,0,0.7199446468609866,0.1484678624813154,0.0226107062780268,0.0302690582959641
23,178,ckz3vxvyj000v3867zug7yf6g,0,0.4338492990654206,0.6763921339563862,0.0286507009345794,0.0354166666666666
23,178,cl2k8lcht00033g6cw07bj64y,0,0.96796875,0.3348958333333333,0.03046875,0.0375
23,178,cl2k8llkb00073g6cnsr3ko43,0,0.95859375,0.4838541666666666,0.0296875,0.046875
23,178,cl2vz88mm00043f6c97ce4nes,0,0.7199469824364723,0.1484709765819631,0.0226060351270553,0.0302752864972595
23,179,ckz3vxvyj000v3867zug7yf6g,0,0.4338639018691589,0.676382398753894,0.0286360981308411,0.0354166666666666
23,179,cl2k8lcht00033g6cw07bj64y,0,0.96953125,0.3354166666666666,0.0296875,0.0375
23,179,cl2k8llkb00073g6cnsr3ko43,0,0.9559895833333332,0.4833333333333333,0.0307291666666666,0.0458333333333333
23,179,cl2vz88mm00043f6c97ce4nes,0,0.7199493180119582,0.1484740906826108,0.0226013639760837,0.030281514698555
23,17,ckz3vxvyj000v3867zug7yf6g,0,0.4314982476635514,0.6779595015576324,0.0310017523364486,0.0354166666666666
23,17,cl2k8lcht00033g6cw07bj64y,0,0.72421875,0.5739583333333333,0.0296875,0.0395833333333333
23,17,cl2k8llkb00073g6cnsr3ko43,0,0.9493106617647058,0.5199754901960785,0.0284926470588233,0.0349264705882353
23,17,cl2vz88mm00043f6c97ce4nes,0,0.7195709547832585,0.1479696063776781,0.0233580904334828,0.0292725460886895
23,180,ckz3vxvyj000v3867zug7yf6g,0,0.4338785046728972,0.6763726635514018,0.0286214953271028,0.0354166666666666
23,180,cl2k8lcht00033g6cw07bj64y,0,0.97109375,0.3328125,0.0296875,0.0364583333333333
23,180,cl2k8llkb00073g6cnsr3ko43,0,0.9533854166666668,0.4828125,0.0317708333333333,0.0447916666666666
23,180,cl2vz88mm00043f6c97ce4nes,0,0.719951653587444,0.1484772047832586,0.022596692825112,0.0302877428998505
23,181,ckz3vxvyj000v3867zug7yf6g,0,0.4338931074766355,0.6763629283489097,0.0286068925233644,0.0354166666666666
23,181,cl2k8lcht00033g6cw07bj64y,0,0.97265625,0.3302083333333333,0.0296875,0.0354166666666666
23,181,cl2k8llkb00073g6cnsr3ko43,0,0.95078125,0.4822916666666667,0.0328125,0.04375
23,181,cl2vz88mm00043f6c97ce4nes,0,0.7199539891629299,0.1484803188839063,0.0225920216741404,0.0302939711011459
23,182,ckz3vxvyj000v3867zug7yf6g,0,0.4339077102803738,0.6763531931464174,0.0285922897196261,0.0354166666666666
23,182,cl2k8lcht00033g6cw07bj64y,0,0.9731770833333332,0.3315972222222222,0.0307291666666666,0.0354166666666666
23,182,cl2k8llkb00073g6cnsr3ko43,0,0.9518229166666666,0.4784722222222222,0.0328125,0.0444444444444444
23,182,cl2vz88mm00043f6c97ce4nes,0,0.7199563247384155,0.148483432984554,0.0225873505231689,0.0303001993024414
23,183,ckz3vxvyj000v3867zug7yf6g,0,0.4339223130841121,0.6763434579439253,0.0285776869158878,0.0354166666666666
23,183,cl2k8lcht00033g6cw07bj64y,0,0.9736979166666668,0.3329861111111111,0.0317708333333333,0.0354166666666666
23,183,cl2k8llkb00073g6cnsr3ko43,0,0.9528645833333332,0.4746527777777777,0.0328125,0.0451388888888888
23,183,cl2vz88mm00043f6c97ce4nes,0,0.7199586603139013,0.1484865470852018,0.0225826793721973,0.0303064275037369
23,184,ckz3vxvyj000v3867zug7yf6g,0,0.4339369158878504,0.676333722741433,0.0285630841121495,0.0354166666666666
23,184,cl2k8lcht00033g6cw07bj64y,0,0.97421875,0.334375,0.0328125,0.0354166666666666
23,184,cl2k8llkb00073g6cnsr3ko43,0,0.95390625,0.4708333333333333,0.0328125,0.0458333333333333
23,184,cl2vz88mm00043f6c97ce4nes,0,0.7199609958893871,0.1484896611858495,0.0225780082212256,0.0303126557050323
23,185,ckz3vxvyj000v3867zug7yf6g,0,0.4339515186915887,0.6763239875389409,0.0285484813084112,0.0354166666666666
23,185,cl2k8lcht00033g6cw07bj64y,0,0.97578125,0.3331018518518518,0.0317708333333332,0.036574074074074
23,185,cl2k8llkb00073g6cnsr3ko43,0,0.9546875,0.4710416666666666,0.0324999999999999,0.0462499999999999
23,185,cl2vz88mm00043f6c97ce4nes,0,0.7199633314648729,0.1484927752864972,0.0225733370702541,0.0303188839063278
23,186,ckz3vxvyj000v3867zug7yf6g,0,0.4339661214953271,0.6763142523364486,0.0285338785046729,0.0354166666666666
23,186,cl2k8lcht00033g6cw07bj64y,0,0.97734375,0.3318287037037037,0.0307291666666667,0.0377314814814814
23,186,cl2k8llkb00073g6cnsr3ko43,0,0.95546875,0.47125,0.0321874999999998,0.0466666666666666
23,186,cl2vz88mm00043f6c97ce4nes,0,0.7199656670403588,0.1484958893871449,0.0225686659192825,0.0303251121076233
23,187,ckz3vxvyj000v3867zug7yf6g,0,0.4339807242990653,0.6763045171339565,0.0285192757009345,0.0354166666666666
23,187,cl2k8lcht00033g6cw07bj64y,0,0.97890625,0.3305555555555556,0.0296875,0.0388888888888888
23,187,cl2k8llkb00073g6cnsr3ko43,0,0.95625,0.4714583333333333,0.0318750000000001,0.0470833333333333
23,187,cl2vz88mm00043f6c97ce4nes,0,0.7199680026158445,0.1484990034877927,0.0225639947683109,0.0303313403089188
23,188,ckz3vxvyj000v3867zug7yf6g,0,0.4339953271028037,0.6762947819314642,0.0285046728971962,0.0354166666666666
23,188,cl2k8lcht00033g6cw07bj64y,0,0.98046875,0.3292824074074074,0.0286458333333332,0.0400462962962962
23,188,cl2k8llkb00073g6cnsr3ko43,0,0.95703125,0.4716666666666667,0.0315625,0.0475
23,188,cl2vz88mm00043f6c97ce4nes,0,0.7199703381913304,0.1485021175884404,0.0225593236173392,0.0303375685102142
23,189,ckz3vxvyj000v3867zug7yf6g,0,0.4340099299065419,0.676285046728972,0.0284900700934579,0.0354166666666666
23,189,cl2k8lcht00033g6cw07bj64y,0,0.98203125,0.3280092592592593,0.0276041666666667,0.0412037037037037
23,189,cl2k8llkb00073g6cnsr3ko43,0,0.9578125,0.471875,0.03125,0.0479166666666666
23,189,cl2vz88mm00043f6c97ce4nes,0,0.7199726737668162,0.1485052316890881,0.0225546524663677,0.0303437967115097
23,18,ckz3vxvyj000v3867zug7yf6g,0,0.4315128504672897,0.6779497663551403,0.0309871495327102,0.0354166666666666
23,18,cl2k8lcht00033g6cw07bj64y,0,0.7264756944444445,0.5730324074074074,0.0296875,0.0395833333333333
23,18,cl2k8llkb00073g6cnsr3ko43,0,0.9492647058823528,0.5204044117647059,0.0283088235294117,0.035171568627451
23,18,cl2vz88mm00043f6c97ce4nes,0,0.7195732903587444,0.1479727204783258,0.0233534192825112,0.029278774289985
23,190,ckz3vxvyj000v3867zug7yf6g,0,0.4340245327102803,0.6762753115264798,0.0284754672897196,0.0354166666666666
23,190,cl2k8lcht00033g6cw07bj64y,0,0.98359375,0.326736111111111,0.0265625,0.0423611111111111
23,190,cl2k8llkb00073g6cnsr3ko43,0,0.9556640625,0.4713541666666667,0.030859375,0.0479166666666666
23,190,cl2vz88mm00043f6c97ce4nes,0,0.719975009342302,0.1485083457897359,0.0225499813153961,0.0303500249128051
23,191,ckz3vxvyj000v3867zug7yf6g,0,0.4340391355140186,0.6762655763239876,0.0284608644859813,0.0354166666666666
23,191,cl2k8lcht00033g6cw07bj64y,0,0.98515625,0.3254629629629629,0.0255208333333332,0.0435185185185185
23,191,cl2k8llkb00073g6cnsr3ko43,0,0.953515625,0.4708333333333333,0.03046875,0.0479166666666666
23,191,cl2vz88mm00043f6c97ce4nes,0,0.7199773449177878,0.1485114598903836,0.0225453101644244,0.0303562531141006
23,192,ckz3vxvyj000v3867zug7yf6g,0,0.434053738317757,0.6762558411214953,0.028446261682243,0.0354166666666666
23,192,cl2k8lcht00033g6cw07bj64y,0,0.98671875,0.3241898148148148,0.0244791666666667,0.0446759259259259
23,192,cl2k8llkb00073g6cnsr3ko43,0,0.9513671875,0.4703125,0.030078125,0.0479166666666666
23,192,cl2vz88mm00043f6c97ce4nes,0,0.7199796804932734,0.1485145739910313,0.0225406390134529,0.0303624813153961
23,193,ckz3vxvyj000v3867zug7yf6g,0,0.4340683411214954,0.676246105919003,0.0284316588785046,0.0354166666666666
23,193,cl2k8lcht00033g6cw07bj64y,0,0.98828125,0.3229166666666667,0.0234375,0.0458333333333333
23,193,cl2k8llkb00073g6cnsr3ko43,0,0.94921875,0.4697916666666666,0.0296875,0.0479166666666666
23,193,cl2vz88mm00043f6c97ce4nes,0,0.7199820160687593,0.1485176880916791,0.0225359678624813,0.0303687095166915
23,194,ckz3vxvyj000v3867zug7yf6g,0,0.4340829439252337,0.6762363707165109,0.0284170560747663,0.0354166666666666
23,194,cl2k8lcht00033g6cw07bj64y,0,0.9883928571428572,0.3205357142857143,0.0232142857142857,0.0452380952380952
23,194,cl2k8llkb00073g6cnsr3ko43,0,0.9506696428571428,0.4690476190476191,0.0294642857142857,0.0482142857142857
23,194,cl2vz88mm00043f6c97ce4nes,0,0.7199843516442451,0.1485208021923268,0.0225312967115097,0.030374937717987
23,195,ckz3vxvyj000v3867zug7yf6g,0,0.434097546728972,0.6762266355140186,0.028402453271028,0.0354166666666666
23,195,cl2k8lcht00033g6cw07bj64y,0,0.9885044642857144,0.3181547619047619,0.0229910714285713,0.0446428571428571
23,195,cl2k8llkb00073g6cnsr3ko43,0,0.9521205357142858,0.4683035714285714,0.0292410714285713,0.0485119047619047
23,195,cl2vz88mm00043f6c97ce4nes,0,0.719986687219731,0.1485239162929746,0.022526625560538,0.0303811659192824
23,196,ckz3vxvyj000v3867zug7yf6g,0,0.4341121495327103,0.6762169003115265,0.0283878504672897,0.0354166666666666
23,196,cl2k8lcht00033g6cw07bj64y,0,0.9886160714285716,0.3157738095238095,0.0227678571428571,0.044047619047619
23,196,cl2k8llkb00073g6cnsr3ko43,0,0.9535714285714284,0.4675595238095238,0.0290178571428571,0.0488095238095237
23,196,cl2vz88mm00043f6c97ce4nes,0,0.7199890227952167,0.1485270303936223,0.0225219544095665,0.0303873941205779
23,197,ckz3vxvyj000v3867zug7yf6g,0,0.4341267523364486,0.6762071651090342,0.0283732476635513,0.0354166666666666
23,197,cl2k8lcht00033g6cw07bj64y,0,0.9887276785714284,0.3133928571428572,0.0225446428571428,0.0434523809523809
23,197,cl2k8llkb00073g6cnsr3ko43,0,0.9550223214285716,0.4668154761904761,0.0287946428571428,0.0491071428571428
23,197,cl2vz88mm00043f6c97ce4nes,0,0.7199913583707025,0.14853014449427,0.0225172832585949,0.0303936223218734
23,198,ckz3vxvyj000v3867zug7yf6g,0,0.4341413551401869,0.6761974299065421,0.028358644859813,0.0354166666666666
23,198,cl2k8lcht00033g6cw07bj64y,0,0.9888392857142858,0.3110119047619047,0.0223214285714286,0.0428571428571428
23,198,cl2k8llkb00073g6cnsr3ko43,0,0.9564732142857142,0.4660714285714286,0.0285714285714286,0.0494047619047619
23,198,cl2vz88mm00043f6c97ce4nes,0,0.7199936939461884,0.1485332585949178,0.0225126121076232,0.0303998505231689
23,199,ckz3vxvyj000v3867zug7yf6g,0,0.4341559579439252,0.6761876947040498,0.0283440420560747,0.0354166666666666
23,199,cl2k8lcht00033g6cw07bj64y,0,0.9889508928571428,0.3086309523809524,0.0220982142857142,0.0422619047619047
23,199,cl2k8llkb00073g6cnsr3ko43,0,0.9579241071428573,0.4653273809523809,0.0283482142857142,0.0497023809523809
23,199,cl2vz88mm00043f6c97ce4nes,0,0.7199960295216741,0.1485363726955655,0.0225079409566517,0.0304060787244643
23,19,ckz3vxvyj000v3867zug7yf6g,0,0.431527453271028,0.677940031152648,0.0309725467289719,0.0354166666666666
23,19,cl2k8lcht00033g6cw07bj64y,0,0.728732638888889,0.5721064814814815,0.0296875,0.0395833333333333
23,19,cl2k8llkb00073g6cnsr3ko43,0,0.94921875,0.5208333333333334,0.028125,0.0354166666666666
23,19,cl2vz88mm00043f6c97ce4nes,0,0.7195756259342302,0.1479758345789736,0.0233487481315395,0.0292850024912805
23,1,ckz3vxvyj000v3867zug7yf6g,0,0.4312646028037383,0.6781152647975078,0.0312353971962616,0.0354166666666666
23,1,cl2k8lcht00033g6cw07bj64y,0,0.675,0.6479166666666667,0.028125,0.0375
23,1,cl2k8llkb00073g6cnsr3ko43,0,0.9546875,0.5072916666666667,0.028125,0.04375
23,1,cl2vz88mm00043f6c97ce4nes,0,0.7195335855754859,0.1479197807673144,0.0234328288490283,0.0291728948679621
23,200,ckz3vxvyj000v3867zug7yf6g,0,0.4341705607476635,0.6761779595015577,0.0283294392523364,0.0354166666666666
23,200,cl2k8lcht00033g6cw07bj64y,0,0.9890625,0.30625,0.021875,0.0416666666666666
23,200,cl2k8llkb00073g6cnsr3ko43,0,0.959375,0.4645833333333333,0.028125,0.05
23,200,cl2vz88mm00043f6c97ce4nes,0,0.71999836509716,0.1485394867962132,0.0225032698056801,0.0304123069257598
23,201,ckz3vxvyj000v3867zug7yf6g,0,0.4341851635514018,0.6761682242990654,0.0283148364485981,0.0354166666666666
23,201,cl2k8lcht00033g6cw07bj64y,0,0.990625,0.3041666666666666,0.01875,0.0375
23,201,cl2k8llkb00073g6cnsr3ko43,0,0.9587316176470588,0.4649509803921569,0.028125,0.05
23,201,cl2vz88mm00043f6c97ce4nes,0,0.7200007006726457,0.148542600896861,0.0224985986547085,0.0304185351270553
23,202,ckz3vxvyj000v3867zug7yf6g,0,0.4341997663551401,0.6761584890965733,0.0283002336448597,0.0354166666666666
23,202,cl2k8lcht00033g6cw07bj64y,0,0.9921875,0.3020833333333333,0.015625,0.0333333333333333
23,202,cl2k8llkb00073g6cnsr3ko43,0,0.9580882352941176,0.4653186274509803,0.028125,0.05
23,202,cl2vz88mm00043f6c97ce4nes,0,0.7200030362481316,0.1485457149975087,0.0224939275037368,0.0304247633283507
23,203,ckz3vxvyj000v3867zug7yf6g,0,0.4342143691588784,0.676148753894081,0.0282856308411214,0.0354166666666666
23,203,cl2k8lcht00033g6cw07bj64y,0,0.993359375,0.3020833333333333,0.01328125,0.0333333333333333
23,203,cl2k8llkb00073g6cnsr3ko43,0,0.9574448529411764,0.4656862745098039,0.028125,0.05
23,203,cl2vz88mm00043f6c97ce4nes,0,0.7200053718236173,0.1485488290981564,0.0224892563527653,0.0304309915296462
23,204,ckz3vxvyj000v3867zug7yf6g,0,0.4342289719626168,0.6761390186915889,0.0282710280373831,0.0354166666666666
23,204,cl2k8lcht00033g6cw07bj64y,0,0.99453125,0.3020833333333333,0.0109375,0.0333333333333333
23,204,cl2k8llkb00073g6cnsr3ko43,0,0.9568014705882352,0.4660539215686274,0.028125,0.05
23,204,cl2vz88mm00043f6c97ce4nes,0,0.7200077073991031,0.1485519431988042,0.0224845852017937,0.0304372197309416
23,205,ckz3vxvyj000v3867zug7yf6g,0,0.434243574766355,0.6761292834890966,0.0282564252336448,0.0354166666666666
23,205,cl2k8lcht00033g6cw07bj64y,0,0.9953125,0.3020833333333333,0.009375,0.0333333333333333
23,205,cl2k8llkb00073g6cnsr3ko43,0,0.9561580882352942,0.466421568627451,0.028125,0.05
23,205,cl2vz88mm00043f6c97ce4nes,0,0.7200100429745889,0.1485550572994519,0.0224799140508221,0.0304434479322371
23,206,ckz3vxvyj000v3867zug7yf6g,0,0.4342581775700934,0.6761195482866044,0.0282418224299065,0.0354166666666666
23,206,cl2k8llkb00073g6cnsr3ko43,0,0.9555147058823528,0.4667892156862745,0.028125,0.05
23,206,cl2vz88mm00043f6c97ce4nes,0,0.7200123785500747,0.1485581714000996,0.0224752428998505,0.0304496761335326
23,207,ckz3vxvyj000v3867zug7yf6g,0,0.4342727803738319,0.6761098130841121,0.0282272196261682,0.0354166666666666
23,207,cl2k8llkb00073g6cnsr3ko43,0,0.9548713235294116,0.467156862745098,0.028125,0.05
23,207,cl2vz88mm00043f6c97ce4nes,0,0.7200147141255606,0.1485612855007473,0.0224705717488789,0.0304559043348281
23,208,ckz3vxvyj000v3867zug7yf6g,0,0.4342873831775701,0.6761000778816199,0.0282126168224299,0.0354166666666666
23,208,cl2k8llkb00073g6cnsr3ko43,0,0.9542279411764708,0.4675245098039216,0.028125,0.05
23,208,cl2vz88mm00043f6c97ce4nes,0,0.7200170497010463,0.1485643996013951,0.0224659005979073,0.0304621325361235
23,209,ckz3vxvyj000v3867zug7yf6g,0,0.4343019859813085,0.6760903426791277,0.0281980140186916,0.0354166666666666
23,209,cl2k8llkb00073g6cnsr3ko43,0,0.9535845588235292,0.4678921568627451,0.028125,0.05
23,209,cl2vz88mm00043f6c97ce4nes,0,0.7200193852765322,0.1485675137020428,0.0224612294469356,0.030468360737419
23,20,ckz3vxvyj000v3867zug7yf6g,0,0.4315420560747663,0.6779302959501557,0.0309579439252336,0.0354166666666666
23,20,cl2k8lcht00033g6cw07bj64y,0,0.7309895833333333,0.5711805555555556,0.0296875,0.0395833333333333
23,20,cl2k8llkb00073g6cnsr3ko43,0,0.9491727941176472,0.5212622549019608,0.0279411764705882,0.0356617647058823
23,20,cl2vz88mm00043f6c97ce4nes,0,0.719577961509716,0.1479789486796213,0.023344076980568,0.0292912306925759
23,210,ckz3vxvyj000v3867zug7yf6g,0,0.4343165887850467,0.6760806074766355,0.0281834112149533,0.0354166666666666
23,210,cl2k8llkb00073g6cnsr3ko43,0,0.9529411764705882,0.4682598039215686,0.028125,0.05
23,210,cl2vz88mm00043f6c97ce4nes,0,0.7200217208520179,0.1485706278026905,0.0224565582959641,0.0304745889387144
23,211,ckz3vxvyj000v3867zug7yf6g,0,0.4343311915887851,0.6760708722741433,0.028168808411215,0.0354166666666666
23,211,cl2k8llkb00073g6cnsr3ko43,0,0.9522977941176471,0.4686274509803921,0.028125,0.05
23,211,cl2vz88mm00043f6c97ce4nes,0,0.7200240564275038,0.1485737419033383,0.0224518871449925,0.0304808171400099
23,212,ckz3vxvyj000v3867zug7yf6g,0,0.4343457943925234,0.676061137071651,0.0281542056074766,0.0354166666666666
23,212,cl2k8llkb00073g6cnsr3ko43,0,0.9516544117647058,0.4689950980392157,0.028125,0.05
23,212,cl2vz88mm00043f6c97ce4nes,0,0.7200263920029896,0.148576856003986,0.0224472159940209,0.0304870453413054
23,213,ckz3vxvyj000v3867zug7yf6g,0,0.4343603971962617,0.6760514018691589,0.0281396028037383,0.0354166666666666
23,213,cl2k8llkb00073g6cnsr3ko43,0,0.9510110294117646,0.4693627450980392,0.028125,0.05
23,213,cl2vz88mm00043f6c97ce4nes,0,0.7200287275784754,0.1485799701046337,0.0224425448430492,0.0304932735426008
23,214,ckz3vxvyj000v3867zug7yf6g,0,0.434375,0.6760416666666667,0.028125,0.0354166666666666
23,214,cl2k8llkb00073g6cnsr3ko43,0,0.9503676470588236,0.4697303921568627,0.028125,0.05
23,214,cl2vz88mm00043f6c97ce4nes,0,0.7200310631539611,0.1485830842052815,0.0224378736920777,0.0304995017438963
23,215,ckz3vxvyj000v3867zug7yf6g,0,0.4343808085501859,0.6760339219330854,0.028125,0.0354166666666666
23,215,cl2k8llkb00073g6cnsr3ko43,0,0.9497242647058824,0.4700980392156862,0.028125,0.05
23,215,cl2vz88mm00043f6c97ce4nes,0,0.7200333987294469,0.1485861983059292,0.0224332025411061,0.0305057299451918
23,216,ckz3vxvyj000v3867zug7yf6g,0,0.4343866171003717,0.6760261771995044,0.028125,0.0354166666666666
23,216,cl2k8llkb00073g6cnsr3ko43,0,0.9490808823529412,0.4704656862745098,0.028125,0.05
23,216,cl2vz88mm00043f6c97ce4nes,0,0.7200357343049328,0.148589312406577,0.0224285313901345,0.0305119581464873
23,217,ckz3vxvyj000v3867zug7yf6g,0,0.4343924256505576,0.6760184324659232,0.028125,0.0354166666666666
23,217,cl2k8llkb00073g6cnsr3ko43,0,0.9484375,0.4708333333333333,0.028125,0.05
23,217,cl2vz88mm00043f6c97ce4nes,0,0.7200380698804185,0.1485924265072246,0.0224238602391629,0.0305181863477827
23,218,ckz3vxvyj000v3867zug7yf6g,0,0.4343982342007435,0.676010687732342,0.028125,0.0354166666666666
23,218,cl2k8llkb00073g6cnsr3ko43,0,0.9499131944444444,0.471412037037037,0.028298611111111,0.0483796296296296
23,218,cl2vz88mm00043f6c97ce4nes,0,0.7200404054559043,0.1485955406078724,0.0224191890881913,0.0305244145490782
23,219,ckz3vxvyj000v3867zug7yf6g,0,0.4344040427509293,0.6760029429987608,0.028125,0.0354166666666666
23,219,cl2k8llkb00073g6cnsr3ko43,0,0.951388888888889,0.4719907407407407,0.0284722222222221,0.0467592592592592
23,219,cl2vz88mm00043f6c97ce4nes,0,0.7200427410313901,0.1485986547085201,0.0224145179372197,0.0305306427503736
23,21,ckz3vxvyj000v3867zug7yf6g,0,0.4315566588785046,0.6779205607476636,0.0309433411214953,0.0354166666666666
23,21,cl2k8lcht00033g6cw07bj64y,0,0.7332465277777778,0.5702546296296297,0.0296875,0.0395833333333333
23,21,cl2k8llkb00073g6cnsr3ko43,0,0.9491268382352942,0.5216911764705882,0.0277573529411766,0.035906862745098
23,21,cl2vz88mm00043f6c97ce4nes,0,0.7195802970852018,0.147982062780269,0.0233394058295964,0.0292974588938714
23,220,ckz3vxvyj000v3867zug7yf6g,0,0.4344098513011152,0.6759951982651796,0.028125,0.0354166666666666
23,220,cl2k8llkb00073g6cnsr3ko43,0,0.9528645833333332,0.4725694444444444,0.0286458333333333,0.0451388888888888
23,220,cl2vz88mm00043f6c97ce4nes,0,0.720045076606876,0.1486017688091679,0.022409846786248,0.0305368709516691
23,221,ckz3vxvyj000v3867zug7yf6g,0,0.4344156598513011,0.6759874535315985,0.028125,0.0354166666666666
23,221,cl2k8llkb00073g6cnsr3ko43,0,0.954340277777778,0.4731481481481481,0.0288194444444444,0.0435185185185185
23,221,cl2vz88mm00043f6c97ce4nes,0,0.7200474121823618,0.1486048829098156,0.0224051756352765,0.0305430991529646
23,222,ckz3vxvyj000v3867zug7yf6g,0,0.434421468401487,0.6759797087980174,0.028125,0.0354166666666666
23,222,cl2k8llkb00073g6cnsr3ko43,0,0.955815972222222,0.4737268518518519,0.0289930555555555,0.0418981481481481
23,222,cl2vz88mm00043f6c97ce4nes,0,0.7200497477578475,0.1486079970104633,0.0224005044843049,0.03054932735426
23,223,ckz3vxvyj000v3867zug7yf6g,0,0.4344272769516729,0.6759719640644362,0.028125,0.0354166666666666
23,223,cl2k8llkb00073g6cnsr3ko43,0,0.9572916666666668,0.4743055555555556,0.0291666666666666,0.0402777777777777
23,223,cl2vz88mm00043f6c97ce4nes,0,0.7200520833333334,0.1486111111111111,0.0223958333333333,0.0305555555555555
23,224,ckz3vxvyj000v3867zug7yf6g,0,0.4344330855018588,0.6759642193308549,0.028125,0.0354166666666666
23,224,cl2k8llkb00073g6cnsr3ko43,0,0.958767361111111,0.4748842592592593,0.0293402777777778,0.0386574074074074
23,224,cl2vz88mm00043f6c97ce4nes,0,0.7200544189088192,0.1486142252117588,0.0223911621823617,0.030561783756851
23,225,ckz3vxvyj000v3867zug7yf6g,0,0.4344388940520446,0.6759564745972739,0.028125,0.0354166666666666
23,225,cl2k8llkb00073g6cnsr3ko43,0,0.9602430555555556,0.475462962962963,0.0295138888888889,0.037037037037037
23,225,cl2vz88mm00043f6c97ce4nes,0,0.720056754484305,0.1486173393124065,0.0223864910313901,0.0305680119581464
23,226,ckz3vxvyj000v3867zug7yf6g,0,0.4344447026022305,0.6759487298636927,0.028125,0.0354166666666666
23,226,cl2k8llkb00073g6cnsr3ko43,0,0.96171875,0.4760416666666666,0.0296875,0.0354166666666666
23,226,cl2vz88mm00043f6c97ce4nes,0,0.7200590900597907,0.1486204534130543,0.0223818198804185,0.0305742401594419
23,227,ckz3vxvyj000v3867zug7yf6g,0,0.4344505111524164,0.6759409851301115,0.028125,0.0354166666666666
23,227,cl2k8llkb00073g6cnsr3ko43,0,0.9611607142857144,0.4739583333333333,0.0290178571428571,0.0377976190476191
23,227,cl2vz88mm00043f6c97ce4nes,0,0.7200614256352765,0.148623567513702,0.0223771487294468,0.0305804683607374
23,228,ckz3vxvyj000v3867zug7yf6g,0,0.4344563197026022,0.6759332403965304,0.028125,0.0354166666666666
23,228,cl2k8llkb00073g6cnsr3ko43,0,0.9606026785714284,0.471875,0.0283482142857144,0.0401785714285714
23,228,cl2vz88mm00043f6c97ce4nes,0,0.7200637612107623,0.1486266816143497,0.0223724775784753,0.0305866965620328
23,229,ckz3vxvyj000v3867zug7yf6g,0,0.4344621282527881,0.6759254956629491,0.028125,0.0354166666666666
23,229,cl2k8llkb00073g6cnsr3ko43,0,0.9600446428571427,0.4697916666666666,0.0276785714285715,0.0425595238095238
23,229,cl2vz88mm00043f6c97ce4nes,0,0.7200660967862481,0.1486297957149975,0.0223678064275037,0.0305929247633283
23,22,ckz3vxvyj000v3867zug7yf6g,0,0.4315712616822429,0.6779108255451713,0.030928738317757,0.0354166666666666
23,22,cl2k8lcht00033g6cw07bj64y,0,0.7355034722222222,0.5693287037037037,0.0296875,0.0395833333333333
23,22,cl2k8llkb00073g6cnsr3ko43,0,0.9490808823529412,0.5221200980392157,0.0275735294117646,0.0361519607843137
23,22,cl2vz88mm00043f6c97ce4nes,0,0.7195826326606876,0.1479851768809168,0.0233347346786247,0.0293036870951669
23,230,ckz3vxvyj000v3867zug7yf6g,0,0.434467936802974,0.675917750929368,0.028125,0.0354166666666666
23,230,cl2k8llkb00073g6cnsr3ko43,0,0.9594866071428572,0.4677083333333333,0.0270089285714284,0.0449404761904761
23,230,cl2vz88mm00043f6c97ce4nes,0,0.720068432361734,0.1486329098156452,0.0223631352765321,0.0305991529646238
23,231,ckz3vxvyj000v3867zug7yf6g,0,0.4344737453531598,0.6759100061957869,0.028125,0.0354166666666666
23,231,cl2k8llkb00073g6cnsr3ko43,0,0.9589285714285716,0.465625,0.0263392857142855,0.0473214285714285
23,231,cl2vz88mm00043f6c97ce4nes,0,0.7200707679372197,0.148636023916293,0.0223584641255605,0.0306053811659192
23,232,ckz3vxvyj000v3867zug7yf6g,0,0.4344795539033457,0.6759022614622057,0.028125,0.0354166666666666
23,232,cl2k8llkb00073g6cnsr3ko43,0,0.9583705357142858,0.4635416666666667,0.0256696428571428,0.0497023809523809
23,232,cl2vz88mm00043f6c97ce4nes,0,0.7200731035127055,0.1486391380169407,0.0223537929745889,0.0306116093672147
23,233,ckz3vxvyj000v3867zug7yf6g,0,0.4344853624535316,0.6758945167286244,0.028125,0.0354166666666666
23,233,cl2k8llkb00073g6cnsr3ko43,0,0.9578125,0.4614583333333333,0.025,0.0520833333333333
23,233,cl2vz88mm00043f6c97ce4nes,0,0.7200754390881914,0.1486422521175884,0.0223491218236173,0.0306178375685102
23,234,ckz3vxvyj000v3867zug7yf6g,0,0.4344911710037175,0.6758867719950434,0.028125,0.0354166666666666
23,234,cl2k8llkb00073g6cnsr3ko43,0,0.9575,0.4627083333333333,0.024375,0.0520833333333333
23,234,cl2vz88mm00043f6c97ce4nes,0,0.7200777746636772,0.1486453662182361,0.0223444506726456,0.0306240657698056
23,235,ckz3vxvyj000v3867zug7yf6g,0,0.4344969795539034,0.6758790272614622,0.028125,0.0354166666666666
23,235,cl2k8llkb00073g6cnsr3ko43,0,0.9571875,0.4639583333333333,0.02375,0.0520833333333333
23,235,cl2vz88mm00043f6c97ce4nes,0,0.720080110239163,0.1486484803188839,0.0223397795216741,0.0306302939711011
23,236,ckz3vxvyj000v3867zug7yf6g,0,0.4345027881040891,0.6758712825278811,0.028125,0.0354166666666666
23,236,cl2k8llkb00073g6cnsr3ko43,0,0.956875,0.4652083333333333,0.0231249999999999,0.0520833333333333
23,236,cl2vz88mm00043f6c97ce4nes,0,0.7200824458146486,0.1486515944195316,0.0223351083707025,0.0306365221723966
23,237,ckz3vxvyj000v3867zug7yf6g,0,0.4345085966542751,0.6758635377942999,0.028125,0.0354166666666666
23,237,cl2k8llkb00073g6cnsr3ko43,0,0.9565625,0.4664583333333333,0.0224999999999999,0.0520833333333333
23,237,cl2vz88mm00043f6c97ce4nes,0,0.7200847813901345,0.1486547085201794,0.0223304372197309,0.030642750373692
23,238,ckz3vxvyj000v3867zug7yf6g,0,0.434514405204461,0.6758557930607186,0.028125,0.0354166666666666
23,238,cl2k8llkb00073g6cnsr3ko43,0,0.95625,0.4677083333333333,0.021875,0.0520833333333333
23,238,cl2vz88mm00043f6c97ce4nes,0,0.7200871169656203,0.1486578226208271,0.0223257660687593,0.0306489785749875
23,239,ckz3vxvyj000v3867zug7yf6g,0,0.4345202137546468,0.6758480483271376,0.028125,0.0354166666666666
23,239,cl2k8llkb00073g6cnsr3ko43,0,0.956640625,0.4677083333333333,0.0234375,0.05
23,239,cl2vz88mm00043f6c97ce4nes,0,0.7200894525411061,0.1486609367214748,0.0223210949177877,0.0306552067762829
23,23,ckz3vxvyj000v3867zug7yf6g,0,0.4315858644859814,0.6779010903426791,0.0309141355140186,0.0354166666666666
23,23,cl2k8lcht00033g6cw07bj64y,0,0.7377604166666667,0.5684027777777777,0.0296875,0.0395833333333333
23,23,cl2k8llkb00073g6cnsr3ko43,0,0.9490349264705882,0.5225490196078432,0.0273897058823529,0.0363970588235294
23,23,cl2vz88mm00043f6c97ce4nes,0,0.7195849682361735,0.1479882909815645,0.0233300635276532,0.0293099152964623
23,240,ckz3vxvyj000v3867zug7yf6g,0,0.4345260223048327,0.6758403035935564,0.028125,0.0354166666666666
23,240,cl2k8llkb00073g6cnsr3ko43,0,0.95703125,0.4677083333333333,0.025,0.0479166666666666
23,240,cl2vz88mm00043f6c97ce4nes,0,0.7200917881165919,0.1486640508221225,0.0223164237668161,0.0306614349775784
23,241,ckz3vxvyj000v3867zug7yf6g,0,0.4345318308550186,0.6758325588599752,0.028125,0.0354166666666666
23,241,cl2k8llkb00073g6cnsr3ko43,0,0.957421875,0.4677083333333333,0.0265625,0.0458333333333333
23,241,cl2vz88mm00043f6c97ce4nes,0,0.7200941236920777,0.1486671649227703,0.0223117526158445,0.0306676631788739
23,242,ckz3vxvyj000v3867zug7yf6g,0,0.4345376394052044,0.6758248141263941,0.028125,0.0354166666666666
23,242,cl2k8llkb00073g6cnsr3ko43,0,0.9578125,0.4677083333333333,0.028125,0.04375
23,242,cl2vz88mm00043f6c97ce4nes,0,0.7200964592675636,0.148670279023418,0.0223070814648729,0.0306738913801694
23,243,ckz3vxvyj000v3867zug7yf6g,0,0.4345434479553903,0.6758170693928129,0.028125,0.0354166666666666
23,243,cl2k8llkb00073g6cnsr3ko43,0,0.9607421875,0.471875,0.030078125,0.0416666666666666
23,243,cl2vz88mm00043f6c97ce4nes,0,0.7200987948430493,0.1486733931240657,0.0223024103139013,0.0306801195814648
23,244,ckz3vxvyj000v3867zug7yf6g,0,0.4345492565055762,0.6758093246592317,0.028125,0.0354166666666666
23,244,cl2k8llkb00073g6cnsr3ko43,0,0.963671875,0.4760416666666666,0.03203125,0.0395833333333333
23,244,cl2vz88mm00043f6c97ce4nes,0,0.7201011304185352,0.1486765072247135,0.0222977391629297,0.0306863477827603
23,245,ckz3vxvyj000v3867zug7yf6g,0,0.434555065055762,0.6758015799256506,0.028125,0.0354166666666666
23,245,cl2k8llkb00073g6cnsr3ko43,0,0.9666015625,0.4802083333333333,0.033984375,0.0375
23,245,cl2vz88mm00043f6c97ce4nes,0,0.7201034659940209,0.1486796213253612,0.0222930680119581,0.0306925759840558
23,246,ckz3vxvyj000v3867zug7yf6g,0,0.434560873605948,0.6757938351920694,0.028125,0.0354166666666666
23,246,cl2k8llkb00073g6cnsr3ko43,0,0.96953125,0.484375,0.0359375,0.0354166666666666
23,246,cl2vz88mm00043f6c97ce4nes,0,0.7201058015695068,0.1486827354260089,0.0222883968609865,0.0306988041853512
23,247,ckz3vxvyj000v3867zug7yf6g,0,0.4345666821561338,0.6757860904584881,0.028125,0.0354166666666666
23,247,cl2k8llkb00073g6cnsr3ko43,0,0.9697048611111112,0.4864583333333333,0.0359375,0.0358796296296296
23,247,cl2vz88mm00043f6c97ce4nes,0,0.7201081371449926,0.1486858495266567,0.0222837257100149,0.0307050323866467
23,248,ckz3vxvyj000v3867zug7yf6g,0,0.4345724907063196,0.6757783457249071,0.028125,0.0354166666666666
23,248,cl2k8llkb00073g6cnsr3ko43,0,0.969878472222222,0.4885416666666666,0.0359375,0.0363425925925926
23,248,cl2vz88mm00043f6c97ce4nes,0,0.7201104727204783,0.1486889636273044,0.0222790545590433,0.0307112605879421
23,249,ckz3vxvyj000v3867zug7yf6g,0,0.4345782992565056,0.6757706009913259,0.028125,0.0354166666666666
23,249,cl2k8llkb00073g6cnsr3ko43,0,0.9700520833333334,0.490625,0.0359375,0.0368055555555556
23,249,cl2vz88mm00043f6c97ce4nes,0,0.7201128082959641,0.1486920777279521,0.0222743834080717,0.0307174887892376
23,24,ckz3vxvyj000v3867zug7yf6g,0,0.4316004672897197,0.6778913551401868,0.0308995327102803,0.0354166666666666
23,24,cl2k8lcht00033g6cw07bj64y,0,0.740017361111111,0.5674768518518519,0.0296875,0.0395833333333333
23,24,cl2k8llkb00073g6cnsr3ko43,0,0.9489889705882352,0.5229779411764706,0.0272058823529411,0.036642156862745
23,24,cl2vz88mm00043f6c97ce4nes,0,0.7195873038116591,0.1479914050822122,0.0233253923766816,0.0293161434977578
23,250,ckz3vxvyj000v3867zug7yf6g,0,0.4345841078066915,0.6757628562577447,0.028125,0.0354166666666666
23,250,cl2k8llkb00073g6cnsr3ko43,0,0.9702256944444444,0.4927083333333333,0.0359375,0.0372685185185185
23,250,cl2vz88mm00043f6c97ce4nes,0,0.7201151438714499,0.1486951918285999,0.0222697122571001,0.0307237169905331
23,251,ckz3vxvyj000v3867zug7yf6g,0,0.4345899163568772,0.6757551115241636,0.028125,0.0354166666666666
23,251,cl2k8llkb00073g6cnsr3ko43,0,0.9703993055555556,0.4947916666666667,0.0359375,0.0377314814814814
23,251,cl2vz88mm00043f6c97ce4nes,0,0.7201174794469358,0.1486983059292476,0.0222650411061285,0.0307299451918286
23,252,ckz3vxvyj000v3867zug7yf6g,0,0.4345957249070632,0.6757473667905824,0.028125,0.0354166666666666
23,252,cl2k8llkb00073g6cnsr3ko43,0,0.9705729166666666,0.496875,0.0359375,0.0381944444444444
23,252,cl2vz88mm00043f6c97ce4nes,0,0.7201198150224215,0.1487014200298953,0.0222603699551569,0.030736173393124
23,253,ckz3vxvyj000v3867zug7yf6g,0,0.4346015334572491,0.6757396220570012,0.028125,0.0354166666666666
23,253,cl2k8llkb00073g6cnsr3ko43,0,0.9707465277777778,0.4989583333333333,0.0359375,0.0386574074074073
23,253,cl2vz88mm00043f6c97ce4nes,0,0.7201221505979073,0.1487045341305431,0.0222556988041853,0.0307424015944195
23,254,ckz3vxvyj000v3867zug7yf6g,0,0.4346073420074349,0.6757318773234201,0.028125,0.0354166666666666
23,254,cl2k8llkb00073g6cnsr3ko43,0,0.970920138888889,0.5010416666666667,0.0359375,0.0391203703703703
23,254,cl2vz88mm00043f6c97ce4nes,0,0.7201244861733931,0.1487076482311908,0.0222510276532137,0.0307486297957149
23,255,ckz3vxvyj000v3867zug7yf6g,0,0.4346131505576208,0.6757241325898389,0.028125,0.0354166666666666
23,255,cl2k8llkb00073g6cnsr3ko43,0,0.97109375,0.503125,0.0359375,0.0395833333333333
23,255,cl2vz88mm00043f6c97ce4nes,0,0.720126821748879,0.1487107623318385,0.0222463565022421,0.0307548579970104
23,256,ckz3vxvyj000v3867zug7yf6g,0,0.4346189591078067,0.6757163878562576,0.028125,0.0354166666666666
23,256,cl2k8llkb00073g6cnsr3ko43,0,0.9709635416666668,0.50390625,0.0356770833333333,0.0401041666666666
23,256,cl2vz88mm00043f6c97ce4nes,0,0.7201291573243648,0.1487138764324863,0.0222416853512705,0.0307610861983059
23,257,ckz3vxvyj000v3867zug7yf6g,0,0.4346247676579925,0.6757086431226766,0.028125,0.0354166666666666
23,257,cl2k8llkb00073g6cnsr3ko43,0,0.9708333333333332,0.5046875,0.0354166666666666,0.040625
23,257,cl2vz88mm00043f6c97ce4nes,0,0.7201314928998505,0.148716990533134,0.0222370142002989,0.0307673143996013
23,258,ckz3vxvyj000v3867zug7yf6g,0,0.4346305762081784,0.6757008983890954,0.028125,0.0354166666666666
23,258,cl2k8llkb00073g6cnsr3ko43,0,0.970703125,0.50546875,0.03515625,0.0411458333333333
23,258,cl2vz88mm00043f6c97ce4nes,0,0.7201338284753364,0.1487201046337817,0.0222323430493273,0.0307735426008968
23,259,ckz3vxvyj000v3867zug7yf6g,0,0.4346363847583643,0.6756931536555142,0.028125,0.0354166666666666
23,259,cl2k8llkb00073g6cnsr3ko43,0,0.9705729166666668,0.50625,0.0348958333333333,0.0416666666666666
23,259,cl2vz88mm00043f6c97ce4nes,0,0.7201361640508221,0.1487232187344295,0.0222276718983557,0.0307797708021923
23,25,ckz3vxvyj000v3867zug7yf6g,0,0.431615070093458,0.6778816199376947,0.030884929906542,0.0354166666666666
23,25,cl2k8lcht00033g6cw07bj64y,0,0.7422743055555555,0.5665509259259259,0.0296875,0.0395833333333333
23,25,cl2k8llkb00073g6cnsr3ko43,0,0.9489430147058824,0.523406862745098,0.0270220588235295,0.0368872549019607
23,25,cl2vz88mm00043f6c97ce4nes,0,0.719589639387145,0.14799451918286,0.02332072122571,0.0293223716990533
23,260,ckz3vxvyj000v3867zug7yf6g,0,0.4346421933085501,0.6756854089219331,0.028125,0.0354166666666666
23,260,cl2k8llkb00073g6cnsr3ko43,0,0.9704427083333332,0.50703125,0.0346354166666666,0.0421875
23,260,cl2vz88mm00043f6c97ce4nes,0,0.7201384996263079,0.1487263328350772,0.0222230007473841,0.0307859990034878
23,261,ckz3vxvyj000v3867zug7yf6g,0,0.4346480018587361,0.675677664188352,0.028125,0.0354166666666666
23,261,cl2k8llkb00073g6cnsr3ko43,0,0.9703125,0.5078125,0.034375,0.0427083333333333
23,261,cl2vz88mm00043f6c97ce4nes,0,0.7201408352017937,0.1487294469357249,0.0222183295964125,0.0307922272047832
23,262,ckz3vxvyj000v3867zug7yf6g,0,0.434653810408922,0.6756699194547707,0.028125,0.0354166666666666
23,262,cl2k8llkb00073g6cnsr3ko43,0,0.9701822916666668,0.50859375,0.0341145833333333,0.0432291666666666
23,262,cl2vz88mm00043f6c97ce4nes,0,0.7201431707772795,0.1487325610363727,0.0222136584454409,0.0307984554060787
23,263,ckz3vxvyj000v3867zug7yf6g,0,0.4346596189591077,0.6756621747211896,0.028125,0.0354166666666666
23,263,cl2k8llkb00073g6cnsr3ko43,0,0.9700520833333331,0.509375,0.0338541666666666,0.04375
23,263,cl2vz88mm00043f6c97ce4nes,0,0.7201455063527653,0.1487356751370204,0.0222089872944693,0.0308046836073741
23,264,ckz3vxvyj000v3867zug7yf6g,0,0.4346654275092937,0.6756544299876084,0.028125,0.0354166666666666
23,264,cl2k8llkb00073g6cnsr3ko43,0,0.969921875,0.51015625,0.03359375,0.0442708333333333
23,264,cl2vz88mm00043f6c97ce4nes,0,0.7201478419282511,0.1487387892376681,0.0222043161434977,0.0308109118086696
23,265,ckz3vxvyj000v3867zug7yf6g,0,0.4346712360594796,0.6756466852540272,0.028125,0.0354166666666666
23,265,cl2k8llkb00073g6cnsr3ko43,0,0.9697916666666668,0.5109375,0.0333333333333333,0.0447916666666666
23,265,cl2vz88mm00043f6c97ce4nes,0,0.720150177503737,0.1487419033383159,0.0221996449925261,0.0308171400099651
23,266,ckz3vxvyj000v3867zug7yf6g,0,0.4346770446096654,0.6756389405204462,0.028125,0.0354166666666666
23,266,cl2k8llkb00073g6cnsr3ko43,0,0.9696614583333332,0.51171875,0.0330729166666666,0.0453125
23,266,cl2vz88mm00043f6c97ce4nes,0,0.7201525130792227,0.1487450174389636,0.0221949738415546,0.0308233682112605
23,267,ckz3vxvyj000v3867zug7yf6g,0,0.4346828531598513,0.6756311957868649,0.028125,0.0354166666666666
23,267,cl2k8llkb00073g6cnsr3ko43,0,0.96953125,0.5125,0.0328125,0.0458333333333333
23,267,cl2vz88mm00043f6c97ce4nes,0,0.7201548486547085,0.1487481315396113,0.0221903026905829,0.030829596412556
23,268,ckz3vxvyj000v3867zug7yf6g,0,0.4346886617100372,0.6756234510532837,0.028125,0.0354166666666666
23,268,cl2k8llkb00073g6cnsr3ko43,0,0.9696022727272726,0.5126420454545454,0.0329545454545455,0.0455492424242424
23,268,cl2vz88mm00043f6c97ce4nes,0,0.7201571842301944,0.1487512456402591,0.0221856315396113,0.0308358246138515
23,269,ckz3vxvyj000v3867zug7yf6g,0,0.434694470260223,0.6756157063197026,0.028125,0.0354166666666666
23,269,cl2k8llkb00073g6cnsr3ko43,0,0.9696732954545452,0.5127840909090909,0.0330965909090908,0.0452651515151515
23,269,cl2vz88mm00043f6c97ce4nes,0,0.7201595198056802,0.1487543597409068,0.0221809603886397,0.0308420528151469
23,26,ckz3vxvyj000v3867zug7yf6g,0,0.4316296728971963,0.6778718847352024,0.0308703271028037,0.0354166666666666
23,26,cl2k8lcht00033g6cw07bj64y,0,0.74453125,0.565625,0.0296875,0.0395833333333333
23,26,cl2k8llkb00073g6cnsr3ko43,0,0.9488970588235294,0.5238357843137255,0.0268382352941175,0.0371323529411765
23,26,cl2vz88mm00043f6c97ce4nes,0,0.7195919749626307,0.1479976332835077,0.0233160500747383,0.0293285999003487
23,270,ckz3vxvyj000v3867zug7yf6g,0,0.4347002788104089,0.6756079615861215,0.028125,0.0354166666666666
23,270,cl2k8llkb00073g6cnsr3ko43,0,0.9697443181818182,0.5129261363636364,0.0332386363636363,0.0449810606060606
23,270,cl2vz88mm00043f6c97ce4nes,0,0.720161855381166,0.1487574738415545,0.0221762892376681,0.0308482810164424
23,271,ckz3vxvyj000v3867zug7yf6g,0,0.4347060873605948,0.6756002168525402,0.028125,0.0354166666666666
23,271,cl2k8llkb00073g6cnsr3ko43,0,0.969815340909091,0.5130681818181818,0.0333806818181818,0.0446969696969697
23,271,cl2vz88mm00043f6c97ce4nes,0,0.7201641909566516,0.1487605879422023,0.0221716180866965,0.0308545092177379
23,272,ckz3vxvyj000v3867zug7yf6g,0,0.4347118959107806,0.6755924721189591,0.028125,0.0354166666666666
23,272,cl2k8llkb00073g6cnsr3ko43,0,0.9698863636363636,0.5132102272727272,0.0335227272727273,0.0444128787878787
23,272,cl2vz88mm00043f6c97ce4nes,0,0.7201665265321375,0.14876370204285,0.0221669469357249,0.0308607374190333
23,273,ckz3vxvyj000v3867zug7yf6g,0,0.4347177044609666,0.6755847273853779,0.028125,0.0354166666666666
23,273,cl2k8llkb00073g6cnsr3ko43,0,0.9699573863636364,0.5133522727272727,0.0336647727272726,0.0441287878787878
23,273,cl2vz88mm00043f6c97ce4nes,0,0.7201688621076233,0.1487668161434977,0.0221622757847534,0.0308669656203288
23,274,ckz3vxvyj000v3867zug7yf6g,0,0.4347235130111523,0.6755769826517969,0.028125,0.0354166666666666
23,274,cl2k8llkb00073g6cnsr3ko43,0,0.970028409090909,0.5134943181818182,0.0338068181818181,0.0438446969696969
23,274,cl2vz88mm00043f6c97ce4nes,0,0.7201711976831091,0.1487699302441454,0.0221576046337817,0.0308731938216243
23,275,ckz3vxvyj000v3867zug7yf6g,0,0.4347293215613382,0.6755692379182157,0.028125,0.0354166666666666
23,275,cl2k8llkb00073g6cnsr3ko43,0,0.9700994318181818,0.5136363636363637,0.0339488636363636,0.043560606060606
23,275,cl2vz88mm00043f6c97ce4nes,0,0.7201735332585949,0.1487730443447932,0.0221529334828101,0.0308794220229197
23,276,ckz3vxvyj000v3867zug7yf6g,0,0.4347351301115242,0.6755614931846344,0.028125,0.0354166666666666
23,276,cl2k8llkb00073g6cnsr3ko43,0,0.9701704545454548,0.5137784090909091,0.0340909090909091,0.0432765151515151
23,276,cl2vz88mm00043f6c97ce4nes,0,0.7201758688340807,0.1487761584454409,0.0221482623318385,0.0308856502242152
23,277,ckz3vxvyj000v3867zug7yf6g,0,0.43474093866171,0.6755537484510533,0.028125,0.0354166666666666
23,277,cl2k8llkb00073g6cnsr3ko43,0,0.9702414772727274,0.5139204545454545,0.0342329545454545,0.0429924242424242
23,277,cl2vz88mm00043f6c97ce4nes,0,0.7201782044095666,0.1487792725460886,0.0221435911808669,0.0308918784255107
23,278,ckz3vxvyj000v3867zug7yf6g,0,0.4347467472118959,0.6755460037174721,0.028125,0.0354166666666666
23,278,cl2k8llkb00073g6cnsr3ko43,0,0.9703125,0.5140625,0.034375,0.0427083333333333
23,278,cl2vz88mm00043f6c97ce4nes,0,0.7201805399850523,0.1487823866467364,0.0221389200298953,0.0308981066268061
23,279,ckz3vxvyj000v3867zug7yf6g,0,0.4347525557620818,0.675538258983891,0.028125,0.0354166666666666
23,279,cl2k8llkb00073g6cnsr3ko43,0,0.9703835227272728,0.5142045454545454,0.0345170454545455,0.0424242424242424
23,279,cl2vz88mm00043f6c97ce4nes,0,0.7201828755605382,0.1487855007473841,0.0221342488789237,0.0309043348281016
23,27,ckz3vxvyj000v3867zug7yf6g,0,0.4316442757009346,0.6778621495327103,0.0308557242990654,0.0354166666666666
23,27,cl2k8lcht00033g6cw07bj64y,0,0.7467881944444444,0.564699074074074,0.0296875,0.0395833333333333
23,27,cl2k8llkb00073g6cnsr3ko43,0,0.9488511029411764,0.524264705882353,0.0266544117647057,0.0373774509803921
23,27,cl2vz88mm00043f6c97ce4nes,0,0.7195943105381166,0.1480007473841554,0.0233113789237668,0.0293348281016442
23,280,ckz3vxvyj000v3867zug7yf6g,0,0.4347583643122676,0.6755305142503099,0.028125,0.0354166666666666
23,280,cl2k8llkb00073g6cnsr3ko43,0,0.9704545454545452,0.5143465909090909,0.0346590909090908,0.0421401515151515
23,280,cl2vz88mm00043f6c97ce4nes,0,0.7201852111360239,0.1487886148480318,0.0221295777279522,0.0309105630293971
23,281,ckz3vxvyj000v3867zug7yf6g,0,0.4347641728624535,0.6755227695167286,0.028125,0.0354166666666666
23,281,cl2k8llkb00073g6cnsr3ko43,0,0.970525568181818,0.5144886363636363,0.0348011363636363,0.0418560606060606
23,281,cl2vz88mm00043f6c97ce4nes,0,0.7201875467115098,0.1487917289486796,0.0221249065769805,0.0309167912306925
23,282,ckz3vxvyj000v3867zug7yf6g,0,0.4347699814126394,0.6755150247831474,0.028125,0.0354166666666666
23,282,cl2k8llkb00073g6cnsr3ko43,0,0.970596590909091,0.5146306818181817,0.0349431818181818,0.0415719696969697
23,282,cl2vz88mm00043f6c97ce4nes,0,0.7201898822869955,0.1487948430493273,0.0221202354260089,0.030923019431988
23,283,ckz3vxvyj000v3867zug7yf6g,0,0.4347757899628252,0.6755072800495664,0.028125,0.0354166666666666
23,283,cl2k8llkb00073g6cnsr3ko43,0,0.9706676136363636,0.5147727272727273,0.0350852272727273,0.0412878787878787
23,283,cl2vz88mm00043f6c97ce4nes,0,0.7201922178624813,0.1487979571499751,0.0221155642750373,0.0309292476332835
23,284,ckz3vxvyj000v3867zug7yf6g,0,0.4347815985130111,0.6754995353159852,0.028125,0.0354166666666666
23,284,cl2k8llkb00073g6cnsr3ko43,0,0.9707386363636364,0.5149147727272727,0.0352272727272726,0.0410037878787878
23,284,cl2vz88mm00043f6c97ce4nes,0,0.7201945534379671,0.1488010712506228,0.0221108931240658,0.0309354758345789
23,285,ckz3vxvyj000v3867zug7yf6g,0,0.4347874070631971,0.6754917905824039,0.028125,0.0354166666666666
23,285,cl2k8llkb00073g6cnsr3ko43,0,0.970809659090909,0.5150568181818183,0.0353693181818181,0.0407196969696969
23,285,cl2vz88mm00043f6c97ce4nes,0,0.7201968890134529,0.1488041853512705,0.0221062219730941,0.0309417040358744
23,286,ckz3vxvyj000v3867zug7yf6g,0,0.4347932156133828,0.6754840458488228,0.028125,0.0354166666666666
23,286,cl2k8llkb00073g6cnsr3ko43,0,0.970880681818182,0.5151988636363637,0.0355113636363636,0.040435606060606
23,286,cl2vz88mm00043f6c97ce4nes,0,0.7201992245889388,0.1488072994519183,0.0221015508221225,0.0309479322371699
23,287,ckz3vxvyj000v3867zug7yf6g,0,0.4347990241635687,0.6754763011152416,0.028125,0.0354166666666666
23,287,cl2k8llkb00073g6cnsr3ko43,0,0.9709517045454548,0.5153409090909091,0.0356534090909091,0.0401515151515151
23,287,cl2vz88mm00043f6c97ce4nes,0,0.7202015601644245,0.148810413552566,0.022096879671151,0.0309541604384653
23,288,ckz3vxvyj000v3867zug7yf6g,0,0.4348048327137547,0.6754685563816605,0.028125,0.0354166666666666
23,288,cl2k8llkb00073g6cnsr3ko43,0,0.9710227272727272,0.5154829545454546,0.0357954545454545,0.0398674242424242
23,288,cl2vz88mm00043f6c97ce4nes,0,0.7202038957399103,0.1488135276532137,0.0220922085201793,0.0309603886397608
23,289,ckz3vxvyj000v3867zug7yf6g,0,0.4348106412639405,0.6754608116480794,0.028125,0.0354166666666666
23,289,cl2k8llkb00073g6cnsr3ko43,0,0.97109375,0.515625,0.0359375,0.0395833333333333
23,289,cl2vz88mm00043f6c97ce4nes,0,0.7202062313153961,0.1488166417538615,0.0220875373692077,0.0309666168410563
23,28,ckz3vxvyj000v3867zug7yf6g,0,0.4316588785046729,0.677852414330218,0.0308411214953271,0.0354166666666666
23,28,cl2k8lcht00033g6cw07bj64y,0,0.7490451388888889,0.563773148148148,0.0296875,0.0395833333333333
23,28,cl2k8llkb00073g6cnsr3ko43,0,0.9488051470588236,0.5246936274509804,0.0264705882352942,0.0376225490196078
23,28,cl2vz88mm00043f6c97ce4nes,0,0.7195966461136024,0.1480038614848031,0.0233067077727952,0.0293410563029397
23,290,ckz3vxvyj000v3867zug7yf6g,0,0.4348164498141263,0.6754530669144981,0.028125,0.0354166666666666
23,290,cl2k8llkb00073g6cnsr3ko43,0,0.97096875,0.515875,0.0359375,0.0395833333333333
23,290,cl2vz88mm00043f6c97ce4nes,0,0.720208566890882,0.1488197558545092,0.0220828662182361,0.0309728450423517
23,291,ckz3vxvyj000v3867zug7yf6g,0,0.4348222583643123,0.6754453221809169,0.028125,0.0354166666666666
23,291,cl2k8llkb00073g6cnsr3ko43,0,0.97084375,0.5161250000000001,0.0359375,0.0395833333333333
23,291,cl2vz88mm00043f6c97ce4nes,0,0.7202109024663678,0.1488228699551569,0.0220781950672646,0.0309790732436472
23,292,ckz3vxvyj000v3867zug7yf6g,0,0.4348280669144981,0.6754375774473359,0.028125,0.0354166666666666
23,292,cl2k8llkb00073g6cnsr3ko43,0,0.97071875,0.516375,0.0359375,0.0395833333333333
23,292,cl2vz88mm00043f6c97ce4nes,0,0.7202132380418534,0.1488259840558047,0.0220735239162929,0.0309853014449426
23,293,ckz3vxvyj000v3867zug7yf6g,0,0.434833875464684,0.6754298327137547,0.028125,0.0354166666666666
23,293,cl2k8llkb00073g6cnsr3ko43,0,0.97059375,0.516625,0.0359375,0.0395833333333333
23,293,cl2vz88mm00043f6c97ce4nes,0,0.7202155736173393,0.1488290981564524,0.0220688527653213,0.0309915296462381
23,294,ckz3vxvyj000v3867zug7yf6g,0,0.4348396840148699,0.6754220879801734,0.028125,0.0354166666666666
23,294,cl2k8llkb00073g6cnsr3ko43,0,0.97046875,0.5168750000000001,0.0359375,0.0395833333333333
23,294,cl2vz88mm00043f6c97ce4nes,0,0.7202179091928251,0.1488322122571001,0.0220641816143497,0.0309977578475336
23,295,ckz3vxvyj000v3867zug7yf6g,0,0.4348454925650557,0.6754143432465923,0.028125,0.0354166666666666
23,295,cl2k8llkb00073g6cnsr3ko43,0,0.97034375,0.5171250000000001,0.0359375,0.0395833333333333
23,295,cl2vz88mm00043f6c97ce4nes,0,0.7202202447683109,0.1488353263577478,0.0220595104633781,0.0310039860488291
23,296,ckz3vxvyj000v3867zug7yf6g,0,0.4348513011152416,0.6754065985130111,0.028125,0.0354166666666666
23,296,cl2k8llkb00073g6cnsr3ko43,0,0.97021875,0.5173749999999999,0.0359375,0.0395833333333332
23,296,cl2vz88mm00043f6c97ce4nes,0,0.7202225803437967,0.1488384404583956,0.0220548393124065,0.0310102142501245
23,297,ckz3vxvyj000v3867zug7yf6g,0,0.4348571096654275,0.67539885377943,0.028125,0.0354166666666666
23,297,cl2k8llkb00073g6cnsr3ko43,0,0.97009375,0.517625,0.0359375,0.0395833333333332
23,297,cl2vz88mm00043f6c97ce4nes,0,0.7202249159192825,0.1488415545590433,0.0220501681614349,0.03101644245142
23,298,ckz3vxvyj000v3867zug7yf6g,0,0.4348629182156133,0.6753911090458489,0.028125,0.0354166666666666
23,298,cl2k8llkb00073g6cnsr3ko43,0,0.96996875,0.517875,0.0359375,0.0395833333333332
23,298,cl2vz88mm00043f6c97ce4nes,0,0.7202272514947683,0.148844668659691,0.0220454970104634,0.0310226706527154
23,299,ckz3vxvyj000v3867zug7yf6g,0,0.4348687267657992,0.6753833643122676,0.028125,0.0354166666666666
23,299,cl2k8llkb00073g6cnsr3ko43,0,0.96984375,0.518125,0.0359375,0.0395833333333333
23,299,cl2vz88mm00043f6c97ce4nes,0,0.7202295870702541,0.1488477827603388,0.0220408258594917,0.0310288988540109
23,29,ckz3vxvyj000v3867zug7yf6g,0,0.4316734813084112,0.6778426791277259,0.0308265186915887,0.0354166666666666
23,29,cl2k8lcht00033g6cw07bj64y,0,0.7513020833333333,0.5628472222222223,0.0296875,0.0395833333333333
23,29,cl2k8llkb00073g6cnsr3ko43,0,0.9487591911764708,0.5251225490196079,0.0262867647058824,0.0378676470588234
23,29,cl2vz88mm00043f6c97ce4nes,0,0.7195989816890882,0.1480069755854509,0.0233020366218235,0.0293472845042351
23,2,ckz3vxvyj000v3867zug7yf6g,0,0.4312792056074766,0.6781055295950156,0.0312207943925233,0.0354166666666666
23,2,cl2k8lcht00033g6cw07bj64y,0,0.71171875,0.596875,0.0296875,0.0395833333333333
23,2,cl2k8llkb00073g6cnsr3ko43,0,0.95,0.5135416666666667,0.03125,0.03125
23,2,cl2vz88mm00043f6c97ce4nes,0,0.7195359211509716,0.1479228948679621,0.0234281576980568,0.0291791230692576
23,300,ckz3vxvyj000v3867zug7yf6g,0,0.4348745353159852,0.6753756195786864,0.028125,0.0354166666666666
23,300,cl2k8llkb00073g6cnsr3ko43,0,0.96971875,0.518375,0.0359375,0.0395833333333333
23,300,cl2vz88mm00043f6c97ce4nes,0,0.72023192264574,0.1488508968609865,0.0220361547085201,0.0310351270553064
23,301,ckz3vxvyj000v3867zug7yf6g,0,0.4348803438661709,0.6753678748451054,0.028125,0.0354166666666666
23,301,cl2k8llkb00073g6cnsr3ko43,0,0.96959375,0.518625,0.0359375,0.0395833333333333
23,301,cl2vz88mm00043f6c97ce4nes,0,0.7202342582212257,0.1488540109616342,0.0220314835575485,0.0310413552566018
23,302,ckz3vxvyj000v3867zug7yf6g,0,0.4348861524163568,0.6753601301115242,0.028125,0.0354166666666666
23,302,cl2k8llkb00073g6cnsr3ko43,0,0.96946875,0.518875,0.0359375,0.0395833333333333
23,302,cl2vz88mm00043f6c97ce4nes,0,0.7202365937967115,0.148857125062282,0.022026812406577,0.0310475834578973
23,303,ckz3vxvyj000v3867zug7yf6g,0,0.4348919609665428,0.675352385377943,0.028125,0.0354166666666666
23,303,cl2k8llkb00073g6cnsr3ko43,0,0.96934375,0.5191250000000001,0.0359375,0.0395833333333333
23,303,cl2vz88mm00043f6c97ce4nes,0,0.7202389293721974,0.1488602391629297,0.0220221412556053,0.0310538116591928
23,304,ckz3vxvyj000v3867zug7yf6g,0,0.4348977695167286,0.6753446406443618,0.028125,0.0354166666666666
23,304,cl2k8llkb00073g6cnsr3ko43,0,0.96921875,0.519375,0.0359375,0.0395833333333333
23,304,cl2vz88mm00043f6c97ce4nes,0,0.7202412649476831,0.1488633532635775,0.0220174701046337,0.0310600398604883
23,305,ckz3vxvyj000v3867zug7yf6g,0,0.4349035780669145,0.6753368959107806,0.028125,0.0354166666666666
23,305,cl2k8llkb00073g6cnsr3ko43,0,0.96909375,0.519625,0.0359375,0.0395833333333333
23,305,cl2vz88mm00043f6c97ce4nes,0,0.7202436005231689,0.1488664673642252,0.0220127989536622,0.0310662680617837
23,306,ckz3vxvyj000v3867zug7yf6g,0,0.4349093866171004,0.6753291511771995,0.028125,0.0354166666666666
23,306,cl2k8llkb00073g6cnsr3ko43,0,0.96896875,0.5198750000000001,0.0359375,0.0395833333333333
23,306,cl2vz88mm00043f6c97ce4nes,0,0.7202459360986546,0.1488695814648729,0.0220081278026905,0.0310724962630792
23,307,ckz3vxvyj000v3867zug7yf6g,0,0.4349151951672862,0.6753214064436184,0.028125,0.0354166666666666
23,307,cl2k8llkb00073g6cnsr3ko43,0,0.96884375,0.5201250000000001,0.0359375,0.0395833333333333
23,307,cl2vz88mm00043f6c97ce4nes,0,0.7202482716741405,0.1488726955655206,0.0220034566517189,0.0310787244643746
23,308,ckz3vxvyj000v3867zug7yf6g,0,0.4349210037174721,0.6753136617100371,0.028125,0.0354166666666666
23,308,cl2k8llkb00073g6cnsr3ko43,0,0.96871875,0.5203749999999999,0.0359375,0.0395833333333332
23,308,cl2vz88mm00043f6c97ce4nes,0,0.7202506072496263,0.1488758096661684,0.0219987855007473,0.0310849526656701
23,309,ckz3vxvyj000v3867zug7yf6g,0,0.434926812267658,0.6753059169764559,0.028125,0.0354166666666666
23,309,cl2k8llkb00073g6cnsr3ko43,0,0.96859375,0.520625,0.0359375,0.0395833333333332
23,309,cl2vz88mm00043f6c97ce4nes,0,0.7202529428251121,0.1488789237668161,0.0219941143497758,0.0310911808669656
23,30,ckz3vxvyj000v3867zug7yf6g,0,0.4316880841121495,0.6778329439252336,0.0308119158878504,0.0354166666666666
23,30,cl2k8lcht00033g6cw07bj64y,0,0.7535590277777777,0.5619212962962963,0.0296875,0.0395833333333333
23,30,cl2k8llkb00073g6cnsr3ko43,0,0.9487132352941178,0.5255514705882354,0.0261029411764704,0.0381127450980392
23,30,cl2vz88mm00043f6c97ce4nes,0,0.719601317264574,0.1480100896860986,0.023297365470852,0.0293535127055306
23,310,ckz3vxvyj000v3867zug7yf6g,0,0.4349326208178438,0.6752981722428749,0.028125,0.0354166666666666
23,310,cl2k8llkb00073g6cnsr3ko43,0,0.96846875,0.520875,0.0359375,0.0395833333333332
23,310,cl2vz88mm00043f6c97ce4nes,0,0.7202552784005979,0.1488820378674638,0.0219894431988041,0.031097409068261
23,311,ckz3vxvyj000v3867zug7yf6g,0,0.4349384293680297,0.6752904275092937,0.028125,0.0354166666666666
23,311,cl2k8llkb00073g6cnsr3ko43,0,0.96834375,0.521125,0.0359375,0.0395833333333333
23,311,cl2vz88mm00043f6c97ce4nes,0,0.7202576139760837,0.1488851519681116,0.0219847720478325,0.0311036372695565
23,312,ckz3vxvyj000v3867zug7yf6g,0,0.4349442379182155,0.6752826827757126,0.028125,0.0354166666666666
23,312,cl2k8llkb00073g6cnsr3ko43,0,0.96821875,0.521375,0.0359375,0.0395833333333333
23,312,cl2vz88mm00043f6c97ce4nes,0,0.7202599495515696,0.1488882660687593,0.021980100896861,0.031109865470852
23,313,ckz3vxvyj000v3867zug7yf6g,0,0.4349500464684014,0.6752749380421313,0.028125,0.0354166666666666
23,313,cl2k8llkb00073g6cnsr3ko43,0,0.96809375,0.521625,0.0359375,0.0395833333333333
23,313,cl2vz88mm00043f6c97ce4nes,0,0.7202622851270553,0.148891380169407,0.0219754297458893,0.0311160936721474
23,314,ckz3vxvyj000v3867zug7yf6g,0,0.4349558550185873,0.6752671933085501,0.028125,0.0354166666666666
23,314,cl2k8llkb00073g6cnsr3ko43,0,0.96796875,0.521875,0.0359375,0.0395833333333333
23,314,cl2vz88mm00043f6c97ce4nes,0,0.7202646207025412,0.1488944942700548,0.0219707585949177,0.0311223218734429
23,315,ckz3vxvyj000v3867zug7yf6g,0,0.4349616635687732,0.6752594485749691,0.028125,0.0354166666666666
23,315,cl2k8llkb00073g6cnsr3ko43,0,0.96796875,0.52225,0.0356874999999998,0.0398333333333333
23,315,cl2vz88mm00043f6c97ce4nes,0,0.7202669562780268,0.1488976083707025,0.0219660874439461,0.0311285500747384
23,316,ckz3vxvyj000v3867zug7yf6g,0,0.4349674721189591,0.6752517038413879,0.028125,0.0354166666666666
23,316,cl2k8llkb00073g6cnsr3ko43,0,0.96796875,0.522625,0.0354375000000001,0.0400833333333333
23,316,cl2vz88mm00043f6c97ce4nes,0,0.7202692918535127,0.1489007224713502,0.0219614162929746,0.0311347782760338
23,317,ckz3vxvyj000v3867zug7yf6g,0,0.434973280669145,0.6752439591078067,0.028125,0.0354166666666666
23,317,cl2k8llkb00073g6cnsr3ko43,0,0.96796875,0.523,0.0351874999999999,0.0403333333333333
23,317,cl2vz88mm00043f6c97ce4nes,0,0.7202716274289985,0.148903836571998,0.0219567451420029,0.0311410064773293
23,318,ckz3vxvyj000v3867zug7yf6g,0,0.4349790892193308,0.6752362143742255,0.028125,0.0354166666666666
23,318,cl2k8llkb00073g6cnsr3ko43,0,0.96796875,0.5233749999999999,0.0349374999999998,0.0405833333333333
23,318,cl2vz88mm00043f6c97ce4nes,0,0.7202739630044843,0.1489069506726457,0.0219520739910313,0.0311472346786248
23,319,ckz3vxvyj000v3867zug7yf6g,0,0.4349848977695167,0.6752284696406444,0.028125,0.0354166666666666
23,319,cl2k8llkb00073g6cnsr3ko43,0,0.96796875,0.5237499999999999,0.0346875,0.0408333333333333
23,319,cl2vz88mm00043f6c97ce4nes,0,0.7202762985799701,0.1489100647732934,0.0219474028400598,0.0311534628799202
23,31,ckz3vxvyj000v3867zug7yf6g,0,0.4317026869158878,0.6778232087227415,0.0307973130841121,0.0354166666666666
23,31,cl2k8lcht00033g6cw07bj64y,0,0.7558159722222222,0.5609953703703704,0.0296875,0.0395833333333333
23,31,cl2k8llkb00073g6cnsr3ko43,0,0.9486672794117648,0.5259803921568628,0.0259191176470588,0.0383578431372549
23,31,cl2vz88mm00043f6c97ce4nes,0,0.7196036528400598,0.1480132037867463,0.0232926943198804,0.0293597409068261
23,320,ckz3vxvyj000v3867zug7yf6g,0,0.4349907063197026,0.6752207249070632,0.028125,0.0354166666666666
23,320,cl2k8llkb00073g6cnsr3ko43,0,0.96796875,0.524125,0.0344374999999999,0.0410833333333333
23,320,cl2vz88mm00043f6c97ce4nes,0,0.7202786341554559,0.1489131788739412,0.0219427316890882,0.0311596910812157
23,321,ckz3vxvyj000v3867zug7yf6g,0,0.4349965148698884,0.6752129801734821,0.028125,0.0354166666666666
23,321,cl2k8llkb00073g6cnsr3ko43,0,0.96796875,0.5245,0.0341875000000001,0.0413333333333333
23,321,cl2vz88mm00043f6c97ce4nes,0,0.7202809697309418,0.1489162929745889,0.0219380605381165,0.0311659192825112
23,322,ckz3vxvyj000v3867zug7yf6g,0,0.4350023234200743,0.6752052354399009,0.028125,0.0354166666666666
23,322,cl2k8llkb00073g6cnsr3ko43,0,0.96796875,0.524875,0.0339375,0.0415833333333333
23,322,cl2vz88mm00043f6c97ce4nes,0,0.7202833053064275,0.1489194070752366,0.0219333893871449,0.0311721474838066
23,323,ckz3vxvyj000v3867zug7yf6g,0,0.4350081319702602,0.6751974907063196,0.028125,0.0354166666666666
23,323,cl2k8llkb00073g6cnsr3ko43,0,0.96796875,0.52525,0.0336874999999999,0.0418333333333333
23,323,cl2vz88mm00043f6c97ce4nes,0,0.7202856408819133,0.1489225211758844,0.0219287182361734,0.0311783756851021
23,324,ckz3vxvyj000v3867zug7yf6g,0,0.435013940520446,0.6751897459727386,0.028125,0.0354166666666666
23,324,cl2k8llkb00073g6cnsr3ko43,0,0.96796875,0.525625,0.0334375000000001,0.0420833333333333
23,324,cl2vz88mm00043f6c97ce4nes,0,0.7202879764573991,0.1489256352765321,0.0219240470852017,0.0311846038863976
23,325,ckz3vxvyj000v3867zug7yf6g,0,0.4350197490706319,0.6751820012391574,0.028125,0.0354166666666666
23,325,cl2k8llkb00073g6cnsr3ko43,0,0.96796875,0.526,0.0331875,0.0423333333333333
23,325,cl2vz88mm00043f6c97ce4nes,0,0.720290312032885,0.1489287493771799,0.0219193759342301,0.031190832087693
23,326,ckz3vxvyj000v3867zug7yf6g,0,0.4350255576208178,0.6751742565055762,0.028125,0.0354166666666666
23,326,cl2k8llkb00073g6cnsr3ko43,0,0.96796875,0.526375,0.0329374999999998,0.0425833333333333
23,326,cl2vz88mm00043f6c97ce4nes,0,0.7202926476083708,0.1489318634778276,0.0219147047832586,0.0311970602889885
23,327,ckz3vxvyj000v3867zug7yf6g,0,0.4350313661710037,0.675166511771995,0.028125,0.0354166666666666
23,327,cl2k8llkb00073g6cnsr3ko43,0,0.96796875,0.52675,0.0326875000000001,0.0428333333333333
23,327,cl2vz88mm00043f6c97ce4nes,0,0.7202949831838564,0.1489349775784753,0.021910033632287,0.031203288490284
23,328,ckz3vxvyj000v3867zug7yf6g,0,0.4350371747211896,0.6751587670384139,0.028125,0.0354166666666666
23,328,cl2k8llkb00073g6cnsr3ko43,0,0.96796875,0.5271250000000001,0.0324374999999999,0.0430833333333333
23,328,cl2vz88mm00043f6c97ce4nes,0,0.7202973187593423,0.148938091679123,0.0219053624813153,0.0312095166915794
23,329,ckz3vxvyj000v3867zug7yf6g,0,0.4350429832713754,0.6751510223048327,0.028125,0.0354166666666666
23,329,cl2k8llkb00073g6cnsr3ko43,0,0.96796875,0.5275000000000001,0.0321874999999998,0.0433333333333333
23,329,cl2vz88mm00043f6c97ce4nes,0,0.7202996543348281,0.1489412057797708,0.0219006913303437,0.0312157448928749
23,32,ckz3vxvyj000v3867zug7yf6g,0,0.4317172897196261,0.6778134735202492,0.0307827102803738,0.0354166666666666
23,32,cl2k8lcht00033g6cw07bj64y,0,0.7580729166666667,0.5600694444444444,0.0296875,0.0395833333333333
23,32,cl2k8llkb00073g6cnsr3ko43,0,0.9486213235294118,0.5264093137254903,0.0257352941176471,0.0386029411764705
23,32,cl2vz88mm00043f6c97ce4nes,0,0.7196059884155457,0.1480163178873941,0.0232880231689088,0.0293659691081215
23,330,ckz3vxvyj000v3867zug7yf6g,0,0.4350487918215613,0.6751432775712516,0.028125,0.0354166666666666
23,330,cl2k8llkb00073g6cnsr3ko43,0,0.96796875,0.527875,0.0319375,0.0435833333333333
23,330,cl2vz88mm00043f6c97ce4nes,0,0.7203019899103139,0.1489443198804185,0.0218960201793722,0.0312219730941704
23,331,ckz3vxvyj000v3867zug7yf6g,0,0.4350546003717472,0.6751355328376704,0.028125,0.0354166666666666
23,331,cl2k8llkb00073g6cnsr3ko43,0,0.96796875,0.52825,0.0316874999999999,0.0438333333333333
23,331,cl2vz88mm00043f6c97ce4nes,0,0.7203043254857997,0.1489474339810662,0.0218913490284006,0.0312282012954658
23,332,ckz3vxvyj000v3867zug7yf6g,0,0.4350604089219331,0.6751277881040891,0.028125,0.0354166666666666
23,332,cl2k8llkb00073g6cnsr3ko43,0,0.96796875,0.528625,0.0314374999999998,0.0440833333333333
23,332,cl2vz88mm00043f6c97ce4nes,0,0.7203066610612855,0.148950548081714,0.0218866778774289,0.0312344294967613
23,333,ckz3vxvyj000v3867zug7yf6g,0,0.4350662174721189,0.6751200433705081,0.028125,0.0354166666666666
23,333,cl2k8llkb00073g6cnsr3ko43,0,0.96796875,0.529,0.0311875,0.0443333333333333
23,333,cl2vz88mm00043f6c97ce4nes,0,0.7203089966367713,0.1489536621823617,0.0218820067264574,0.0312406576980568
23,334,ckz3vxvyj000v3867zug7yf6g,0,0.4350720260223048,0.6751122986369269,0.028125,0.0354166666666666
23,334,cl2k8llkb00073g6cnsr3ko43,0,0.96796875,0.529375,0.0309374999999999,0.0445833333333333
23,334,cl2vz88mm00043f6c97ce4nes,0,0.7203113322122571,0.1489567762830094,0.0218773355754858,0.0312468858993522
23,335,ckz3vxvyj000v3867zug7yf6g,0,0.4350778345724907,0.6751045539033457,0.028125,0.0354166666666666
23,335,cl2k8llkb00073g6cnsr3ko43,0,0.96796875,0.52975,0.0306875000000001,0.0448333333333333
23,335,cl2vz88mm00043f6c97ce4nes,0,0.720313667787743,0.1489598903836572,0.0218726644245141,0.0312531141006477
23,336,ckz3vxvyj000v3867zug7yf6g,0,0.4350836431226765,0.6750968091697646,0.028125,0.0354166666666666
23,336,cl2k8llkb00073g6cnsr3ko43,0,0.96796875,0.530125,0.0304375,0.0450833333333333
23,336,cl2vz88mm00043f6c97ce4nes,0,0.7203160033632287,0.1489630044843049,0.0218679932735425,0.0312593423019431
23,337,ckz3vxvyj000v3867zug7yf6g,0,0.4350894516728624,0.6750890644361834,0.028125,0.0354166666666666
23,337,cl2k8llkb00073g6cnsr3ko43,0,0.96796875,0.5305,0.0301874999999999,0.0453333333333333
23,337,cl2vz88mm00043f6c97ce4nes,0,0.7203183389387144,0.1489661185849526,0.021863322122571,0.0312655705032386
23,338,ckz3vxvyj000v3867zug7yf6g,0,0.4350952602230483,0.6750813197026022,0.028125,0.0354166666666666
23,338,cl2k8llkb00073g6cnsr3ko43,0,0.96796875,0.530875,0.0299375000000001,0.0455833333333333
23,338,cl2vz88mm00043f6c97ce4nes,0,0.7203206745142003,0.1489692326856004,0.0218586509715994,0.0312717987045341
23,339,ckz3vxvyj000v3867zug7yf6g,0,0.4351010687732342,0.6750735749690211,0.028125,0.0354166666666666
23,339,cl2k8llkb00073g6cnsr3ko43,0,0.96796875,0.53125,0.0296875,0.0458333333333333
23,339,cl2vz88mm00043f6c97ce4nes,0,0.7203230100896861,0.1489723467862481,0.0218539798206277,0.0312780269058296
23,33,ckz3vxvyj000v3867zug7yf6g,0,0.4317318925233644,0.677803738317757,0.0307681074766355,0.0354166666666666
23,33,cl2k8lcht00033g6cw07bj64y,0,0.7603298611111111,0.5591435185185186,0.0296875,0.0395833333333333
23,33,cl2k8llkb00073g6cnsr3ko43,0,0.9485753676470589,0.5268382352941177,0.0255514705882353,0.0388480392156862
23,33,cl2vz88mm00043f6c97ce4nes,0,0.7196083239910314,0.1480194319880418,0.0232833520179371,0.029372197309417
23,340,ckz3vxvyj000v3867zug7yf6g,0,0.43510687732342,0.6750658302354399,0.028125,0.0354166666666666
23,340,cl2k8llkb00073g6cnsr3ko43,0,0.96828125,0.53125,0.0303124999999999,0.045
23,340,cl2vz88mm00043f6c97ce4nes,0,0.7203253456651719,0.1489754608868958,0.0218493086696562,0.031284255107125
23,341,ckz3vxvyj000v3867zug7yf6g,0,0.4351126858736059,0.6750580855018586,0.028125,0.0354166666666666
23,341,cl2k8llkb00073g6cnsr3ko43,0,0.96859375,0.53125,0.0309374999999999,0.0441666666666667
23,341,cl2vz88mm00043f6c97ce4nes,0,0.7203276812406576,0.1489785749875435,0.0218446375186846,0.0312904833084205
23,342,ckz3vxvyj000v3867zug7yf6g,0,0.4351184944237918,0.6750503407682776,0.028125,0.0354166666666666
23,342,cl2k8llkb00073g6cnsr3ko43,0,0.96890625,0.53125,0.0315625,0.0433333333333333
23,342,cl2vz88mm00043f6c97ce4nes,0,0.7203300168161435,0.1489816890881913,0.0218399663677129,0.0312967115097159
23,343,ckz3vxvyj000v3867zug7yf6g,0,0.4351243029739777,0.6750425960346964,0.028125,0.0354166666666666
23,343,cl2k8llkb00073g6cnsr3ko43,0,0.96921875,0.53125,0.0321875,0.0424999999999999
23,343,cl2vz88mm00043f6c97ce4nes,0,0.7203323523916293,0.148984803188839,0.0218352952167413,0.0313029397110114
23,344,ckz3vxvyj000v3867zug7yf6g,0,0.4351301115241636,0.6750348513011152,0.028125,0.0354166666666666
23,344,cl2k8llkb00073g6cnsr3ko43,0,0.96953125,0.53125,0.0328125,0.0416666666666666
23,344,cl2vz88mm00043f6c97ce4nes,0,0.7203346879671151,0.1489879172894867,0.0218306240657698,0.0313091679123069
23,345,ckz3vxvyj000v3867zug7yf6g,0,0.4351359200743494,0.6750271065675341,0.028125,0.0354166666666666
23,345,cl2k8llkb00073g6cnsr3ko43,0,0.9694957386363636,0.5307765151515151,0.0327414772727273,0.0416666666666666
23,345,cl2vz88mm00043f6c97ce4nes,0,0.7203370235426009,0.1489910313901345,0.0218259529147982,0.0313153961136023
23,346,ckz3vxvyj000v3867zug7yf6g,0,0.4351417286245353,0.675019361833953,0.028125,0.0354166666666666
23,346,cl2k8llkb00073g6cnsr3ko43,0,0.9694602272727272,0.5303030303030304,0.0326704545454544,0.0416666666666667
23,346,cl2vz88mm00043f6c97ce4nes,0,0.7203393591180867,0.1489941454907822,0.0218212817638265,0.0313216243148978
23,347,ckz3vxvyj000v3867zug7yf6g,0,0.4351475371747212,0.6750116171003717,0.028125,0.0354166666666666
23,347,cl2k8llkb00073g6cnsr3ko43,0,0.969424715909091,0.5298295454545454,0.0325994318181818,0.0416666666666666
23,347,cl2vz88mm00043f6c97ce4nes,0,0.7203416946935726,0.14899725959143,0.021816610612855,0.0313278525161933
23,348,ckz3vxvyj000v3867zug7yf6g,0,0.435153345724907,0.6750038723667906,0.028125,0.0354166666666666
23,348,cl2k8llkb00073g6cnsr3ko43,0,0.9693892045454546,0.5293560606060606,0.0325284090909091,0.0416666666666666
23,348,cl2vz88mm00043f6c97ce4nes,0,0.7203440302690582,0.1490003736920777,0.0218119394618834,0.0313340807174888
23,349,ckz3vxvyj000v3867zug7yf6g,0,0.4351591542750929,0.6749961276332094,0.028125,0.0354166666666666
23,349,cl2k8llkb00073g6cnsr3ko43,0,0.9693536931818182,0.5288825757575758,0.0324573863636363,0.0416666666666666
23,349,cl2vz88mm00043f6c97ce4nes,0,0.7203463658445441,0.1490034877927254,0.0218072683109117,0.0313403089187842
23,34,ckz3vxvyj000v3867zug7yf6g,0,0.4317464953271027,0.6777940031152648,0.0307535046728971,0.0354166666666666
23,34,cl2k8lcht00033g6cw07bj64y,0,0.7625868055555556,0.5582175925925926,0.0296875,0.0395833333333333
23,34,cl2k8llkb00073g6cnsr3ko43,0,0.9485294117647058,0.5272671568627452,0.0253676470588233,0.0390931372549019
23,34,cl2vz88mm00043f6c97ce4nes,0,0.7196106595665172,0.1480225460886895,0.0232786808669656,0.0293784255107124
23,350,ckz3vxvyj000v3867zug7yf6g,0,0.4351649628252788,0.6749883828996283,0.028125,0.0354166666666666
23,350,cl2k8llkb00073g6cnsr3ko43,0,0.969318181818182,0.5284090909090909,0.0323863636363636,0.0416666666666666
23,350,cl2vz88mm00043f6c97ce4nes,0,0.7203487014200298,0.1490066018933732,0.0218025971599401,0.0313465371200797
23,351,ckz3vxvyj000v3867zug7yf6g,0,0.4351707713754646,0.6749806381660471,0.028125,0.0354166666666666
23,351,cl2k8llkb00073g6cnsr3ko43,0,0.9692826704545452,0.5279356060606061,0.0323153409090908,0.0416666666666667
23,351,cl2vz88mm00043f6c97ce4nes,0,0.7203510369955157,0.1490097159940209,0.0217979260089686,0.0313527653213751
23,352,ckz3vxvyj000v3867zug7yf6g,0,0.4351765799256505,0.6749728934324659,0.028125,0.0354166666666666
23,352,cl2k8llkb00073g6cnsr3ko43,0,0.969247159090909,0.5274621212121212,0.0322443181818181,0.0416666666666666
23,352,cl2vz88mm00043f6c97ce4nes,0,0.7203533725710015,0.1490128300946686,0.021793254857997,0.0313589935226706
23,353,ckz3vxvyj000v3867zug7yf6g,0,0.4351823884758364,0.6749651486988848,0.028125,0.0354166666666666
23,353,cl2k8llkb00073g6cnsr3ko43,0,0.9692116477272726,0.5269886363636364,0.0321732954545455,0.0416666666666666
23,353,cl2vz88mm00043f6c97ce4nes,0,0.7203557081464873,0.1490159441953164,0.0217885837070253,0.0313652217239661
23,354,ckz3vxvyj000v3867zug7yf6g,0,0.4351881970260223,0.6749574039653036,0.028125,0.0354166666666666
23,354,cl2k8llkb00073g6cnsr3ko43,0,0.9691761363636364,0.5265151515151516,0.0321022727272726,0.0416666666666667
23,354,cl2vz88mm00043f6c97ce4nes,0,0.7203580437219731,0.1490190582959641,0.0217839125560538,0.0313714499252615
23,355,ckz3vxvyj000v3867zug7yf6g,0,0.4351940055762082,0.6749496592317225,0.028125,0.0354166666666666
23,355,cl2k8llkb00073g6cnsr3ko43,0,0.969140625,0.5260416666666666,0.03203125,0.0416666666666666
23,355,cl2vz88mm00043f6c97ce4nes,0,0.7203603792974589,0.1490221723966118,0.0217792414050822,0.031377678126557
23,356,ckz3vxvyj000v3867zug7yf6g,0,0.435199814126394,0.6749419144981413,0.028125,0.0354166666666666
23,356,cl2k8llkb00073g6cnsr3ko43,0,0.9691051136363636,0.5255681818181818,0.0319602272727273,0.0416666666666666
23,356,cl2vz88mm00043f6c97ce4nes,0,0.7203627148729448,0.1490252864972596,0.0217745702541106,0.0313839063278525
23,357,ckz3vxvyj000v3867zug7yf6g,0,0.4352056226765799,0.6749341697645601,0.028125,0.0354166666666666
23,357,cl2k8llkb00073g6cnsr3ko43,0,0.9690696022727272,0.525094696969697,0.0318892045454545,0.0416666666666667
23,357,cl2vz88mm00043f6c97ce4nes,0,0.7203650504484305,0.1490284005979073,0.0217698991031389,0.0313901345291479
23,358,ckz3vxvyj000v3867zug7yf6g,0,0.4352114312267658,0.6749264250309789,0.028125,0.0354166666666666
23,358,cl2k8llkb00073g6cnsr3ko43,0,0.969034090909091,0.5246212121212122,0.0318181818181818,0.0416666666666666
23,358,cl2vz88mm00043f6c97ce4nes,0,0.7203673860239163,0.149031514698555,0.0217652279521674,0.0313963627304434
23,359,ckz3vxvyj000v3867zug7yf6g,0,0.4352172397769516,0.6749186802973978,0.028125,0.0354166666666666
23,359,cl2k8llkb00073g6cnsr3ko43,0,0.9689985795454548,0.5241477272727272,0.0317471590909091,0.0416666666666666
23,359,cl2vz88mm00043f6c97ce4nes,0,0.720369721599402,0.1490346287992028,0.0217605568011958,0.0314025909317389
23,35,ckz3vxvyj000v3867zug7yf6g,0,0.431761098130841,0.6777842679127726,0.0307389018691588,0.0354166666666666
23,35,cl2k8lcht00033g6cw07bj64y,0,0.76484375,0.5572916666666666,0.0296875,0.0395833333333333
23,35,cl2k8llkb00073g6cnsr3ko43,0,0.9484834558823528,0.5276960784313726,0.0251838235294117,0.0393382352941176
23,35,cl2vz88mm00043f6c97ce4nes,0,0.7196129951420029,0.1480256601893373,0.023274009715994,0.0293846537120079
23,360,ckz3vxvyj000v3867zug7yf6g,0,0.4352230483271375,0.6749109355638166,0.028125,0.0354166666666666
23,360,cl2k8llkb00073g6cnsr3ko43,0,0.9689630681818182,0.5236742424242424,0.0316761363636363,0.0416666666666666
23,360,cl2vz88mm00043f6c97ce4nes,0,0.720372057174888,0.1490377428998505,0.0217558856502241,0.0314088191330343
23,361,ckz3vxvyj000v3867zug7yf6g,0,0.4352288568773234,0.6749031908302354,0.028125,0.0354166666666666
23,361,cl2k8llkb00073g6cnsr3ko43,0,0.968927556818182,0.5232007575757576,0.0316051136363636,0.0416666666666666
23,361,cl2vz88mm00043f6c97ce4nes,0,0.7203743927503737,0.1490408570004982,0.0217512144992526,0.0314150473343298
23,362,ckz3vxvyj000v3867zug7yf6g,0,0.4352346654275092,0.6748954460966543,0.028125,0.0354166666666666
23,362,cl2k8llkb00073g6cnsr3ko43,0,0.9688920454545452,0.5227272727272728,0.0315340909090908,0.0416666666666667
23,362,cl2vz88mm00043f6c97ce4nes,0,0.7203767283258594,0.1490439711011459,0.021746543348281,0.0314212755356253
23,363,ckz3vxvyj000v3867zug7yf6g,0,0.4352404739776951,0.6748877013630731,0.028125,0.0354166666666666
23,363,cl2k8llkb00073g6cnsr3ko43,0,0.968856534090909,0.5222537878787878,0.0314630681818181,0.0416666666666666
23,363,cl2vz88mm00043f6c97ce4nes,0,0.7203790639013453,0.1490470852017937,0.0217418721973094,0.0314275037369207
23,364,ckz3vxvyj000v3867zug7yf6g,0,0.435246282527881,0.674879956629492,0.028125,0.0354166666666666
23,364,cl2k8llkb00073g6cnsr3ko43,0,0.9688210227272728,0.521780303030303,0.0313920454545455,0.0416666666666666
23,364,cl2vz88mm00043f6c97ce4nes,0,0.7203813994768311,0.1490501993024414,0.0217372010463377,0.0314337319382162
23,365,ckz3vxvyj000v3867zug7yf6g,0,0.4352520910780669,0.6748722118959108,0.028125,0.0354166666666666
23,365,cl2k8llkb00073g6cnsr3ko43,0,0.9687855113636364,0.5213068181818182,0.0313210227272726,0.0416666666666667
23,365,cl2vz88mm00043f6c97ce4nes,0,0.7203837350523169,0.1490533134030891,0.0217325298953662,0.0314399601395117
23,366,ckz3vxvyj000v3867zug7yf6g,0,0.4352578996282528,0.6748644671623296,0.028125,0.0354166666666666
23,366,cl2k8llkb00073g6cnsr3ko43,0,0.96875,0.5208333333333334,0.03125,0.0416666666666666
23,366,cl2vz88mm00043f6c97ce4nes,0,0.7203860706278027,0.1490564275037369,0.0217278587443946,0.0314461883408071
23,367,ckz3vxvyj000v3867zug7yf6g,0,0.4352637081784387,0.6748567224287484,0.028125,0.0354166666666666
23,367,cl2k8llkb00073g6cnsr3ko43,0,0.9689453125,0.520703125,0.03134765625,0.0415364583333333
23,367,cl2vz88mm00043f6c97ce4nes,0,0.7203884062032885,0.1490595416043846,0.021723187593423,0.0314524165421026
23,368,ckz3vxvyj000v3867zug7yf6g,0,0.4352695167286245,0.6748489776951673,0.028125,0.0354166666666666
23,368,cl2k8llkb00073g6cnsr3ko43,0,0.969140625,0.5205729166666667,0.0314453125,0.04140625
23,368,cl2vz88mm00043f6c97ce4nes,0,0.7203907417787743,0.1490626557050323,0.0217185164424514,0.0314586447433981
23,369,ckz3vxvyj000v3867zug7yf6g,0,0.4352753252788104,0.6748412329615862,0.028125,0.0354166666666666
23,369,cl2k8llkb00073g6cnsr3ko43,0,0.9693359375,0.5204427083333333,0.03154296875,0.0412760416666666
23,369,cl2vz88mm00043f6c97ce4nes,0,0.7203930773542601,0.1490657698056801,0.0217138452914798,0.0314648729446935
23,36,ckz3vxvyj000v3867zug7yf6g,0,0.4317757009345794,0.6777745327102804,0.0307242990654205,0.0354166666666666
23,36,cl2k8lcht00033g6cw07bj64y,0,0.7661458333333333,0.5551215277777779,0.0296875,0.0394097222222222
23,36,cl2k8llkb00073g6cnsr3ko43,0,0.9484375,0.528125,0.025,0.0395833333333333
23,36,cl2vz88mm00043f6c97ce4nes,0,0.7196153307174888,0.148028774289985,0.0232693385650224,0.0293908819133034
23,370,ckz3vxvyj000v3867zug7yf6g,0,0.4352811338289963,0.6748334882280049,0.028125,0.0354166666666666
23,370,cl2k8llkb00073g6cnsr3ko43,0,0.96953125,0.5203125,0.031640625,0.0411458333333333
23,370,cl2vz88mm00043f6c97ce4nes,0,0.720395412929746,0.1490688839063278,0.0217091741405082,0.031471101145989
23,371,ckz3vxvyj000v3867zug7yf6g,0,0.4352869423791821,0.6748257434944238,0.028125,0.0354166666666666
23,371,cl2k8llkb00073g6cnsr3ko43,0,0.9697265625,0.5201822916666666,0.03173828125,0.041015625
23,371,cl2vz88mm00043f6c97ce4nes,0,0.7203977485052316,0.1490719980069756,0.0217045029895365,0.0314773293472845
23,372,ckz3vxvyj000v3867zug7yf6g,0,0.435292750929368,0.6748179987608426,0.028125,0.0354166666666666
23,372,cl2k8llkb00073g6cnsr3ko43,0,0.969921875,0.5200520833333333,0.0318359375,0.0408854166666666
23,372,cl2vz88mm00043f6c97ce4nes,0,0.7204000840807174,0.1490751121076233,0.021699831838565,0.0314835575485799
23,373,ckz3vxvyj000v3867zug7yf6g,0,0.4352985594795539,0.6748102540272615,0.028125,0.0354166666666666
23,373,cl2k8llkb00073g6cnsr3ko43,0,0.9701171875,0.519921875,0.03193359375,0.0407552083333333
23,373,cl2vz88mm00043f6c97ce4nes,0,0.7204024196562033,0.149078226208271,0.0216951606875934,0.0314897857498754
23,374,ckz3vxvyj000v3867zug7yf6g,0,0.4353043680297397,0.6748025092936804,0.028125,0.0354166666666666
23,374,cl2k8llkb00073g6cnsr3ko43,0,0.9703125,0.5197916666666667,0.03203125,0.040625
23,374,cl2vz88mm00043f6c97ce4nes,0,0.7204047552316891,0.1490813403089187,0.0216904895366218,0.0314960139511708
23,375,ckz3vxvyj000v3867zug7yf6g,0,0.4353101765799256,0.6747947645600991,0.028125,0.0354166666666666
23,375,cl2k8llkb00073g6cnsr3ko43,0,0.9705078125,0.5196614583333333,0.03212890625,0.0404947916666666
23,375,cl2vz88mm00043f6c97ce4nes,0,0.7204070908071749,0.1490844544095665,0.0216858183856502,0.0315022421524663
23,376,ckz3vxvyj000v3867zug7yf6g,0,0.4353159851301115,0.6747870198265179,0.028125,0.0354166666666666
23,376,cl2k8llkb00073g6cnsr3ko43,0,0.970703125,0.51953125,0.0322265625,0.0403645833333333
23,376,cl2vz88mm00043f6c97ce4nes,0,0.7204094263826606,0.1490875685102142,0.0216811472346786,0.0315084703537618
23,377,ckz3vxvyj000v3867zug7yf6g,0,0.4353217936802974,0.6747792750929368,0.028125,0.0354166666666666
23,377,cl2k8llkb00073g6cnsr3ko43,0,0.9708984375,0.5194010416666667,0.03232421875,0.040234375
23,377,cl2vz88mm00043f6c97ce4nes,0,0.7204117619581465,0.1490906826108619,0.021676476083707,0.0315146985550573
23,378,ckz3vxvyj000v3867zug7yf6g,0,0.4353276022304833,0.6747715303593557,0.028125,0.0354166666666666
23,378,cl2k8llkb00073g6cnsr3ko43,0,0.97109375,0.5192708333333333,0.032421875,0.0401041666666666
23,378,cl2vz88mm00043f6c97ce4nes,0,0.7204140975336323,0.1490937967115097,0.0216718049327353,0.0315209267563527
23,379,ckz3vxvyj000v3867zug7yf6g,0,0.4353334107806691,0.6747637856257744,0.028125,0.0354166666666666
23,379,cl2k8llkb00073g6cnsr3ko43,0,0.9712890625,0.519140625,0.03251953125,0.0399739583333333
23,379,cl2vz88mm00043f6c97ce4nes,0,0.7204164331091181,0.1490969108121574,0.0216671337817638,0.0315271549576482
23,37,ckz3vxvyj000v3867zug7yf6g,0,0.4317903037383176,0.6777647975077882,0.0307096962616822,0.0354166666666666
23,37,cl2k8lcht00033g6cw07bj64y,0,0.7674479166666667,0.5529513888888888,0.0296875,0.039236111111111
23,37,cl2k8llkb00073g6cnsr3ko43,0,0.94828125,0.5282638888888889,0.0248958333333334,0.0398611111111111
23,37,cl2vz88mm00043f6c97ce4nes,0,0.7196176662929746,0.1480318883906327,0.0232646674140508,0.0293971101145989
23,380,ckz3vxvyj000v3867zug7yf6g,0,0.435339219330855,0.6747560408921933,0.028125,0.0354166666666666
23,380,cl2k8llkb00073g6cnsr3ko43,0,0.971484375,0.5190104166666667,0.0326171875,0.03984375
23,380,cl2vz88mm00043f6c97ce4nes,0,0.7204187686846039,0.1491000249128052,0.0216624626307922,0.0315333831589436
23,381,ckz3vxvyj000v3867zug7yf6g,0,0.4353450278810409,0.6747482961586121,0.028125,0.0354166666666666
23,381,cl2k8llkb00073g6cnsr3ko43,0,0.9716796875,0.5188802083333334,0.03271484375,0.0397135416666666
23,381,cl2vz88mm00043f6c97ce4nes,0,0.7204211042600897,0.1491031390134529,0.0216577914798206,0.0315396113602391
23,382,ckz3vxvyj000v3867zug7yf6g,0,0.4353508364312268,0.674740551425031,0.028125,0.0354166666666666
23,382,cl2k8llkb00073g6cnsr3ko43,0,0.971875,0.51875,0.0328125,0.0395833333333333
23,382,cl2vz88mm00043f6c97ce4nes,0,0.7204234398355756,0.1491062531141006,0.0216531203288489,0.0315458395615346
23,383,ckz3vxvyj000v3867zug7yf6g,0,0.4353566449814126,0.6747328066914499,0.028125,0.0354166666666666
23,383,cl2k8llkb00073g6cnsr3ko43,0,0.9720703125,0.5186197916666667,0.03291015625,0.039453125
23,383,cl2vz88mm00043f6c97ce4nes,0,0.7204257754110612,0.1491093672147483,0.0216484491778774,0.0315520677628301
23,384,ckz3vxvyj000v3867zug7yf6g,0,0.4353624535315985,0.6747250619578686,0.028125,0.0354166666666666
23,384,cl2k8llkb00073g6cnsr3ko43,0,0.972265625,0.5184895833333333,0.0330078125,0.0393229166666666
23,384,cl2vz88mm00043f6c97ce4nes,0,0.7204281109865471,0.1491124813153961,0.0216437780269058,0.0315582959641255
23,385,ckz3vxvyj000v3867zug7yf6g,0,0.4353682620817844,0.6747173172242874,0.028125,0.0354166666666666
23,385,cl2k8llkb00073g6cnsr3ko43,0,0.9724609375,0.518359375,0.03310546875,0.0391927083333333
23,385,cl2vz88mm00043f6c97ce4nes,0,0.7204304465620328,0.1491155954160438,0.0216391068759342,0.031564524165421
23,386,ckz3vxvyj000v3867zug7yf6g,0,0.4353740706319702,0.6747095724907063,0.028125,0.0354166666666666
23,386,cl2k8llkb00073g6cnsr3ko43,0,0.97265625,0.5182291666666666,0.033203125,0.0390625
23,386,cl2vz88mm00043f6c97ce4nes,0,0.7204327821375187,0.1491187095166916,0.0216344357249626,0.0315707523667165
23,387,ckz3vxvyj000v3867zug7yf6g,0,0.4353798791821561,0.6747018277571252,0.028125,0.0354166666666666
23,387,cl2k8llkb00073g6cnsr3ko43,0,0.9728515625,0.5180989583333333,0.03330078125,0.0389322916666666
23,387,cl2vz88mm00043f6c97ce4nes,0,0.7204351177130045,0.1491218236173393,0.021629764573991,0.0315769805680119
23,388,ckz3vxvyj000v3867zug7yf6g,0,0.435385687732342,0.6746940830235441,0.028125,0.0354166666666666
23,388,cl2k8llkb00073g6cnsr3ko43,0,0.973046875,0.51796875,0.0333984375,0.0388020833333333
23,388,cl2vz88mm00043f6c97ce4nes,0,0.7204374532884903,0.149124937717987,0.0216250934230194,0.0315832087693074
23,389,ckz3vxvyj000v3867zug7yf6g,0,0.4353914962825279,0.6746863382899628,0.028125,0.0354166666666666
23,389,cl2k8llkb00073g6cnsr3ko43,0,0.9732421875,0.5178385416666667,0.03349609375,0.038671875
23,389,cl2vz88mm00043f6c97ce4nes,0,0.7204397888639761,0.1491280518186347,0.0216204222720477,0.0315894369706028
23,38,ckz3vxvyj000v3867zug7yf6g,0,0.431804906542056,0.677755062305296,0.0306950934579439,0.0354166666666666
23,38,cl2k8lcht00033g6cw07bj64y,0,0.76875,0.55078125,0.0296875,0.0390625
23,38,cl2k8llkb00073g6cnsr3ko43,0,0.948125,0.5284027777777778,0.0247916666666666,0.0401388888888888
23,38,cl2vz88mm00043f6c97ce4nes,0,0.7196200018684603,0.1480350024912805,0.0232599962630792,0.0294033383158943
23,390,ckz3vxvyj000v3867zug7yf6g,0,0.4353973048327137,0.6746785935563816,0.028125,0.0354166666666666
23,390,cl2k8llkb00073g6cnsr3ko43,0,0.9734375,0.5177083333333333,0.03359375,0.0385416666666666
23,390,cl2vz88mm00043f6c97ce4nes,0,0.7204421244394619,0.1491311659192825,0.0216157511210762,0.0315956651718983
23,391,ckz3vxvyj000v3867zug7yf6g,0,0.4354031133828996,0.6746708488228006,0.028125,0.0354166666666666
23,391,cl2k8llkb00073g6cnsr3ko43,0,0.9736328125,0.517578125,0.03369140625,0.0384114583333333
23,391,cl2vz88mm00043f6c97ce4nes,0,0.7204444600149478,0.1491342800199302,0.0216110799701046,0.0316018933731938
23,392,ckz3vxvyj000v3867zug7yf6g,0,0.4354089219330855,0.6746631040892194,0.028125,0.0354166666666666
23,392,cl2k8llkb00073g6cnsr3ko43,0,0.973828125,0.5174479166666667,0.0337890625,0.03828125
23,392,cl2vz88mm00043f6c97ce4nes,0,0.7204467955904335,0.149137394120578,0.021606408819133,0.0316081215744893
23,393,ckz3vxvyj000v3867zug7yf6g,0,0.4354147304832714,0.6746553593556381,0.028125,0.0354166666666666
23,393,cl2k8llkb00073g6cnsr3ko43,0,0.9740234375,0.5173177083333333,0.03388671875,0.0381510416666666
23,393,cl2vz88mm00043f6c97ce4nes,0,0.7204491311659192,0.1491405082212257,0.0216017376681614,0.0316143497757847
23,394,ckz3vxvyj000v3867zug7yf6g,0,0.4354205390334572,0.674647614622057,0.028125,0.0354166666666666
23,394,cl2k8llkb00073g6cnsr3ko43,0,0.97421875,0.5171875,0.033984375,0.0380208333333333
23,394,cl2vz88mm00043f6c97ce4nes,0,0.720451466741405,0.1491436223218734,0.0215970665171898,0.0316205779770802
23,395,ckz3vxvyj000v3867zug7yf6g,0,0.4354263475836431,0.6746398698884758,0.028125,0.0354166666666666
23,395,cl2k8llkb00073g6cnsr3ko43,0,0.9744140625,0.5170572916666667,0.03408203125,0.037890625
23,395,cl2vz88mm00043f6c97ce4nes,0,0.7204538023168909,0.1491467364225212,0.0215923953662182,0.0316268061783756
23,396,ckz3vxvyj000v3867zug7yf6g,0,0.435432156133829,0.6746321251548947,0.028125,0.0354166666666666
23,396,cl2k8llkb00073g6cnsr3ko43,0,0.974609375,0.5169270833333334,0.0341796875,0.0377604166666666
23,396,cl2vz88mm00043f6c97ce4nes,0,0.7204561378923767,0.1491498505231689,0.0215877242152465,0.0316330343796711
23,397,ckz3vxvyj000v3867zug7yf6g,0,0.4354379646840148,0.6746243804213136,0.028125,0.0354166666666666
23,397,cl2k8llkb00073g6cnsr3ko43,0,0.9748046875,0.516796875,0.03427734375,0.0376302083333333
23,397,cl2vz88mm00043f6c97ce4nes,0,0.7204584734678624,0.1491529646238166,0.021583053064275,0.0316392625809666
23,398,ckz3vxvyj000v3867zug7yf6g,0,0.4354437732342007,0.6746166356877323,0.028125,0.0354166666666666
23,398,cl2k8llkb00073g6cnsr3ko43,0,0.975,0.5166666666666667,0.034375,0.0375
23,398,cl2vz88mm00043f6c97ce4nes,0,0.7204608090433483,0.1491560787244643,0.0215783819133034,0.031645490782262
23,399,ckz3vxvyj000v3867zug7yf6g,0,0.4354495817843866,0.6746088909541511,0.028125,0.0354166666666666
23,399,cl2k8llkb00073g6cnsr3ko43,0,0.9748883928571428,0.513095238095238,0.0337053571428571,0.0392857142857142
23,399,cl2vz88mm00043f6c97ce4nes,0,0.7204631446188341,0.1491591928251121,0.0215737107623318,0.0316517189835575
23,39,ckz3vxvyj000v3867zug7yf6g,0,0.4318195093457945,0.6777453271028037,0.0306804906542056,0.0354166666666666
23,39,cl2k8lcht00033g6cw07bj64y,0,0.7700520833333333,0.5486111111111112,0.0296875,0.0388888888888889
23,39,cl2k8llkb00073g6cnsr3ko43,0,0.94796875,0.5285416666666667,0.0246875000000001,0.0404166666666666
23,39,cl2vz88mm00043f6c97ce4nes,0,0.7196223374439462,0.1480381165919282,0.0232553251121076,0.0294095665171898
23,3,ckz3vxvyj000v3867zug7yf6g,0,0.4312938084112149,0.6780957943925234,0.0312061915887849,0.0354166666666666
23,3,cl2k8lcht00033g6cw07bj64y,0,0.71484375,0.5947916666666667,0.0296875,0.0395833333333333
23,3,cl2k8llkb00073g6cnsr3ko43,0,0.9499540441176472,0.5139705882352941,0.0310661764705882,0.0314950980392156
23,3,cl2vz88mm00043f6c97ce4nes,0,0.7195382567264573,0.1479260089686098,0.0234234865470852,0.029185351270553
23,400,ckz3vxvyj000v3867zug7yf6g,0,0.4354553903345725,0.6746011462205701,0.028125,0.0354166666666666
23,400,cl2k8llkb00073g6cnsr3ko43,0,0.9747767857142856,0.5095238095238095,0.0330357142857142,0.0410714285714285
23,400,cl2vz88mm00043f6c97ce4nes,0,0.7204654801943199,0.1491623069257598,0.0215690396113602,0.031657947184853
23,401,ckz3vxvyj000v3867zug7yf6g,0,0.4354611988847583,0.6745934014869889,0.028125,0.0354166666666666
23,401,cl2k8llkb00073g6cnsr3ko43,0,0.9746651785714284,0.5059523809523809,0.0323660714285713,0.0428571428571428
23,401,cl2vz88mm00043f6c97ce4nes,0,0.7204678157698057,0.1491654210264075,0.0215643684603886,0.0316641753861484
23,402,ckz3vxvyj000v3867zug7yf6g,0,0.4354670074349442,0.6745856567534076,0.028125,0.0354166666666666
23,402,cl2k8llkb00073g6cnsr3ko43,0,0.9745535714285716,0.5023809523809524,0.0316964285714286,0.0446428571428571
23,402,cl2vz88mm00043f6c97ce4nes,0,0.7204701513452915,0.1491685351270553,0.021559697309417,0.0316704035874439
23,403,ckz3vxvyj000v3867zug7yf6g,0,0.4354728159851301,0.6745779120198265,0.028125,0.0354166666666666
23,403,cl2k8llkb00073g6cnsr3ko43,0,0.9744419642857144,0.4988095238095238,0.0310267857142857,0.0464285714285714
23,403,cl2vz88mm00043f6c97ce4nes,0,0.7204724869207773,0.149171649227703,0.0215550261584454,0.0316766317887394
23,404,ckz3vxvyj000v3867zug7yf6g,0,0.435478624535316,0.6745701672862453,0.028125,0.0354166666666666
23,404,cl2k8llkb00073g6cnsr3ko43,0,0.9743303571428572,0.4952380952380952,0.0303571428571428,0.0482142857142857
23,404,cl2vz88mm00043f6c97ce4nes,0,0.720474822496263,0.1491747633283507,0.0215503550074738,0.0316828599900348
23,405,ckz3vxvyj000v3867zug7yf6g,0,0.4354844330855019,0.6745624225526642,0.028125,0.0354166666666666
23,405,cl2k8llkb00073g6cnsr3ko43,0,0.97421875,0.4916666666666666,0.0296875,0.05
23,405,cl2vz88mm00043f6c97ce4nes,0,0.720477158071749,0.1491778774289985,0.0215456838565022,0.0316890881913303
23,406,ckz3vxvyj000v3867zug7yf6g,0,0.4354902416356877,0.6745546778190831,0.028125,0.0354166666666666
23,406,cl2k8llkb00073g6cnsr3ko43,0,0.9744791666666668,0.4902777777777777,0.0302083333333333,0.0472222222222222
23,406,cl2vz88mm00043f6c97ce4nes,0,0.7204794936472346,0.1491809915296462,0.0215410127055306,0.0316953163926258
23,407,ckz3vxvyj000v3867zug7yf6g,0,0.4354960501858736,0.6745469330855018,0.028125,0.0354166666666666
23,407,cl2k8llkb00073g6cnsr3ko43,0,0.9747395833333332,0.4888888888888889,0.0307291666666666,0.0444444444444444
23,407,cl2vz88mm00043f6c97ce4nes,0,0.7204818292227204,0.1491841056302939,0.021536341554559,0.0317015445939212
23,408,ckz3vxvyj000v3867zug7yf6g,0,0.4355018587360595,0.6745391883519206,0.028125,0.0354166666666666
23,408,cl2k8llkb00073g6cnsr3ko43,0,0.975,0.4875,0.03125,0.0416666666666666
23,408,cl2vz88mm00043f6c97ce4nes,0,0.7204841647982063,0.1491872197309417,0.0215316704035874,0.0317077727952167
23,409,ckz3vxvyj000v3867zug7yf6g,0,0.4355076672862453,0.6745314436183396,0.028125,0.0354166666666666
23,409,cl2k8llkb00073g6cnsr3ko43,0,0.97515625,0.4904166666666666,0.0309374999999999,0.0416666666666666
23,409,cl2vz88mm00043f6c97ce4nes,0,0.7204865003736921,0.1491903338315894,0.0215269992526158,0.0317140009965122
23,40,ckz3vxvyj000v3867zug7yf6g,0,0.4318341121495327,0.6777355919003115,0.0306658878504673,0.0354166666666666
23,40,cl2k8lcht00033g6cw07bj64y,0,0.7713541666666667,0.5464409722222221,0.0296875,0.0387152777777777
23,40,cl2k8llkb00073g6cnsr3ko43,0,0.9478125,0.5286805555555556,0.0245833333333333,0.0406944444444445
23,40,cl2vz88mm00043f6c97ce4nes,0,0.719624673019432,0.148041230692576,0.0232506539611359,0.0294157947184853
23,410,ckz3vxvyj000v3867zug7yf6g,0,0.4355134758364312,0.6745236988847584,0.028125,0.0354166666666666
23,410,cl2k8llkb00073g6cnsr3ko43,0,0.9753125,0.4933333333333333,0.030625,0.0416666666666666
23,410,cl2vz88mm00043f6c97ce4nes,0,0.7204888359491779,0.1491934479322371,0.0215223281016442,0.0317202291978076
23,411,ckz3vxvyj000v3867zug7yf6g,0,0.4355192843866171,0.6745159541511772,0.028125,0.0354166666666666
23,411,cl2k8llkb00073g6cnsr3ko43,0,0.97546875,0.4962499999999999,0.0303124999999999,0.0416666666666666
23,411,cl2vz88mm00043f6c97ce4nes,0,0.7204911715246636,0.1491965620328849,0.0215176569506726,0.0317264573991031
23,412,ckz3vxvyj000v3867zug7yf6g,0,0.4355250929368029,0.674508209417596,0.028125,0.0354166666666666
23,412,cl2k8llkb00073g6cnsr3ko43,0,0.975625,0.4991666666666666,0.03,0.0416666666666666
23,412,cl2vz88mm00043f6c97ce4nes,0,0.7204935071001495,0.1491996761335326,0.021512985799701,0.0317326856003986
23,413,ckz3vxvyj000v3867zug7yf6g,0,0.4355309014869888,0.6745004646840148,0.028125,0.0354166666666666
23,413,cl2k8llkb00073g6cnsr3ko43,0,0.97578125,0.5020833333333333,0.0296875,0.0416666666666666
23,413,cl2vz88mm00043f6c97ce4nes,0,0.7204958426756353,0.1492027902341804,0.0215083146487294,0.031738913801694
23,414,ckz3vxvyj000v3867zug7yf6g,0,0.4355367100371747,0.6744927199504337,0.028125,0.0354166666666666
23,414,cl2k8llkb00073g6cnsr3ko43,0,0.9753348214285712,0.5038690476190476,0.0296875,0.0416666666666666
23,414,cl2vz88mm00043f6c97ce4nes,0,0.7204981782511211,0.1492059043348281,0.0215036434977578,0.0317451420029895
23,415,ckz3vxvyj000v3867zug7yf6g,0,0.4355425185873606,0.6744849752168526,0.028125,0.0354166666666666
23,415,cl2k8llkb00073g6cnsr3ko43,0,0.9748883928571428,0.5056547619047619,0.0296875,0.0416666666666666
23,415,cl2vz88mm00043f6c97ce4nes,0,0.7205005138266068,0.1492090184354758,0.0214989723467862,0.031751370204285
23,416,ckz3vxvyj000v3867zug7yf6g,0,0.4355483271375465,0.6744772304832714,0.028125,0.0354166666666666
23,416,cl2k8llkb00073g6cnsr3ko43,0,0.9744419642857144,0.5074404761904762,0.0296875,0.0416666666666666
23,416,cl2vz88mm00043f6c97ce4nes,0,0.7205028494020926,0.1492121325361236,0.0214943011958146,0.0317575984055804
23,417,ckz3vxvyj000v3867zug7yf6g,0,0.4355541356877324,0.6744694857496901,0.028125,0.0354166666666666
23,417,cl2k8llkb00073g6cnsr3ko43,0,0.9739955357142858,0.5092261904761904,0.0296875,0.0416666666666666
23,417,cl2vz88mm00043f6c97ce4nes,0,0.7205051849775785,0.1492152466367713,0.021489630044843,0.0317638266068759
23,418,ckz3vxvyj000v3867zug7yf6g,0,0.4355599442379182,0.6744617410161091,0.028125,0.0354166666666666
23,418,cl2k8llkb00073g6cnsr3ko43,0,0.9735491071428573,0.5110119047619047,0.0296875,0.0416666666666666
23,418,cl2vz88mm00043f6c97ce4nes,0,0.7205075205530642,0.149218360737419,0.0214849588938714,0.0317700548081714
23,419,ckz3vxvyj000v3867zug7yf6g,0,0.4355657527881041,0.6744539962825279,0.028125,0.0354166666666666
23,419,cl2k8llkb00073g6cnsr3ko43,0,0.9731026785714286,0.5127976190476191,0.0296875,0.0416666666666667
23,419,cl2vz88mm00043f6c97ce4nes,0,0.7205098561285501,0.1492214748380667,0.0214802877428998,0.0317762830094668
23,41,ckz3vxvyj000v3867zug7yf6g,0,0.4318487149532711,0.6777258566978193,0.030651285046729,0.0354166666666666
23,41,cl2k8lcht00033g6cw07bj64y,0,0.77265625,0.5442708333333334,0.0296875,0.0385416666666666
23,41,cl2k8llkb00073g6cnsr3ko43,0,0.94765625,0.5288194444444445,0.0244791666666667,0.0409722222222222
23,41,cl2vz88mm00043f6c97ce4nes,0,0.7196270085949178,0.1480443447932237,0.0232459828101644,0.0294220229197807
23,420,ckz3vxvyj000v3867zug7yf6g,0,0.43557156133829,0.6744462515489467,0.028125,0.0354166666666666
23,420,cl2k8llkb00073g6cnsr3ko43,0,0.97265625,0.5145833333333333,0.0296875,0.0416666666666666
23,420,cl2vz88mm00043f6c97ce4nes,0,0.7205121917040358,0.1492245889387145,0.0214756165919282,0.0317825112107623
23,421,ckz3vxvyj000v3867zug7yf6g,0,0.4355773698884758,0.6744385068153655,0.028125,0.0354166666666666
23,421,cl2k8llkb00073g6cnsr3ko43,0,0.9724158653846152,0.5149038461538461,0.0296875,0.0416666666666666
23,421,cl2vz88mm00043f6c97ce4nes,0,0.7205145272795217,0.1492277030393622,0.0214709454409566,0.0317887394120578
23,422,ckz3vxvyj000v3867zug7yf6g,0,0.4355831784386617,0.6744307620817843,0.028125,0.0354166666666666
23,422,cl2k8llkb00073g6cnsr3ko43,0,0.9721754807692308,0.515224358974359,0.0296875,0.0416666666666666
23,422,cl2vz88mm00043f6c97ce4nes,0,0.7205168628550075,0.1492308171400099,0.021466274289985,0.0317949676133532
23,423,ckz3vxvyj000v3867zug7yf6g,0,0.4355889869888476,0.6744230173482032,0.028125,0.0354166666666666
23,423,cl2k8llkb00073g6cnsr3ko43,0,0.9719350961538462,0.5155448717948717,0.0296875,0.0416666666666666
23,423,cl2vz88mm00043f6c97ce4nes,0,0.7205191984304933,0.1492339312406577,0.0214616031390134,0.0318011958146487
23,424,ckz3vxvyj000v3867zug7yf6g,0,0.4355947955390334,0.6744152726146221,0.028125,0.0354166666666666
23,424,cl2k8llkb00073g6cnsr3ko43,0,0.9716947115384617,0.5158653846153847,0.0296875,0.0416666666666667
23,424,cl2vz88mm00043f6c97ce4nes,0,0.7205215340059791,0.1492370453413054,0.0214569319880418,0.0318074240159441
23,425,ckz3vxvyj000v3867zug7yf6g,0,0.4356006040892193,0.6744075278810409,0.028125,0.0354166666666666
23,425,cl2k8llkb00073g6cnsr3ko43,0,0.971454326923077,0.5161858974358975,0.0296875,0.0416666666666666
23,425,cl2vz88mm00043f6c97ce4nes,0,0.7205238695814649,0.1492401594419531,0.0214522608370702,0.0318136522172396
23,426,ckz3vxvyj000v3867zug7yf6g,0,0.4356064126394051,0.6743997831474597,0.028125,0.0354166666666666
23,426,cl2k8llkb00073g6cnsr3ko43,0,0.9712139423076924,0.5165064102564102,0.0296875,0.0416666666666666
23,426,cl2vz88mm00043f6c97ce4nes,0,0.7205262051569508,0.1492432735426009,0.0214475896860986,0.0318198804185351
23,427,ckz3vxvyj000v3867zug7yf6g,0,0.4356122211895911,0.6743920384138786,0.028125,0.0354166666666666
23,427,cl2k8llkb00073g6cnsr3ko43,0,0.9709735576923076,0.5168269230769231,0.0296875,0.0416666666666667
23,427,cl2vz88mm00043f6c97ce4nes,0,0.7205285407324364,0.1492463876432486,0.021442918535127,0.0318261086198305
23,428,ckz3vxvyj000v3867zug7yf6g,0,0.435618029739777,0.6743842936802974,0.028125,0.0354166666666666
23,428,cl2k8llkb00073g6cnsr3ko43,0,0.970733173076923,0.5171474358974358,0.0296875,0.0416666666666666
23,428,cl2vz88mm00043f6c97ce4nes,0,0.7205308763079222,0.1492495017438963,0.0214382473841554,0.031832336821126
23,429,ckz3vxvyj000v3867zug7yf6g,0,0.4356238382899627,0.6743765489467163,0.028125,0.0354166666666666
23,429,cl2k8llkb00073g6cnsr3ko43,0,0.9704927884615384,0.5174679487179487,0.0296875,0.0416666666666666
23,429,cl2vz88mm00043f6c97ce4nes,0,0.720533211883408,0.149252615844544,0.0214335762331838,0.0318385650224215
23,42,ckz3vxvyj000v3867zug7yf6g,0,0.4318633177570093,0.6777161214953271,0.0306366822429907,0.0354166666666666
23,42,cl2k8lcht00033g6cw07bj64y,0,0.7739583333333333,0.5421006944444445,0.0296875,0.0383680555555555
23,42,cl2k8llkb00073g6cnsr3ko43,0,0.9475,0.5289583333333333,0.024375,0.04125
23,42,cl2vz88mm00043f6c97ce4nes,0,0.7196293441704036,0.1480474588938714,0.0232413116591928,0.0294282511210762
23,430,ckz3vxvyj000v3867zug7yf6g,0,0.4356296468401487,0.674368804213135,0.028125,0.0354166666666666
23,430,cl2k8llkb00073g6cnsr3ko43,0,0.970252403846154,0.5177884615384616,0.0296875,0.0416666666666666
23,430,cl2vz88mm00043f6c97ce4nes,0,0.7205355474588939,0.1492557299451918,0.0214289050822122,0.031844793223717
23,431,ckz3vxvyj000v3867zug7yf6g,0,0.4356354553903346,0.6743610594795538,0.028125,0.0354166666666666
23,431,cl2k8llkb00073g6cnsr3ko43,0,0.9700120192307692,0.5181089743589743,0.0296875,0.0416666666666666
23,431,cl2vz88mm00043f6c97ce4nes,0,0.7205378830343797,0.1492588440458395,0.0214242339312406,0.0318510214250124
23,432,ckz3vxvyj000v3867zug7yf6g,0,0.4356412639405204,0.6743533147459728,0.028125,0.0354166666666666
23,432,cl2k8llkb00073g6cnsr3ko43,0,0.9697716346153846,0.5184294871794872,0.0296875,0.0416666666666667
23,432,cl2vz88mm00043f6c97ce4nes,0,0.7205402186098654,0.1492619581464872,0.021419562780269,0.0318572496263079
23,433,ckz3vxvyj000v3867zug7yf6g,0,0.4356470724907063,0.6743455700123916,0.028125,0.0354166666666666
23,433,cl2k8llkb00073g6cnsr3ko43,0,0.96953125,0.51875,0.0296875,0.0416666666666666
23,433,cl2vz88mm00043f6c97ce4nes,0,0.7205425541853513,0.149265072247135,0.0214148916292974,0.0318634778276033
23,434,ckz3vxvyj000v3867zug7yf6g,0,0.4356528810408922,0.6743378252788104,0.028125,0.0354166666666666
23,434,cl2k8llkb00073g6cnsr3ko43,0,0.9695718344155844,0.51875,0.0297686688311689,0.0416666666666666
23,434,cl2vz88mm00043f6c97ce4nes,0,0.7205448897608371,0.1492681863477827,0.0214102204783258,0.0318697060288988
23,435,ckz3vxvyj000v3867zug7yf6g,0,0.435658689591078,0.6743300805452292,0.028125,0.0354166666666666
23,435,cl2k8llkb00073g6cnsr3ko43,0,0.9696124188311688,0.51875,0.0298498376623376,0.0416666666666666
23,435,cl2vz88mm00043f6c97ce4nes,0,0.7205472253363229,0.1492713004484304,0.0214055493273543,0.0318759342301943
23,436,ckz3vxvyj000v3867zug7yf6g,0,0.4356644981412639,0.6743223358116481,0.028125,0.0354166666666666
23,436,cl2k8llkb00073g6cnsr3ko43,0,0.9696530032467532,0.51875,0.0299310064935065,0.0416666666666666
23,436,cl2vz88mm00043f6c97ce4nes,0,0.7205495609118087,0.1492744145490782,0.0214008781763826,0.0318821624314897
23,437,ckz3vxvyj000v3867zug7yf6g,0,0.4356703066914498,0.6743145910780669,0.028125,0.0354166666666666
23,437,cl2k8llkb00073g6cnsr3ko43,0,0.9696935876623376,0.51875,0.0300121753246752,0.0416666666666666
23,437,cl2vz88mm00043f6c97ce4nes,0,0.7205518964872945,0.1492775286497259,0.021396207025411,0.0318883906327852
23,438,ckz3vxvyj000v3867zug7yf6g,0,0.4356761152416356,0.6743068463444858,0.028125,0.0354166666666666
23,438,cl2k8llkb00073g6cnsr3ko43,0,0.969734172077922,0.51875,0.0300933441558441,0.0416666666666666
23,438,cl2vz88mm00043f6c97ce4nes,0,0.7205542320627802,0.1492806427503737,0.0213915358744394,0.0318946188340807
23,439,ckz3vxvyj000v3867zug7yf6g,0,0.4356819237918216,0.6742991016109046,0.028125,0.0354166666666666
23,439,cl2k8llkb00073g6cnsr3ko43,0,0.9697747564935064,0.51875,0.0301745129870129,0.0416666666666666
23,439,cl2vz88mm00043f6c97ce4nes,0,0.720556567638266,0.1492837568510214,0.0213868647234678,0.0319008470353761
23,43,ckz3vxvyj000v3867zug7yf6g,0,0.4318779205607477,0.6777063862928349,0.0306220794392523,0.0354166666666666
23,43,cl2k8lcht00033g6cw07bj64y,0,0.7752604166666667,0.5399305555555555,0.0296875,0.0381944444444444
23,43,cl2k8llkb00073g6cnsr3ko43,0,0.94734375,0.5290972222222222,0.0242708333333334,0.0415277777777777
23,43,cl2vz88mm00043f6c97ce4nes,0,0.7196316797458894,0.1480505729945192,0.0232366405082212,0.0294344793223716
23,440,ckz3vxvyj000v3867zug7yf6g,0,0.4356877323420074,0.6742913568773233,0.028125,0.0354166666666666
23,440,cl2k8llkb00073g6cnsr3ko43,0,0.969815340909091,0.51875,0.0302556818181818,0.0416666666666666
23,440,cl2vz88mm00043f6c97ce4nes,0,0.7205589032137519,0.1492868709516691,0.0213821935724962,0.0319070752366716
23,441,ckz3vxvyj000v3867zug7yf6g,0,0.4356935408921932,0.6742836121437423,0.028125,0.0354166666666666
23,441,cl2k8llkb00073g6cnsr3ko43,0,0.9698559253246752,0.51875,0.0303368506493505,0.0416666666666666
23,441,cl2vz88mm00043f6c97ce4nes,0,0.7205612387892376,0.1492899850523169,0.0213775224215246,0.0319133034379671
23,442,ckz3vxvyj000v3867zug7yf6g,0,0.4356993494423792,0.6742758674101611,0.028125,0.0354166666666666
23,442,cl2k8llkb00073g6cnsr3ko43,0,0.9698965097402598,0.51875,0.0304180194805194,0.0416666666666666
23,442,cl2vz88mm00043f6c97ce4nes,0,0.7205635743647234,0.1492930991529646,0.0213728512705531,0.0319195316392625
23,443,ckz3vxvyj000v3867zug7yf6g,0,0.4357051579925651,0.6742681226765799,0.028125,0.0354166666666666
23,443,cl2k8llkb00073g6cnsr3ko43,0,0.9699370941558442,0.51875,0.0304991883116883,0.0416666666666666
23,443,cl2vz88mm00043f6c97ce4nes,0,0.7205659099402093,0.1492962132536123,0.0213681801195814,0.031925759840558
23,444,ckz3vxvyj000v3867zug7yf6g,0,0.4357109665427509,0.6742603779429988,0.028125,0.0354166666666666
23,444,cl2k8llkb00073g6cnsr3ko43,0,0.9699776785714284,0.51875,0.0305803571428571,0.0416666666666666
23,444,cl2vz88mm00043f6c97ce4nes,0,0.7205682455156951,0.1492993273542601,0.0213635089686098,0.0319319880418535
23,445,ckz3vxvyj000v3867zug7yf6g,0,0.4357167750929368,0.6742526332094176,0.028125,0.0354166666666666
23,445,cl2k8llkb00073g6cnsr3ko43,0,0.9700182629870132,0.51875,0.030661525974026,0.0416666666666666
23,445,cl2vz88mm00043f6c97ce4nes,0,0.7205705810911809,0.1493024414549078,0.0213588378176382,0.0319382162431489
23,446,ckz3vxvyj000v3867zug7yf6g,0,0.4357225836431227,0.6742448884758364,0.028125,0.0354166666666666
23,446,cl2k8llkb00073g6cnsr3ko43,0,0.9700588474025974,0.51875,0.0307426948051947,0.0416666666666666
23,446,cl2vz88mm00043f6c97ce4nes,0,0.7205729166666666,0.1493055555555555,0.0213541666666666,0.0319444444444444
23,447,ckz3vxvyj000v3867zug7yf6g,0,0.4357283921933085,0.6742371437422553,0.028125,0.0354166666666666
23,447,cl2k8llkb00073g6cnsr3ko43,0,0.9700994318181818,0.51875,0.0308238636363636,0.0416666666666666
23,447,cl2vz88mm00043f6c97ce4nes,0,0.7205752522421525,0.1493086696562033,0.021349495515695,0.0319506726457399
23,448,ckz3vxvyj000v3867zug7yf6g,0,0.4357342007434944,0.6742293990086741,0.028125,0.0354166666666666
23,448,cl2k8llkb00073g6cnsr3ko43,0,0.9701400162337664,0.51875,0.0309050324675324,0.0416666666666666
23,448,cl2vz88mm00043f6c97ce4nes,0,0.7205775878176383,0.149311783756851,0.0213448243647234,0.0319569008470353
23,449,ckz3vxvyj000v3867zug7yf6g,0,0.4357400092936803,0.6742216542750928,0.028125,0.0354166666666666
23,449,cl2k8llkb00073g6cnsr3ko43,0,0.9701806006493504,0.51875,0.0309862012987013,0.0416666666666666
23,449,cl2vz88mm00043f6c97ce4nes,0,0.720579923393124,0.1493148978574987,0.0213401532137519,0.0319631290483308
23,44,ckz3vxvyj000v3867zug7yf6g,0,0.431892523364486,0.6776966510903427,0.0306074766355139,0.0354166666666666
23,44,cl2k8lcht00033g6cw07bj64y,0,0.7765625,0.5377604166666666,0.0296875,0.0380208333333333
23,44,cl2k8llkb00073g6cnsr3ko43,0,0.9471875,0.5292361111111111,0.0241666666666665,0.0418055555555555
23,44,cl2vz88mm00043f6c97ce4nes,0,0.7196340153213752,0.1480536870951669,0.0232319693572495,0.0294407075236671
23,450,ckz3vxvyj000v3867zug7yf6g,0,0.4357458178438661,0.6742139095415118,0.028125,0.0354166666666666
23,450,cl2k8llkb00073g6cnsr3ko43,0,0.970221185064935,0.51875,0.03106737012987,0.0416666666666666
23,450,cl2vz88mm00043f6c97ce4nes,0,0.7205822589686098,0.1493180119581464,0.0213354820627802,0.0319693572496263
23,451,ckz3vxvyj000v3867zug7yf6g,0,0.435751626394052,0.6742061648079306,0.028125,0.0354166666666666
23,451,cl2k8llkb00073g6cnsr3ko43,0,0.9702617694805196,0.51875,0.0311485389610389,0.0416666666666666
23,451,cl2vz88mm00043f6c97ce4nes,0,0.7205845945440956,0.1493211260587942,0.0213308109118086,0.0319755854509217
23,452,ckz3vxvyj000v3867zug7yf6g,0,0.4357574349442379,0.6741984200743494,0.028125,0.0354166666666666
23,452,cl2k8llkb00073g6cnsr3ko43,0,0.970302353896104,0.51875,0.0312297077922078,0.0416666666666666
23,452,cl2vz88mm00043f6c97ce4nes,0,0.7205869301195815,0.1493242401594419,0.021326139760837,0.0319818136522172
23,453,ckz3vxvyj000v3867zug7yf6g,0,0.4357632434944237,0.6741906753407683,0.028125,0.0354166666666666
23,453,cl2k8llkb00073g6cnsr3ko43,0,0.9703429383116884,0.51875,0.0313108766233765,0.0416666666666666
23,453,cl2vz88mm00043f6c97ce4nes,0,0.7205892656950672,0.1493273542600896,0.0213214686098655,0.0319880418535126
23,454,ckz3vxvyj000v3867zug7yf6g,0,0.4357690520446097,0.6741829306071871,0.028125,0.0354166666666666
23,454,cl2k8llkb00073g6cnsr3ko43,0,0.9703835227272728,0.51875,0.0313920454545455,0.0416666666666666
23,454,cl2vz88mm00043f6c97ce4nes,0,0.7205916012705531,0.1493304683607374,0.0213167974588938,0.0319942700548081
23,455,ckz3vxvyj000v3867zug7yf6g,0,0.4357748605947956,0.6741751858736059,0.028125,0.0354166666666666
23,455,cl2k8llkb00073g6cnsr3ko43,0,0.9704241071428572,0.51875,0.0314732142857142,0.0416666666666666
23,455,cl2vz88mm00043f6c97ce4nes,0,0.7205939368460388,0.1493335824613851,0.0213121263079222,0.0320004982561036
23,456,ckz3vxvyj000v3867zug7yf6g,0,0.4357806691449813,0.6741674411400248,0.028125,0.0354166666666666
23,456,cl2k8llkb00073g6cnsr3ko43,0,0.9704646915584416,0.51875,0.0315543831168831,0.0416666666666666
23,456,cl2vz88mm00043f6c97ce4nes,0,0.7205962724215247,0.1493366965620328,0.0213074551569507,0.0320067264573991
23,457,ckz3vxvyj000v3867zug7yf6g,0,0.4357864776951673,0.6741596964064436,0.028125,0.0354166666666666
23,457,cl2k8llkb00073g6cnsr3ko43,0,0.9705052759740258,0.51875,0.0316355519480518,0.0416666666666666
23,457,cl2vz88mm00043f6c97ce4nes,0,0.7205986079970105,0.1493398106626806,0.021302784005979,0.0320129546586945
23,458,ckz3vxvyj000v3867zug7yf6g,0,0.4357922862453532,0.6741519516728623,0.028125,0.0354166666666666
23,458,cl2k8llkb00073g6cnsr3ko43,0,0.9705458603896104,0.51875,0.0317167207792207,0.0416666666666666
23,458,cl2vz88mm00043f6c97ce4nes,0,0.7206009435724963,0.1493429247633283,0.0212981128550074,0.03201918285999
23,459,ckz3vxvyj000v3867zug7yf6g,0,0.435798094795539,0.6741442069392813,0.028125,0.0354166666666666
23,459,cl2k8llkb00073g6cnsr3ko43,0,0.9705864448051948,0.51875,0.0317978896103896,0.0416666666666666
23,459,cl2vz88mm00043f6c97ce4nes,0,0.7206032791479821,0.1493460388639761,0.0212934417040358,0.0320254110612855
23,45,ckz3vxvyj000v3867zug7yf6g,0,0.4319071261682243,0.6776869158878505,0.0305928738317756,0.0354166666666666
23,45,cl2k8lcht00033g6cw07bj64y,0,0.7778645833333333,0.5355902777777779,0.0296875,0.0378472222222222
23,45,cl2k8llkb00073g6cnsr3ko43,0,0.94703125,0.529375,0.0240624999999999,0.0420833333333333
23,45,cl2vz88mm00043f6c97ce4nes,0,0.719636350896861,0.1480568011958146,0.023227298206278,0.0294469357249626
23,460,ckz3vxvyj000v3867zug7yf6g,0,0.4358039033457249,0.6741364622057001,0.028125,0.0354166666666666
23,460,cl2k8llkb00073g6cnsr3ko43,0,0.9706270292207791,0.51875,0.0318790584415584,0.0416666666666666
23,460,cl2vz88mm00043f6c97ce4nes,0,0.7206056147234678,0.1493491529646237,0.0212887705530643,0.0320316392625809
23,461,ckz3vxvyj000v3867zug7yf6g,0,0.4358097118959108,0.6741287174721189,0.028125,0.0354166666666666
23,461,cl2k8llkb00073g6cnsr3ko43,0,0.9706676136363636,0.51875,0.0319602272727273,0.0416666666666666
23,461,cl2vz88mm00043f6c97ce4nes,0,0.7206079502989537,0.1493522670652715,0.0212840994020926,0.0320378674638764
23,462,ckz3vxvyj000v3867zug7yf6g,0,0.4358155204460966,0.6741209727385378,0.028125,0.0354166666666666
23,462,cl2k8llkb00073g6cnsr3ko43,0,0.970708198051948,0.51875,0.032041396103896,0.0416666666666666
23,462,cl2vz88mm00043f6c97ce4nes,0,0.7206102858744394,0.1493553811659193,0.021279428251121,0.0320440956651718
23,463,ckz3vxvyj000v3867zug7yf6g,0,0.4358213289962825,0.6741132280049567,0.028125,0.0354166666666666
23,463,cl2k8llkb00073g6cnsr3ko43,0,0.9707487824675326,0.51875,0.0321225649350649,0.0416666666666666
23,463,cl2vz88mm00043f6c97ce4nes,0,0.7206126214499253,0.149358495266567,0.0212747571001494,0.0320503238664673
23,464,ckz3vxvyj000v3867zug7yf6g,0,0.4358271375464683,0.6741054832713755,0.028125,0.0354166666666666
23,464,cl2k8llkb00073g6cnsr3ko43,0,0.9707893668831168,0.51875,0.0322037337662337,0.0416666666666666
23,464,cl2vz88mm00043f6c97ce4nes,0,0.720614957025411,0.1493616093672147,0.0212700859491778,0.0320565520677628
23,465,ckz3vxvyj000v3867zug7yf6g,0,0.4358329460966542,0.6740977385377943,0.028125,0.0354166666666666
23,465,cl2k8llkb00073g6cnsr3ko43,0,0.9708299512987012,0.51875,0.0322849025974026,0.0416666666666666
23,465,cl2vz88mm00043f6c97ce4nes,0,0.7206172926008969,0.1493647234678624,0.0212654147982062,0.0320627802690583
23,466,ckz3vxvyj000v3867zug7yf6g,0,0.4358387546468402,0.6740899938042131,0.028125,0.0354166666666666
23,466,cl2k8llkb00073g6cnsr3ko43,0,0.9708705357142856,0.51875,0.0323660714285713,0.0416666666666666
23,466,cl2vz88mm00043f6c97ce4nes,0,0.7206196281763827,0.1493678375685102,0.0212607436472346,0.0320690084703537
23,467,ckz3vxvyj000v3867zug7yf6g,0,0.4358445631970259,0.6740822490706321,0.028125,0.0354166666666666
23,467,cl2k8llkb00073g6cnsr3ko43,0,0.97091112012987,0.51875,0.0324472402597402,0.0416666666666666
23,467,cl2vz88mm00043f6c97ce4nes,0,0.7206219637518684,0.1493709516691579,0.0212560724962631,0.0320752366716492
23,468,ckz3vxvyj000v3867zug7yf6g,0,0.4358503717472118,0.6740745043370509,0.028125,0.0354166666666666
23,468,cl2k8llkb00073g6cnsr3ko43,0,0.9709517045454548,0.51875,0.0325284090909091,0.0416666666666666
23,468,cl2vz88mm00043f6c97ce4nes,0,0.7206242993273543,0.1493740657698056,0.0212514013452914,0.0320814648729446
23,469,ckz3vxvyj000v3867zug7yf6g,0,0.4358561802973978,0.6740667596034696,0.028125,0.0354166666666666
23,469,cl2k8llkb00073g6cnsr3ko43,0,0.970992288961039,0.51875,0.0326095779220779,0.0416666666666666
23,469,cl2vz88mm00043f6c97ce4nes,0,0.7206266349028401,0.1493771798704534,0.0212467301943198,0.0320876930742401
23,46,ckz3vxvyj000v3867zug7yf6g,0,0.4319217289719626,0.6776771806853582,0.0305782710280373,0.0354166666666666
23,46,cl2k8lcht00033g6cw07bj64y,0,0.7791666666666667,0.5334201388888888,0.0296875,0.037673611111111
23,46,cl2k8llkb00073g6cnsr3ko43,0,0.946875,0.5295138888888888,0.0239583333333332,0.042361111111111
23,46,cl2vz88mm00043f6c97ce4nes,0,0.7196386864723469,0.1480599152964624,0.0232226270553064,0.0294531639262581
23,470,ckz3vxvyj000v3867zug7yf6g,0,0.4358619888475836,0.6740590148698885,0.028125,0.0354166666666666
23,470,cl2k8llkb00073g6cnsr3ko43,0,0.9710328733766234,0.51875,0.0326907467532468,0.0416666666666666
23,470,cl2vz88mm00043f6c97ce4nes,0,0.720628970478326,0.1493802939711011,0.0212420590433482,0.0320939212755356
23,471,ckz3vxvyj000v3867zug7yf6g,0,0.4358677973977695,0.6740512701363073,0.028125,0.0354166666666666
23,471,cl2k8llkb00073g6cnsr3ko43,0,0.971073457792208,0.51875,0.0327719155844155,0.0416666666666666
23,471,cl2vz88mm00043f6c97ce4nes,0,0.7206313060538116,0.1493834080717488,0.0212373878923767,0.032100149476831
23,472,ckz3vxvyj000v3867zug7yf6g,0,0.4358736059479554,0.6740435254027262,0.028125,0.0354166666666666
23,472,cl2k8llkb00073g6cnsr3ko43,0,0.9711140422077922,0.51875,0.0328530844155844,0.0416666666666666
23,472,cl2vz88mm00043f6c97ce4nes,0,0.7206336416292974,0.1493865221723966,0.021232716741405,0.0321063776781265
23,473,ckz3vxvyj000v3867zug7yf6g,0,0.4358794144981412,0.674035780669145,0.028125,0.0354166666666666
23,473,cl2k8llkb00073g6cnsr3ko43,0,0.9711546266233766,0.51875,0.0329342532467531,0.0416666666666666
23,473,cl2vz88mm00043f6c97ce4nes,0,0.7206359772047832,0.1493896362730443,0.0212280455904334,0.032112605879422
23,474,ckz3vxvyj000v3867zug7yf6g,0,0.4358852230483271,0.6740280359355638,0.028125,0.0354166666666666
23,474,cl2k8llkb00073g6cnsr3ko43,0,0.971195211038961,0.51875,0.033015422077922,0.0416666666666666
23,474,cl2vz88mm00043f6c97ce4nes,0,0.720638312780269,0.1493927503736921,0.0212233744394619,0.0321188340807175
23,475,ckz3vxvyj000v3867zug7yf6g,0,0.435891031598513,0.6740202912019826,0.028125,0.0354166666666666
23,475,cl2k8llkb00073g6cnsr3ko43,0,0.9712357954545452,0.51875,0.0330965909090908,0.0416666666666666
23,475,cl2vz88mm00043f6c97ce4nes,0,0.7206406483557549,0.1493958644743398,0.0212187032884902,0.0321250622820129
23,476,ckz3vxvyj000v3867zug7yf6g,0,0.4358968401486988,0.6740125464684016,0.028125,0.0354166666666666
23,476,cl2k8llkb00073g6cnsr3ko43,0,0.97127637987013,0.51875,0.0331777597402597,0.0416666666666666
23,476,cl2vz88mm00043f6c97ce4nes,0,0.7206429839312406,0.1493989785749875,0.0212140321375186,0.0321312904833084
23,477,ckz3vxvyj000v3867zug7yf6g,0,0.4359026486988847,0.6740048017348204,0.028125,0.0354166666666666
23,477,cl2k8llkb00073g6cnsr3ko43,0,0.9713169642857142,0.51875,0.0332589285714286,0.0416666666666666
23,477,cl2vz88mm00043f6c97ce4nes,0,0.7206453195067265,0.1494020926756352,0.021209360986547,0.0321375186846038
23,478,ckz3vxvyj000v3867zug7yf6g,0,0.4359084572490707,0.6739970570012391,0.028125,0.0354166666666666
23,478,cl2k8llkb00073g6cnsr3ko43,0,0.9713575487012986,0.51875,0.0333400974025973,0.0416666666666666
23,478,cl2vz88mm00043f6c97ce4nes,0,0.7206476550822123,0.149405206776283,0.0212046898355755,0.0321437468858993
23,479,ckz3vxvyj000v3867zug7yf6g,0,0.4359142657992564,0.673989312267658,0.028125,0.0354166666666666
23,479,cl2k8llkb00073g6cnsr3ko43,0,0.9713981331168832,0.51875,0.0334212662337662,0.0416666666666666
23,479,cl2vz88mm00043f6c97ce4nes,0,0.7206499906576981,0.1494083208769307,0.0212000186846038,0.0321499750871948
23,47,ckz3vxvyj000v3867zug7yf6g,0,0.4319363317757009,0.6776674454828661,0.030563668224299,0.0354166666666666
23,47,cl2k8lcht00033g6cw07bj64y,0,0.78046875,0.53125,0.0296875,0.0375
23,47,cl2k8llkb00073g6cnsr3ko43,0,0.94671875,0.5296527777777778,0.0238541666666666,0.0426388888888888
23,47,cl2vz88mm00043f6c97ce4nes,0,0.7196410220478325,0.1480630293971101,0.0232179559043347,0.0294593921275535
23,480,ckz3vxvyj000v3867zug7yf6g,0,0.4359200743494423,0.6739815675340768,0.028125,0.0354166666666666
23,480,cl2k8llkb00073g6cnsr3ko43,0,0.9714387175324676,0.51875,0.033502435064935,0.0416666666666666
23,480,cl2vz88mm00043f6c97ce4nes,0,0.7206523262331839,0.1494114349775785,0.0211953475336322,0.0321562032884902
23,481,ckz3vxvyj000v3867zug7yf6g,0,0.4359258828996283,0.6739738228004957,0.028125,0.0354166666666666
23,481,cl2k8llkb00073g6cnsr3ko43,0,0.971479301948052,0.51875,0.0335836038961039,0.0416666666666666
23,481,cl2vz88mm00043f6c97ce4nes,0,0.7206546618086695,0.1494145490782262,0.0211906763826607,0.0321624314897857
23,482,ckz3vxvyj000v3867zug7yf6g,0,0.4359316914498141,0.6739660780669146,0.028125,0.0354166666666666
23,482,cl2k8llkb00073g6cnsr3ko43,0,0.9715198863636364,0.51875,0.0336647727272726,0.0416666666666666
23,482,cl2vz88mm00043f6c97ce4nes,0,0.7206569973841555,0.1494176631788739,0.0211860052316891,0.0321686596910812
23,483,ckz3vxvyj000v3867zug7yf6g,0,0.4359375,0.6739583333333333,0.028125,0.0354166666666666
23,483,cl2k8llkb00073g6cnsr3ko43,0,0.9715604707792208,0.51875,0.0337459415584415,0.0416666666666666
23,483,cl2vz88mm00043f6c97ce4nes,0,0.7206593329596412,0.1494207772795217,0.0211813340807174,0.0321748878923766
23,484,ckz3vxvyj000v3867zug7yf6g,0,0.4359433085501859,0.6739505885997521,0.028125,0.0354166666666666
23,484,cl2k8llkb00073g6cnsr3ko43,0,0.9716010551948052,0.51875,0.0338271103896103,0.0416666666666666
23,484,cl2vz88mm00043f6c97ce4nes,0,0.7206616685351271,0.1494238913801694,0.0211766629297458,0.0321811160936721
23,485,ckz3vxvyj000v3867zug7yf6g,0,0.4359491171003717,0.6739428438661711,0.028125,0.0354166666666666
23,485,cl2k8llkb00073g6cnsr3ko43,0,0.9716416396103896,0.51875,0.0339082792207792,0.0416666666666666
23,485,cl2vz88mm00043f6c97ce4nes,0,0.7206640041106128,0.1494270054808171,0.0211719917787743,0.0321873442949676
23,486,ckz3vxvyj000v3867zug7yf6g,0,0.4359549256505576,0.6739350991325899,0.028125,0.0354166666666666
23,486,cl2k8llkb00073g6cnsr3ko43,0,0.9716822240259742,0.51875,0.0339894480519481,0.0416666666666666
23,486,cl2vz88mm00043f6c97ce4nes,0,0.7206663396860986,0.1494301195814648,0.0211673206278026,0.032193572496263
23,487,ckz3vxvyj000v3867zug7yf6g,0,0.4359607342007435,0.6739273543990086,0.028125,0.0354166666666666
23,487,cl2k8llkb00073g6cnsr3ko43,0,0.9717228084415584,0.51875,0.0340706168831168,0.0416666666666666
23,487,cl2vz88mm00043f6c97ce4nes,0,0.7206686752615845,0.1494332336821126,0.021162649476831,0.0321998006975585
23,488,ckz3vxvyj000v3867zug7yf6g,0,0.4359665427509293,0.6739196096654275,0.028125,0.0354166666666666
23,488,cl2k8llkb00073g6cnsr3ko43,0,0.9717633928571427,0.51875,0.0341517857142857,0.0416666666666666
23,488,cl2vz88mm00043f6c97ce4nes,0,0.7206710108370702,0.1494363477827603,0.0211579783258595,0.032206028898854
23,489,ckz3vxvyj000v3867zug7yf6g,0,0.4359723513011152,0.6739118649318463,0.028125,0.0354166666666666
23,489,cl2k8llkb00073g6cnsr3ko43,0,0.9718039772727274,0.51875,0.0342329545454545,0.0416666666666666
23,489,cl2vz88mm00043f6c97ce4nes,0,0.7206733464125561,0.149439461883408,0.0211533071748879,0.0322122571001494
23,48,ckz3vxvyj000v3867zug7yf6g,0,0.4319509345794392,0.6776577102803738,0.0305490654205607,0.0354166666666666
23,48,cl2k8lcht00033g6cw07bj64y,0,0.7822265625,0.530859375,0.0296875,0.0372395833333333
23,48,cl2k8llkb00073g6cnsr3ko43,0,0.9465625,0.5297916666666667,0.0237499999999998,0.0429166666666667
23,48,cl2vz88mm00043f6c97ce4nes,0,0.7196433576233183,0.1480661434977578,0.0232132847533632,0.029465620328849
23,490,ckz3vxvyj000v3867zug7yf6g,0,0.4359781598513012,0.6739041201982652,0.028125,0.0354166666666666
23,490,cl2k8llkb00073g6cnsr3ko43,0,0.9718445616883116,0.51875,0.0343141233766234,0.0416666666666666
23,490,cl2vz88mm00043f6c97ce4nes,0,0.7206756819880418,0.1494425759840558,0.0211486360239162,0.0322184853014449
23,491,ckz3vxvyj000v3867zug7yf6g,0,0.4359839684014869,0.6738963754646841,0.028125,0.0354166666666666
23,491,cl2k8llkb00073g6cnsr3ko43,0,0.971885146103896,0.51875,0.0343952922077921,0.0416666666666666
23,491,cl2vz88mm00043f6c97ce4nes,0,0.7206780175635277,0.1494456900847035,0.0211439648729446,0.0322247135027404
23,492,ckz3vxvyj000v3867zug7yf6g,0,0.4359897769516728,0.6738886307311028,0.028125,0.0354166666666666
23,492,cl2k8llkb00073g6cnsr3ko43,0,0.9719257305194804,0.51875,0.034476461038961,0.0416666666666666
23,492,cl2vz88mm00043f6c97ce4nes,0,0.7206803531390135,0.1494488041853512,0.0211392937219731,0.0322309417040358
23,493,ckz3vxvyj000v3867zug7yf6g,0,0.4359955855018588,0.6738808859975216,0.028125,0.0354166666666666
23,493,cl2k8llkb00073g6cnsr3ko43,0,0.971966314935065,0.51875,0.0345576298701299,0.0416666666666666
23,493,cl2vz88mm00043f6c97ce4nes,0,0.7206826887144993,0.149451918285999,0.0211346225710014,0.0322371699053313
23,494,ckz3vxvyj000v3867zug7yf6g,0,0.4360013940520446,0.6738731412639406,0.028125,0.0354166666666666
23,494,cl2k8llkb00073g6cnsr3ko43,0,0.9720068993506494,0.51875,0.0346387987012986,0.0416666666666666
23,494,cl2vz88mm00043f6c97ce4nes,0,0.720685024289985,0.1494550323866467,0.0211299514200298,0.0322433981066268
23,495,ckz3vxvyj000v3867zug7yf6g,0,0.4360072026022304,0.6738653965303594,0.028125,0.0354166666666666
23,495,cl2k8llkb00073g6cnsr3ko43,0,0.9720474837662336,0.51875,0.0347199675324676,0.0416666666666666
23,495,cl2vz88mm00043f6c97ce4nes,0,0.7206873598654708,0.1494581464872944,0.0211252802690583,0.0322496263079222
23,496,ckz3vxvyj000v3867zug7yf6g,0,0.4360130111524164,0.6738576517967781,0.028125,0.0354166666666666
23,496,cl2k8llkb00073g6cnsr3ko43,0,0.972088068181818,0.51875,0.0348011363636363,0.0416666666666666
23,496,cl2vz88mm00043f6c97ce4nes,0,0.7206896954409567,0.1494612605879422,0.0211206091180867,0.0322558545092177
23,497,ckz3vxvyj000v3867zug7yf6g,0,0.4360188197026022,0.673849907063197,0.028125,0.0354166666666666
23,497,cl2k8llkb00073g6cnsr3ko43,0,0.9721286525974028,0.51875,0.0348823051948052,0.0416666666666666
23,497,cl2vz88mm00043f6c97ce4nes,0,0.7206920310164424,0.1494643746885899,0.021115937967115,0.0322620827105131
23,498,ckz3vxvyj000v3867zug7yf6g,0,0.4360246282527881,0.6738421623296158,0.028125,0.0354166666666666
23,498,cl2k8llkb00073g6cnsr3ko43,0,0.9721692370129869,0.51875,0.0349634740259739,0.0416666666666666
23,498,cl2vz88mm00043f6c97ce4nes,0,0.7206943665919283,0.1494674887892376,0.0211112668161434,0.0322683109118086
23,499,ckz3vxvyj000v3867zug7yf6g,0,0.436030436802974,0.6738344175960347,0.028125,0.0354166666666666
23,499,cl2k8llkb00073g6cnsr3ko43,0,0.9722098214285716,0.51875,0.0350446428571428,0.0416666666666666
23,499,cl2vz88mm00043f6c97ce4nes,0,0.720696702167414,0.1494706028898854,0.0211065956651719,0.0322745391131041
23,49,ckz3vxvyj000v3867zug7yf6g,0,0.4319655373831775,0.6776479750778817,0.0305344626168223,0.0354166666666666
23,49,cl2k8lcht00033g6cw07bj64y,0,0.783984375,0.53046875,0.0296875,0.0369791666666666
23,49,cl2k8llkb00073g6cnsr3ko43,0,0.94640625,0.5299305555555556,0.0236458333333333,0.0431944444444444
23,49,cl2vz88mm00043f6c97ce4nes,0,0.7196456931988042,0.1480692575984055,0.0232086136023916,0.0294718485301444
23,4,ckz3vxvyj000v3867zug7yf6g,0,0.4313084112149532,0.6780860591900312,0.0311915887850466,0.0354166666666666
23,4,cl2k8lcht00033g6cw07bj64y,0,0.71484375,0.5953125,0.03125,0.0364583333333333
23,4,cl2k8llkb00073g6cnsr3ko43,0,0.9499080882352942,0.5143995098039216,0.0308823529411766,0.0317401960784314
23,4,cl2vz88mm00043f6c97ce4nes,0,0.7195405923019432,0.1479291230692576,0.0234188153961135,0.0291915794718485
23,500,ckz3vxvyj000v3867zug7yf6g,0,0.4360362453531598,0.6738266728624536,0.028125,0.0354166666666666
23,500,cl2k8llkb00073g6cnsr3ko43,0,0.9722504058441558,0.51875,0.0351258116883116,0.0416666666666666
23,500,cl2vz88mm00043f6c97ce4nes,0,0.7206990377428999,0.1494737169905331,0.0211019245142002,0.0322807673143996
23,501,ckz3vxvyj000v3867zug7yf6g,0,0.4360420539033457,0.6738189281288723,0.028125,0.0354166666666666
23,501,cl2k8llkb00073g6cnsr3ko43,0,0.9722909902597404,0.51875,0.0352069805194805,0.0416666666666666
23,501,cl2vz88mm00043f6c97ce4nes,0,0.7207013733183857,0.1494768310911808,0.0210972533632286,0.032286995515695
23,502,ckz3vxvyj000v3867zug7yf6g,0,0.4360478624535316,0.6738111833952911,0.028125,0.0354166666666666
23,502,cl2k8llkb00073g6cnsr3ko43,0,0.9723315746753248,0.51875,0.0352881493506494,0.0416666666666666
23,502,cl2vz88mm00043f6c97ce4nes,0,0.7207037088938714,0.1494799451918286,0.0210925822122571,0.0322932237169905
23,503,ckz3vxvyj000v3867zug7yf6g,0,0.4360536710037174,0.6738034386617101,0.028125,0.0354166666666666
23,503,cl2k8llkb00073g6cnsr3ko43,0,0.972372159090909,0.51875,0.0353693181818181,0.0416666666666666
23,503,cl2vz88mm00043f6c97ce4nes,0,0.7207060444693573,0.1494830592924763,0.0210879110612855,0.032299451918286
23,504,ckz3vxvyj000v3867zug7yf6g,0,0.4360594795539033,0.6737956939281289,0.028125,0.0354166666666666
23,504,cl2k8llkb00073g6cnsr3ko43,0,0.9724127435064936,0.51875,0.035450487012987,0.0416666666666666
23,504,cl2vz88mm00043f6c97ce4nes,0,0.720708380044843,0.149486173393124,0.0210832399103138,0.0323056801195814
23,505,ckz3vxvyj000v3867zug7yf6g,0,0.4360652881040892,0.6737879491945478,0.028125,0.0354166666666666
23,505,cl2k8llkb00073g6cnsr3ko43,0,0.972453327922078,0.51875,0.0355316558441558,0.0416666666666666
23,505,cl2vz88mm00043f6c97ce4nes,0,0.720710715620329,0.1494892874937718,0.0210785687593422,0.0323119083208769
23,506,ckz3vxvyj000v3867zug7yf6g,0,0.436071096654275,0.6737802044609665,0.028125,0.0354166666666666
23,506,cl2k8llkb00073g6cnsr3ko43,0,0.9724939123376624,0.51875,0.0356128246753247,0.0416666666666666
23,506,cl2vz88mm00043f6c97ce4nes,0,0.7207130511958146,0.1494924015944195,0.0210738976083707,0.0323181365221723
23,507,ckz3vxvyj000v3867zug7yf6g,0,0.4360769052044609,0.6737724597273853,0.028125,0.0354166666666666
23,507,cl2k8llkb00073g6cnsr3ko43,0,0.9725344967532468,0.51875,0.0356939935064934,0.0416666666666666
23,507,cl2vz88mm00043f6c97ce4nes,0,0.7207153867713004,0.1494955156950672,0.0210692264573991,0.0323243647234678
23,508,ckz3vxvyj000v3867zug7yf6g,0,0.4360827137546468,0.6737647149938043,0.028125,0.0354166666666666
23,508,cl2k8llkb00073g6cnsr3ko43,0,0.9725750811688312,0.51875,0.0357751623376623,0.0416666666666666
23,508,cl2vz88mm00043f6c97ce4nes,0,0.7207177223467862,0.149498629795715,0.0210645553064274,0.0323305929247633
23,509,ckz3vxvyj000v3867zug7yf6g,0,0.4360885223048327,0.6737569702602231,0.028125,0.0354166666666666
23,509,cl2k8llkb00073g6cnsr3ko43,0,0.9726156655844156,0.51875,0.035856331168831,0.0416666666666666
23,509,cl2vz88mm00043f6c97ce4nes,0,0.720720057922272,0.1495017438963627,0.0210598841554559,0.0323368211260588
23,50,ckz3vxvyj000v3867zug7yf6g,0,0.4319801401869158,0.6776382398753894,0.030519859813084,0.0354166666666666
23,50,cl2k8lcht00033g6cw07bj64y,0,0.7857421875,0.530078125,0.0296875,0.03671875
23,50,cl2k8llkb00073g6cnsr3ko43,0,0.94625,0.5300694444444445,0.0235416666666665,0.0434722222222222
23,50,cl2vz88mm00043f6c97ce4nes,0,0.71964802877429,0.1480723716990533,0.02320394245142,0.0294780767314399
23,510,ckz3vxvyj000v3867zug7yf6g,0,0.4360943308550186,0.6737492255266418,0.028125,0.0354166666666666
23,510,cl2k8llkb00073g6cnsr3ko43,0,0.97265625,0.51875,0.0359375,0.0416666666666666
23,510,cl2vz88mm00043f6c97ce4nes,0,0.7207223934977579,0.1495048579970104,0.0210552130044843,0.0323430493273542
23,511,ckz3vxvyj000v3867zug7yf6g,0,0.4361001394052044,0.6737414807930607,0.028125,0.0354166666666666
23,511,cl2k8llkb00073g6cnsr3ko43,0,0.9726230053191488,0.5187721631205674,0.0358710106382979,0.0416223404255318
23,511,cl2vz88mm00043f6c97ce4nes,0,0.7207247290732436,0.1495079720976582,0.0210505418535126,0.0323492775286497
23,512,ckz3vxvyj000v3867zug7yf6g,0,0.4361059479553903,0.6737337360594796,0.028125,0.0354166666666666
23,512,cl2k8llkb00073g6cnsr3ko43,0,0.972589760638298,0.5187943262411348,0.0358045212765956,0.0415780141843971
23,512,cl2vz88mm00043f6c97ce4nes,0,0.7207270646487295,0.1495110861983059,0.021045870702541,0.0323555057299451
23,513,ckz3vxvyj000v3867zug7yf6g,0,0.4361117565055762,0.6737259913258984,0.028125,0.0354166666666666
23,513,cl2k8llkb00073g6cnsr3ko43,0,0.9725565159574469,0.5188164893617021,0.0357380319148935,0.0415336879432623
23,513,cl2vz88mm00043f6c97ce4nes,0,0.7207294002242153,0.1495142002989536,0.0210411995515695,0.0323617339312406
23,514,ckz3vxvyj000v3867zug7yf6g,0,0.436117565055762,0.6737182465923173,0.028125,0.0354166666666666
23,514,cl2k8llkb00073g6cnsr3ko43,0,0.972523271276596,0.5188386524822695,0.0356715425531914,0.0414893617021276
23,514,cl2vz88mm00043f6c97ce4nes,0,0.7207317357997011,0.1495173143996014,0.0210365284005979,0.0323679621325361
23,515,ckz3vxvyj000v3867zug7yf6g,0,0.4361233736059479,0.673710501858736,0.028125,0.0354166666666666
23,515,cl2k8llkb00073g6cnsr3ko43,0,0.9724900265957448,0.5188608156028369,0.0356050531914894,0.0414450354609928
23,515,cl2vz88mm00043f6c97ce4nes,0,0.7207340713751869,0.1495204285002491,0.0210318572496262,0.0323741903338315
23,516,ckz3vxvyj000v3867zug7yf6g,0,0.4361291821561338,0.6737027571251548,0.028125,0.0354166666666666
23,516,cl2k8llkb00073g6cnsr3ko43,0,0.9724567819148936,0.5188829787234043,0.0355385638297871,0.0414007092198581
23,516,cl2vz88mm00043f6c97ce4nes,0,0.7207364069506725,0.1495235426008968,0.0210271860986547,0.032380418535127
23,517,ckz3vxvyj000v3867zug7yf6g,0,0.4361349907063196,0.6736950123915738,0.028125,0.0354166666666666
23,517,cl2k8llkb00073g6cnsr3ko43,0,0.9724235372340424,0.5189051418439716,0.035472074468085,0.0413563829787233
23,517,cl2vz88mm00043f6c97ce4nes,0,0.7207387425261584,0.1495266567015445,0.0210225149476831,0.0323866467364225
23,518,ckz3vxvyj000v3867zug7yf6g,0,0.4361407992565055,0.6736872676579926,0.028125,0.0354166666666666
23,518,cl2k8llkb00073g6cnsr3ko43,0,0.9723902925531916,0.518927304964539,0.0354055851063829,0.0413120567375886
23,518,cl2vz88mm00043f6c97ce4nes,0,0.7207410781016442,0.1495297708021923,0.0210178437967115,0.032392874937718
23,519,ckz3vxvyj000v3867zug7yf6g,0,0.4361466078066914,0.6736795229244114,0.028125,0.0354166666666666
23,519,cl2k8llkb00073g6cnsr3ko43,0,0.9723570478723405,0.5189494680851063,0.0353390957446809,0.0412677304964538
23,519,cl2vz88mm00043f6c97ce4nes,0,0.7207434136771301,0.14953288490284,0.0210131726457398,0.0323991031390134
23,51,ckz3vxvyj000v3867zug7yf6g,0,0.4319947429906541,0.6776285046728973,0.0305052570093457,0.0354166666666666
23,51,cl2k8lcht00033g6cw07bj64y,0,0.7875,0.5296875,0.0296875,0.0364583333333333
23,51,cl2k8llkb00073g6cnsr3ko43,0,0.94609375,0.5302083333333333,0.0234375,0.04375
23,51,cl2vz88mm00043f6c97ce4nes,0,0.7196503643497758,0.148075485799701,0.0231992713004483,0.0294843049327354
23,520,ckz3vxvyj000v3867zug7yf6g,0,0.4361524163568773,0.6736717781908302,0.028125,0.0354166666666666
23,520,cl2k8llkb00073g6cnsr3ko43,0,0.9723238031914893,0.5189716312056737,0.0352726063829786,0.0412234042553191
23,520,cl2vz88mm00043f6c97ce4nes,0,0.7207457492526158,0.1495359990034877,0.0210085014947683,0.0324053313403089
23,521,ckz3vxvyj000v3867zug7yf6g,0,0.4361582249070632,0.6736640334572491,0.028125,0.0354166666666666
23,521,cl2k8llkb00073g6cnsr3ko43,0,0.9722905585106382,0.5189937943262412,0.0352061170212765,0.0411790780141843
23,521,cl2vz88mm00043f6c97ce4nes,0,0.7207480848281016,0.1495391131041355,0.0210038303437967,0.0324115595416043
23,522,ckz3vxvyj000v3867zug7yf6g,0,0.4361640334572491,0.6736562887236679,0.028125,0.0354166666666666
23,522,cl2k8llkb00073g6cnsr3ko43,0,0.9722573138297872,0.5190159574468085,0.0351396276595744,0.0411347517730496
23,522,cl2vz88mm00043f6c97ce4nes,0,0.7207504204035875,0.1495422272047832,0.020999159192825,0.0324177877428998
23,523,ckz3vxvyj000v3867zug7yf6g,0,0.4361698420074349,0.6736485439900868,0.028125,0.0354166666666666
23,523,cl2k8llkb00073g6cnsr3ko43,0,0.972224069148936,0.519038120567376,0.0350731382978724,0.0410904255319148
23,523,cl2vz88mm00043f6c97ce4nes,0,0.7207527559790732,0.1495453413054309,0.0209944880418535,0.0324240159441953
23,524,ckz3vxvyj000v3867zug7yf6g,0,0.4361756505576208,0.6736407992565056,0.028125,0.0354166666666666
23,524,cl2k8llkb00073g6cnsr3ko43,0,0.972190824468085,0.5190602836879433,0.0350066489361701,0.0410460992907801
23,524,cl2vz88mm00043f6c97ce4nes,0,0.7207550915545591,0.1495484554060787,0.0209898168908819,0.0324302441454907
23,525,ckz3vxvyj000v3867zug7yf6g,0,0.4361814591078067,0.6736330545229243,0.028125,0.0354166666666666
23,525,cl2k8llkb00073g6cnsr3ko43,0,0.972157579787234,0.5190824468085107,0.034940159574468,0.0410017730496453
23,525,cl2vz88mm00043f6c97ce4nes,0,0.7207574271300448,0.1495515695067264,0.0209851457399103,0.0324364723467862
23,526,ckz3vxvyj000v3867zug7yf6g,0,0.4361872676579925,0.6736253097893433,0.028125,0.0354166666666666
23,526,cl2k8llkb00073g6cnsr3ko43,0,0.972124335106383,0.519104609929078,0.0348736702127659,0.0409574468085106
23,526,cl2vz88mm00043f6c97ce4nes,0,0.7207597627055307,0.1495546836073741,0.0209804745889386,0.0324427005480817
23,527,ckz3vxvyj000v3867zug7yf6g,0,0.4361930762081784,0.6736175650557621,0.028125,0.0354166666666666
23,527,cl2k8llkb00073g6cnsr3ko43,0,0.972091090425532,0.5191267730496454,0.0348071808510638,0.0409131205673758
23,527,cl2vz88mm00043f6c97ce4nes,0,0.7207620982810165,0.1495577977080219,0.0209758034379671,0.0324489287493771
23,528,ckz3vxvyj000v3867zug7yf6g,0,0.4361988847583643,0.6736098203221809,0.028125,0.0354166666666666
23,528,cl2k8llkb00073g6cnsr3ko43,0,0.9720578457446808,0.5191489361702127,0.0347406914893616,0.0408687943262411
23,528,cl2vz88mm00043f6c97ce4nes,0,0.7207644338565022,0.1495609118086696,0.0209711322869955,0.0324551569506726
23,529,ckz3vxvyj000v3867zug7yf6g,0,0.4362046933085501,0.6736020755885997,0.028125,0.0354166666666666
23,529,cl2k8llkb00073g6cnsr3ko43,0,0.9720246010638298,0.5191710992907802,0.0346742021276595,0.0408244680851063
23,529,cl2vz88mm00043f6c97ce4nes,0,0.720766769431988,0.1495640259093174,0.0209664611360238,0.0324613851519681
23,52,ckz3vxvyj000v3867zug7yf6g,0,0.4320093457943924,0.677618769470405,0.0304906542056074,0.0354166666666666
23,52,cl2k8lcht00033g6cw07bj64y,0,0.7892578125,0.529296875,0.0296875,0.0361979166666666
23,52,cl2k8llkb00073g6cnsr3ko43,0,0.9457261029411764,0.5299019607843137,0.0238051470588235,0.0433823529411764
23,52,cl2vz88mm00043f6c97ce4nes,0,0.7196526999252615,0.1480785999003487,0.0231946001494768,0.0294905331340308
23,530,ckz3vxvyj000v3867zug7yf6g,0,0.436210501858736,0.6735943308550186,0.028125,0.0354166666666666
23,530,cl2k8llkb00073g6cnsr3ko43,0,0.9719913563829788,0.5191932624113476,0.0346077127659574,0.0407801418439716
23,530,cl2vz88mm00043f6c97ce4nes,0,0.7207691050074738,0.1495671400099651,0.0209617899850523,0.0324676133532635
23,531,ckz3vxvyj000v3867zug7yf6g,0,0.4362163104089219,0.6735865861214374,0.028125,0.0354166666666666
23,531,cl2k8llkb00073g6cnsr3ko43,0,0.9719581117021278,0.5192154255319149,0.0345412234042553,0.0407358156028368
23,531,cl2vz88mm00043f6c97ce4nes,0,0.7207714405829597,0.1495702541106128,0.0209571188340807,0.032473841554559
23,532,ckz3vxvyj000v3867zug7yf6g,0,0.4362221189591078,0.6735788413878563,0.028125,0.0354166666666666
23,532,cl2k8llkb00073g6cnsr3ko43,0,0.9719248670212766,0.5192375886524823,0.0344747340425531,0.0406914893617021
23,532,cl2vz88mm00043f6c97ce4nes,0,0.7207737761584454,0.1495733682112606,0.0209524476831091,0.0324800697558545
23,533,ckz3vxvyj000v3867zug7yf6g,0,0.4362279275092937,0.6735710966542751,0.028125,0.0354166666666666
23,533,cl2k8llkb00073g6cnsr3ko43,0,0.9718916223404256,0.5192597517730496,0.034408244680851,0.0406471631205673
23,533,cl2vz88mm00043f6c97ce4nes,0,0.7207761117339313,0.1495764823119083,0.0209477765321374,0.0324862979571499
23,534,ckz3vxvyj000v3867zug7yf6g,0,0.4362337360594795,0.6735633519206938,0.028125,0.0354166666666666
23,534,cl2k8llkb00073g6cnsr3ko43,0,0.9718583776595744,0.519281914893617,0.0343417553191489,0.0406028368794326
23,534,cl2vz88mm00043f6c97ce4nes,0,0.720778447309417,0.149579596412556,0.0209431053811659,0.0324925261584454
23,535,ckz3vxvyj000v3867zug7yf6g,0,0.4362395446096654,0.6735556071871128,0.028125,0.0354166666666666
23,535,cl2k8llkb00073g6cnsr3ko43,0,0.9718251329787234,0.5193040780141843,0.0342752659574468,0.0405585106382978
23,535,cl2vz88mm00043f6c97ce4nes,0,0.7207807828849029,0.1495827105132038,0.0209384342301943,0.0324987543597409
23,536,ckz3vxvyj000v3867zug7yf6g,0,0.4362453531598513,0.6735478624535316,0.028125,0.0354166666666666
23,536,cl2k8llkb00073g6cnsr3ko43,0,0.9717918882978722,0.5193262411347518,0.0342087765957446,0.0405141843971631
23,536,cl2vz88mm00043f6c97ce4nes,0,0.7207831184603887,0.1495858246138515,0.0209337630792227,0.0325049825610363
23,537,ckz3vxvyj000v3867zug7yf6g,0,0.4362511617100372,0.6735401177199504,0.028125,0.0354166666666666
23,537,cl2k8llkb00073g6cnsr3ko43,0,0.9717586436170212,0.5193484042553191,0.0341422872340425,0.0404698581560283
23,537,cl2vz88mm00043f6c97ce4nes,0,0.7207854540358744,0.1495889387144992,0.0209290919282511,0.0325112107623318
23,538,ckz3vxvyj000v3867zug7yf6g,0,0.436256970260223,0.6735323729863693,0.028125,0.0354166666666666
23,538,cl2k8llkb00073g6cnsr3ko43,0,0.9717253989361702,0.5193705673758865,0.0340757978723404,0.0404255319148936
23,538,cl2vz88mm00043f6c97ce4nes,0,0.7207877896113603,0.1495920528151469,0.0209244207772795,0.0325174389636273
23,539,ckz3vxvyj000v3867zug7yf6g,0,0.4362627788104089,0.6735246282527881,0.028125,0.0354166666666666
23,539,cl2k8llkb00073g6cnsr3ko43,0,0.9716921542553192,0.519392730496454,0.0340093085106383,0.0403812056737588
23,539,cl2vz88mm00043f6c97ce4nes,0,0.720790125186846,0.1495951669157947,0.0209197496263079,0.0325236671649227
23,53,ckz3vxvyj000v3867zug7yf6g,0,0.4320239485981307,0.6776090342679129,0.0304760514018691,0.0354166666666666
23,53,cl2k8lcht00033g6cw07bj64y,0,0.791015625,0.52890625,0.0296875,0.0359375
23,53,cl2k8llkb00073g6cnsr3ko43,0,0.9453584558823528,0.5295955882352941,0.0241727941176471,0.0430147058823529
23,53,cl2vz88mm00043f6c97ce4nes,0,0.7196550355007474,0.1480817140009965,0.0231899289985052,0.0294967613353263
23,540,ckz3vxvyj000v3867zug7yf6g,0,0.4362685873605948,0.6735168835192069,0.028125,0.0354166666666666
23,540,cl2k8llkb00073g6cnsr3ko43,0,0.971658909574468,0.5194148936170213,0.0339428191489361,0.0403368794326241
23,540,cl2vz88mm00043f6c97ce4nes,0,0.7207924607623319,0.1495982810164424,0.0209150784753362,0.0325298953662182
23,541,ckz3vxvyj000v3867zug7yf6g,0,0.4362743959107806,0.6735091387856258,0.028125,0.0354166666666666
23,541,cl2k8llkb00073g6cnsr3ko43,0,0.971625664893617,0.5194370567375887,0.033876329787234,0.0402925531914893
23,541,cl2vz88mm00043f6c97ce4nes,0,0.7207947963378176,0.1496013951170901,0.0209104073243647,0.0325361235675136
23,542,ckz3vxvyj000v3867zug7yf6g,0,0.4362802044609665,0.6735013940520446,0.028125,0.0354166666666666
23,542,cl2k8llkb00073g6cnsr3ko43,0,0.971592420212766,0.519459219858156,0.0338098404255319,0.0402482269503546
23,542,cl2vz88mm00043f6c97ce4nes,0,0.7207971319133034,0.1496045092177379,0.0209057361733931,0.0325423517688091
23,543,ckz3vxvyj000v3867zug7yf6g,0,0.4362860130111524,0.6734936493184634,0.028125,0.0354166666666666
23,543,cl2k8llkb00073g6cnsr3ko43,0,0.971559175531915,0.5194813829787234,0.0337433510638298,0.0402039007092198
23,543,cl2vz88mm00043f6c97ce4nes,0,0.7207994674887892,0.1496076233183856,0.0209010650224215,0.0325485799701046
23,544,ckz3vxvyj000v3867zug7yf6g,0,0.4362918215613383,0.6734859045848823,0.028125,0.0354166666666666
23,544,cl2k8llkb00073g6cnsr3ko43,0,0.971525930851064,0.5195035460992907,0.0336768617021276,0.0401595744680851
23,544,cl2vz88mm00043f6c97ce4nes,0,0.7208018030642751,0.1496107374190333,0.0208963938714498,0.0325548081714001
23,545,ckz3vxvyj000v3867zug7yf6g,0,0.4362976301115241,0.6734781598513011,0.028125,0.0354166666666666
23,545,cl2k8llkb00073g6cnsr3ko43,0,0.9714926861702128,0.5195257092198582,0.0336103723404255,0.0401152482269503
23,545,cl2vz88mm00043f6c97ce4nes,0,0.7208041386397609,0.1496138515196811,0.0208917227204783,0.0325610363726955
23,546,ckz3vxvyj000v3867zug7yf6g,0,0.43630343866171,0.67347041511772,0.028125,0.0354166666666666
23,546,cl2k8llkb00073g6cnsr3ko43,0,0.9714594414893618,0.5195478723404255,0.0335438829787234,0.0400709219858156
23,546,cl2vz88mm00043f6c97ce4nes,0,0.7208064742152466,0.1496169656203288,0.0208870515695067,0.032567264573991
23,547,ckz3vxvyj000v3867zug7yf6g,0,0.4363092472118959,0.6734626703841388,0.028125,0.0354166666666666
23,547,cl2k8llkb00073g6cnsr3ko43,0,0.9714261968085108,0.5195700354609929,0.0334773936170213,0.0400265957446808
23,547,cl2vz88mm00043f6c97ce4nes,0,0.7208088097907325,0.1496200797209766,0.020882380418535,0.0325734927752865
23,548,ckz3vxvyj000v3867zug7yf6g,0,0.4363150557620818,0.6734549256505576,0.028125,0.0354166666666666
23,548,cl2k8llkb00073g6cnsr3ko43,0,0.9713929521276596,0.5195921985815602,0.0334109042553191,0.0399822695035461
23,548,cl2vz88mm00043f6c97ce4nes,0,0.7208111453662183,0.1496231938216242,0.0208777092675635,0.0325797209765819
23,549,ckz3vxvyj000v3867zug7yf6g,0,0.4363208643122676,0.6734471809169765,0.028125,0.0354166666666666
23,549,cl2k8llkb00073g6cnsr3ko43,0,0.9713597074468086,0.5196143617021277,0.033344414893617,0.0399379432624113
23,549,cl2vz88mm00043f6c97ce4nes,0,0.720813480941704,0.149626307922272,0.0208730381165919,0.0325859491778774
23,54,ckz3vxvyj000v3867zug7yf6g,0,0.4320385514018692,0.6775992990654205,0.0304614485981308,0.0354166666666666
23,54,cl2k8lcht00033g6cw07bj64y,0,0.7927734375,0.528515625,0.0296875,0.0356770833333333
23,54,cl2k8llkb00073g6cnsr3ko43,0,0.9449908088235294,0.5292892156862745,0.0245404411764704,0.0426470588235294
23,54,cl2vz88mm00043f6c97ce4nes,0,0.7196573710762332,0.1480848281016442,0.0231852578475336,0.0295029895366218
23,550,ckz3vxvyj000v3867zug7yf6g,0,0.4363266728624535,0.6734394361833953,0.028125,0.0354166666666666
23,550,cl2k8llkb00073g6cnsr3ko43,0,0.9713264627659576,0.5196365248226951,0.0332779255319149,0.0398936170212766
23,550,cl2vz88mm00043f6c97ce4nes,0,0.7208158165171898,0.1496294220229198,0.0208683669656203,0.0325921773791728
23,551,ckz3vxvyj000v3867zug7yf6g,0,0.4363324814126394,0.6734316914498141,0.028125,0.0354166666666666
23,551,cl2k8llkb00073g6cnsr3ko43,0,0.9712932180851064,0.5196586879432624,0.0332114361702128,0.0398492907801418
23,551,cl2vz88mm00043f6c97ce4nes,0,0.7208181520926756,0.1496325361235675,0.0208636958146486,0.0325984055804683
23,552,ckz3vxvyj000v3867zug7yf6g,0,0.4363382899628252,0.673423946716233,0.028125,0.0354166666666666
23,552,cl2k8llkb00073g6cnsr3ko43,0,0.9712599734042552,0.5196808510638298,0.0331449468085105,0.0398049645390071
23,552,cl2vz88mm00043f6c97ce4nes,0,0.7208204876681614,0.1496356502242152,0.0208590246636771,0.0326046337817638
23,553,ckz3vxvyj000v3867zug7yf6g,0,0.4363440985130111,0.6734162019826518,0.028125,0.0354166666666666
23,553,cl2k8llkb00073g6cnsr3ko43,0,0.9712267287234042,0.5197030141843971,0.0330784574468085,0.0397606382978723
23,553,cl2vz88mm00043f6c97ce4nes,0,0.7208228232436472,0.1496387643248629,0.0208543535127055,0.0326108619830593
23,554,ckz3vxvyj000v3867zug7yf6g,0,0.436349907063197,0.6734084572490706,0.028125,0.0354166666666666
23,554,cl2k8llkb00073g6cnsr3ko43,0,0.9711934840425532,0.5197251773049645,0.0330119680851064,0.0397163120567376
23,554,cl2vz88mm00043f6c97ce4nes,0,0.7208251588191331,0.1496418784255107,0.0208496823617339,0.0326170901843547
23,555,ckz3vxvyj000v3867zug7yf6g,0,0.4363557156133829,0.6734007125154895,0.028125,0.0354166666666666
23,555,cl2k8llkb00073g6cnsr3ko43,0,0.971160239361702,0.519747340425532,0.0329454787234043,0.0396719858156028
23,555,cl2vz88mm00043f6c97ce4nes,0,0.7208274943946188,0.1496449925261584,0.0208450112107623,0.0326233183856502
23,556,ckz3vxvyj000v3867zug7yf6g,0,0.4363615241635687,0.6733929677819083,0.028125,0.0354166666666666
23,556,cl2k8llkb00073g6cnsr3ko43,0,0.9711269946808512,0.5197695035460993,0.032878989361702,0.0396276595744681
23,556,cl2vz88mm00043f6c97ce4nes,0,0.7208298299701046,0.1496481066268061,0.0208403400597907,0.0326295465869456
23,557,ckz3vxvyj000v3867zug7yf6g,0,0.4363673327137546,0.6733852230483272,0.028125,0.0354166666666666
23,557,cl2k8llkb00073g6cnsr3ko43,0,0.97109375,0.5197916666666667,0.0328125,0.0395833333333333
23,557,cl2vz88mm00043f6c97ce4nes,0,0.7208321655455905,0.1496512207274539,0.0208356689088191,0.0326357747882411
23,558,ckz3vxvyj000v3867zug7yf6g,0,0.4363731412639405,0.673377478314746,0.028125,0.0354166666666666
23,558,cl2k8llkb00073g6cnsr3ko43,0,0.9710503472222222,0.5199074074074074,0.0328125,0.0395833333333333
23,558,cl2vz88mm00043f6c97ce4nes,0,0.7208345011210763,0.1496543348281016,0.0208309977578474,0.0326420029895366
23,559,ckz3vxvyj000v3867zug7yf6g,0,0.4363789498141264,0.6733697335811648,0.028125,0.0354166666666666
23,559,cl2k8llkb00073g6cnsr3ko43,0,0.9710069444444444,0.5200231481481481,0.0328125,0.0395833333333332
23,559,cl2vz88mm00043f6c97ce4nes,0,0.7208368366965621,0.1496574489287493,0.0208263266068759,0.032648231190832
23,55,ckz3vxvyj000v3867zug7yf6g,0,0.4320531542056075,0.6775895638629283,0.0304468457943925,0.0354166666666666
23,55,cl2k8lcht00033g6cw07bj64y,0,0.79453125,0.528125,0.0296875,0.0354166666666666
23,55,cl2k8llkb00073g6cnsr3ko43,0,0.9446231617647058,0.5289828431372549,0.024908088235294,0.0422794117647059
23,55,cl2vz88mm00043f6c97ce4nes,0,0.719659706651719,0.148087942202292,0.023180586696562,0.0295092177379173
23,560,ckz3vxvyj000v3867zug7yf6g,0,0.4363847583643123,0.6733619888475836,0.028125,0.0354166666666666
23,560,cl2k8llkb00073g6cnsr3ko43,0,0.9709635416666668,0.5201388888888889,0.0328125,0.0395833333333333
23,560,cl2vz88mm00043f6c97ce4nes,0,0.7208391722720477,0.1496605630293971,0.0208216554559043,0.0326544593921275
23,561,ckz3vxvyj000v3867zug7yf6g,0,0.4363905669144981,0.6733542441140025,0.028125,0.0354166666666666
23,561,cl2k8llkb00073g6cnsr3ko43,0,0.970920138888889,0.5202546296296297,0.0328125,0.0395833333333333
23,561,cl2vz88mm00043f6c97ce4nes,0,0.7208415078475336,0.1496636771300448,0.0208169843049327,0.032660687593423
23,562,ckz3vxvyj000v3867zug7yf6g,0,0.436396375464684,0.6733464993804213,0.028125,0.0354166666666666
23,562,cl2k8llkb00073g6cnsr3ko43,0,0.970876736111111,0.5203703703703704,0.0328125,0.0395833333333333
23,562,cl2vz88mm00043f6c97ce4nes,0,0.7208438434230194,0.1496667912306925,0.0208123131539611,0.0326669157947185
23,563,ckz3vxvyj000v3867zug7yf6g,0,0.4364021840148699,0.6733387546468401,0.028125,0.0354166666666666
23,563,cl2k8llkb00073g6cnsr3ko43,0,0.9708333333333334,0.5204861111111111,0.0328125,0.0395833333333332
23,563,cl2vz88mm00043f6c97ce4nes,0,0.7208461789985052,0.1496699053313403,0.0208076420029895,0.0326731439960139
23,564,ckz3vxvyj000v3867zug7yf6g,0,0.4364079925650557,0.673331009913259,0.028125,0.0354166666666666
23,564,cl2k8llkb00073g6cnsr3ko43,0,0.9707899305555556,0.5206018518518519,0.0328125,0.0395833333333333
23,564,cl2vz88mm00043f6c97ce4nes,0,0.720848514573991,0.149673019431988,0.0208029708520179,0.0326793721973094
23,565,ckz3vxvyj000v3867zug7yf6g,0,0.4364138011152416,0.6733232651796778,0.028125,0.0354166666666666
23,565,cl2k8llkb00073g6cnsr3ko43,0,0.9707465277777778,0.5207175925925926,0.0328125,0.0395833333333333
23,565,cl2vz88mm00043f6c97ce4nes,0,0.7208508501494768,0.1496761335326357,0.0207982997010462,0.0326856003986048
23,566,ckz3vxvyj000v3867zug7yf6g,0,0.4364196096654275,0.6733155204460967,0.028125,0.0354166666666666
23,566,cl2k8llkb00073g6cnsr3ko43,0,0.970703125,0.5208333333333334,0.0328125,0.0395833333333333
23,566,cl2vz88mm00043f6c97ce4nes,0,0.7208531857249627,0.1496792476332835,0.0207936285500747,0.0326918285999003
23,567,ckz3vxvyj000v3867zug7yf6g,0,0.4364254182156133,0.6733077757125155,0.028125,0.0354166666666666
23,567,cl2k8llkb00073g6cnsr3ko43,0,0.9706597222222222,0.5209490740740741,0.0328125,0.0395833333333333
23,567,cl2vz88mm00043f6c97ce4nes,0,0.7208555213004484,0.1496823617339312,0.0207889573991031,0.0326980568011958
23,568,ckz3vxvyj000v3867zug7yf6g,0,0.4364312267657992,0.6733000309789343,0.028125,0.0354166666666666
23,568,cl2k8llkb00073g6cnsr3ko43,0,0.9706163194444444,0.5210648148148148,0.0328125,0.0395833333333332
23,568,cl2vz88mm00043f6c97ce4nes,0,0.7208578568759343,0.149685475834579,0.0207842862481315,0.0327042850024912
23,569,ckz3vxvyj000v3867zug7yf6g,0,0.4364370353159851,0.6732922862453531,0.028125,0.0354166666666666
23,569,cl2k8llkb00073g6cnsr3ko43,0,0.9705729166666666,0.5211805555555556,0.0328125,0.0395833333333333
23,569,cl2vz88mm00043f6c97ce4nes,0,0.72086019245142,0.1496885899352267,0.0207796150971599,0.0327105132037867
23,56,ckz3vxvyj000v3867zug7yf6g,0,0.4320677570093458,0.6775798286604361,0.0304322429906542,0.0354166666666666
23,56,cl2k8lcht00033g6cw07bj64y,0,0.79609375,0.5272916666666667,0.0296875,0.0354166666666667
23,56,cl2k8llkb00073g6cnsr3ko43,0,0.9442555147058822,0.5286764705882353,0.0252757352941175,0.0419117647058823
23,56,cl2vz88mm00043f6c97ce4nes,0,0.7196620422272048,0.1480910563029397,0.0231759155455904,0.0295154459392127
23,570,ckz3vxvyj000v3867zug7yf6g,0,0.436442843866171,0.673284541511772,0.028125,0.0354166666666666
23,570,cl2k8llkb00073g6cnsr3ko43,0,0.970529513888889,0.5212962962962963,0.0328125,0.0395833333333333
23,570,cl2vz88mm00043f6c97ce4nes,0,0.7208625280269059,0.1496917040358744,0.0207749439461883,0.0327167414050822
23,571,ckz3vxvyj000v3867zug7yf6g,0,0.4364486524163569,0.6732767967781909,0.028125,0.0354166666666666
23,571,cl2k8llkb00073g6cnsr3ko43,0,0.970486111111111,0.521412037037037,0.0328125,0.0395833333333333
23,571,cl2vz88mm00043f6c97ce4nes,0,0.7208648636023917,0.1496948181365222,0.0207702727952167,0.0327229696063776
23,572,ckz3vxvyj000v3867zug7yf6g,0,0.4364544609665428,0.6732690520446096,0.028125,0.0354166666666666
23,572,cl2k8llkb00073g6cnsr3ko43,0,0.9704427083333332,0.5215277777777777,0.0328125,0.0395833333333332
23,572,cl2vz88mm00043f6c97ce4nes,0,0.7208671991778774,0.1496979322371699,0.0207656016442451,0.0327291978076731
23,573,ckz3vxvyj000v3867zug7yf6g,0,0.4364602695167286,0.6732613073110285,0.028125,0.0354166666666666
23,573,cl2k8llkb00073g6cnsr3ko43,0,0.9703993055555556,0.5216435185185185,0.0328125,0.0395833333333333
23,573,cl2vz88mm00043f6c97ce4nes,0,0.7208695347533632,0.1497010463378176,0.0207609304932735,0.0327354260089686
23,574,ckz3vxvyj000v3867zug7yf6g,0,0.4364660780669145,0.6732535625774473,0.028125,0.0354166666666666
23,574,cl2k8llkb00073g6cnsr3ko43,0,0.9703559027777778,0.5217592592592593,0.0328125,0.0395833333333333
23,574,cl2vz88mm00043f6c97ce4nes,0,0.720871870328849,0.1497041604384653,0.0207562593423019,0.032741654210264
23,575,ckz3vxvyj000v3867zug7yf6g,0,0.4364718866171004,0.6732458178438662,0.028125,0.0354166666666666
23,575,cl2k8llkb00073g6cnsr3ko43,0,0.9703125,0.521875,0.0328125,0.0395833333333333
23,575,cl2vz88mm00043f6c97ce4nes,0,0.7208742059043349,0.1497072745391131,0.0207515881913303,0.0327478824115595
23,576,ckz3vxvyj000v3867zug7yf6g,0,0.4364776951672862,0.673238073110285,0.028125,0.0354166666666666
23,576,cl2k8llkb00073g6cnsr3ko43,0,0.970269097222222,0.5219907407407407,0.0328125,0.0395833333333333
23,576,cl2vz88mm00043f6c97ce4nes,0,0.7208765414798206,0.1497103886397608,0.0207469170403587,0.032754110612855
23,577,ckz3vxvyj000v3867zug7yf6g,0,0.4364835037174721,0.6732303283767038,0.028125,0.0354166666666666
23,577,cl2k8llkb00073g6cnsr3ko43,0,0.9702256944444444,0.5221064814814814,0.0328125,0.0395833333333332
23,577,cl2vz88mm00043f6c97ce4nes,0,0.7208788770553064,0.1497135027404085,0.0207422458893871,0.0327603388141504
23,578,ckz3vxvyj000v3867zug7yf6g,0,0.436489312267658,0.6732225836431226,0.028125,0.0354166666666666
23,578,cl2k8llkb00073g6cnsr3ko43,0,0.9701822916666666,0.5222222222222223,0.0328125,0.0395833333333333
23,578,cl2vz88mm00043f6c97ce4nes,0,0.7208812126307922,0.1497166168410563,0.0207375747384155,0.0327665670154459
23,579,ckz3vxvyj000v3867zug7yf6g,0,0.4364951208178438,0.6732148389095415,0.028125,0.0354166666666666
23,579,cl2k8llkb00073g6cnsr3ko43,0,0.9701388888888888,0.522337962962963,0.0328125,0.0395833333333333
23,579,cl2vz88mm00043f6c97ce4nes,0,0.7208835482062781,0.149719730941704,0.0207329035874439,0.0327727952167413
23,57,ckz3vxvyj000v3867zug7yf6g,0,0.4320823598130842,0.677570093457944,0.0304176401869159,0.0354166666666666
23,57,cl2k8lcht00033g6cw07bj64y,0,0.79765625,0.5264583333333334,0.0296875,0.0354166666666666
23,57,cl2k8llkb00073g6cnsr3ko43,0,0.9438878676470588,0.5283700980392158,0.0256433823529411,0.0415441176470587
23,57,cl2vz88mm00043f6c97ce4nes,0,0.7196643778026905,0.1480941704035874,0.0231712443946188,0.0295216741405082
23,580,ckz3vxvyj000v3867zug7yf6g,0,0.4365009293680297,0.6732070941759604,0.028125,0.0354166666666666
23,580,cl2k8llkb00073g6cnsr3ko43,0,0.9700954861111112,0.5224537037037037,0.0328125,0.0395833333333333
23,580,cl2vz88mm00043f6c97ce4nes,0,0.7208858837817639,0.1497228450423517,0.0207282324364723,0.0327790234180368
23,581,ckz3vxvyj000v3867zug7yf6g,0,0.4365067379182156,0.6731993494423792,0.028125,0.0354166666666666
23,581,cl2k8llkb00073g6cnsr3ko43,0,0.9700520833333334,0.5225694444444444,0.0328125,0.0395833333333332
23,581,cl2vz88mm00043f6c97ce4nes,0,0.7208882193572496,0.1497259591429995,0.0207235612855007,0.0327852516193323
23,582,ckz3vxvyj000v3867zug7yf6g,0,0.4365125464684015,0.673191604708798,0.028125,0.0354166666666666
23,582,cl2k8llkb00073g6cnsr3ko43,0,0.9700086805555556,0.5226851851851853,0.0328125,0.0395833333333333
23,582,cl2vz88mm00043f6c97ce4nes,0,0.7208905549327355,0.1497290732436472,0.0207188901345291,0.0327914798206278
23,583,ckz3vxvyj000v3867zug7yf6g,0,0.4365183550185874,0.6731838599752168,0.028125,0.0354166666666666
23,583,cl2k8llkb00073g6cnsr3ko43,0,0.969965277777778,0.522800925925926,0.0328125,0.0395833333333333
23,583,cl2vz88mm00043f6c97ce4nes,0,0.7208928905082213,0.1497321873442949,0.0207142189835575,0.0327977080219232
23,584,ckz3vxvyj000v3867zug7yf6g,0,0.4365241635687732,0.6731761152416358,0.028125,0.0354166666666666
23,584,cl2k8llkb00073g6cnsr3ko43,0,0.969921875,0.5229166666666667,0.0328125,0.0395833333333333
23,584,cl2vz88mm00043f6c97ce4nes,0,0.720895226083707,0.1497353014449426,0.0207095478325859,0.0328039362232187
23,585,ckz3vxvyj000v3867zug7yf6g,0,0.4365299721189591,0.6731683705080546,0.028125,0.0354166666666666
23,585,cl2k8llkb00073g6cnsr3ko43,0,0.969878472222222,0.5230324074074074,0.0328125,0.0395833333333333
23,585,cl2vz88mm00043f6c97ce4nes,0,0.7208975616591928,0.1497384155455904,0.0207048766816143,0.0328101644245141
23,586,ckz3vxvyj000v3867zug7yf6g,0,0.436535780669145,0.6731606257744733,0.028125,0.0354166666666666
23,586,cl2k8llkb00073g6cnsr3ko43,0,0.9698350694444444,0.5231481481481481,0.0328125,0.0395833333333332
23,586,cl2vz88mm00043f6c97ce4nes,0,0.7208998972346786,0.1497415296462381,0.0207002055306427,0.0328163926258096
23,587,ckz3vxvyj000v3867zug7yf6g,0,0.4365415892193308,0.6731528810408922,0.028125,0.0354166666666666
23,587,cl2k8llkb00073g6cnsr3ko43,0,0.9697916666666666,0.523263888888889,0.0328125,0.0395833333333333
23,587,cl2vz88mm00043f6c97ce4nes,0,0.7209022328101644,0.1497446437468858,0.0206955343796711,0.0328226208271051
23,588,ckz3vxvyj000v3867zug7yf6g,0,0.4365473977695167,0.673145136307311,0.028125,0.0354166666666666
23,588,cl2k8llkb00073g6cnsr3ko43,0,0.9697482638888888,0.5233796296296297,0.0328125,0.0395833333333333
23,588,cl2vz88mm00043f6c97ce4nes,0,0.7209045683856502,0.1497477578475336,0.0206908632286995,0.0328288490284005
23,589,ckz3vxvyj000v3867zug7yf6g,0,0.4365532063197026,0.6731373915737299,0.028125,0.0354166666666666
23,589,cl2k8llkb00073g6cnsr3ko43,0,0.9697048611111112,0.5234953703703703,0.0328125,0.0395833333333333
23,589,cl2vz88mm00043f6c97ce4nes,0,0.7209069039611361,0.1497508719481813,0.0206861920777279,0.032835077229696
23,58,ckz3vxvyj000v3867zug7yf6g,0,0.4320969626168224,0.6775603582554517,0.0304030373831776,0.0354166666666666
23,58,cl2k8lcht00033g6cw07bj64y,0,0.79921875,0.525625,0.0296875,0.0354166666666666
23,58,cl2k8llkb00073g6cnsr3ko43,0,0.9435202205882351,0.5280637254901961,0.0260110294117646,0.0411764705882353
23,58,cl2vz88mm00043f6c97ce4nes,0,0.7196667133781764,0.1480972845042351,0.0231665732436471,0.0295279023418036
23,590,ckz3vxvyj000v3867zug7yf6g,0,0.4365590148698884,0.6731296468401488,0.028125,0.0354166666666666
23,590,cl2k8llkb00073g6cnsr3ko43,0,0.9696614583333334,0.523611111111111,0.0328125,0.0395833333333332
23,590,cl2vz88mm00043f6c97ce4nes,0,0.7209092395366218,0.1497539860488291,0.0206815209267563,0.0328413054309915
23,591,ckz3vxvyj000v3867zug7yf6g,0,0.4365648234200743,0.6731219021065675,0.028125,0.0354166666666666
23,591,cl2k8llkb00073g6cnsr3ko43,0,0.9696180555555556,0.5237268518518519,0.0328125,0.0395833333333333
23,591,cl2vz88mm00043f6c97ce4nes,0,0.7209115751121076,0.1497571001494768,0.0206768497757847,0.032847533632287
23,592,ckz3vxvyj000v3867zug7yf6g,0,0.4365706319702602,0.6731141573729863,0.028125,0.0354166666666666
23,592,cl2k8llkb00073g6cnsr3ko43,0,0.969574652777778,0.5238425925925926,0.0328125,0.0395833333333333
23,592,cl2vz88mm00043f6c97ce4nes,0,0.7209139106875935,0.1497602142501245,0.0206721786248131,0.0328537618335824
23,593,ckz3vxvyj000v3867zug7yf6g,0,0.4365764405204461,0.6731064126394053,0.028125,0.0354166666666666
23,593,cl2k8llkb00073g6cnsr3ko43,0,0.96953125,0.5239583333333333,0.0328125,0.0395833333333333
23,593,cl2vz88mm00043f6c97ce4nes,0,0.7209162462630793,0.1497633283507723,0.0206675074738415,0.0328599900348779
23,594,ckz3vxvyj000v3867zug7yf6g,0,0.436582249070632,0.6730986679058241,0.028125,0.0354166666666666
23,594,cl2k8llkb00073g6cnsr3ko43,0,0.9695972711267606,0.523899647887324,0.0328125,0.0395833333333333
23,594,cl2vz88mm00043f6c97ce4nes,0,0.720918581838565,0.14976644245142,0.0206628363228699,0.0328662182361733
23,595,ckz3vxvyj000v3867zug7yf6g,0,0.4365880576208178,0.6730909231722428,0.028125,0.0354166666666666
23,595,cl2k8llkb00073g6cnsr3ko43,0,0.9696632922535212,0.5238409624413145,0.0328125,0.0395833333333333
23,595,cl2vz88mm00043f6c97ce4nes,0,0.7209209174140507,0.1497695565520677,0.0206581651718983,0.0328724464374688
23,596,ckz3vxvyj000v3867zug7yf6g,0,0.4365938661710037,0.6730831784386617,0.028125,0.0354166666666666
23,596,cl2k8llkb00073g6cnsr3ko43,0,0.9697293133802816,0.5237822769953052,0.0328125,0.0395833333333333
23,596,cl2vz88mm00043f6c97ce4nes,0,0.7209232529895366,0.1497726706527155,0.0206534940209267,0.0328786746387643
23,597,ckz3vxvyj000v3867zug7yf6g,0,0.4365996747211896,0.6730754337050805,0.028125,0.0354166666666666
23,597,cl2k8llkb00073g6cnsr3ko43,0,0.9697953345070424,0.5237235915492957,0.0328125,0.0395833333333332
23,597,cl2vz88mm00043f6c97ce4nes,0,0.7209255885650224,0.1497757847533632,0.0206488228699551,0.0328849028400598
23,598,ckz3vxvyj000v3867zug7yf6g,0,0.4366054832713755,0.6730676889714994,0.028125,0.0354166666666666
23,598,cl2k8llkb00073g6cnsr3ko43,0,0.9698613556338028,0.5236649061032864,0.0328125,0.0395833333333333
23,598,cl2vz88mm00043f6c97ce4nes,0,0.7209279241405082,0.1497788988540109,0.0206441517189835,0.0328911310413552
23,599,ckz3vxvyj000v3867zug7yf6g,0,0.4366112918215613,0.6730599442379183,0.028125,0.0354166666666666
23,599,cl2k8llkb00073g6cnsr3ko43,0,0.9699273767605634,0.5236062206572769,0.0328125,0.0395833333333332
23,599,cl2vz88mm00043f6c97ce4nes,0,0.720930259715994,0.1497820129546587,0.0206394805680119,0.0328973592426507
23,59,ckz3vxvyj000v3867zug7yf6g,0,0.4321115654205608,0.6775506230529594,0.0303884345794392,0.0354166666666666
23,59,cl2k8lcht00033g6cw07bj64y,0,0.80078125,0.5247916666666667,0.0296875,0.0354166666666666
23,59,cl2k8llkb00073g6cnsr3ko43,0,0.9431525735294116,0.5277573529411764,0.0263786764705882,0.0408088235294117
23,59,cl2vz88mm00043f6c97ce4nes,0,0.7196690489536621,0.1481003986048829,0.0231619020926756,0.0295341305430991
23,5,ckz3vxvyj000v3867zug7yf6g,0,0.4313230140186915,0.678076323987539,0.0311769859813083,0.0354166666666666
23,5,cl2k8lcht00033g6cw07bj64y,0,0.71484375,0.5958333333333333,0.0328125,0.0333333333333333
23,5,cl2k8llkb00073g6cnsr3ko43,0,0.9498621323529411,0.5148284313725491,0.0306985294117646,0.031985294117647
23,5,cl2vz88mm00043f6c97ce4nes,0,0.719542927877429,0.1479322371699053,0.0234141442451419,0.0291978076731439
23,600,ckz3vxvyj000v3867zug7yf6g,0,0.4366171003717472,0.673052199504337,0.028125,0.0354166666666666
23,600,cl2k8llkb00073g6cnsr3ko43,0,0.969993397887324,0.5235475352112676,0.0328125,0.0395833333333333
23,600,cl2vz88mm00043f6c97ce4nes,0,0.7209325952914798,0.1497851270553064,0.0206348094170403,0.0329035874439461
23,601,ckz3vxvyj000v3867zug7yf6g,0,0.4366229089219331,0.6730444547707558,0.028125,0.0354166666666666
23,601,cl2k8llkb00073g6cnsr3ko43,0,0.9700594190140844,0.5234888497652582,0.0328125,0.0395833333333333
23,601,cl2vz88mm00043f6c97ce4nes,0,0.7209349308669657,0.1497882411559541,0.0206301382660687,0.0329098156452416
23,602,ckz3vxvyj000v3867zug7yf6g,0,0.4366287174721189,0.6730367100371748,0.028125,0.0354166666666666
23,602,cl2k8llkb00073g6cnsr3ko43,0,0.970125440140845,0.5234301643192488,0.0328125,0.0395833333333333
23,602,cl2vz88mm00043f6c97ce4nes,0,0.7209372664424514,0.1497913552566019,0.0206254671150971,0.0329160438465371
23,603,ckz3vxvyj000v3867zug7yf6g,0,0.4366345260223048,0.6730289653035936,0.028125,0.0354166666666666
23,603,cl2k8llkb00073g6cnsr3ko43,0,0.9701914612676056,0.5233714788732394,0.0328125,0.0395833333333333
23,603,cl2vz88mm00043f6c97ce4nes,0,0.7209396020179373,0.1497944693572496,0.0206207959641255,0.0329222720478325
23,604,ckz3vxvyj000v3867zug7yf6g,0,0.4366403345724907,0.6730212205700123,0.028125,0.0354166666666666
23,604,cl2k8llkb00073g6cnsr3ko43,0,0.9702574823943662,0.52331279342723,0.0328125,0.0395833333333332
23,604,cl2vz88mm00043f6c97ce4nes,0,0.720941937593423,0.1497975834578973,0.020616124813154,0.032928500249128
23,605,ckz3vxvyj000v3867zug7yf6g,0,0.4366461431226766,0.6730134758364312,0.028125,0.0354166666666666
23,605,cl2k8llkb00073g6cnsr3ko43,0,0.9703235035211268,0.5232541079812206,0.0328125,0.0395833333333333
23,605,cl2vz88mm00043f6c97ce4nes,0,0.7209442731689089,0.149800697558545,0.0206114536621823,0.0329347284504235
23,606,ckz3vxvyj000v3867zug7yf6g,0,0.4366519516728624,0.67300573110285,0.028125,0.0354166666666666
23,606,cl2k8llkb00073g6cnsr3ko43,0,0.9703895246478874,0.5231954225352113,0.0328125,0.0395833333333333
23,606,cl2vz88mm00043f6c97ce4nes,0,0.7209466087443946,0.1498038116591928,0.0206067825112107,0.032940956651719
23,607,ckz3vxvyj000v3867zug7yf6g,0,0.4366577602230483,0.6729979863692689,0.028125,0.0354166666666666
23,607,cl2k8llkb00073g6cnsr3ko43,0,0.9704555457746478,0.5231367370892018,0.0328125,0.0395833333333333
23,607,cl2vz88mm00043f6c97ce4nes,0,0.7209489443198804,0.1498069257598405,0.0206021113602391,0.0329471848530144
23,608,ckz3vxvyj000v3867zug7yf6g,0,0.4366635687732342,0.6729902416356878,0.028125,0.0354166666666666
23,608,cl2k8llkb00073g6cnsr3ko43,0,0.9705215669014085,0.5230780516431925,0.0328125,0.0395833333333333
23,608,cl2vz88mm00043f6c97ce4nes,0,0.7209512798953662,0.1498100398604882,0.0205974402092675,0.0329534130543099
23,609,ckz3vxvyj000v3867zug7yf6g,0,0.4366693773234201,0.6729824969021065,0.028125,0.0354166666666666
23,609,cl2k8llkb00073g6cnsr3ko43,0,0.970587588028169,0.523019366197183,0.0328125,0.0395833333333333
23,609,cl2vz88mm00043f6c97ce4nes,0,0.720953615470852,0.149813153961136,0.0205927690582959,0.0329596412556053
23,60,ckz3vxvyj000v3867zug7yf6g,0,0.432126168224299,0.6775408878504673,0.0303738317757009,0.0354166666666666
23,60,cl2k8lcht00033g6cw07bj64y,0,0.80234375,0.5239583333333333,0.0296875,0.0354166666666666
23,60,cl2k8llkb00073g6cnsr3ko43,0,0.9427849264705884,0.5274509803921569,0.0267463235294117,0.0404411764705882
23,60,cl2vz88mm00043f6c97ce4nes,0,0.719671384529148,0.1481035127055306,0.023157230941704,0.0295403587443946
23,610,ckz3vxvyj000v3867zug7yf6g,0,0.436675185873606,0.6729747521685253,0.028125,0.0354166666666666
23,610,cl2k8llkb00073g6cnsr3ko43,0,0.9706536091549296,0.5229606807511737,0.0328125,0.0395833333333333
23,610,cl2vz88mm00043f6c97ce4nes,0,0.7209559510463379,0.1498162680617837,0.0205880979073243,0.0329658694569008
23,611,ckz3vxvyj000v3867zug7yf6g,0,0.4366809944237918,0.6729670074349443,0.028125,0.0354166666666666
23,611,cl2k8llkb00073g6cnsr3ko43,0,0.9707196302816902,0.5229019953051642,0.0328125,0.0395833333333332
23,611,cl2vz88mm00043f6c97ce4nes,0,0.7209582866218236,0.1498193821624314,0.0205834267563528,0.0329720976581963
23,612,ckz3vxvyj000v3867zug7yf6g,0,0.4366868029739777,0.6729592627013631,0.028125,0.0354166666666666
23,612,cl2k8llkb00073g6cnsr3ko43,0,0.9707856514084507,0.522843309859155,0.0328125,0.0395833333333333
23,612,cl2vz88mm00043f6c97ce4nes,0,0.7209606221973094,0.1498224962630792,0.0205787556053811,0.0329783258594917
23,613,ckz3vxvyj000v3867zug7yf6g,0,0.4366926115241636,0.6729515179677819,0.028125,0.0354166666666666
23,613,cl2k8llkb00073g6cnsr3ko43,0,0.9708516725352112,0.5227846244131455,0.0328125,0.0395833333333333
23,613,cl2vz88mm00043f6c97ce4nes,0,0.7209629577727952,0.1498256103637269,0.0205740844544095,0.0329845540607872
23,614,ckz3vxvyj000v3867zug7yf6g,0,0.4366984200743494,0.6729437732342007,0.028125,0.0354166666666666
23,614,cl2k8llkb00073g6cnsr3ko43,0,0.9709176936619718,0.5227259389671362,0.0328125,0.0395833333333333
23,614,cl2vz88mm00043f6c97ce4nes,0,0.7209652933482811,0.1498287244643746,0.0205694133034379,0.0329907822620827
23,615,ckz3vxvyj000v3867zug7yf6g,0,0.4367042286245353,0.6729360285006195,0.028125,0.0354166666666666
23,615,cl2k8llkb00073g6cnsr3ko43,0,0.9709837147887324,0.5226672535211268,0.0328125,0.0395833333333333
23,615,cl2vz88mm00043f6c97ce4nes,0,0.7209676289237669,0.1498318385650224,0.0205647421524663,0.0329970104633781
23,616,ckz3vxvyj000v3867zug7yf6g,0,0.4367100371747212,0.6729282837670384,0.028125,0.0354166666666666
23,616,cl2k8llkb00073g6cnsr3ko43,0,0.971049735915493,0.5226085680751174,0.0328125,0.0395833333333332
23,616,cl2vz88mm00043f6c97ce4nes,0,0.7209699644992525,0.1498349526656701,0.0205600710014947,0.0330032386646736
23,617,ckz3vxvyj000v3867zug7yf6g,0,0.436715845724907,0.6729205390334573,0.028125,0.0354166666666666
23,617,cl2k8llkb00073g6cnsr3ko43,0,0.9711157570422536,0.522549882629108,0.0328125,0.0395833333333333
23,617,cl2vz88mm00043f6c97ce4nes,0,0.7209723000747384,0.1498380667663179,0.0205553998505231,0.0330094668659691
23,618,ckz3vxvyj000v3867zug7yf6g,0,0.4367216542750929,0.672912794299876,0.028125,0.0354166666666666
23,618,cl2k8llkb00073g6cnsr3ko43,0,0.971181778169014,0.5224911971830986,0.0328125,0.0395833333333332
23,618,cl2vz88mm00043f6c97ce4nes,0,0.7209746356502242,0.1498411808669656,0.0205507286995516,0.0330156950672645
23,619,ckz3vxvyj000v3867zug7yf6g,0,0.4367274628252787,0.6729050495662949,0.028125,0.0354166666666666
23,619,cl2k8llkb00073g6cnsr3ko43,0,0.9712477992957746,0.5224325117370892,0.0328125,0.0395833333333333
23,619,cl2vz88mm00043f6c97ce4nes,0,0.72097697122571,0.1498442949676133,0.0205460575485799,0.03302192326856
23,61,ckz3vxvyj000v3867zug7yf6g,0,0.4321407710280374,0.677531152647975,0.0303592289719626,0.0354166666666666
23,61,cl2k8lcht00033g6cw07bj64y,0,0.8013020833333334,0.5197916666666667,0.0296875,0.0354166666666666
23,61,cl2k8llkb00073g6cnsr3ko43,0,0.9424172794117648,0.5271446078431372,0.0271139705882353,0.0400735294117646
23,61,cl2vz88mm00043f6c97ce4nes,0,0.7196737201046337,0.1481066268061784,0.0231525597907324,0.02954658694569
23,620,ckz3vxvyj000v3867zug7yf6g,0,0.4367332713754647,0.6728973048327138,0.028125,0.0354166666666666
23,620,cl2k8llkb00073g6cnsr3ko43,0,0.9713138204225352,0.5223738262910799,0.0328125,0.0395833333333333
23,620,cl2vz88mm00043f6c97ce4nes,0,0.7209793068011958,0.149847409068261,0.0205413863976083,0.0330281514698555
23,621,ckz3vxvyj000v3867zug7yf6g,0,0.4367390799256506,0.6728895600991326,0.028125,0.0354166666666666
23,621,cl2k8llkb00073g6cnsr3ko43,0,0.9713798415492958,0.5223151408450704,0.0328125,0.0395833333333333
23,621,cl2vz88mm00043f6c97ce4nes,0,0.7209816423766816,0.1498505231689088,0.0205367152466367,0.0330343796711509
23,622,ckz3vxvyj000v3867zug7yf6g,0,0.4367448884758363,0.6728818153655515,0.028125,0.0354166666666666
23,622,cl2k8llkb00073g6cnsr3ko43,0,0.9714458626760564,0.5222564553990611,0.0328125,0.0395833333333333
23,622,cl2vz88mm00043f6c97ce4nes,0,0.7209839779521674,0.1498536372695565,0.0205320440956652,0.0330406078724464
23,623,ckz3vxvyj000v3867zug7yf6g,0,0.4367506970260223,0.6728740706319702,0.028125,0.0354166666666666
23,623,cl2k8llkb00073g6cnsr3ko43,0,0.971511883802817,0.5221977699530516,0.0328125,0.0395833333333332
23,623,cl2vz88mm00043f6c97ce4nes,0,0.7209863135276532,0.1498567513702043,0.0205273729446935,0.0330468360737419
23,624,ckz3vxvyj000v3867zug7yf6g,0,0.4367565055762082,0.672866325898389,0.028125,0.0354166666666666
23,624,cl2k8llkb00073g6cnsr3ko43,0,0.9715779049295774,0.5221390845070423,0.0328125,0.0395833333333333
23,624,cl2vz88mm00043f6c97ce4nes,0,0.7209886491031391,0.149859865470852,0.0205227017937219,0.0330530642750373
23,625,ckz3vxvyj000v3867zug7yf6g,0,0.436762314126394,0.672858581164808,0.028125,0.0354166666666666
23,625,cl2k8llkb00073g6cnsr3ko43,0,0.971643926056338,0.5220803990610328,0.0328125,0.0395833333333332
23,625,cl2vz88mm00043f6c97ce4nes,0,0.7209909846786248,0.1498629795714997,0.0205180306427504,0.0330592924763328
23,626,ckz3vxvyj000v3867zug7yf6g,0,0.4367681226765799,0.6728508364312268,0.028125,0.0354166666666666
23,626,cl2k8llkb00073g6cnsr3ko43,0,0.9717099471830986,0.5220217136150235,0.0328125,0.0395833333333333
23,626,cl2vz88mm00043f6c97ce4nes,0,0.7209933202541106,0.1498660936721474,0.0205133594917787,0.0330655206776283
23,627,ckz3vxvyj000v3867zug7yf6g,0,0.4367739312267658,0.6728430916976456,0.028125,0.0354166666666666
23,627,cl2k8llkb00073g6cnsr3ko43,0,0.9717759683098592,0.5219630281690141,0.0328125,0.0395833333333333
23,627,cl2vz88mm00043f6c97ce4nes,0,0.7209956558295965,0.1498692077727952,0.0205086883408071,0.0330717488789237
23,628,ckz3vxvyj000v3867zug7yf6g,0,0.4367797397769516,0.6728353469640644,0.028125,0.0354166666666666
23,628,cl2k8llkb00073g6cnsr3ko43,0,0.9718419894366198,0.5219043427230047,0.0328125,0.0395833333333333
23,628,cl2vz88mm00043f6c97ce4nes,0,0.7209979914050823,0.1498723218734429,0.0205040171898355,0.0330779770802192
23,629,ckz3vxvyj000v3867zug7yf6g,0,0.4367855483271375,0.6728276022304833,0.028125,0.0354166666666666
23,629,cl2k8llkb00073g6cnsr3ko43,0,0.9719080105633802,0.5218456572769953,0.0328125,0.0395833333333333
23,629,cl2vz88mm00043f6c97ce4nes,0,0.721000326980568,0.1498754359740906,0.020499346038864,0.0330842052815146
23,62,ckz3vxvyj000v3867zug7yf6g,0,0.4321553738317757,0.6775214174454829,0.0303446261682243,0.0354166666666666
23,62,cl2k8lcht00033g6cw07bj64y,0,0.8002604166666666,0.515625,0.0296874999999999,0.0354166666666666
23,62,cl2k8llkb00073g6cnsr3ko43,0,0.9420496323529411,0.5268382352941177,0.0274816176470588,0.0397058823529412
23,62,cl2vz88mm00043f6c97ce4nes,0,0.7196760556801196,0.1481097409068261,0.0231478886397608,0.0295528151469855
23,630,ckz3vxvyj000v3867zug7yf6g,0,0.4367913568773234,0.6728198574969021,0.028125,0.0354166666666666
23,630,cl2k8llkb00073g6cnsr3ko43,0,0.9719740316901408,0.5217869718309859,0.0328125,0.0395833333333332
23,630,cl2vz88mm00043f6c97ce4nes,0,0.7210026625560537,0.1498785500747384,0.0204946748878923,0.0330904334828101
23,631,ckz3vxvyj000v3867zug7yf6g,0,0.4367971654275092,0.672812112763321,0.028125,0.0354166666666666
23,631,cl2k8llkb00073g6cnsr3ko43,0,0.9720400528169014,0.5217282863849765,0.0328125,0.0395833333333333
23,631,cl2vz88mm00043f6c97ce4nes,0,0.7210049981315396,0.1498816641753861,0.0204900037369207,0.0330966616841056
23,632,ckz3vxvyj000v3867zug7yf6g,0,0.4368029739776952,0.6728043680297398,0.028125,0.0354166666666666
23,632,cl2k8llkb00073g6cnsr3ko43,0,0.972106073943662,0.5216696009389672,0.0328125,0.0395833333333333
23,632,cl2vz88mm00043f6c97ce4nes,0,0.7210073337070254,0.1498847782760339,0.0204853325859491,0.033102889885401
23,633,ckz3vxvyj000v3867zug7yf6g,0,0.4368087825278811,0.6727966232961585,0.028125,0.0354166666666666
23,633,cl2k8llkb00073g6cnsr3ko43,0,0.9721720950704226,0.5216109154929577,0.0328125,0.0395833333333333
23,633,cl2vz88mm00043f6c97ce4nes,0,0.7210096692825112,0.1498878923766816,0.0204806614349776,0.0331091180866965
23,634,ckz3vxvyj000v3867zug7yf6g,0,0.4368145910780668,0.6727888785625775,0.028125,0.0354166666666666
23,634,cl2k8llkb00073g6cnsr3ko43,0,0.972238116197183,0.5215522300469484,0.0328125,0.0395833333333333
23,634,cl2vz88mm00043f6c97ce4nes,0,0.721012004857997,0.1498910064773293,0.0204759902840059,0.033115346287992
23,635,ckz3vxvyj000v3867zug7yf6g,0,0.4368203996282528,0.6727811338289963,0.028125,0.0354166666666666
23,635,cl2k8llkb00073g6cnsr3ko43,0,0.9723041373239436,0.5214935446009389,0.0328125,0.0395833333333332
23,635,cl2vz88mm00043f6c97ce4nes,0,0.7210143404334828,0.1498941205779771,0.0204713191330343,0.0331215744892875
23,636,ckz3vxvyj000v3867zug7yf6g,0,0.4368262081784387,0.6727733890954151,0.028125,0.0354166666666666
23,636,cl2k8llkb00073g6cnsr3ko43,0,0.9723701584507042,0.5214348591549296,0.0328125,0.0395833333333333
23,636,cl2vz88mm00043f6c97ce4nes,0,0.7210166760089687,0.1498972346786247,0.0204666479820628,0.0331278026905829
23,637,ckz3vxvyj000v3867zug7yf6g,0,0.4368320167286245,0.672765644361834,0.028125,0.0354166666666666
23,637,cl2k8llkb00073g6cnsr3ko43,0,0.9724361795774648,0.5213761737089201,0.0328125,0.0395833333333332
23,637,cl2vz88mm00043f6c97ce4nes,0,0.7210190115844544,0.1499003487792725,0.0204619768310911,0.0331340308918784
23,638,ckz3vxvyj000v3867zug7yf6g,0,0.4368378252788104,0.6727578996282528,0.028125,0.0354166666666666
23,638,cl2k8llkb00073g6cnsr3ko43,0,0.9725022007042254,0.5213174882629108,0.0328125,0.0395833333333333
23,638,cl2vz88mm00043f6c97ce4nes,0,0.7210213471599403,0.1499034628799203,0.0204573056801195,0.0331402590931738
23,639,ckz3vxvyj000v3867zug7yf6g,0,0.4368436338289963,0.6727501548946716,0.028125,0.0354166666666666
23,639,cl2k8llkb00073g6cnsr3ko43,0,0.972568221830986,0.5212588028169015,0.0328125,0.0395833333333333
23,639,cl2vz88mm00043f6c97ce4nes,0,0.7210236827354259,0.149906576980568,0.0204526345291479,0.0331464872944693
23,63,ckz3vxvyj000v3867zug7yf6g,0,0.432169976635514,0.6775116822429906,0.030330023364486,0.0354166666666666
23,63,cl2k8lcht00033g6cw07bj64y,0,0.79921875,0.5114583333333333,0.0296875,0.0354166666666666
23,63,cl2k8llkb00073g6cnsr3ko43,0,0.9416819852941176,0.5265318627450981,0.0278492647058824,0.0393382352941176
23,63,cl2vz88mm00043f6c97ce4nes,0,0.7196783912556054,0.1481128550074738,0.0231432174887892,0.029559043348281
23,640,ckz3vxvyj000v3867zug7yf6g,0,0.4368494423791821,0.6727424101610905,0.028125,0.0354166666666666
23,640,cl2k8llkb00073g6cnsr3ko43,0,0.9726342429577464,0.521200117370892,0.0328125,0.0395833333333333
23,640,cl2vz88mm00043f6c97ce4nes,0,0.7210260183109118,0.1499096910812157,0.0204479633781764,0.0331527154957648
23,641,ckz3vxvyj000v3867zug7yf6g,0,0.436855250929368,0.6727346654275093,0.028125,0.0354166666666666
23,641,cl2k8llkb00073g6cnsr3ko43,0,0.972700264084507,0.5211414319248827,0.0328125,0.0395833333333333
23,641,cl2vz88mm00043f6c97ce4nes,0,0.7210283538863976,0.1499128051818634,0.0204432922272047,0.0331589436970602
23,642,ckz3vxvyj000v3867zug7yf6g,0,0.4368610594795539,0.672726920693928,0.028125,0.0354166666666666
23,642,cl2k8llkb00073g6cnsr3ko43,0,0.9727662852112676,0.5210827464788732,0.0328125,0.0395833333333332
23,642,cl2vz88mm00043f6c97ce4nes,0,0.7210306894618834,0.1499159192825112,0.0204386210762331,0.0331651718983557
23,643,ckz3vxvyj000v3867zug7yf6g,0,0.4368668680297397,0.672719175960347,0.028125,0.0354166666666666
23,643,cl2k8llkb00073g6cnsr3ko43,0,0.9728323063380282,0.5210240610328639,0.0328125,0.0395833333333333
23,643,cl2vz88mm00043f6c97ce4nes,0,0.7210330250373692,0.1499190333831589,0.0204339499252616,0.0331714000996512
23,644,ckz3vxvyj000v3867zug7yf6g,0,0.4368726765799257,0.6727114312267658,0.028125,0.0354166666666666
23,644,cl2k8llkb00073g6cnsr3ko43,0,0.9728983274647888,0.5209653755868544,0.0328125,0.0395833333333332
23,644,cl2vz88mm00043f6c97ce4nes,0,0.721035360612855,0.1499221474838066,0.0204292787742899,0.0331776283009466
23,645,ckz3vxvyj000v3867zug7yf6g,0,0.4368784851301115,0.6727036864931846,0.028125,0.0354166666666666
23,645,cl2k8llkb00073g6cnsr3ko43,0,0.9729643485915492,0.5209066901408451,0.0328125,0.0395833333333333
23,645,cl2vz88mm00043f6c97ce4nes,0,0.7210376961883409,0.1499252615844544,0.0204246076233183,0.0331838565022421
23,646,ckz3vxvyj000v3867zug7yf6g,0,0.4368842936802973,0.6726959417596035,0.028125,0.0354166666666666
23,646,cl2k8llkb00073g6cnsr3ko43,0,0.9730303697183098,0.5208480046948357,0.0328125,0.0395833333333333
23,646,cl2vz88mm00043f6c97ce4nes,0,0.7210400317638266,0.1499283756851021,0.0204199364723467,0.0331900847035376
23,647,ckz3vxvyj000v3867zug7yf6g,0,0.4368901022304833,0.6726881970260223,0.028125,0.0354166666666666
23,647,cl2k8llkb00073g6cnsr3ko43,0,0.9730963908450704,0.5207893192488263,0.0328125,0.0395833333333333
23,647,cl2vz88mm00043f6c97ce4nes,0,0.7210423673393124,0.1499314897857498,0.0204152653213752,0.033196312904833
23,648,ckz3vxvyj000v3867zug7yf6g,0,0.4368959107806692,0.6726804522924411,0.028125,0.0354166666666666
23,648,cl2k8llkb00073g6cnsr3ko43,0,0.973162411971831,0.5207306338028169,0.0328125,0.0395833333333333
23,648,cl2vz88mm00043f6c97ce4nes,0,0.7210447029147982,0.1499346038863976,0.0204105941704035,0.0332025411061285
23,649,ckz3vxvyj000v3867zug7yf6g,0,0.436901719330855,0.67267270755886,0.028125,0.0354166666666666
23,649,cl2k8llkb00073g6cnsr3ko43,0,0.9732284330985916,0.5206719483568075,0.0328125,0.0395833333333332
23,649,cl2vz88mm00043f6c97ce4nes,0,0.7210470384902841,0.1499377179870453,0.0204059230194319,0.033208769307424
23,64,ckz3vxvyj000v3867zug7yf6g,0,0.4321845794392523,0.6775019470404985,0.0303154205607476,0.0354166666666666
23,64,cl2k8lcht00033g6cw07bj64y,0,0.80140625,0.509375,0.0296875,0.0354166666666666
23,64,cl2k8llkb00073g6cnsr3ko43,0,0.9413143382352942,0.5262254901960784,0.0282169117647059,0.038970588235294
23,64,cl2vz88mm00043f6c97ce4nes,0,0.7196807268310912,0.1481159691081215,0.0231385463378176,0.0295652715495764
23,650,ckz3vxvyj000v3867zug7yf6g,0,0.4369075278810409,0.6726649628252788,0.028125,0.0354166666666666
23,650,cl2k8llkb00073g6cnsr3ko43,0,0.9732944542253522,0.5206132629107981,0.0328125,0.0395833333333333
23,650,cl2vz88mm00043f6c97ce4nes,0,0.7210493740657699,0.149940832087693,0.0204012518684604,0.0332149975087194
23,651,ckz3vxvyj000v3867zug7yf6g,0,0.4369133364312268,0.6726572180916975,0.028125,0.0354166666666666
23,651,cl2k8llkb00073g6cnsr3ko43,0,0.9733604753521126,0.5205545774647887,0.0328125,0.0395833333333332
23,651,cl2vz88mm00043f6c97ce4nes,0,0.7210517096412555,0.1499439461883408,0.0203965807174888,0.0332212257100149
23,652,ckz3vxvyj000v3867zug7yf6g,0,0.4369191449814126,0.6726494733581165,0.028125,0.0354166666666666
23,652,cl2k8llkb00073g6cnsr3ko43,0,0.9734264964788732,0.5204958920187793,0.0328125,0.0395833333333333
23,652,cl2vz88mm00043f6c97ce4nes,0,0.7210540452167414,0.1499470602889885,0.0203919095665171,0.0332274539113104
23,653,ckz3vxvyj000v3867zug7yf6g,0,0.4369249535315985,0.6726417286245353,0.028125,0.0354166666666666
23,653,cl2k8llkb00073g6cnsr3ko43,0,0.9734925176056338,0.52043720657277,0.0328125,0.0395833333333333
23,653,cl2vz88mm00043f6c97ce4nes,0,0.7210563807922272,0.1499501743896362,0.0203872384155455,0.0332336821126058
23,654,ckz3vxvyj000v3867zug7yf6g,0,0.4369307620817844,0.6726339838909541,0.028125,0.0354166666666666
23,654,cl2k8llkb00073g6cnsr3ko43,0,0.9735585387323944,0.5203785211267605,0.0328125,0.0395833333333333
23,654,cl2vz88mm00043f6c97ce4nes,0,0.721058716367713,0.149953288490284,0.020382567264574,0.0332399103139013
23,655,ckz3vxvyj000v3867zug7yf6g,0,0.4369365706319702,0.672626239157373,0.028125,0.0354166666666666
23,655,cl2k8llkb00073g6cnsr3ko43,0,0.973624559859155,0.5203198356807512,0.0328125,0.0395833333333333
23,655,cl2vz88mm00043f6c97ce4nes,0,0.7210610519431988,0.1499564025909317,0.0203778961136023,0.0332461385151968
23,656,ckz3vxvyj000v3867zug7yf6g,0,0.4369423791821561,0.6726184944237918,0.028125,0.0354166666666666
23,656,cl2k8llkb00073g6cnsr3ko43,0,0.9736905809859154,0.5202611502347417,0.0328125,0.0395833333333332
23,656,cl2vz88mm00043f6c97ce4nes,0,0.7210633875186846,0.1499595166915795,0.0203732249626307,0.0332523667164922
23,657,ckz3vxvyj000v3867zug7yf6g,0,0.4369481877323419,0.6726107496902107,0.028125,0.0354166666666666
23,657,cl2k8llkb00073g6cnsr3ko43,0,0.973756602112676,0.5202024647887324,0.0328125,0.0395833333333333
23,657,cl2vz88mm00043f6c97ce4nes,0,0.7210657230941704,0.1499626307922272,0.0203685538116592,0.0332585949177877
23,658,ckz3vxvyj000v3867zug7yf6g,0,0.4369539962825278,0.6726030049566295,0.028125,0.0354166666666666
23,658,cl2k8llkb00073g6cnsr3ko43,0,0.9738226232394366,0.520143779342723,0.0328125,0.0395833333333333
23,658,cl2vz88mm00043f6c97ce4nes,0,0.7210680586696562,0.1499657448928749,0.0203638826606876,0.0332648231190831
23,659,ckz3vxvyj000v3867zug7yf6g,0,0.4369598048327138,0.6725952602230483,0.028125,0.0354166666666666
23,659,cl2k8llkb00073g6cnsr3ko43,0,0.9738886443661972,0.5200850938967136,0.0328125,0.0395833333333333
23,659,cl2vz88mm00043f6c97ce4nes,0,0.7210703942451421,0.1499688589935227,0.0203592115097159,0.0332710513203786
23,65,ckz3vxvyj000v3867zug7yf6g,0,0.4321991822429906,0.6774922118380062,0.0303008177570093,0.0354166666666666
23,65,cl2k8lcht00033g6cw07bj64y,0,0.8035937499999999,0.5072916666666667,0.0296874999999999,0.0354166666666666
23,65,cl2k8llkb00073g6cnsr3ko43,0,0.9409466911764708,0.5259191176470588,0.0285845588235295,0.0386029411764705
23,65,cl2vz88mm00043f6c97ce4nes,0,0.719683062406577,0.1481190832087693,0.023133875186846,0.0295714997508719
23,660,ckz3vxvyj000v3867zug7yf6g,0,0.4369656133828996,0.6725875154894673,0.028125,0.0354166666666666
23,660,cl2k8llkb00073g6cnsr3ko43,0,0.9739546654929578,0.5200264084507042,0.0328125,0.0395833333333333
23,660,cl2vz88mm00043f6c97ce4nes,0,0.7210727298206278,0.1499719730941704,0.0203545403587443,0.0332772795216741
23,661,ckz3vxvyj000v3867zug7yf6g,0,0.4369714219330854,0.672579770755886,0.028125,0.0354166666666666
23,661,cl2k8llkb00073g6cnsr3ko43,0,0.9740206866197184,0.5199677230046948,0.0328125,0.0395833333333332
23,661,cl2vz88mm00043f6c97ce4nes,0,0.7210750653961135,0.1499750871948181,0.0203498692077728,0.0332835077229696
23,662,ckz3vxvyj000v3867zug7yf6g,0,0.4369772304832714,0.6725720260223048,0.028125,0.0354166666666666
23,662,cl2k8llkb00073g6cnsr3ko43,0,0.9740867077464788,0.5199090375586854,0.0328125,0.0395833333333333
23,662,cl2vz88mm00043f6c97ce4nes,0,0.7210774009715994,0.1499782012954658,0.0203451980568011,0.033289735924265
23,663,ckz3vxvyj000v3867zug7yf6g,0,0.4369830390334572,0.6725642812887237,0.028125,0.0354166666666666
23,663,cl2k8llkb00073g6cnsr3ko43,0,0.9741527288732394,0.519850352112676,0.0328125,0.0395833333333332
23,663,cl2vz88mm00043f6c97ce4nes,0,0.7210797365470852,0.1499813153961136,0.0203405269058295,0.0332959641255605
23,664,ckz3vxvyj000v3867zug7yf6g,0,0.4369888475836431,0.6725565365551425,0.028125,0.0354166666666666
23,664,cl2k8llkb00073g6cnsr3ko43,0,0.97421875,0.5197916666666667,0.0328125,0.0395833333333333
23,664,cl2vz88mm00043f6c97ce4nes,0,0.721082072122571,0.1499844294967613,0.020335855754858,0.033302192326856
23,665,ckz3vxvyj000v3867zug7yf6g,0,0.436994656133829,0.6725487918215614,0.028125,0.0354166666666666
23,665,cl2k8llkb00073g6cnsr3ko43,0,0.9742398648648648,0.5196509009009008,0.0327702702702703,0.039527027027027
23,665,cl2vz88mm00043f6c97ce4nes,0,0.7210844076980567,0.149987543597409,0.0203311846038864,0.0333084205281514
23,666,ckz3vxvyj000v3867zug7yf6g,0,0.4370004646840148,0.6725410470879802,0.028125,0.0354166666666666
23,666,cl2k8llkb00073g6cnsr3ko43,0,0.9742609797297298,0.5195101351351351,0.0327280405405405,0.0394707207207206
23,666,cl2vz88mm00043f6c97ce4nes,0,0.7210867432735426,0.1499906576980568,0.0203265134529147,0.0333146487294469
23,667,ckz3vxvyj000v3867zug7yf6g,0,0.4370062732342007,0.672533302354399,0.028125,0.0354166666666666
23,667,cl2k8llkb00073g6cnsr3ko43,0,0.9742820945945946,0.5193693693693694,0.0326858108108108,0.0394144144144144
23,667,cl2vz88mm00043f6c97ce4nes,0,0.7210890788490284,0.1499937717987045,0.0203218423019431,0.0333208769307423
23,668,ckz3vxvyj000v3867zug7yf6g,0,0.4370120817843866,0.6725255576208178,0.028125,0.0354166666666666
23,668,cl2k8llkb00073g6cnsr3ko43,0,0.9743032094594596,0.5192286036036037,0.032643581081081,0.0393581081081081
23,668,cl2vz88mm00043f6c97ce4nes,0,0.7210914144245142,0.1499968858993522,0.0203171711509716,0.0333271051320378
23,669,ckz3vxvyj000v3867zug7yf6g,0,0.4370178903345724,0.6725178128872368,0.028125,0.0354166666666666
23,669,cl2k8llkb00073g6cnsr3ko43,0,0.9743243243243244,0.5190878378378379,0.0326013513513514,0.0393018018018017
23,669,cl2vz88mm00043f6c97ce4nes,0,0.72109375,0.15,0.0203125,0.0333333333333333
23,66,ckz3vxvyj000v3867zug7yf6g,0,0.4322137850467289,0.6774824766355141,0.0302862149532709,0.0354166666666666
23,66,cl2k8lcht00033g6cw07bj64y,0,0.8057812500000001,0.5052083333333334,0.0296875,0.0354166666666666
23,66,cl2k8llkb00073g6cnsr3ko43,0,0.9405790441176471,0.5256127450980392,0.0289522058823529,0.0382352941176471
23,66,cl2vz88mm00043f6c97ce4nes,0,0.7196853979820628,0.148122197309417,0.0231292040358744,0.0295777279521674
23,670,ckz3vxvyj000v3867zug7yf6g,0,0.4370236988847583,0.6725100681536555,0.028125,0.0354166666666666
23,670,cl2k8llkb00073g6cnsr3ko43,0,0.9743454391891893,0.518947072072072,0.0325591216216215,0.0392454954954954
23,670,cl2vz88mm00043f6c97ce4nes,0,0.72109375,0.15,0.0203125,0.0333333333333333
23,671,ckz3vxvyj000v3867zug7yf6g,0,0.4370295074349443,0.6725023234200743,0.028125,0.0354166666666666
23,671,cl2k8llkb00073g6cnsr3ko43,0,0.974366554054054,0.5188063063063063,0.0325168918918919,0.0391891891891892
23,671,cl2vz88mm00043f6c97ce4nes,0,0.72109375,0.15,0.0203125,0.0333333333333333
23,672,ckz3vxvyj000v3867zug7yf6g,0,0.43703531598513,0.6724945786864932,0.028125,0.0354166666666666
23,672,cl2k8llkb00073g6cnsr3ko43,0,0.9743876689189188,0.5186655405405406,0.0324746621621621,0.0391328828828828
23,672,cl2vz88mm00043f6c97ce4nes,0,0.72109375,0.15,0.0203125,0.0333333333333333
23,673,ckz3vxvyj000v3867zug7yf6g,0,0.4370411245353159,0.672486833952912,0.028125,0.0354166666666666
23,673,cl2k8llkb00073g6cnsr3ko43,0,0.9744087837837838,0.5185247747747748,0.0324324324324324,0.0390765765765765
23,673,cl2vz88mm00043f6c97ce4nes,0,0.72109375,0.15,0.0203125,0.0333333333333333
23,674,ckz3vxvyj000v3867zug7yf6g,0,0.4370469330855019,0.6724790892193309,0.028125,0.0354166666666666
23,674,cl2k8llkb00073g6cnsr3ko43,0,0.9744298986486488,0.518384009009009,0.0323902027027026,0.0390202702702702
23,674,cl2vz88mm00043f6c97ce4nes,0,0.72109375,0.15,0.0203125,0.0333333333333333
23,675,ckz3vxvyj000v3867zug7yf6g,0,0.4370527416356877,0.6724713444857497,0.028125,0.0354166666666666
23,675,cl2k8llkb00073g6cnsr3ko43,0,0.9744510135135136,0.5182432432432432,0.0323479729729729,0.0389639639639639
23,675,cl2vz88mm00043f6c97ce4nes,0,0.72109375,0.15,0.0203125,0.0333333333333333
23,676,ckz3vxvyj000v3867zug7yf6g,0,0.4370585501858736,0.6724635997521685,0.028125,0.0354166666666666
23,676,cl2k8llkb00073g6cnsr3ko43,0,0.9744721283783784,0.5181024774774775,0.0323057432432431,0.0389076576576576
23,676,cl2vz88mm00043f6c97ce4nes,0,0.72109375,0.15,0.0203125,0.0333333333333333
23,677,ckz3vxvyj000v3867zug7yf6g,0,0.4370643587360595,0.6724558550185873,0.028125,0.0354166666666666
23,677,cl2k8llkb00073g6cnsr3ko43,0,0.9744932432432432,0.5179617117117117,0.0322635135135135,0.0388513513513513
23,677,cl2vz88mm00043f6c97ce4nes,0,0.72109375,0.15,0.0203125,0.0333333333333333
23,678,ckz3vxvyj000v3867zug7yf6g,0,0.4370701672862453,0.6724481102850063,0.028125,0.0354166666666666
23,678,cl2k8llkb00073g6cnsr3ko43,0,0.974514358108108,0.517820945945946,0.0322212837837838,0.0387950450450449
23,678,cl2vz88mm00043f6c97ce4nes,0,0.72109375,0.15,0.0203125,0.0333333333333333
23,679,ckz3vxvyj000v3867zug7yf6g,0,0.4370759758364312,0.6724403655514251,0.028125,0.0354166666666666
23,679,cl2k8llkb00073g6cnsr3ko43,0,0.9745354729729728,0.5176801801801802,0.032179054054054,0.0387387387387387
23,679,cl2vz88mm00043f6c97ce4nes,0,0.72109375,0.15,0.0203125,0.0333333333333333
23,67,ckz3vxvyj000v3867zug7yf6g,0,0.4322283878504672,0.6774727414330218,0.0302716121495326,0.0354166666666666
23,67,cl2k8lcht00033g6cw07bj64y,0,0.80796875,0.503125,0.0296875,0.0354166666666666
23,67,cl2k8llkb00073g6cnsr3ko43,0,0.9402113970588236,0.5253063725490196,0.0293198529411764,0.0378676470588235
23,67,cl2vz88mm00043f6c97ce4nes,0,0.7196877335575487,0.1481253114100647,0.0231245328849028,0.0295839561534628
23,680,ckz3vxvyj000v3867zug7yf6g,0,0.4370817843866171,0.6724326208178438,0.028125,0.0354166666666666
23,680,cl2k8llkb00073g6cnsr3ko43,0,0.974556587837838,0.5175394144144144,0.0321368243243243,0.0386824324324324
23,680,cl2vz88mm00043f6c97ce4nes,0,0.72109375,0.15,0.0203125,0.0333333333333333
23,681,ckz3vxvyj000v3867zug7yf6g,0,0.4370875929368029,0.6724248760842627,0.028125,0.0354166666666666
23,681,cl2k8llkb00073g6cnsr3ko43,0,0.9745777027027028,0.5173986486486487,0.0320945945945945,0.038626126126126
23,681,cl2vz88mm00043f6c97ce4nes,0,0.72109375,0.15,0.0203125,0.0333333333333333
23,682,ckz3vxvyj000v3867zug7yf6g,0,0.4370934014869888,0.6724171313506815,0.028125,0.0354166666666666
23,682,cl2k8llkb00073g6cnsr3ko43,0,0.9745988175675676,0.5172578828828829,0.0320523648648649,0.0385698198198197
23,682,cl2vz88mm00043f6c97ce4nes,0,0.72109375,0.15,0.0203125,0.0333333333333333
23,683,ckz3vxvyj000v3867zug7yf6g,0,0.4370992100371748,0.6724093866171004,0.028125,0.0354166666666666
23,683,cl2k8llkb00073g6cnsr3ko43,0,0.9746199324324324,0.5171171171171172,0.032010135135135,0.0385135135135135
23,683,cl2vz88mm00043f6c97ce4nes,0,0.72109375,0.15,0.0203125,0.0333333333333333
23,684,ckz3vxvyj000v3867zug7yf6g,0,0.4371050185873605,0.6724016418835193,0.028125,0.0354166666666666
23,684,cl2k8llkb00073g6cnsr3ko43,0,0.9746410472972972,0.5169763513513513,0.0319679054054054,0.0384572072072072
23,684,cl2vz88mm00043f6c97ce4nes,0,0.72109375,0.15,0.0203125,0.0333333333333333
23,685,ckz3vxvyj000v3867zug7yf6g,0,0.4371108271375464,0.672393897149938,0.028125,0.0354166666666666
23,685,cl2k8llkb00073g6cnsr3ko43,0,0.974662162162162,0.5168355855855856,0.0319256756756756,0.0384009009009008
23,685,cl2vz88mm00043f6c97ce4nes,0,0.72109375,0.15,0.0203125,0.0333333333333333
23,686,ckz3vxvyj000v3867zug7yf6g,0,0.4371166356877324,0.6723861524163568,0.028125,0.0354166666666666
23,686,cl2k8llkb00073g6cnsr3ko43,0,0.9746832770270272,0.5166948198198198,0.0318834459459459,0.0383445945945945
23,686,cl2vz88mm00043f6c97ce4nes,0,0.72109375,0.15,0.0203125,0.0333333333333333
23,687,ckz3vxvyj000v3867zug7yf6g,0,0.4371224442379182,0.6723784076827758,0.028125,0.0354166666666666
23,687,cl2k8llkb00073g6cnsr3ko43,0,0.974704391891892,0.5165540540540541,0.0318412162162161,0.0382882882882883
23,687,cl2vz88mm00043f6c97ce4nes,0,0.72109375,0.15,0.0203125,0.0333333333333333
23,688,ckz3vxvyj000v3867zug7yf6g,0,0.4371282527881041,0.6723706629491946,0.028125,0.0354166666666666
23,688,cl2k8llkb00073g6cnsr3ko43,0,0.9747255067567568,0.5164132882882883,0.0317989864864864,0.0382319819819819
23,688,cl2vz88mm00043f6c97ce4nes,0,0.72109375,0.15,0.0203125,0.0333333333333333
23,689,ckz3vxvyj000v3867zug7yf6g,0,0.43713406133829,0.6723629182156133,0.028125,0.0354166666666666
23,689,cl2k8llkb00073g6cnsr3ko43,0,0.9747466216216216,0.5162725225225225,0.0317567567567568,0.0381756756756756
23,689,cl2vz88mm00043f6c97ce4nes,0,0.72109375,0.15,0.0203125,0.0333333333333333
23,68,ckz3vxvyj000v3867zug7yf6g,0,0.4322429906542055,0.6774630062305297,0.0302570093457943,0.0354166666666666
23,68,cl2k8lcht00033g6cw07bj64y,0,0.81015625,0.5010416666666667,0.0296875,0.0354166666666666
23,68,cl2k8llkb00073g6cnsr3ko43,0,0.93984375,0.525,0.0296875,0.0375
23,68,cl2vz88mm00043f6c97ce4nes,0,0.7196900691330343,0.1481284255107125,0.0231198617339312,0.0295901843547583
23,690,ckz3vxvyj000v3867zug7yf6g,0,0.4371398698884758,0.6723551734820322,0.028125,0.0354166666666666
23,690,cl2k8llkb00073g6cnsr3ko43,0,0.9747677364864864,0.5161317567567567,0.031714527027027,0.0381193693693693
23,690,cl2vz88mm00043f6c97ce4nes,0,0.72109375,0.15,0.0203125,0.0333333333333333
23,691,ckz3vxvyj000v3867zug7yf6g,0,0.4371456784386617,0.672347428748451,0.028125,0.0354166666666666
23,691,cl2k8llkb00073g6cnsr3ko43,0,0.9747888513513512,0.515990990990991,0.0316722972972973,0.0380630630630631
23,691,cl2vz88mm00043f6c97ce4nes,0,0.72109375,0.15,0.0203125,0.0333333333333333
23,692,ckz3vxvyj000v3867zug7yf6g,0,0.4371514869888476,0.6723396840148699,0.028125,0.0354166666666666
23,692,cl2k8llkb00073g6cnsr3ko43,0,0.9748099662162162,0.5158502252252253,0.0316300675675675,0.0380067567567567
23,692,cl2vz88mm00043f6c97ce4nes,0,0.72109375,0.15,0.0203125,0.0333333333333333
23,693,ckz3vxvyj000v3867zug7yf6g,0,0.4371572955390334,0.6723319392812888,0.028125,0.0354166666666666
23,693,cl2k8llkb00073g6cnsr3ko43,0,0.9748310810810812,0.5157094594594595,0.0315878378378379,0.0379504504504504
23,693,cl2vz88mm00043f6c97ce4nes,0,0.72109375,0.15,0.0203125,0.0333333333333333
23,694,ckz3vxvyj000v3867zug7yf6g,0,0.4371631040892193,0.6723241945477075,0.028125,0.0354166666666666
23,694,cl2k8llkb00073g6cnsr3ko43,0,0.974852195945946,0.5155686936936937,0.031545608108108,0.037894144144144
23,694,cl2vz88mm00043f6c97ce4nes,0,0.72109375,0.15,0.0203125,0.0333333333333333
23,695,ckz3vxvyj000v3867zug7yf6g,0,0.4371689126394051,0.6723164498141264,0.028125,0.0354166666666666
23,695,cl2k8llkb00073g6cnsr3ko43,0,0.9748733108108107,0.5154279279279279,0.0315033783783784,0.0378378378378378
23,695,cl2vz88mm00043f6c97ce4nes,0,0.72109375,0.15,0.0203125,0.0333333333333333
23,696,ckz3vxvyj000v3867zug7yf6g,0,0.437174721189591,0.6723087050805453,0.028125,0.0354166666666666
23,696,cl2k8llkb00073g6cnsr3ko43,0,0.9748944256756756,0.5152871621621622,0.0314611486486485,0.0377815315315315
23,696,cl2vz88mm00043f6c97ce4nes,0,0.72109375,0.15,0.0203125,0.0333333333333333
23,697,ckz3vxvyj000v3867zug7yf6g,0,0.4371805297397769,0.6723009603469641,0.028125,0.0354166666666666
23,697,cl2k8llkb00073g6cnsr3ko43,0,0.9749155405405404,0.5151463963963964,0.0314189189189189,0.0377252252252252
23,697,cl2vz88mm00043f6c97ce4nes,0,0.72109375,0.15,0.0203125,0.0333333333333333
23,698,ckz3vxvyj000v3867zug7yf6g,0,0.4371863382899628,0.672293215613383,0.028125,0.0354166666666666
23,698,cl2k8llkb00073g6cnsr3ko43,0,0.9749366554054054,0.5150056306306307,0.0313766891891891,0.0376689189189188
23,698,cl2vz88mm00043f6c97ce4nes,0,0.72109375,0.15,0.0203125,0.0333333333333333
23,699,ckz3vxvyj000v3867zug7yf6g,0,0.4371921468401487,0.6722854708798017,0.028125,0.0354166666666666
23,699,cl2k8llkb00073g6cnsr3ko43,0,0.9749577702702702,0.5148648648648649,0.0313344594594594,0.0376126126126126
23,699,cl2vz88mm00043f6c97ce4nes,0,0.72109375,0.15,0.0203125,0.0333333333333333
23,69,ckz3vxvyj000v3867zug7yf6g,0,0.432257593457944,0.6774532710280373,0.030242406542056,0.0354166666666666
23,69,cl2k8lcht00033g6cw07bj64y,0,0.8111328125,0.5026041666666666,0.028515625,0.034375
23,69,cl2k8llkb00073g6cnsr3ko43,0,0.9392578125,0.5197916666666667,0.029296875,0.0385416666666666
23,69,cl2vz88mm00043f6c97ce4nes,0,0.7196924047085201,0.1481315396113602,0.0231151905829596,0.0295964125560538
23,6,ckz3vxvyj000v3867zug7yf6g,0,0.4313376168224298,0.6780665887850468,0.03116238317757,0.0354166666666666
23,6,cl2k8lcht00033g6cw07bj64y,0,0.71328125,0.6010416666666667,0.0296875,0.0395833333333333
23,6,cl2k8llkb00073g6cnsr3ko43,0,0.9498161764705882,0.5152573529411765,0.0305147058823529,0.0322303921568627
23,6,cl2vz88mm00043f6c97ce4nes,0,0.7195452634529148,0.147935351270553,0.0234094730941704,0.0292040358744394
23,700,ckz3vxvyj000v3867zug7yf6g,0,0.4371979553903345,0.6722777261462205,0.028125,0.0354166666666666
23,700,cl2k8llkb00073g6cnsr3ko43,0,0.9749788851351352,0.5147240990990991,0.0312922297297296,0.0375563063063063
23,700,cl2vz88mm00043f6c97ce4nes,0,0.72109375,0.15,0.0203125,0.0333333333333333
23,701,ckz3vxvyj000v3867zug7yf6g,0,0.4372037639405204,0.6722699814126395,0.028125,0.0354166666666666
23,701,cl2k8llkb00073g6cnsr3ko43,0,0.975,0.5145833333333333,0.03125,0.0375
23,701,cl2vz88mm00043f6c97ce4nes,0,0.72109375,0.15,0.0203125,0.0333333333333333
23,702,ckz3vxvyj000v3867zug7yf6g,0,0.4372095724907063,0.6722622366790583,0.028125,0.0354166666666666
23,702,cl2k8llkb00073g6cnsr3ko43,0,0.9750901442307692,0.514423076923077,0.0314302884615385,0.0375
23,702,cl2vz88mm00043f6c97ce4nes,0,0.72109375,0.15,0.0203125,0.0333333333333333
23,703,ckz3vxvyj000v3867zug7yf6g,0,0.4372153810408922,0.672254491945477,0.028125,0.0354166666666666
23,703,cl2k8llkb00073g6cnsr3ko43,0,0.9751802884615384,0.5142628205128205,0.031610576923077,0.0375
23,703,cl2vz88mm00043f6c97ce4nes,0,0.72109375,0.15,0.0203125,0.0333333333333333
23,704,ckz3vxvyj000v3867zug7yf6g,0,0.437221189591078,0.6722467472118959,0.028125,0.0354166666666666
23,704,cl2k8llkb00073g6cnsr3ko43,0,0.9752704326923076,0.5141025641025642,0.0317908653846153,0.0375
23,704,cl2vz88mm00043f6c97ce4nes,0,0.72109375,0.15,0.0203125,0.0333333333333333
23,705,ckz3vxvyj000v3867zug7yf6g,0,0.4372269981412639,0.6722390024783148,0.028125,0.0354166666666666
23,705,cl2k8llkb00073g6cnsr3ko43,0,0.975360576923077,0.5139423076923076,0.0319711538461538,0.0375
23,705,cl2vz88mm00043f6c97ce4nes,0,0.72109375,0.15,0.0203125,0.0333333333333333
23,706,ckz3vxvyj000v3867zug7yf6g,0,0.4372328066914498,0.6722312577447336,0.028125,0.0354166666666666
23,706,cl2k8llkb00073g6cnsr3ko43,0,0.975450721153846,0.5137820512820512,0.0321514423076923,0.0375
23,706,cl2vz88mm00043f6c97ce4nes,0,0.72109375,0.15,0.0203125,0.0333333333333333
23,707,ckz3vxvyj000v3867zug7yf6g,0,0.4372386152416356,0.6722235130111525,0.028125,0.0354166666666666
23,707,cl2k8llkb00073g6cnsr3ko43,0,0.9755408653846154,0.5136217948717949,0.0323317307692308,0.0375
23,707,cl2vz88mm00043f6c97ce4nes,0,0.72109375,0.15,0.0203125,0.0333333333333333
23,708,ckz3vxvyj000v3867zug7yf6g,0,0.4372444237918215,0.6722157682775712,0.028125,0.0354166666666666
23,708,cl2k8llkb00073g6cnsr3ko43,0,0.9756310096153846,0.5134615384615384,0.0325120192307691,0.0375
23,708,cl2vz88mm00043f6c97ce4nes,0,0.72109375,0.15,0.0203125,0.0333333333333333
23,709,ckz3vxvyj000v3867zug7yf6g,0,0.4372502323420074,0.67220802354399,0.028125,0.0354166666666666
23,709,cl2k8llkb00073g6cnsr3ko43,0,0.975721153846154,0.513301282051282,0.0326923076923076,0.0375
23,709,cl2vz88mm00043f6c97ce4nes,0,0.72109375,0.15,0.0203125,0.0333333333333333
23,70,ckz3vxvyj000v3867zug7yf6g,0,0.4322721962616823,0.6774435358255452,0.0302278037383177,0.0354166666666666
23,70,cl2k8lcht00033g6cw07bj64y,0,0.812109375,0.5041666666666667,0.02734375,0.0333333333333333
23,70,cl2k8llkb00073g6cnsr3ko43,0,0.938671875,0.5145833333333333,0.02890625,0.0395833333333333
23,70,cl2vz88mm00043f6c97ce4nes,0,0.7196947402840059,0.1481346537120079,0.023110519431988,0.0296026407573492
23,710,ckz3vxvyj000v3867zug7yf6g,0,0.4372560408921933,0.672200278810409,0.028125,0.0354166666666666
23,710,cl2k8llkb00073g6cnsr3ko43,0,0.975811298076923,0.5131410256410257,0.0328725961538461,0.0375
23,710,cl2vz88mm00043f6c97ce4nes,0,0.72109375,0.15,0.0203125,0.0333333333333333
23,711,ckz3vxvyj000v3867zug7yf6g,0,0.4372618494423791,0.6721925340768278,0.028125,0.0354166666666666
23,711,cl2k8llkb00073g6cnsr3ko43,0,0.9759014423076924,0.5129807692307692,0.0330528846153846,0.0375
23,711,cl2vz88mm00043f6c97ce4nes,0,0.72109375,0.15,0.0203125,0.0333333333333333
23,712,ckz3vxvyj000v3867zug7yf6g,0,0.437267657992565,0.6721847893432465,0.028125,0.0354166666666666
23,712,cl2k8llkb00073g6cnsr3ko43,0,0.9759915865384616,0.5128205128205129,0.0332331730769229,0.0375
23,712,cl2vz88mm00043f6c97ce4nes,0,0.72109375,0.15,0.0203125,0.0333333333333333
23,713,ckz3vxvyj000v3867zug7yf6g,0,0.4372734665427509,0.6721770446096654,0.028125,0.0354166666666666
23,713,cl2k8llkb00073g6cnsr3ko43,0,0.9760817307692308,0.5126602564102564,0.0334134615384614,0.0375
23,713,cl2vz88mm00043f6c97ce4nes,0,0.72109375,0.15,0.0203125,0.0333333333333333
23,714,ckz3vxvyj000v3867zug7yf6g,0,0.4372792750929368,0.6721692998760843,0.028125,0.0354166666666666
23,714,cl2k8llkb00073g6cnsr3ko43,0,0.976171875,0.5125,0.03359375,0.0375
23,714,cl2vz88mm00043f6c97ce4nes,0,0.72109375,0.15,0.0203125,0.0333333333333333
23,715,ckz3vxvyj000v3867zug7yf6g,0,0.4372850836431227,0.6721615551425031,0.028125,0.0354166666666666
23,715,cl2k8llkb00073g6cnsr3ko43,0,0.9762620192307694,0.5123397435897437,0.0337740384615385,0.0375
23,715,cl2vz88mm00043f6c97ce4nes,0,0.72109375,0.15,0.0203125,0.0333333333333333
23,716,ckz3vxvyj000v3867zug7yf6g,0,0.4372908921933085,0.672153810408922,0.028125,0.0354166666666666
23,716,cl2k8llkb00073g6cnsr3ko43,0,0.9763521634615384,0.5121794871794871,0.033954326923077,0.0375
23,716,cl2vz88mm00043f6c97ce4nes,0,0.72109375,0.15,0.0203125,0.0333333333333333
23,717,ckz3vxvyj000v3867zug7yf6g,0,0.4372967007434944,0.6721460656753407,0.028125,0.0354166666666666
23,717,cl2k8llkb00073g6cnsr3ko43,0,0.9764423076923076,0.5120192307692307,0.0341346153846153,0.0375
23,717,cl2vz88mm00043f6c97ce4nes,0,0.72109375,0.15,0.0203125,0.0333333333333333
23,718,ckz3vxvyj000v3867zug7yf6g,0,0.4373025092936803,0.6721383209417595,0.028125,0.0354166666666666
23,718,cl2k8llkb00073g6cnsr3ko43,0,0.976532451923077,0.5118589743589743,0.0343149038461538,0.0375
23,718,cl2vz88mm00043f6c97ce4nes,0,0.72109375,0.15,0.0203125,0.0333333333333333
23,719,ckz3vxvyj000v3867zug7yf6g,0,0.4373083178438661,0.6721305762081785,0.028125,0.0354166666666666
23,719,cl2k8llkb00073g6cnsr3ko43,0,0.9766225961538462,0.5116987179487179,0.0344951923076923,0.0375
23,719,cl2vz88mm00043f6c97ce4nes,0,0.72109375,0.15,0.0203125,0.0333333333333333
23,71,ckz3vxvyj000v3867zug7yf6g,0,0.4322867990654206,0.6774338006230529,0.0302132009345794,0.0354166666666666
23,71,cl2k8lcht00033g6cw07bj64y,0,0.8130859375,0.5057291666666667,0.026171875,0.0322916666666666
23,71,cl2k8llkb00073g6cnsr3ko43,0,0.9380859375,0.509375,0.028515625,0.040625
23,71,cl2vz88mm00043f6c97ce4nes,0,0.7196970758594918,0.1481377678126557,0.0231058482810164,0.0296088689586447
23,720,ckz3vxvyj000v3867zug7yf6g,0,0.437314126394052,0.6721228314745973,0.028125,0.0354166666666666
23,720,cl2k8llkb00073g6cnsr3ko43,0,0.9767127403846152,0.5115384615384616,0.0346754807692308,0.0375
23,720,cl2vz88mm00043f6c97ce4nes,0,0.72109375,0.15,0.0203125,0.0333333333333333
23,721,ckz3vxvyj000v3867zug7yf6g,0,0.4373199349442379,0.672115086741016,0.028125,0.0354166666666666
23,721,cl2k8llkb00073g6cnsr3ko43,0,0.9768028846153848,0.5113782051282051,0.0348557692307691,0.0375
23,721,cl2vz88mm00043f6c97ce4nes,0,0.72109375,0.15,0.0203125,0.0333333333333333
23,722,ckz3vxvyj000v3867zug7yf6g,0,0.4373257434944237,0.6721073420074349,0.028125,0.0354166666666666
23,722,cl2k8llkb00073g6cnsr3ko43,0,0.9768930288461538,0.5112179487179487,0.0350360576923076,0.0375
23,722,cl2vz88mm00043f6c97ce4nes,0,0.72109375,0.15,0.0203125,0.0333333333333333
23,723,ckz3vxvyj000v3867zug7yf6g,0,0.4373315520446096,0.6720995972738538,0.028125,0.0354166666666666
23,723,cl2k8llkb00073g6cnsr3ko43,0,0.976983173076923,0.5110576923076924,0.0352163461538461,0.0375
23,723,cl2vz88mm00043f6c97ce4nes,0,0.72109375,0.15,0.0203125,0.0333333333333333
23,724,ckz3vxvyj000v3867zug7yf6g,0,0.4373373605947955,0.6720918525402726,0.028125,0.0354166666666666
23,724,cl2k8llkb00073g6cnsr3ko43,0,0.9770733173076924,0.5108974358974359,0.0353966346153846,0.0375
23,724,cl2vz88mm00043f6c97ce4nes,0,0.72109375,0.15,0.0203125,0.0333333333333333
23,725,ckz3vxvyj000v3867zug7yf6g,0,0.4373431691449814,0.6720841078066915,0.028125,0.0354166666666666
23,725,cl2k8llkb00073g6cnsr3ko43,0,0.9771634615384616,0.5107371794871794,0.0355769230769229,0.0375
23,725,cl2vz88mm00043f6c97ce4nes,0,0.72109375,0.15,0.0203125,0.0333333333333333
23,726,ckz3vxvyj000v3867zug7yf6g,0,0.4373489776951673,0.6720763630731103,0.028125,0.0354166666666666
23,726,cl2k8llkb00073g6cnsr3ko43,0,0.9772536057692308,0.510576923076923,0.0357572115384614,0.0375
23,726,cl2vz88mm00043f6c97ce4nes,0,0.72109375,0.15,0.0203125,0.0333333333333333
23,727,ckz3vxvyj000v3867zug7yf6g,0,0.4373547862453532,0.672068618339529,0.028125,0.0354166666666666
23,727,cl2k8llkb00073g6cnsr3ko43,0,0.97734375,0.5104166666666666,0.0359375,0.0375
23,727,cl2vz88mm00043f6c97ce4nes,0,0.72109375,0.15,0.0203125,0.0333333333333333
23,728,ckz3vxvyj000v3867zug7yf6g,0,0.437360594795539,0.672060873605948,0.028125,0.0354166666666666
23,728,cl2k8llkb00073g6cnsr3ko43,0,0.976953125,0.5078125,0.03515625,0.0385416666666666
23,728,cl2vz88mm00043f6c97ce4nes,0,0.72109375,0.15,0.0203125,0.0333333333333333
23,729,ckz3vxvyj000v3867zug7yf6g,0,0.4373664033457249,0.6720531288723668,0.028125,0.0354166666666666
23,729,cl2k8llkb00073g6cnsr3ko43,0,0.9765625,0.5052083333333334,0.034375,0.0395833333333333
23,729,cl2vz88mm00043f6c97ce4nes,0,0.72109375,0.15,0.0203125,0.0333333333333333
23,72,ckz3vxvyj000v3867zug7yf6g,0,0.4323014018691589,0.6774240654205607,0.0301985981308411,0.0354166666666666
23,72,cl2k8lcht00033g6cw07bj64y,0,0.8140625,0.5072916666666667,0.025,0.03125
23,72,cl2k8llkb00073g6cnsr3ko43,0,0.9375,0.5041666666666667,0.028125,0.0416666666666666
23,72,cl2vz88mm00043f6c97ce4nes,0,0.7196994114349776,0.1481408819133034,0.0231011771300448,0.0296150971599402
23,730,ckz3vxvyj000v3867zug7yf6g,0,0.4373722118959108,0.6720453841387856,0.028125,0.0354166666666666
23,730,cl2k8llkb00073g6cnsr3ko43,0,0.976171875,0.5026041666666666,0.03359375,0.040625
23,730,cl2vz88mm00043f6c97ce4nes,0,0.72109375,0.15,0.0203125,0.0333333333333333
23,731,ckz3vxvyj000v3867zug7yf6g,0,0.4373780204460966,0.6720376394052044,0.028125,0.0354166666666666
23,731,cl2k8llkb00073g6cnsr3ko43,0,0.97578125,0.5,0.0328125,0.0416666666666666
23,731,cl2vz88mm00043f6c97ce4nes,0,0.72109375,0.15,0.0203125,0.0333333333333333
23,732,ckz3vxvyj000v3867zug7yf6g,0,0.4373838289962825,0.6720298946716233,0.028125,0.0354166666666666
23,732,cl2k8llkb00073g6cnsr3ko43,0,0.975390625,0.4973958333333333,0.03203125,0.0427083333333333
23,732,cl2vz88mm00043f6c97ce4nes,0,0.72109375,0.15,0.0203125,0.0333333333333333
23,733,ckz3vxvyj000v3867zug7yf6g,0,0.4373896375464683,0.6720221499380422,0.028125,0.0354166666666666
23,733,cl2k8llkb00073g6cnsr3ko43,0,0.975,0.4947916666666667,0.03125,0.04375
23,733,cl2vz88mm00043f6c97ce4nes,0,0.72109375,0.15,0.0203125,0.0333333333333333
23,734,ckz3vxvyj000v3867zug7yf6g,0,0.4373954460966542,0.672014405204461,0.028125,0.0354166666666666
23,734,cl2k8llkb00073g6cnsr3ko43,0,0.974609375,0.4921875,0.03046875,0.0447916666666666
23,734,cl2vz88mm00043f6c97ce4nes,0,0.72109375,0.15,0.0203125,0.0333333333333333
23,735,ckz3vxvyj000v3867zug7yf6g,0,0.4374012546468401,0.6720066604708798,0.028125,0.0354166666666666
23,735,cl2k8llkb00073g6cnsr3ko43,0,0.97421875,0.4895833333333333,0.0296875,0.0458333333333333
23,735,cl2vz88mm00043f6c97ce4nes,0,0.72109375,0.15,0.0203125,0.0333333333333333
23,736,ckz3vxvyj000v3867zug7yf6g,0,0.437407063197026,0.6719989157372986,0.028125,0.0354166666666666
23,736,cl2k8llkb00073g6cnsr3ko43,0,0.973828125,0.4869791666666667,0.02890625,0.046875
23,736,cl2vz88mm00043f6c97ce4nes,0,0.72109375,0.15,0.0203125,0.0333333333333333
23,737,ckz3vxvyj000v3867zug7yf6g,0,0.4374128717472119,0.6719911710037175,0.028125,0.0354166666666666
23,737,cl2k8llkb00073g6cnsr3ko43,0,0.9734375,0.484375,0.028125,0.0479166666666666
23,737,cl2vz88mm00043f6c97ce4nes,0,0.72109375,0.15,0.0203125,0.0333333333333333
23,738,ckz3vxvyj000v3867zug7yf6g,0,0.4374186802973978,0.6719834262701363,0.028125,0.0354166666666666
23,738,cl2k8llkb00073g6cnsr3ko43,0,0.971875,0.4829861111111111,0.028125,0.0479166666666666
23,738,cl2vz88mm00043f6c97ce4nes,0,0.72109375,0.15,0.0203125,0.0333333333333333
23,739,ckz3vxvyj000v3867zug7yf6g,0,0.4374244888475836,0.6719756815365552,0.028125,0.0354166666666666
23,739,cl2k8llkb00073g6cnsr3ko43,0,0.9703125,0.4815972222222222,0.028125,0.0479166666666666
23,739,cl2vz88mm00043f6c97ce4nes,0,0.72109375,0.15,0.0203125,0.0333333333333333
23,73,ckz3vxvyj000v3867zug7yf6g,0,0.4323160046728972,0.6774143302180685,0.0301839953271028,0.0354166666666666
23,73,cl2k8lcht00033g6cw07bj64y,0,0.81640625,0.5109375,0.0265625,0.0322916666666666
23,73,cl2k8llkb00073g6cnsr3ko43,0,0.9377604166666668,0.5006944444444444,0.0286458333333333,0.0430555555555555
23,73,cl2vz88mm00043f6c97ce4nes,0,0.7197017470104633,0.1481439960139511,0.0230965059790732,0.0296213253612356
23,740,ckz3vxvyj000v3867zug7yf6g,0,0.4374302973977695,0.671967936802974,0.028125,0.0354166666666666
23,740,cl2k8llkb00073g6cnsr3ko43,0,0.96875,0.4802083333333333,0.028125,0.0479166666666666
23,740,cl2vz88mm00043f6c97ce4nes,0,0.72109375,0.15,0.0203125,0.0333333333333333
23,741,ckz3vxvyj000v3867zug7yf6g,0,0.4374361059479554,0.6719601920693928,0.028125,0.0354166666666666
23,741,cl2k8llkb00073g6cnsr3ko43,0,0.9708333333333334,0.4788194444444444,0.028125,0.0479166666666666
23,741,cl2vz88mm00043f6c97ce4nes,0,0.72109375,0.15,0.0203125,0.0333333333333333
23,742,ckz3vxvyj000v3867zug7yf6g,0,0.4374419144981412,0.6719524473358117,0.028125,0.0354166666666666
23,742,cl2k8llkb00073g6cnsr3ko43,0,0.9729166666666668,0.4774305555555555,0.028125,0.0479166666666666
23,742,cl2vz88mm00043f6c97ce4nes,0,0.72109375,0.15,0.0203125,0.0333333333333333
23,743,ckz3vxvyj000v3867zug7yf6g,0,0.4374477230483271,0.6719447026022305,0.028125,0.0354166666666666
23,743,cl2k8llkb00073g6cnsr3ko43,0,0.975,0.4760416666666666,0.028125,0.0479166666666666
23,743,cl2vz88mm00043f6c97ce4nes,0,0.72109375,0.15,0.0203125,0.0333333333333333
23,744,ckz3vxvyj000v3867zug7yf6g,0,0.437453531598513,0.6719369578686493,0.028125,0.0354166666666666
23,744,cl2k8llkb00073g6cnsr3ko43,0,0.9765625,0.4788194444444444,0.0291666666666667,0.04375
23,744,cl2vz88mm00043f6c97ce4nes,0,0.72109375,0.15,0.0203125,0.0333333333333333
23,745,ckz3vxvyj000v3867zug7yf6g,0,0.4374593401486988,0.6719292131350681,0.028125,0.0354166666666666
23,745,cl2k8llkb00073g6cnsr3ko43,0,0.978125,0.4815972222222222,0.0302083333333332,0.0395833333333333
23,745,cl2vz88mm00043f6c97ce4nes,0,0.72109375,0.15,0.0203125,0.0333333333333333
23,746,ckz3vxvyj000v3867zug7yf6g,0,0.4374651486988847,0.671921468401487,0.028125,0.0354166666666666
23,746,cl2k8llkb00073g6cnsr3ko43,0,0.9796875,0.484375,0.03125,0.0354166666666666
23,746,cl2vz88mm00043f6c97ce4nes,0,0.72109375,0.15,0.0203125,0.0333333333333333
23,747,ckz3vxvyj000v3867zug7yf6g,0,0.4374709572490706,0.6719137236679058,0.028125,0.0354166666666666
23,747,cl2k8llkb00073g6cnsr3ko43,0,0.97984375,0.4877083333333333,0.0321875,0.03625
23,747,cl2vz88mm00043f6c97ce4nes,0,0.72109375,0.15,0.0203125,0.0333333333333333
23,748,ckz3vxvyj000v3867zug7yf6g,0,0.4374767657992565,0.6719059789343247,0.028125,0.0354166666666666
23,748,cl2k8llkb00073g6cnsr3ko43,0,0.98,0.4910416666666666,0.0331249999999998,0.0370833333333332
23,748,cl2vz88mm00043f6c97ce4nes,0,0.72109375,0.15,0.0203125,0.0333333333333333
23,749,ckz3vxvyj000v3867zug7yf6g,0,0.4374825743494424,0.6718982342007435,0.028125,0.0354166666666666
23,749,cl2k8llkb00073g6cnsr3ko43,0,0.98015625,0.494375,0.0340625000000001,0.0379166666666667
23,749,cl2vz88mm00043f6c97ce4nes,0,0.72109375,0.15,0.0203125,0.0333333333333333
23,74,ckz3vxvyj000v3867zug7yf6g,0,0.4323306074766355,0.6774045950155763,0.0301693925233644,0.0354166666666666
23,74,cl2k8lcht00033g6cw07bj64y,0,0.81875,0.5145833333333333,0.028125,0.0333333333333333
23,74,cl2k8llkb00073g6cnsr3ko43,0,0.9380208333333332,0.4972222222222223,0.0291666666666666,0.0444444444444444
23,74,cl2vz88mm00043f6c97ce4nes,0,0.7197040825859492,0.1481471101145989,0.0230918348281016,0.0296275535625311
23,750,ckz3vxvyj000v3867zug7yf6g,0,0.4374883828996282,0.6718904894671623,0.028125,0.0354166666666666
23,750,cl2k8llkb00073g6cnsr3ko43,0,0.9803125,0.4977083333333333,0.0349999999999999,0.0387499999999999
23,750,cl2vz88mm00043f6c97ce4nes,0,0.72109375,0.15,0.0203125,0.0333333333333333
23,751,ckz3vxvyj000v3867zug7yf6g,0,0.4374941914498141,0.6718827447335812,0.028125,0.0354166666666666
23,751,cl2k8llkb00073g6cnsr3ko43,0,0.98046875,0.5010416666666667,0.0359375,0.0395833333333333
23,751,cl2vz88mm00043f6c97ce4nes,0,0.72109375,0.15,0.0203125,0.0333333333333333
23,752,ckz3vxvyj000v3867zug7yf6g,0,0.4375,0.671875,0.028125,0.0354166666666666
23,752,cl2k8llkb00073g6cnsr3ko43,0,0.98046875,0.5010416666666667,0.0359375,0.0395833333333333
23,752,cl2vz88mm00043f6c97ce4nes,0,0.72109375,0.15,0.0203125,0.0333333333333333
23,753,ckz3vxvyj000v3867zug7yf6g,0,0.4375,0.671875,0.028125,0.0354166666666666
23,753,cl2k8llkb00073g6cnsr3ko43,0,0.98046875,0.5010416666666667,0.0359375,0.0395833333333333
23,753,cl2vz88mm00043f6c97ce4nes,0,0.72109375,0.15,0.0203125,0.0333333333333333
23,754,ckz3vxvyj000v3867zug7yf6g,0,0.4375,0.671875,0.028125,0.0354166666666666
23,754,cl2k8llkb00073g6cnsr3ko43,0,0.98046875,0.5010416666666667,0.0359375,0.0395833333333333
23,754,cl2vz88mm00043f6c97ce4nes,0,0.72109375,0.15,0.0203125,0.0333333333333333
23,755,cl2yuj77700033f6ctsgljtik,0,0.37578125,0.053125,0.0359375,0.0395833333333333
23,755,cl2yujegf00073f6cqyq04tcs,0,0.96953125,0.3989583333333333,0.0328125,0.0395833333333333
23,756,cl2yuj77700033f6ctsgljtik,0,0.3765625,0.0510416666666666,0.0359375,0.0395833333333333
23,756,cl2yujegf00073f6cqyq04tcs,0,0.971875,0.3989583333333333,0.028125,0.0395833333333333
23,757,cl2yuj77700033f6ctsgljtik,0,0.37734375,0.0489583333333333,0.0359375,0.0395833333333333
23,757,cl2yujegf00073f6cqyq04tcs,0,0.975,0.4072916666666666,0.028125,0.0395833333333333
23,758,cl2yuj77700033f6ctsgljtik,0,0.3759375,0.0491666666666666,0.035625,0.0391666666666666
23,758,cl2yujegf00073f6cqyq04tcs,0,0.97578125,0.4177083333333333,0.0296875,0.0354166666666666
23,759,cl2yuj77700033f6ctsgljtik,0,0.37453125,0.0493749999999999,0.0353124999999999,0.03875
23,759,cl2yujegf00073f6cqyq04tcs,0,0.98046875,0.4135416666666666,0.0296875,0.0375
23,75,ckz3vxvyj000v3867zug7yf6g,0,0.4323452102803738,0.6773948598130841,0.0301547897196261,0.0354166666666666
23,75,cl2k8lcht00033g6cw07bj64y,0,0.820703125,0.5119791666666667,0.02890625,0.034375
23,75,cl2k8llkb00073g6cnsr3ko43,0,0.93828125,0.49375,0.0296875,0.0458333333333333
23,75,cl2vz88mm00043f6c97ce4nes,0,0.719706418161435,0.1481502242152466,0.02308716367713,0.0296337817638266
23,760,cl2yuj77700033f6ctsgljtik,0,0.373125,0.0495833333333333,0.035,0.0383333333333333
23,760,cl2yujegf00073f6cqyq04tcs,0,0.98515625,0.409375,0.0296875,0.0395833333333333
23,761,cl2yuj77700033f6ctsgljtik,0,0.37171875,0.0497916666666666,0.0346874999999999,0.0379166666666666
23,761,cl2yujegf00073f6cqyq04tcs,0,0.9856770833333331,0.4034722222222223,0.0286458333333333,0.0388888888888888
23,762,cl2yuj77700033f6ctsgljtik,0,0.3703125,0.05,0.034375,0.0375
23,762,cl2yujegf00073f6cqyq04tcs,0,0.9861979166666668,0.3975694444444444,0.0276041666666666,0.0381944444444444
23,763,cl2yuj77700033f6ctsgljtik,0,0.3677083333333333,0.0489583333333333,0.0354166666666666,0.0354166666666666
23,763,cl2yujegf00073f6cqyq04tcs,0,0.98671875,0.3916666666666666,0.0265625,0.0375
23,764,cl2yuj77700033f6ctsgljtik,0,0.3651041666666667,0.0479166666666666,0.0364583333333333,0.0333333333333333
23,764,cl2yujegf00073f6cqyq04tcs,0,0.9890625,0.3916666666666666,0.021875,0.0333333333333333
23,765,cl2yuj77700033f6ctsgljtik,0,0.3625,0.046875,0.0375,0.03125
23,765,cl2yujegf00073f6cqyq04tcs,0,0.9904296875,0.3888020833333333,0.019140625,0.0328125
23,766,cl2yuj77700033f6ctsgljtik,0,0.3619791666666667,0.0444444444444444,0.0354166666666666,0.0333333333333333
23,766,cl2yujegf00073f6cqyq04tcs,0,0.991796875,0.3859375,0.01640625,0.0322916666666666
23,767,cl2yuj77700033f6ctsgljtik,0,0.3614583333333333,0.0420138888888888,0.0333333333333333,0.0354166666666666
23,767,cl2yujegf00073f6cqyq04tcs,0,0.9931640625,0.3830729166666666,0.013671875,0.0317708333333333
23,768,cl2yuj77700033f6ctsgljtik,0,0.3609375,0.0395833333333333,0.03125,0.0375
23,768,cl2yujegf00073f6cqyq04tcs,0,0.99453125,0.3802083333333333,0.0109375,0.03125
23,769,cl2yuj77700033f6ctsgljtik,0,0.36328125,0.034375,0.0296875,0.04375
23,769,cl2yujegf00073f6cqyq04tcs,0,0.99609375,0.3791666666666666,0.0078125,0.0291666666666666
23,76,ckz3vxvyj000v3867zug7yf6g,0,0.4323598130841121,0.6773851246105919,0.0301401869158878,0.0354166666666666
23,76,cl2k8lcht00033g6cw07bj64y,0,0.82265625,0.509375,0.0296875,0.0354166666666666
23,76,cl2k8llkb00073g6cnsr3ko43,0,0.93796875,0.4922916666666667,0.0303124999999999,0.0445833333333333
23,76,cl2vz88mm00043f6c97ce4nes,0,0.7197087537369208,0.1481533383158943,0.0230824925261584,0.029640009965122
23,770,cl2yuj77700033f6ctsgljtik,0,0.3682291666666667,0.0315972222222222,0.0291666666666666,0.04375
23,771,cl2yuj77700033f6ctsgljtik,0,0.3731770833333333,0.0288194444444444,0.0286458333333333,0.04375
23,772,cl2yuj77700033f6ctsgljtik,0,0.378125,0.0260416666666666,0.028125,0.04375
23,773,cl2yuj77700033f6ctsgljtik,0,0.3787109375,0.0239583333333333,0.027734375,0.0416666666666666
23,774,cl2yuj77700033f6ctsgljtik,0,0.379296875,0.021875,0.02734375,0.0395833333333333
23,775,cl2yuj77700033f6ctsgljtik,0,0.3798828125,0.0197916666666666,0.026953125,0.0375
23,776,cl2yuj77700033f6ctsgljtik,0,0.38046875,0.0177083333333333,0.0265625,0.0354166666666666
23,777,cl2yuj77700033f6ctsgljtik,0,0.3779296875,0.0158854166666666,0.027734375,0.0317708333333333
23,778,cl2yuj77700033f6ctsgljtik,0,0.375390625,0.0140625,0.02890625,0.028125
23,779,cl2yuj77700033f6ctsgljtik,0,0.3728515625,0.0122395833333333,0.030078125,0.0244791666666666
23,77,ckz3vxvyj000v3867zug7yf6g,0,0.4323744158878504,0.6773753894080997,0.0301255841121495,0.0354166666666666
23,77,cl2k8lcht00033g6cw07bj64y,0,0.8248883928571429,0.5084821428571429,0.0296875,0.0354166666666666
23,77,cl2k8llkb00073g6cnsr3ko43,0,0.93765625,0.4908333333333333,0.0309374999999999,0.0433333333333333
23,77,cl2vz88mm00043f6c97ce4nes,0,0.7197110893124066,0.1481564524165421,0.0230778213751868,0.0296462381664175
23,780,cl2yuj77700033f6ctsgljtik,0,0.3703125,0.0104166666666666,0.03125,0.0208333333333333
23,781,cl2yuj77700033f6ctsgljtik,0,0.3671875,0.0114583333333333,0.034375,0.0229166666666666
23,782,cl2yuj77700033f6ctsgljtik,0,0.3640625,0.0125,0.0375,0.025
23,783,cl2yuj77700033f6ctsgljtik,0,0.36328125,0.015625,0.0359375,0.03125
23,784,cl2yuj77700033f6ctsgljtik,0,0.3609375,0.0145833333333333,0.034375,0.0291666666666666
23,785,cl2yuj77700033f6ctsgljtik,0,0.35859375,0.0135416666666666,0.0328125,0.0270833333333333
23,786,cl2yuj77700033f6ctsgljtik,0,0.3578125,0.0114583333333333,0.0375,0.0229166666666666
23,787,cl2yuj77700033f6ctsgljtik,0,0.35546875,0.0114583333333333,0.0375,0.0229166666666666
23,788,cl2yuj77700033f6ctsgljtik,0,0.353125,0.0114583333333333,0.0375,0.0229166666666666
23,789,cl2yuj77700033f6ctsgljtik,0,0.3514322916666667,0.0112847222222222,0.0372395833333333,0.0225694444444444
23,78,ckz3vxvyj000v3867zug7yf6g,0,0.4323890186915887,0.6773656542056075,0.0301109813084112,0.0354166666666666
23,78,cl2k8lcht00033g6cw07bj64y,0,0.8271205357142858,0.5075892857142857,0.0296875,0.0354166666666666
23,78,cl2k8llkb00073g6cnsr3ko43,0,0.93734375,0.489375,0.0315625,0.0420833333333333
23,78,cl2vz88mm00043f6c97ce4nes,0,0.7197134248878924,0.1481595665171898,0.0230731502242152,0.0296524663677129
23,790,cl2yuj77700033f6ctsgljtik,0,0.3497395833333333,0.0111111111111111,0.0369791666666666,0.0222222222222222
23,791,cl2yuj77700033f6ctsgljtik,0,0.348046875,0.0109375,0.03671875,0.021875
23,792,cl2yuj77700033f6ctsgljtik,0,0.3463541666666667,0.0107638888888888,0.0364583333333333,0.0215277777777777
23,793,cl2yuj77700033f6ctsgljtik,0,0.3446614583333333,0.0105902777777777,0.0361979166666666,0.0211805555555555
23,794,cl2yuj77700033f6ctsgljtik,0,0.34296875,0.0104166666666666,0.0359375,0.0208333333333333
23,795,cl2yuj77700033f6ctsgljtik,0,0.3417187499999999,0.0108333333333333,0.0359375,0.0216666666666666
23,796,cl2yuj77700033f6ctsgljtik,0,0.34046875,0.01125,0.0359375,0.0225
23,797,cl2yuj77700033f6ctsgljtik,0,0.33921875,0.0116666666666666,0.0359375,0.0233333333333333
23,798,cl2yuj77700033f6ctsgljtik,0,0.33796875,0.0120833333333333,0.0359375,0.0241666666666666
23,799,cl2yuj77700033f6ctsgljtik,0,0.33671875,0.0125,0.0359375,0.025
23,79,ckz3vxvyj000v3867zug7yf6g,0,0.4324036214953271,0.6773559190031153,0.0300963785046728,0.0354166666666666
23,79,cl2k8lcht00033g6cw07bj64y,0,0.8293526785714287,0.5066964285714286,0.0296875,0.0354166666666666
23,79,cl2k8llkb00073g6cnsr3ko43,0,0.93703125,0.4879166666666666,0.0321875,0.0408333333333333
23,79,cl2vz88mm00043f6c97ce4nes,0,0.7197157604633782,0.1481626806178375,0.0230684790732436,0.0296586945690084
23,7,ckz3vxvyj000v3867zug7yf6g,0,0.4313522196261681,0.6780568535825545,0.0311477803738317,0.0354166666666666
23,7,cl2k8lcht00033g6cw07bj64y,0,0.715625,0.5989583333333334,0.03125,0.0395833333333333
23,7,cl2k8llkb00073g6cnsr3ko43,0,0.9497702205882352,0.515686274509804,0.0303308823529411,0.0324754901960783
23,7,cl2vz88mm00043f6c97ce4nes,0,0.7195475990284006,0.1479384653712007,0.0234048019431988,0.0292102640757349
23,800,cl2yuj77700033f6ctsgljtik,0,0.33671875,0.0166666666666666,0.0346874999999999,0.0275
23,801,cl2yuj77700033f6ctsgljtik,0,0.33671875,0.0208333333333333,0.0334374999999999,0.0299999999999999
23,802,cl2yuj77700033f6ctsgljtik,0,0.33671875,0.025,0.0321875,0.0325
23,803,cl2yuj77700033f6ctsgljtik,0,0.33671875,0.0291666666666666,0.0309375,0.0349999999999999
23,804,cl2yuj77700033f6ctsgljtik,0,0.33671875,0.0333333333333333,0.0296875,0.0375
23,805,cl2yuj77700033f6ctsgljtik,0,0.334765625,0.0359375,0.03203125,0.0385416666666666
23,806,cl2yuj77700033f6ctsgljtik,0,0.3328125,0.0385416666666666,0.034375,0.0395833333333333
23,807,cl2yuj77700033f6ctsgljtik,0,0.33046875,0.0388888888888888,0.0359375,0.0375
23,808,cl2yuj77700033f6ctsgljtik,0,0.328125,0.0392361111111111,0.0375,0.0354166666666666
23,809,cl2yuj77700033f6ctsgljtik,0,0.32578125,0.0395833333333333,0.0390625,0.0333333333333333
23,80,ckz3vxvyj000v3867zug7yf6g,0,0.4324182242990654,0.6773461838006231,0.0300817757009345,0.0354166666666666
23,80,cl2k8lcht00033g6cw07bj64y,0,0.8315848214285714,0.5058035714285715,0.0296875,0.0354166666666666
23,80,cl2k8llkb00073g6cnsr3ko43,0,0.93671875,0.4864583333333333,0.0328125,0.0395833333333333
23,80,cl2vz88mm00043f6c97ce4nes,0,0.7197180960388639,0.1481657947184853,0.023063807922272,0.0296649227703039
23,810,cl2yuj77700033f6ctsgljtik,0,0.326953125,0.034375,0.0375,0.034375
23,811,cl2yuj77700033f6ctsgljtik,0,0.328125,0.0291666666666666,0.0359375,0.0354166666666666
23,812,cl2yuj77700033f6ctsgljtik,0,0.329296875,0.0239583333333333,0.034375,0.0364583333333333
23,813,cl2yuj77700033f6ctsgljtik,0,0.33046875,0.01875,0.0328125,0.0375
23,814,cl2yuj77700033f6ctsgljtik,0,0.3285714285714285,0.0172619047619047,0.0339285714285714,0.0345238095238095
23,815,cl2yuj77700033f6ctsgljtik,0,0.3266741071428571,0.0157738095238095,0.0350446428571428,0.031547619047619
23,816,cl2yuj77700033f6ctsgljtik,0,0.3247767857142857,0.0142857142857142,0.0361607142857142,0.0285714285714285
23,817,cl2yuj77700033f6ctsgljtik,0,0.3228794642857143,0.012797619047619,0.0372767857142857,0.025595238095238
23,818,cl2yuj77700033f6ctsgljtik,0,0.3209821428571429,0.0113095238095238,0.0383928571428571,0.0226190476190476
23,819,cl2yuj77700033f6ctsgljtik,0,0.3190848214285714,0.0098214285714285,0.0395089285714285,0.0196428571428571
23,81,ckz3vxvyj000v3867zug7yf6g,0,0.4324328271028037,0.6773364485981309,0.0300671728971962,0.0354166666666666
23,81,cl2k8lcht00033g6cw07bj64y,0,0.8338169642857143,0.5049107142857143,0.0296875,0.0354166666666666
23,81,cl2k8llkb00073g6cnsr3ko43,0,0.9361979166666669,0.4895833333333333,0.0338541666666666,0.0388888888888889
23,81,cl2vz88mm00043f6c97ce4nes,0,0.7197204316143498,0.148168908819133,0.0230591367713004,0.0296711509715994
23,820,cl2yuj77700033f6ctsgljtik,0,0.3171875,0.0083333333333333,0.040625,0.0166666666666666
23,821,cl2yuj77700033f6ctsgljtik,0,0.31484375,0.0078125,0.040625,0.015625
23,822,cl2yuj77700033f6ctsgljtik,0,0.3125,0.0072916666666666,0.040625,0.0145833333333333
23,82,ckz3vxvyj000v3867zug7yf6g,0,0.432447429906542,0.6773267133956387,0.0300525700934579,0.0354166666666666
23,82,cl2k8lcht00033g6cw07bj64y,0,0.8360491071428571,0.5040178571428571,0.0296875,0.0354166666666666
23,82,cl2k8llkb00073g6cnsr3ko43,0,0.9356770833333332,0.4927083333333333,0.0348958333333333,0.0381944444444444
23,82,cl2vz88mm00043f6c97ce4nes,0,0.7197227671898355,0.1481720229197808,0.0230544656203288,0.0296773791728948
23,83,ckz3vxvyj000v3867zug7yf6g,0,0.4324620327102803,0.6773169781931465,0.0300379672897196,0.0354166666666666
23,83,cl2k8lcht00033g6cw07bj64y,0,0.83828125,0.503125,0.0296875,0.0354166666666666
23,83,cl2k8llkb00073g6cnsr3ko43,0,0.93515625,0.4958333333333333,0.0359375,0.0375
23,83,cl2vz88mm00043f6c97ce4nes,0,0.7197251027653213,0.1481751370204285,0.0230497944693572,0.0296836073741903
23,84,ckz3vxvyj000v3867zug7yf6g,0,0.4324766355140186,0.6773072429906543,0.0300233644859813,0.0354166666666666
23,84,cl2k8lcht00033g6cw07bj64y,0,0.8388020833333334,0.4996527777777778,0.0296875,0.0354166666666666
23,84,cl2k8llkb00073g6cnsr3ko43,0,0.9345703125,0.496875,0.0359375,0.0375
23,84,cl2vz88mm00043f6c97ce4nes,0,0.7197274383408072,0.1481782511210762,0.0230451233183856,0.0296898355754858
23,85,ckz3vxvyj000v3867zug7yf6g,0,0.4324912383177571,0.6772975077881619,0.030008761682243,0.0354166666666666
23,85,cl2k8lcht00033g6cw07bj64y,0,0.8393229166666666,0.4961805555555555,0.0296875,0.0354166666666666
23,85,cl2k8llkb00073g6cnsr3ko43,0,0.933984375,0.4979166666666667,0.0359375,0.0375
23,85,cl2vz88mm00043f6c97ce4nes,0,0.719729773916293,0.1481813652217239,0.023040452167414,0.0296960637767812
23,86,ckz3vxvyj000v3867zug7yf6g,0,0.4325058411214953,0.6772877725856697,0.0299941588785046,0.0354166666666666
23,86,cl2k8lcht00033g6cw07bj64y,0,0.83984375,0.4927083333333333,0.0296875,0.0354166666666666
23,86,cl2k8llkb00073g6cnsr3ko43,0,0.9333984375,0.4989583333333333,0.0359375,0.0375
23,86,cl2vz88mm00043f6c97ce4nes,0,0.7197321094917788,0.1481844793223717,0.0230357810164424,0.0297022919780767
23,87,ckz3vxvyj000v3867zug7yf6g,0,0.4325204439252337,0.6772780373831775,0.0299795560747663,0.0354166666666666
23,87,cl2k8lcht00033g6cw07bj64y,0,0.8421875,0.4947916666666667,0.0296875,0.0354166666666666
23,87,cl2k8llkb00073g6cnsr3ko43,0,0.9328125,0.5,0.0359375,0.0375
23,87,cl2vz88mm00043f6c97ce4nes,0,0.7197344450672645,0.1481875934230194,0.0230311098654708,0.0297085201793721
23,88,ckz3vxvyj000v3867zug7yf6g,0,0.432535046728972,0.6772683021806853,0.029964953271028,0.0354166666666666
23,88,cl2k8lcht00033g6cw07bj64y,0,0.84453125,0.496875,0.0296875,0.0354166666666666
23,88,cl2k8llkb00073g6cnsr3ko43,0,0.9322265625,0.5010416666666667,0.0359375,0.0375
23,88,cl2vz88mm00043f6c97ce4nes,0,0.7197367806427504,0.1481907075236671,0.0230264387144992,0.0297147483806676
23,89,ckz3vxvyj000v3867zug7yf6g,0,0.4325496495327103,0.6772585669781931,0.0299503504672897,0.0354166666666666
23,89,cl2k8lcht00033g6cw07bj64y,0,0.8424479166666666,0.4927083333333333,0.0296875,0.0354166666666666
23,89,cl2k8llkb00073g6cnsr3ko43,0,0.931640625,0.5020833333333333,0.0359375,0.0375
23,89,cl2vz88mm00043f6c97ce4nes,0,0.7197391162182362,0.1481938216243149,0.0230217675635276,0.0297209765819631
23,8,ckz3vxvyj000v3867zug7yf6g,0,0.4313668224299066,0.6780471183800623,0.0311331775700934,0.0354166666666666
23,8,cl2k8lcht00033g6cw07bj64y,0,0.71796875,0.596875,0.0328125,0.0395833333333333
23,8,cl2k8llkb00073g6cnsr3ko43,0,0.9497242647058822,0.5161151960784314,0.0301470588235295,0.0327205882352941
23,8,cl2vz88mm00043f6c97ce4nes,0,0.7195499346038864,0.1479415794718485,0.0234001307922271,0.0292164922770303
23,90,ckz3vxvyj000v3867zug7yf6g,0,0.4325642523364486,0.6772488317757009,0.0299357476635513,0.0354166666666666
23,90,cl2k8lcht00033g6cw07bj64y,0,0.8403645833333334,0.4885416666666666,0.0296875,0.0354166666666666
23,90,cl2k8llkb00073g6cnsr3ko43,0,0.9310546875,0.503125,0.0359375,0.0375
23,90,cl2vz88mm00043f6c97ce4nes,0,0.719741451793722,0.1481969357249626,0.023017096412556,0.0297272047832586
23,91,ckz3vxvyj000v3867zug7yf6g,0,0.4325788551401869,0.6772390965732087,0.029921144859813,0.0354166666666666
23,91,cl2k8lcht00033g6cw07bj64y,0,0.83828125,0.484375,0.0296875,0.0354166666666666
23,91,cl2k8llkb00073g6cnsr3ko43,0,0.93046875,0.5041666666666667,0.0359375,0.0375
23,91,cl2vz88mm00043f6c97ce4nes,0,0.7197437873692077,0.1482000498256103,0.0230124252615844,0.029733432984554
23,92,ckz3vxvyj000v3867zug7yf6g,0,0.4325934579439252,0.6772293613707165,0.0299065420560747,0.0354166666666666
23,92,cl2k8lcht00033g6cw07bj64y,0,0.8395680147058824,0.4824142156862745,0.0296875,0.0354166666666666
23,92,cl2k8llkb00073g6cnsr3ko43,0,0.9305555555555556,0.5023148148148148,0.0354166666666667,0.0384259259259259
23,92,cl2vz88mm00043f6c97ce4nes,0,0.7197461229446935,0.1482031639262581,0.0230077541106128,0.0297396611858495
23,93,ckz3vxvyj000v3867zug7yf6g,0,0.4326080607476635,0.6772196261682243,0.0298919392523364,0.0354166666666666
23,93,cl2k8lcht00033g6cw07bj64y,0,0.8408547794117647,0.480453431372549,0.0296875,0.0354166666666666
23,93,cl2k8llkb00073g6cnsr3ko43,0,0.9306423611111112,0.500462962962963,0.0348958333333333,0.0393518518518518
23,93,cl2vz88mm00043f6c97ce4nes,0,0.7197484585201794,0.1482062780269058,0.0230030829596412,0.0297458893871449
23,94,ckz3vxvyj000v3867zug7yf6g,0,0.4326226635514018,0.6772098909657321,0.0298773364485981,0.0354166666666666
23,94,cl2k8lcht00033g6cw07bj64y,0,0.8421415441176471,0.4784926470588235,0.0296875,0.0354166666666666
23,94,cl2k8llkb00073g6cnsr3ko43,0,0.9307291666666666,0.498611111111111,0.034375,0.0402777777777777
23,94,cl2vz88mm00043f6c97ce4nes,0,0.7197507940956651,0.1482093921275535,0.0229984118086696,0.0297521175884404
23,95,ckz3vxvyj000v3867zug7yf6g,0,0.4326372663551401,0.6772001557632399,0.0298627336448597,0.0354166666666666
23,95,cl2k8lcht00033g6cw07bj64y,0,0.8434283088235294,0.476531862745098,0.0296875,0.0354166666666666
23,95,cl2k8llkb00073g6cnsr3ko43,0,0.930815972222222,0.4967592592592593,0.0338541666666666,0.0412037037037037
23,95,cl2vz88mm00043f6c97ce4nes,0,0.719753129671151,0.1482125062282012,0.022993740657698,0.0297583457897359
23,96,ckz3vxvyj000v3867zug7yf6g,0,0.4326518691588784,0.6771904205607477,0.0298481308411214,0.0354166666666666
23,96,cl2k8lcht00033g6cw07bj64y,0,0.8447150735294118,0.4745710784313725,0.0296875,0.0354166666666666
23,96,cl2k8llkb00073g6cnsr3ko43,0,0.930902777777778,0.4949074074074074,0.0333333333333333,0.0421296296296295
23,96,cl2vz88mm00043f6c97ce4nes,0,0.7197554652466367,0.148215620328849,0.0229890695067264,0.0297645739910313
23,97,ckz3vxvyj000v3867zug7yf6g,0,0.4326664719626167,0.6771806853582555,0.0298335280373831,0.0354166666666666
23,97,cl2k8lcht00033g6cw07bj64y,0,0.8460018382352942,0.472610294117647,0.0296875,0.0354166666666666
23,97,cl2k8llkb00073g6cnsr3ko43,0,0.9309895833333334,0.4930555555555556,0.0328125,0.0430555555555555
23,97,cl2vz88mm00043f6c97ce4nes,0,0.7197578008221226,0.1482187344294967,0.0229843983557548,0.0297708021923268
23,98,ckz3vxvyj000v3867zug7yf6g,0,0.4326810747663551,0.6771709501557633,0.0298189252336448,0.0354166666666666
23,98,cl2k8lcht00033g6cw07bj64y,0,0.8472886029411765,0.4706495098039215,0.0296875,0.0354166666666666
23,98,cl2k8llkb00073g6cnsr3ko43,0,0.9310763888888888,0.4912037037037037,0.0322916666666666,0.0439814814814814
23,98,cl2vz88mm00043f6c97ce4nes,0,0.7197601363976084,0.1482218485301444,0.0229797272047832,0.0297770303936223
23,99,ckz3vxvyj000v3867zug7yf6g,0,0.4326956775700933,0.6771612149532711,0.0298043224299065,0.0354166666666666
23,99,cl2k8lcht00033g6cw07bj64y,0,0.8485753676470589,0.4686887254901961,0.0296875,0.0354166666666666
23,99,cl2k8llkb00073g6cnsr3ko43,0,0.9311631944444444,0.4893518518518518,0.0317708333333332,0.0449074074074073
23,99,cl2vz88mm00043f6c97ce4nes,0,0.7197624719730942,0.1482249626307922,0.0229750560538116,0.0297832585949178
23,9,ckz3vxvyj000v3867zug7yf6g,0,0.4313814252336449,0.67803738317757,0.0311185747663551,0.0354166666666666
23,9,cl2k8lcht00033g6cw07bj64y,0,0.7184895833333333,0.595486111111111,0.0317708333333333,0.0395833333333333
23,9,cl2k8llkb00073g6cnsr3ko43,0,0.9496783088235292,0.5165441176470588,0.0299632352941175,0.0329656862745097
23,9,cl2vz88mm00043f6c97ce4nes,0,0.7195522701793722,0.1479446935724962,0.0233954596412556,0.0292227204783258
