user_id,timestamp,trajectory_id,ftid,x,y,w,h
14,0,ckyw6zzlj001r3867thf0fuy7,0,0.20859375,0.825,0.0359375,0.0375
14,0,ckyw704kw001v3867kvyjtx6k,0,0.79609375,0.7979166666666667,0.0296875,0.0375
14,0,ckyw708pn001z386779fr849h,0,0.82734375,0.1239583333333333,0.0359375,0.0395833333333333
14,1000,ckyw7dzmx00273867fyj9lsnv,0,0.0528645833333333,0.4604166666666666,0.034375,0.0375
14,1000,ckyw7e4o6002b3867ibaukox2,0,0.3624730603448275,0.6542025862068965,0.0453125,0.05625
14,1000,ckyw7e9n0002f3867tn40h1u2,0,0.6583333333333333,0.6354166666666666,0.034375,0.04375
14,1001,ckyw7dzmx00273867fyj9lsnv,0,0.0526041666666666,0.45625,0.0343749999999999,0.0375
14,1001,ckyw7e4o6002b3867ibaukox2,0,0.3625269396551724,0.6541307471264368,0.0453125,0.05625
14,1001,ckyw7e9n0002f3867tn40h1u2,0,0.6604166666666667,0.6364583333333333,0.034375,0.04375
14,1002,ckyw7dzmx00273867fyj9lsnv,0,0.05234375,0.4520833333333333,0.034375,0.0375
14,1002,ckyw7e4o6002b3867ibaukox2,0,0.3625808189655172,0.654058908045977,0.0453125,0.05625
14,1002,ckyw7e9n0002f3867tn40h1u2,0,0.6625,0.6375,0.034375,0.04375
14,1003,ckyw7dzmx00273867fyj9lsnv,0,0.0520833333333333,0.4479166666666667,0.034375,0.0375
14,1003,ckyw7e4o6002b3867ibaukox2,0,0.362634698275862,0.6539870689655172,0.0453125,0.05625
14,1003,ckyw7e9n0002f3867tn40h1u2,0,0.6645833333333333,0.6385416666666667,0.034375,0.04375
14,1004,ckyw7dzmx00273867fyj9lsnv,0,0.0518229166666666,0.44375,0.0343749999999999,0.0375
14,1004,ckyw7e4o6002b3867ibaukox2,0,0.3626885775862069,0.6539152298850575,0.0453125,0.05625
14,1004,ckyw7e9n0002f3867tn40h1u2,0,0.6666666666666667,0.6395833333333333,0.034375,0.04375
14,1005,ckyw7dzmx00273867fyj9lsnv,0,0.0515625,0.4395833333333333,0.034375,0.0375
14,1005,ckyw7e4o6002b3867ibaukox2,0,0.3627424568965517,0.6538433908045977,0.0453125,0.05625
14,1005,ckyw7e9n0002f3867tn40h1u2,0,0.66875,0.640625,0.034375,0.04375
14,1006,ckyw7dzmx00273867fyj9lsnv,0,0.0534375,0.4358333333333333,0.034375,0.0375
14,1006,ckyw7e4o6002b3867ibaukox2,0,0.3627963362068965,0.6537715517241379,0.0453125,0.05625
14,1006,ckyw7e9n0002f3867tn40h1u2,0,0.6709375,0.640625,0.034375,0.04375
14,1007,ckyw7dzmx00273867fyj9lsnv,0,0.0553125,0.4320833333333333,0.034375,0.0375
14,1007,ckyw7e4o6002b3867ibaukox2,0,0.3628502155172414,0.6536997126436782,0.0453125,0.05625
14,1007,ckyw7e9n0002f3867tn40h1u2,0,0.673125,0.640625,0.034375,0.04375
14,1008,ckyw7dzmx00273867fyj9lsnv,0,0.0571875,0.4283333333333333,0.034375,0.0375
14,1008,ckyw7e4o6002b3867ibaukox2,0,0.3629040948275862,0.6536278735632184,0.0453125,0.05625
14,1008,ckyw7e9n0002f3867tn40h1u2,0,0.6753125,0.640625,0.034375,0.04375
14,1009,ckyw7dzmx00273867fyj9lsnv,0,0.0590625,0.4245833333333333,0.0343749999999999,0.0375
14,1009,ckyw7e4o6002b3867ibaukox2,0,0.362957974137931,0.6535560344827586,0.0453125,0.05625
14,1009,ckyw7e9n0002f3867tn40h1u2,0,0.6775,0.640625,0.034375,0.04375
14,100,ckyw6zzlj001r3867thf0fuy7,0,0.23125,0.815625,0.0265625,0.0458333333333333
14,100,ckyw704kw001v3867kvyjtx6k,0,0.8251953125,0.7830729166666667,0.0296875,0.0375
14,100,ckyw708pn001z386779fr849h,0,0.830758101851852,0.1206404320987654,0.0359375,0.0395833333333333
14,1010,ckyw7dzmx00273867fyj9lsnv,0,0.0609375,0.4208333333333333,0.034375,0.0375
14,1010,ckyw7e4o6002b3867ibaukox2,0,0.3630118534482758,0.6534841954022989,0.0453125,0.05625
14,1010,ckyw7e9n0002f3867tn40h1u2,0,0.6796875,0.640625,0.034375,0.04375
14,1011,ckyw7dzmx00273867fyj9lsnv,0,0.0628125,0.4170833333333333,0.034375,0.0375
14,1011,ckyw7e4o6002b3867ibaukox2,0,0.3630657327586207,0.653412356321839,0.0453125,0.05625
14,1011,ckyw7e9n0002f3867tn40h1u2,0,0.681875,0.640625,0.034375,0.04375
14,1012,ckyw7dzmx00273867fyj9lsnv,0,0.0646875,0.4133333333333333,0.034375,0.0375
14,1012,ckyw7e4o6002b3867ibaukox2,0,0.3631196120689655,0.6533405172413793,0.0453125,0.05625
14,1012,ckyw7e9n0002f3867tn40h1u2,0,0.6840625,0.640625,0.034375,0.04375
14,1013,ckyw7dzmx00273867fyj9lsnv,0,0.0665625,0.4095833333333333,0.034375,0.0375
14,1013,ckyw7e4o6002b3867ibaukox2,0,0.3631734913793104,0.6532686781609196,0.0453125,0.05625
14,1013,ckyw7e9n0002f3867tn40h1u2,0,0.68625,0.640625,0.034375,0.04375
14,1014,ckyw7dzmx00273867fyj9lsnv,0,0.0684375,0.4058333333333334,0.034375,0.0375
14,1014,ckyw7e4o6002b3867ibaukox2,0,0.3632273706896551,0.6531968390804598,0.0453125,0.05625
14,1014,ckyw7e9n0002f3867tn40h1u2,0,0.6884375,0.640625,0.034375,0.04375
14,1015,ckyw7dzmx00273867fyj9lsnv,0,0.0703125,0.4020833333333333,0.034375,0.0375
14,1015,ckyw7e4o6002b3867ibaukox2,0,0.36328125,0.653125,0.0453125,0.05625
14,1015,ckyw7e9n0002f3867tn40h1u2,0,0.690625,0.640625,0.034375,0.04375
14,1016,ckyw7dzmx00273867fyj9lsnv,0,0.0728693181818181,0.3994318181818181,0.034375,0.0375
14,1016,ckyw7e4o6002b3867ibaukox2,0,0.3632411858974359,0.6528044871794872,0.0453125,0.05625
14,1016,ckyw7e9n0002f3867tn40h1u2,0,0.6926136363636364,0.6404356060606061,0.034375,0.04375
14,1017,ckyw7dzmx00273867fyj9lsnv,0,0.0754261363636363,0.396780303030303,0.034375,0.0375
14,1017,ckyw7e4o6002b3867ibaukox2,0,0.3632011217948718,0.6524839743589743,0.0453125,0.05625
14,1017,ckyw7e9n0002f3867tn40h1u2,0,0.6946022727272727,0.6402462121212121,0.034375,0.04375
14,1018,ckyw7dzmx00273867fyj9lsnv,0,0.0779829545454545,0.3941287878787879,0.034375,0.0375
14,1018,ckyw7e4o6002b3867ibaukox2,0,0.3631610576923077,0.6521634615384616,0.0453125,0.05625
14,1018,ckyw7e9n0002f3867tn40h1u2,0,0.696590909090909,0.6400568181818183,0.034375,0.04375
14,1019,ckyw7dzmx00273867fyj9lsnv,0,0.0805397727272727,0.3914772727272727,0.034375,0.0375
14,1019,ckyw7e4o6002b3867ibaukox2,0,0.3631209935897436,0.6518429487179487,0.0453125,0.05625
14,1019,ckyw7e9n0002f3867tn40h1u2,0,0.6985795454545454,0.6398674242424243,0.034375,0.04375
14,101,ckyw6zzlj001r3867thf0fuy7,0,0.22734375,0.8145833333333333,0.0265625,0.0458333333333333
14,101,ckyw704kw001v3867kvyjtx6k,0,0.82265625,0.7854166666666667,0.0296875,0.0375
14,101,ckyw708pn001z386779fr849h,0,0.8307966820987656,0.1206147119341563,0.0359375,0.0395833333333333
14,1020,ckyw7dzmx00273867fyj9lsnv,0,0.0830965909090909,0.3888257575757575,0.034375,0.0375
14,1020,ckyw7e4o6002b3867ibaukox2,0,0.3630809294871794,0.6515224358974359,0.0453125,0.05625
14,1020,ckyw7e9n0002f3867tn40h1u2,0,0.7005681818181818,0.6396780303030304,0.034375,0.04375
14,1021,ckyw7dzmx00273867fyj9lsnv,0,0.085653409090909,0.3861742424242424,0.034375,0.0375
14,1021,ckyw7e4o6002b3867ibaukox2,0,0.3630408653846154,0.6512019230769232,0.0453125,0.05625
14,1021,ckyw7e9n0002f3867tn40h1u2,0,0.7025568181818181,0.6394886363636363,0.034375,0.04375
14,1022,ckyw7dzmx00273867fyj9lsnv,0,0.0882102272727272,0.3835227272727273,0.034375,0.0375
14,1022,ckyw7e4o6002b3867ibaukox2,0,0.3630008012820512,0.6508814102564102,0.0453125,0.05625
14,1022,ckyw7e9n0002f3867tn40h1u2,0,0.7045454545454546,0.6392992424242424,0.034375,0.04375
14,1023,ckyw7dzmx00273867fyj9lsnv,0,0.0907670454545454,0.3808712121212121,0.034375,0.0375
14,1023,ckyw7e4o6002b3867ibaukox2,0,0.3629607371794872,0.6505608974358974,0.0453125,0.05625
14,1023,ckyw7e9n0002f3867tn40h1u2,0,0.7065340909090909,0.6391098484848484,0.034375,0.04375
14,1024,ckyw7dzmx00273867fyj9lsnv,0,0.0933238636363636,0.3782196969696969,0.034375,0.0375
14,1024,ckyw7e4o6002b3867ibaukox2,0,0.3629206730769231,0.6502403846153847,0.0453125,0.05625
14,1024,ckyw7e9n0002f3867tn40h1u2,0,0.7085227272727272,0.6389204545454545,0.034375,0.04375
14,1025,ckyw7dzmx00273867fyj9lsnv,0,0.0958806818181818,0.3755681818181818,0.034375,0.0375
14,1025,ckyw7e4o6002b3867ibaukox2,0,0.362880608974359,0.6499198717948718,0.0453125,0.05625
14,1025,ckyw7e9n0002f3867tn40h1u2,0,0.7105113636363637,0.6387310606060606,0.034375,0.04375
14,1026,ckyw7dzmx00273867fyj9lsnv,0,0.0984375,0.3729166666666667,0.034375,0.0375
14,1026,ckyw7e4o6002b3867ibaukox2,0,0.3628405448717949,0.649599358974359,0.0453125,0.05625
14,1026,ckyw7e9n0002f3867tn40h1u2,0,0.7125,0.6385416666666667,0.034375,0.04375
14,1027,ckyw7dzmx00273867fyj9lsnv,0,0.1010416666666666,0.3708333333333333,0.034375,0.0375
14,1027,ckyw7e4o6002b3867ibaukox2,0,0.3628004807692307,0.6492788461538461,0.0453125,0.05625
14,1027,ckyw7e9n0002f3867tn40h1u2,0,0.7149147727272728,0.6368371212121212,0.034375,0.04375
14,1028,ckyw7dzmx00273867fyj9lsnv,0,0.1036458333333333,0.36875,0.0343749999999999,0.0375
14,1028,ckyw7e4o6002b3867ibaukox2,0,0.3627604166666666,0.6489583333333333,0.0453125,0.05625
14,1028,ckyw7e9n0002f3867tn40h1u2,0,0.7173295454545454,0.6351325757575758,0.034375,0.04375
14,1029,ckyw7dzmx00273867fyj9lsnv,0,0.10625,0.3666666666666666,0.034375,0.0375
14,1029,ckyw7e4o6002b3867ibaukox2,0,0.3627203525641025,0.6486378205128206,0.0453125,0.05625
14,1029,ckyw7e9n0002f3867tn40h1u2,0,0.7197443181818182,0.6334280303030303,0.034375,0.04375
14,102,ckyw6zzlj001r3867thf0fuy7,0,0.2234375,0.8135416666666667,0.0265625,0.0458333333333333
14,102,ckyw704kw001v3867kvyjtx6k,0,0.826953125,0.7890625,0.0296875,0.0375
14,102,ckyw708pn001z386779fr849h,0,0.830835262345679,0.1205889917695473,0.0359375,0.0395833333333333
14,1030,ckyw7dzmx00273867fyj9lsnv,0,0.1088541666666666,0.3645833333333333,0.034375,0.0375
14,1030,ckyw7e4o6002b3867ibaukox2,0,0.3626802884615384,0.6483173076923077,0.0453125,0.05625
14,1030,ckyw7e9n0002f3867tn40h1u2,0,0.7221590909090909,0.6317234848484848,0.034375,0.04375
14,1031,ckyw7dzmx00273867fyj9lsnv,0,0.1114583333333333,0.3625,0.0343749999999999,0.0375
14,1031,ckyw7e4o6002b3867ibaukox2,0,0.3626402243589743,0.6479967948717948,0.0453125,0.05625
14,1031,ckyw7e9n0002f3867tn40h1u2,0,0.7245738636363637,0.6300189393939395,0.034375,0.04375
14,1032,ckyw7dzmx00273867fyj9lsnv,0,0.1140625,0.3604166666666666,0.034375,0.0375
14,1032,ckyw7e4o6002b3867ibaukox2,0,0.3626001602564103,0.647676282051282,0.0453125,0.05625
14,1032,ckyw7e9n0002f3867tn40h1u2,0,0.7269886363636363,0.6283143939393939,0.034375,0.04375
14,1033,ckyw7dzmx00273867fyj9lsnv,0,0.1175,0.36,0.034375,0.0375
14,1033,ckyw7e4o6002b3867ibaukox2,0,0.3625600961538461,0.6473557692307692,0.0453125,0.05625
14,1033,ckyw7e9n0002f3867tn40h1u2,0,0.7294034090909091,0.6266098484848485,0.034375,0.04375
14,1034,ckyw7dzmx00273867fyj9lsnv,0,0.1209375,0.3595833333333333,0.034375,0.0375
14,1034,ckyw7e4o6002b3867ibaukox2,0,0.3625200320512821,0.6470352564102565,0.0453125,0.05625
14,1034,ckyw7e9n0002f3867tn40h1u2,0,0.7318181818181818,0.624905303030303,0.034375,0.04375
14,1035,ckyw7dzmx00273867fyj9lsnv,0,0.1243749999999999,0.3591666666666667,0.034375,0.0375
14,1035,ckyw7e4o6002b3867ibaukox2,0,0.3624799679487179,0.6467147435897436,0.0453125,0.05625
14,1035,ckyw7e9n0002f3867tn40h1u2,0,0.7342329545454546,0.6232007575757575,0.034375,0.04375
14,1036,ckyw7dzmx00273867fyj9lsnv,0,0.1278125,0.3587499999999999,0.034375,0.0375
14,1036,ckyw7e4o6002b3867ibaukox2,0,0.3624399038461538,0.6463942307692307,0.0453125,0.05625
14,1036,ckyw7e9n0002f3867tn40h1u2,0,0.7366477272727272,0.6214962121212121,0.034375,0.04375
14,1037,ckyw7dzmx00273867fyj9lsnv,0,0.13125,0.3583333333333333,0.034375,0.0375
14,1037,ckyw7e4o6002b3867ibaukox2,0,0.3623998397435897,0.646073717948718,0.0453125,0.05625
14,1037,ckyw7e9n0002f3867tn40h1u2,0,0.7390625,0.6197916666666666,0.034375,0.04375
14,1038,ckyw7dzmx00273867fyj9lsnv,0,0.1345486111111111,0.3594907407407407,0.034375,0.0375
14,1038,ckyw7e4o6002b3867ibaukox2,0,0.3623597756410256,0.6457532051282051,0.0453125,0.05625
14,1038,ckyw7e9n0002f3867tn40h1u2,0,0.7405330882352941,0.6185661764705883,0.034375,0.04375
14,1039,ckyw7dzmx00273867fyj9lsnv,0,0.1378472222222222,0.3606481481481481,0.034375,0.0375
14,1039,ckyw7e4o6002b3867ibaukox2,0,0.3623197115384615,0.6454326923076923,0.0453125,0.05625
14,1039,ckyw7e9n0002f3867tn40h1u2,0,0.7420036764705882,0.6173406862745098,0.034375,0.04375
14,103,ckyw6zzlj001r3867thf0fuy7,0,0.21953125,0.8125,0.0265625,0.0458333333333333
14,103,ckyw704kw001v3867kvyjtx6k,0,0.83125,0.7927083333333333,0.0296875,0.0375
14,103,ckyw708pn001z386779fr849h,0,0.8308738425925926,0.1205632716049382,0.0359375,0.0395833333333333
14,1040,ckyw7dzmx00273867fyj9lsnv,0,0.1411458333333333,0.3618055555555555,0.034375,0.0375
14,1040,ckyw7e4o6002b3867ibaukox2,0,0.3622796474358974,0.6451121794871795,0.0453125,0.05625
14,1040,ckyw7e9n0002f3867tn40h1u2,0,0.7434742647058823,0.6161151960784313,0.034375,0.04375
14,1041,ckyw7dzmx00273867fyj9lsnv,0,0.1444444444444444,0.362962962962963,0.034375,0.0375
14,1041,ckyw7e4o6002b3867ibaukox2,0,0.3622395833333333,0.6447916666666667,0.0453125,0.05625
14,1041,ckyw7e9n0002f3867tn40h1u2,0,0.7449448529411764,0.6148897058823529,0.034375,0.04375
14,1042,ckyw7dzmx00273867fyj9lsnv,0,0.1477430555555555,0.3641203703703703,0.034375,0.0375
14,1042,ckyw7e4o6002b3867ibaukox2,0,0.3621995192307692,0.6444711538461539,0.0453125,0.05625
14,1042,ckyw7e9n0002f3867tn40h1u2,0,0.7464154411764705,0.6136642156862745,0.034375,0.04375
14,1043,ckyw7dzmx00273867fyj9lsnv,0,0.1510416666666666,0.3652777777777778,0.034375,0.0375
14,1043,ckyw7e4o6002b3867ibaukox2,0,0.3621594551282051,0.644150641025641,0.0453125,0.05625
14,1043,ckyw7e9n0002f3867tn40h1u2,0,0.7478860294117646,0.6124387254901962,0.034375,0.04375
14,1044,ckyw7dzmx00273867fyj9lsnv,0,0.1543402777777777,0.3664351851851852,0.034375,0.0375
14,1044,ckyw7e4o6002b3867ibaukox2,0,0.362119391025641,0.6438301282051282,0.0453125,0.05625
14,1044,ckyw7e9n0002f3867tn40h1u2,0,0.7493566176470587,0.6112132352941176,0.034375,0.04375
14,1045,ckyw7dzmx00273867fyj9lsnv,0,0.1576388888888888,0.3675925925925926,0.034375,0.0375
14,1045,ckyw7e4o6002b3867ibaukox2,0,0.3620793269230769,0.6435096153846154,0.0453125,0.05625
14,1045,ckyw7e9n0002f3867tn40h1u2,0,0.7508272058823529,0.6099877450980392,0.034375,0.04375
14,1046,ckyw7dzmx00273867fyj9lsnv,0,0.1609375,0.36875,0.034375,0.0375
14,1046,ckyw7e4o6002b3867ibaukox2,0,0.3620392628205128,0.6431891025641026,0.0453125,0.05625
14,1046,ckyw7e9n0002f3867tn40h1u2,0,0.7522977941176471,0.6087622549019608,0.034375,0.04375
14,1047,ckyw7dzmx00273867fyj9lsnv,0,0.1638671875,0.3708333333333333,0.034375,0.0375
14,1047,ckyw7e4o6002b3867ibaukox2,0,0.3619991987179487,0.6428685897435897,0.0453125,0.05625
14,1047,ckyw7e9n0002f3867tn40h1u2,0,0.7537683823529412,0.6075367647058824,0.034375,0.04375
14,1048,ckyw7dzmx00273867fyj9lsnv,0,0.166796875,0.3729166666666667,0.034375,0.0375
14,1048,ckyw7e4o6002b3867ibaukox2,0,0.3619591346153846,0.6425480769230769,0.0453125,0.05625
14,1048,ckyw7e9n0002f3867tn40h1u2,0,0.7552389705882353,0.6063112745098038,0.034375,0.04375
14,1049,ckyw7dzmx00273867fyj9lsnv,0,0.1697265625,0.375,0.034375,0.0375
14,1049,ckyw7e4o6002b3867ibaukox2,0,0.3619190705128205,0.6422275641025641,0.0453125,0.05625
14,1049,ckyw7e9n0002f3867tn40h1u2,0,0.7567095588235294,0.6050857843137255,0.034375,0.04375
14,104,ckyw6zzlj001r3867thf0fuy7,0,0.215625,0.8114583333333333,0.0265625,0.0458333333333333
14,104,ckyw704kw001v3867kvyjtx6k,0,0.835546875,0.7963541666666667,0.0296875,0.0375
14,104,ckyw708pn001z386779fr849h,0,0.8309124228395062,0.1205375514403292,0.0359375,0.0395833333333333
14,1050,ckyw7dzmx00273867fyj9lsnv,0,0.17265625,0.3770833333333333,0.034375,0.0375
14,1050,ckyw7e4o6002b3867ibaukox2,0,0.3618790064102564,0.6419070512820514,0.0453125,0.05625
14,1050,ckyw7e9n0002f3867tn40h1u2,0,0.7581801470588235,0.6038602941176471,0.034375,0.04375
14,1051,ckyw7dzmx00273867fyj9lsnv,0,0.1755859375,0.3791666666666666,0.034375,0.0375
14,1051,ckyw7e4o6002b3867ibaukox2,0,0.3618389423076923,0.6415865384615385,0.0453125,0.05625
14,1051,ckyw7e9n0002f3867tn40h1u2,0,0.7596507352941176,0.6026348039215687,0.034375,0.04375
14,1052,ckyw7dzmx00273867fyj9lsnv,0,0.178515625,0.38125,0.034375,0.0375
14,1052,ckyw7e4o6002b3867ibaukox2,0,0.3617988782051282,0.6412660256410256,0.0453125,0.05625
14,1052,ckyw7e9n0002f3867tn40h1u2,0,0.7611213235294118,0.6014093137254902,0.034375,0.04375
14,1053,ckyw7dzmx00273867fyj9lsnv,0,0.1814453125,0.3833333333333333,0.034375,0.0375
14,1053,ckyw7e4o6002b3867ibaukox2,0,0.3617588141025641,0.6409455128205128,0.0453125,0.05625
14,1053,ckyw7e9n0002f3867tn40h1u2,0,0.7625919117647059,0.6001838235294117,0.034375,0.04375
14,1054,ckyw7dzmx00273867fyj9lsnv,0,0.184375,0.3854166666666667,0.034375,0.0375
14,1054,ckyw7e4o6002b3867ibaukox2,0,0.36171875,0.640625,0.0453125,0.05625
14,1054,ckyw7e9n0002f3867tn40h1u2,0,0.7640625,0.5989583333333334,0.034375,0.04375
14,1055,ckyw7dzmx00273867fyj9lsnv,0,0.185703125,0.3891666666666667,0.034375,0.0375
14,1055,ckyw7e4o6002b3867ibaukox2,0,0.3615625,0.6405208333333333,0.0453125,0.05625
14,1055,ckyw7e9n0002f3867tn40h1u2,0,0.765,0.5966666666666666,0.034375,0.04375
14,1056,ckyw7dzmx00273867fyj9lsnv,0,0.1870312499999999,0.3929166666666666,0.0343749999999999,0.0375
14,1056,ckyw7e4o6002b3867ibaukox2,0,0.36140625,0.6404166666666666,0.0453125,0.05625
14,1056,ckyw7e9n0002f3867tn40h1u2,0,0.7659374999999999,0.594375,0.034375,0.04375
14,1057,ckyw7dzmx00273867fyj9lsnv,0,0.188359375,0.3966666666666666,0.034375,0.0375
14,1057,ckyw7e4o6002b3867ibaukox2,0,0.3612499999999999,0.6403125000000001,0.0453125,0.05625
14,1057,ckyw7e9n0002f3867tn40h1u2,0,0.766875,0.5920833333333333,0.034375,0.04375
14,1058,ckyw7dzmx00273867fyj9lsnv,0,0.1896875,0.4004166666666666,0.034375,0.0375
14,1058,ckyw7e4o6002b3867ibaukox2,0,0.36109375,0.6402083333333334,0.0453125,0.05625
14,1058,ckyw7e9n0002f3867tn40h1u2,0,0.7678125,0.5897916666666667,0.034375,0.04375
14,1059,ckyw7dzmx00273867fyj9lsnv,0,0.191015625,0.4041666666666667,0.034375,0.0375
14,1059,ckyw7e4o6002b3867ibaukox2,0,0.3609375,0.6401041666666667,0.0453125,0.05625
14,1059,ckyw7e9n0002f3867tn40h1u2,0,0.76875,0.5875,0.034375,0.04375
14,105,ckyw6zzlj001r3867thf0fuy7,0,0.21171875,0.8104166666666667,0.0265625,0.0458333333333333
14,105,ckyw704kw001v3867kvyjtx6k,0,0.83984375,0.8,0.0296875,0.0375
14,105,ckyw708pn001z386779fr849h,0,0.8309510030864198,0.1205118312757201,0.0359375,0.0395833333333333
14,1060,ckyw7dzmx00273867fyj9lsnv,0,0.1923437499999999,0.4079166666666667,0.034375,0.0375
14,1060,ckyw7e4o6002b3867ibaukox2,0,0.36078125,0.64,0.0453125,0.05625
14,1060,ckyw7e9n0002f3867tn40h1u2,0,0.7696875000000001,0.5852083333333333,0.034375,0.04375
14,1061,ckyw7dzmx00273867fyj9lsnv,0,0.193671875,0.4116666666666667,0.0343749999999999,0.0375
14,1061,ckyw7e4o6002b3867ibaukox2,0,0.360625,0.6398958333333333,0.0453125,0.05625
14,1061,ckyw7e9n0002f3867tn40h1u2,0,0.770625,0.5829166666666666,0.034375,0.04375
14,1062,ckyw7dzmx00273867fyj9lsnv,0,0.195,0.4154166666666666,0.034375,0.0375
14,1062,ckyw7e4o6002b3867ibaukox2,0,0.36046875,0.6397916666666668,0.0453125,0.05625
14,1062,ckyw7e9n0002f3867tn40h1u2,0,0.7715625,0.580625,0.034375,0.04375
14,1063,ckyw7dzmx00273867fyj9lsnv,0,0.196328125,0.4191666666666666,0.034375,0.0375
14,1063,ckyw7e4o6002b3867ibaukox2,0,0.3603125,0.6396875000000001,0.0453125,0.05625
14,1063,ckyw7e9n0002f3867tn40h1u2,0,0.7725,0.5783333333333334,0.034375,0.04375
14,1064,ckyw7dzmx00273867fyj9lsnv,0,0.19765625,0.4229166666666666,0.034375,0.0375
14,1064,ckyw7e4o6002b3867ibaukox2,0,0.36015625,0.6395833333333333,0.0453125,0.05625
14,1064,ckyw7e9n0002f3867tn40h1u2,0,0.7734375,0.5760416666666667,0.034375,0.04375
14,1065,ckyw7dzmx00273867fyj9lsnv,0,0.198984375,0.4266666666666667,0.034375,0.0375
14,1065,ckyw7e4o6002b3867ibaukox2,0,0.36,0.6394791666666666,0.0453125,0.05625
14,1065,ckyw7e9n0002f3867tn40h1u2,0,0.774375,0.57375,0.034375,0.04375
14,1066,ckyw7dzmx00273867fyj9lsnv,0,0.2003124999999999,0.4304166666666666,0.0343749999999999,0.0375
14,1066,ckyw7e4o6002b3867ibaukox2,0,0.35984375,0.6393749999999999,0.0453125,0.05625
14,1066,ckyw7e9n0002f3867tn40h1u2,0,0.7753125,0.5714583333333334,0.034375,0.04375
14,1067,ckyw7dzmx00273867fyj9lsnv,0,0.201640625,0.4341666666666667,0.034375,0.0375
14,1067,ckyw7e4o6002b3867ibaukox2,0,0.3596875,0.6392708333333333,0.0453125,0.05625
14,1067,ckyw7e9n0002f3867tn40h1u2,0,0.77625,0.5691666666666666,0.034375,0.04375
14,1068,ckyw7dzmx00273867fyj9lsnv,0,0.20296875,0.4379166666666666,0.034375,0.0375
14,1068,ckyw7e4o6002b3867ibaukox2,0,0.3595312499999999,0.6391666666666667,0.0453125,0.05625
14,1068,ckyw7e9n0002f3867tn40h1u2,0,0.7771874999999999,0.566875,0.034375,0.04375
14,1069,ckyw7dzmx00273867fyj9lsnv,0,0.204296875,0.4416666666666666,0.034375,0.0375
14,1069,ckyw7e4o6002b3867ibaukox2,0,0.359375,0.6390625,0.0453125,0.05625
14,1069,ckyw7e9n0002f3867tn40h1u2,0,0.778125,0.5645833333333333,0.034375,0.04375
14,106,ckyw6zzlj001r3867thf0fuy7,0,0.2088169642857142,0.8071428571428572,0.0265625,0.0458333333333333
14,106,ckyw704kw001v3867kvyjtx6k,0,0.84140625,0.8041666666666667,0.0296875,0.0375
14,106,ckyw708pn001z386779fr849h,0,0.8309895833333334,0.1204861111111111,0.0359375,0.0395833333333333
14,1070,ckyw7dzmx00273867fyj9lsnv,0,0.205625,0.4454166666666667,0.034375,0.0375
14,1070,ckyw7e4o6002b3867ibaukox2,0,0.35921875,0.6389583333333333,0.0453125,0.05625
14,1070,ckyw7e9n0002f3867tn40h1u2,0,0.7790625,0.5622916666666666,0.034375,0.04375
14,1071,ckyw7dzmx00273867fyj9lsnv,0,0.206953125,0.4491666666666666,0.0343749999999999,0.0375
14,1071,ckyw7e4o6002b3867ibaukox2,0,0.3590625,0.6388541666666666,0.0453125,0.05625
14,1071,ckyw7e9n0002f3867tn40h1u2,0,0.78,0.56,0.034375,0.04375
14,1072,ckyw7dzmx00273867fyj9lsnv,0,0.20828125,0.4529166666666667,0.034375,0.0375
14,1072,ckyw7e4o6002b3867ibaukox2,0,0.35890625,0.63875,0.0453125,0.05625
14,1072,ckyw7e9n0002f3867tn40h1u2,0,0.7809375000000001,0.5577083333333334,0.034375,0.04375
14,1073,ckyw7dzmx00273867fyj9lsnv,0,0.209609375,0.4566666666666666,0.034375,0.0375
14,1073,ckyw7e4o6002b3867ibaukox2,0,0.35875,0.6386458333333334,0.0453125,0.05625
14,1073,ckyw7e9n0002f3867tn40h1u2,0,0.781875,0.5554166666666667,0.034375,0.04375
14,1074,ckyw7dzmx00273867fyj9lsnv,0,0.2109375,0.4604166666666666,0.034375,0.0375
14,1074,ckyw7e4o6002b3867ibaukox2,0,0.35859375,0.6385416666666667,0.0453125,0.05625
14,1074,ckyw7e9n0002f3867tn40h1u2,0,0.7828125,0.553125,0.034375,0.04375
14,1075,ckyw7dzmx00273867fyj9lsnv,0,0.21015625,0.46484375,0.034375,0.0375
14,1075,ckyw7e4o6002b3867ibaukox2,0,0.3585358796296296,0.6383873456790123,0.0453125,0.05625
14,1075,ckyw7e9n0002f3867tn40h1u2,0,0.7829963235294117,0.5501838235294118,0.034375,0.0437499999999999
14,1076,ckyw7dzmx00273867fyj9lsnv,0,0.209375,0.4692708333333333,0.034375,0.0375
14,1076,ckyw7e4o6002b3867ibaukox2,0,0.3584780092592592,0.638233024691358,0.0453125,0.05625
14,1076,ckyw7e9n0002f3867tn40h1u2,0,0.7831801470588236,0.5472426470588235,0.034375,0.04375
14,1077,ckyw7dzmx00273867fyj9lsnv,0,0.20859375,0.4736979166666666,0.034375,0.0375
14,1077,ckyw7e4o6002b3867ibaukox2,0,0.3584201388888889,0.6380787037037037,0.0453125,0.05625
14,1077,ckyw7e9n0002f3867tn40h1u2,0,0.7833639705882354,0.5443014705882353,0.034375,0.04375
14,1078,ckyw7dzmx00273867fyj9lsnv,0,0.2078125,0.478125,0.034375,0.0375
14,1078,ckyw7e4o6002b3867ibaukox2,0,0.3583622685185185,0.6379243827160493,0.0453125,0.05625
14,1078,ckyw7e9n0002f3867tn40h1u2,0,0.7835477941176471,0.5413602941176471,0.034375,0.04375
14,1079,ckyw7dzmx00273867fyj9lsnv,0,0.20703125,0.4825520833333333,0.034375,0.0375
14,1079,ckyw7e4o6002b3867ibaukox2,0,0.3583043981481481,0.637770061728395,0.0453125,0.05625
14,1079,ckyw7e9n0002f3867tn40h1u2,0,0.7837316176470589,0.5384191176470589,0.034375,0.04375
14,107,ckyw6zzlj001r3867thf0fuy7,0,0.2059151785714285,0.8038690476190475,0.0265624999999999,0.0458333333333333
14,107,ckyw704kw001v3867kvyjtx6k,0,0.84296875,0.8083333333333333,0.0296875,0.0375
14,107,ckyw708pn001z386779fr849h,0,0.8310281635802468,0.120460390946502,0.0359375,0.0395833333333333
14,1080,ckyw7dzmx00273867fyj9lsnv,0,0.20625,0.4869791666666667,0.034375,0.0375
14,1080,ckyw7e4o6002b3867ibaukox2,0,0.3582465277777777,0.6376157407407407,0.0453125,0.05625
14,1080,ckyw7e9n0002f3867tn40h1u2,0,0.7839154411764706,0.5354779411764705,0.034375,0.0437499999999999
14,1081,ckyw7dzmx00273867fyj9lsnv,0,0.20546875,0.49140625,0.034375,0.0375
14,1081,ckyw7e4o6002b3867ibaukox2,0,0.3581886574074074,0.6374614197530863,0.0453125,0.05625
14,1081,ckyw7e9n0002f3867tn40h1u2,0,0.7840992647058824,0.5325367647058824,0.034375,0.04375
14,1082,ckyw7dzmx00273867fyj9lsnv,0,0.2046875,0.4958333333333333,0.034375,0.0375
14,1082,ckyw7e4o6002b3867ibaukox2,0,0.358130787037037,0.637307098765432,0.0453125,0.05625
14,1082,ckyw7e9n0002f3867tn40h1u2,0,0.7842830882352942,0.5295955882352941,0.034375,0.0437499999999999
14,1083,ckyw7dzmx00273867fyj9lsnv,0,0.2022569444444444,0.4993055555555555,0.034375,0.0375
14,1083,ckyw7e4o6002b3867ibaukox2,0,0.3580729166666666,0.6371527777777778,0.0453125,0.05625
14,1083,ckyw7e9n0002f3867tn40h1u2,0,0.7844669117647058,0.526654411764706,0.0343749999999999,0.04375
14,1084,ckyw7dzmx00273867fyj9lsnv,0,0.1998263888888888,0.5027777777777778,0.034375,0.0375
14,1084,ckyw7e4o6002b3867ibaukox2,0,0.3580150462962962,0.6369984567901235,0.0453125,0.05625
14,1084,ckyw7e9n0002f3867tn40h1u2,0,0.7846507352941176,0.5237132352941176,0.0343749999999999,0.04375
14,1085,ckyw7dzmx00273867fyj9lsnv,0,0.1973958333333333,0.50625,0.034375,0.0375
14,1085,ckyw7e4o6002b3867ibaukox2,0,0.3579571759259259,0.6368441358024691,0.0453125,0.05625
14,1085,ckyw7e9n0002f3867tn40h1u2,0,0.7848345588235294,0.5207720588235295,0.0343749999999999,0.04375
14,1086,ckyw7dzmx00273867fyj9lsnv,0,0.1949652777777777,0.5097222222222222,0.034375,0.0375
14,1086,ckyw7e4o6002b3867ibaukox2,0,0.3578993055555555,0.6366898148148148,0.0453125,0.05625
14,1086,ckyw7e9n0002f3867tn40h1u2,0,0.7850183823529411,0.5178308823529412,0.0343749999999999,0.04375
14,1087,ckyw7dzmx00273867fyj9lsnv,0,0.1925347222222222,0.5131944444444445,0.034375,0.0375
14,1087,ckyw7e4o6002b3867ibaukox2,0,0.3578414351851852,0.6365354938271605,0.0453125,0.05625
14,1087,ckyw7e9n0002f3867tn40h1u2,0,0.7852022058823529,0.5148897058823529,0.034375,0.0437499999999999
14,1088,ckyw7dzmx00273867fyj9lsnv,0,0.1901041666666666,0.5166666666666667,0.0343749999999999,0.0375
14,1088,ckyw7e4o6002b3867ibaukox2,0,0.3577835648148148,0.6363811728395062,0.0453125,0.05625
14,1088,ckyw7e9n0002f3867tn40h1u2,0,0.7853860294117647,0.5119485294117647,0.034375,0.04375
14,1089,ckyw7dzmx00273867fyj9lsnv,0,0.1876736111111111,0.5201388888888889,0.034375,0.0375
14,1089,ckyw7e4o6002b3867ibaukox2,0,0.3577256944444444,0.6362268518518519,0.0453125,0.05625
14,1089,ckyw7e9n0002f3867tn40h1u2,0,0.7855698529411764,0.5090073529411765,0.034375,0.04375
14,108,ckyw6zzlj001r3867thf0fuy7,0,0.2030133928571428,0.800595238095238,0.0265624999999999,0.0458333333333333
14,108,ckyw704kw001v3867kvyjtx6k,0,0.84453125,0.8125,0.0296875,0.0375
14,108,ckyw708pn001z386779fr849h,0,0.8310667438271604,0.120434670781893,0.0359375,0.0395833333333333
14,1090,ckyw7dzmx00273867fyj9lsnv,0,0.1852430555555555,0.523611111111111,0.0343749999999999,0.0374999999999999
14,1090,ckyw7e4o6002b3867ibaukox2,0,0.3576678240740741,0.6360725308641976,0.0453125,0.05625
14,1090,ckyw7e9n0002f3867tn40h1u2,0,0.7857536764705882,0.5060661764705883,0.034375,0.04375
14,1091,ckyw7dzmx00273867fyj9lsnv,0,0.1828125,0.5270833333333333,0.034375,0.0375
14,1091,ckyw7e4o6002b3867ibaukox2,0,0.3576099537037037,0.6359182098765432,0.0453125,0.05625
14,1091,ckyw7e9n0002f3867tn40h1u2,0,0.7859375,0.503125,0.034375,0.04375
14,1092,ckyw7dzmx00273867fyj9lsnv,0,0.1806249999999999,0.5289583333333333,0.034375,0.0374999999999999
14,1092,ckyw7e4o6002b3867ibaukox2,0,0.3575520833333333,0.6357638888888889,0.0453125,0.05625
14,1092,ckyw7e9n0002f3867tn40h1u2,0,0.7853125000000001,0.5008333333333334,0.034375,0.04375
14,1093,ckyw7dzmx00273867fyj9lsnv,0,0.1784375,0.5308333333333334,0.034375,0.0375
14,1093,ckyw7e4o6002b3867ibaukox2,0,0.3574942129629629,0.6356095679012346,0.0453125,0.05625
14,1093,ckyw7e9n0002f3867tn40h1u2,0,0.7846875000000001,0.4985416666666667,0.034375,0.04375
14,1094,ckyw7dzmx00273867fyj9lsnv,0,0.17625,0.5327083333333333,0.034375,0.0375
14,1094,ckyw7e4o6002b3867ibaukox2,0,0.3574363425925926,0.6354552469135802,0.0453125,0.05625
14,1094,ckyw7e9n0002f3867tn40h1u2,0,0.7840624999999999,0.4962499999999999,0.0343749999999999,0.04375
14,1095,ckyw7dzmx00273867fyj9lsnv,0,0.1740625,0.5345833333333334,0.034375,0.0375
14,1095,ckyw7e4o6002b3867ibaukox2,0,0.3573784722222222,0.6353009259259259,0.0453125,0.05625
14,1095,ckyw7e9n0002f3867tn40h1u2,0,0.7834375,0.4939583333333333,0.034375,0.04375
14,1096,ckyw7dzmx00273867fyj9lsnv,0,0.171875,0.5364583333333334,0.034375,0.0375
14,1096,ckyw7e4o6002b3867ibaukox2,0,0.3573206018518519,0.6351466049382716,0.0453125,0.05625
14,1096,ckyw7e9n0002f3867tn40h1u2,0,0.7828125,0.4916666666666666,0.034375,0.04375
14,1097,ckyw7dzmx00273867fyj9lsnv,0,0.1696875,0.5383333333333333,0.034375,0.0374999999999999
14,1097,ckyw7e4o6002b3867ibaukox2,0,0.3572627314814814,0.6349922839506174,0.0453125,0.05625
14,1097,ckyw7e9n0002f3867tn40h1u2,0,0.7821875,0.489375,0.034375,0.04375
14,1098,ckyw7dzmx00273867fyj9lsnv,0,0.1675,0.5402083333333334,0.034375,0.0375
14,1098,ckyw7e4o6002b3867ibaukox2,0,0.3572048611111111,0.634837962962963,0.0453125,0.05625
14,1098,ckyw7e9n0002f3867tn40h1u2,0,0.7815624999999999,0.4870833333333333,0.034375,0.04375
14,1099,ckyw7dzmx00273867fyj9lsnv,0,0.1653125,0.5420833333333334,0.034375,0.0375
14,1099,ckyw7e4o6002b3867ibaukox2,0,0.3571469907407407,0.6346836419753087,0.0453125,0.05625
14,1099,ckyw7e9n0002f3867tn40h1u2,0,0.7809375000000001,0.4847916666666666,0.034375,0.04375
14,109,ckyw6zzlj001r3867thf0fuy7,0,0.2001116071428571,0.7973214285714286,0.0265625,0.0458333333333333
14,109,ckyw704kw001v3867kvyjtx6k,0,0.84609375,0.8166666666666667,0.0296875,0.0375
14,109,ckyw708pn001z386779fr849h,0,0.831105324074074,0.1204089506172839,0.0359375,0.0395833333333333
14,10,ckyw6zzlj001r3867thf0fuy7,0,0.16640625,0.6558333333333334,0.0359375,0.0375
14,10,ckyw704kw001v3867kvyjtx6k,0,0.73203125,0.7339285714285714,0.0296875,0.0375
14,10,ckyw708pn001z386779fr849h,0,0.828023097826087,0.1248641304347826,0.0359375,0.0395833333333333
14,1100,ckyw7dzmx00273867fyj9lsnv,0,0.163125,0.5439583333333334,0.034375,0.0375
14,1100,ckyw7e4o6002b3867ibaukox2,0,0.3570891203703704,0.6345293209876544,0.0453125,0.05625
14,1100,ckyw7e9n0002f3867tn40h1u2,0,0.7803125,0.4825,0.034375,0.04375
14,1101,ckyw7dzmx00273867fyj9lsnv,0,0.1609375,0.5458333333333333,0.034375,0.0375
14,1101,ckyw7e4o6002b3867ibaukox2,0,0.35703125,0.634375,0.0453125,0.05625
14,1101,ckyw7e9n0002f3867tn40h1u2,0,0.7796875,0.4802083333333333,0.034375,0.04375
14,1102,ckyw7dzmx00273867fyj9lsnv,0,0.1575,0.5456249999999999,0.034375,0.0374999999999999
14,1102,ckyw7e4o6002b3867ibaukox2,0,0.356953770661157,0.6344094352617079,0.0453125,0.05625
14,1102,ckyw7e9n0002f3867tn40h1u2,0,0.77890625,0.4775,0.034375,0.04375
14,1103,ckyw7dzmx00273867fyj9lsnv,0,0.1540625,0.5454166666666667,0.034375,0.0375
14,1103,ckyw7e4o6002b3867ibaukox2,0,0.3568762913223141,0.634443870523416,0.0453125,0.05625
14,1103,ckyw7e9n0002f3867tn40h1u2,0,0.778125,0.4747916666666666,0.034375,0.04375
14,1104,ckyw7dzmx00273867fyj9lsnv,0,0.150625,0.5452083333333333,0.034375,0.0375
14,1104,ckyw7e4o6002b3867ibaukox2,0,0.3567988119834711,0.6344783057851239,0.0453125,0.05625
14,1104,ckyw7e9n0002f3867tn40h1u2,0,0.77734375,0.4720833333333333,0.034375,0.04375
14,1105,ckyw7dzmx00273867fyj9lsnv,0,0.1471875,0.545,0.034375,0.0375
14,1105,ckyw7e4o6002b3867ibaukox2,0,0.3567213326446281,0.634512741046832,0.0453125,0.05625
14,1105,ckyw7e9n0002f3867tn40h1u2,0,0.7765625,0.469375,0.034375,0.04375
14,1106,ckyw7dzmx00273867fyj9lsnv,0,0.14375,0.5447916666666667,0.034375,0.0375
14,1106,ckyw7e4o6002b3867ibaukox2,0,0.3566438533057851,0.63454717630854,0.0453125,0.05625
14,1106,ckyw7e9n0002f3867tn40h1u2,0,0.77578125,0.4666666666666667,0.034375,0.04375
14,1107,ckyw7dzmx00273867fyj9lsnv,0,0.1403125,0.5445833333333333,0.034375,0.0374999999999999
14,1107,ckyw7e4o6002b3867ibaukox2,0,0.3565663739669421,0.634581611570248,0.0453125,0.05625
14,1107,ckyw7e9n0002f3867tn40h1u2,0,0.775,0.4639583333333333,0.034375,0.04375
14,1108,ckyw7dzmx00273867fyj9lsnv,0,0.136875,0.544375,0.034375,0.0375
14,1108,ckyw7e4o6002b3867ibaukox2,0,0.3564888946280992,0.6346160468319559,0.0453125,0.05625
14,1108,ckyw7e9n0002f3867tn40h1u2,0,0.77421875,0.46125,0.034375,0.04375
14,1109,ckyw7dzmx00273867fyj9lsnv,0,0.1334375,0.5441666666666667,0.034375,0.0375
14,1109,ckyw7e4o6002b3867ibaukox2,0,0.3564114152892562,0.6346504820936639,0.0453125,0.05625
14,1109,ckyw7e9n0002f3867tn40h1u2,0,0.7734375,0.4585416666666667,0.034375,0.04375
14,110,ckyw6zzlj001r3867thf0fuy7,0,0.1972098214285714,0.7940476190476191,0.0265625,0.0458333333333333
14,110,ckyw704kw001v3867kvyjtx6k,0,0.84765625,0.8208333333333333,0.0296875,0.0375
14,110,ckyw708pn001z386779fr849h,0,0.8311439043209876,0.1203832304526748,0.0359375,0.0395833333333333
14,1110,ckyw7dzmx00273867fyj9lsnv,0,0.13,0.5439583333333334,0.034375,0.0375
14,1110,ckyw7e4o6002b3867ibaukox2,0,0.3563339359504132,0.6346849173553719,0.0453125,0.05625
14,1110,ckyw7e9n0002f3867tn40h1u2,0,0.77265625,0.4558333333333333,0.034375,0.04375
14,1111,ckyw7dzmx00273867fyj9lsnv,0,0.1265625,0.54375,0.034375,0.0375
14,1111,ckyw7e4o6002b3867ibaukox2,0,0.3562564566115702,0.6347193526170798,0.0453125,0.05625
14,1111,ckyw7e9n0002f3867tn40h1u2,0,0.771875,0.453125,0.034375,0.04375
14,1112,ckyw7dzmx00273867fyj9lsnv,0,0.1235576923076923,0.5416666666666666,0.034375,0.0375
14,1112,ckyw7e4o6002b3867ibaukox2,0,0.3561789772727273,0.6347537878787879,0.0453125,0.05625
14,1112,ckyw7e9n0002f3867tn40h1u2,0,0.7703125,0.451201923076923,0.034375,0.04375
14,1113,ckyw7dzmx00273867fyj9lsnv,0,0.1205528846153846,0.5395833333333333,0.034375,0.0375
14,1113,ckyw7e4o6002b3867ibaukox2,0,0.3561014979338843,0.6347882231404959,0.0453125,0.05625
14,1113,ckyw7e9n0002f3867tn40h1u2,0,0.76875,0.4492788461538461,0.034375,0.04375
14,1114,ckyw7dzmx00273867fyj9lsnv,0,0.1175480769230769,0.5375,0.034375,0.0375
14,1114,ckyw7e4o6002b3867ibaukox2,0,0.3560240185950413,0.6348226584022039,0.0453125,0.05625
14,1114,ckyw7e9n0002f3867tn40h1u2,0,0.7671875,0.4473557692307692,0.034375,0.04375
14,1115,ckyw7dzmx00273867fyj9lsnv,0,0.1145432692307692,0.5354166666666667,0.034375,0.0375
14,1115,ckyw7e4o6002b3867ibaukox2,0,0.3559465392561983,0.6348570936639119,0.0453125,0.05625
14,1115,ckyw7e9n0002f3867tn40h1u2,0,0.765625,0.4454326923076923,0.034375,0.04375
14,1116,ckyw7dzmx00273867fyj9lsnv,0,0.1115384615384615,0.5333333333333333,0.034375,0.0375
14,1116,ckyw7e4o6002b3867ibaukox2,0,0.3558690599173554,0.6348915289256198,0.0453125,0.05625
14,1116,ckyw7e9n0002f3867tn40h1u2,0,0.7640625,0.4435096153846153,0.034375,0.04375
14,1117,ckyw7dzmx00273867fyj9lsnv,0,0.1085336538461538,0.53125,0.034375,0.0375
14,1117,ckyw7e4o6002b3867ibaukox2,0,0.3557915805785124,0.6349259641873278,0.0453125,0.05625
14,1117,ckyw7e9n0002f3867tn40h1u2,0,0.7625,0.4415865384615384,0.034375,0.04375
14,1118,ckyw7dzmx00273867fyj9lsnv,0,0.1055288461538461,0.5291666666666667,0.0343749999999999,0.0375
14,1118,ckyw7e4o6002b3867ibaukox2,0,0.3557141012396694,0.6349603994490358,0.0453125,0.05625
14,1118,ckyw7e9n0002f3867tn40h1u2,0,0.7609375,0.4396634615384615,0.034375,0.04375
14,1119,ckyw7dzmx00273867fyj9lsnv,0,0.1025240384615384,0.5270833333333333,0.034375,0.0375
14,1119,ckyw7e4o6002b3867ibaukox2,0,0.3556366219008264,0.6349948347107438,0.0453125,0.05625
14,1119,ckyw7e9n0002f3867tn40h1u2,0,0.759375,0.4377403846153846,0.034375,0.04375
14,111,ckyw6zzlj001r3867thf0fuy7,0,0.1943080357142857,0.7907738095238095,0.0265625,0.0458333333333333
14,111,ckyw704kw001v3867kvyjtx6k,0,0.84921875,0.825,0.0296875,0.0375
14,111,ckyw708pn001z386779fr849h,0,0.8311824845679012,0.1203575102880658,0.0359375,0.0395833333333333
14,1120,ckyw7dzmx00273867fyj9lsnv,0,0.0995192307692307,0.525,0.034375,0.0375
14,1120,ckyw7e4o6002b3867ibaukox2,0,0.3555591425619834,0.6350292699724517,0.0453125,0.05625
14,1120,ckyw7e9n0002f3867tn40h1u2,0,0.7578125,0.4358173076923076,0.034375,0.04375
14,1121,ckyw7dzmx00273867fyj9lsnv,0,0.096514423076923,0.5229166666666667,0.034375,0.0375
14,1121,ckyw7e4o6002b3867ibaukox2,0,0.3554816632231404,0.6350637052341598,0.0453125,0.05625
14,1121,ckyw7e9n0002f3867tn40h1u2,0,0.75625,0.4338942307692308,0.034375,0.04375
14,1122,ckyw7dzmx00273867fyj9lsnv,0,0.0935096153846153,0.5208333333333334,0.0343749999999999,0.0375
14,1122,ckyw7e4o6002b3867ibaukox2,0,0.3554041838842975,0.6350981404958678,0.0453125,0.05625
14,1122,ckyw7e9n0002f3867tn40h1u2,0,0.7546875,0.4319711538461538,0.034375,0.04375
14,1123,ckyw7dzmx00273867fyj9lsnv,0,0.0905048076923076,0.51875,0.034375,0.0375
14,1123,ckyw7e4o6002b3867ibaukox2,0,0.3553267045454545,0.6351325757575758,0.0453125,0.05625
14,1123,ckyw7e9n0002f3867tn40h1u2,0,0.753125,0.4300480769230769,0.034375,0.04375
14,1124,ckyw7dzmx00273867fyj9lsnv,0,0.0875,0.5166666666666667,0.034375,0.0375
14,1124,ckyw7e4o6002b3867ibaukox2,0,0.3552492252066115,0.6351670110192837,0.0453125,0.05625
14,1124,ckyw7e9n0002f3867tn40h1u2,0,0.7515625,0.428125,0.034375,0.04375
14,1125,ckyw7dzmx00273867fyj9lsnv,0,0.0859375,0.5129166666666667,0.034375,0.0375
14,1125,ckyw7e4o6002b3867ibaukox2,0,0.3551717458677686,0.6352014462809917,0.0453125,0.05625
14,1125,ckyw7e9n0002f3867tn40h1u2,0,0.7498437499999999,0.4266666666666667,0.034375,0.04375
14,1126,ckyw7dzmx00273867fyj9lsnv,0,0.084375,0.5091666666666667,0.034375,0.0375
14,1126,ckyw7e4o6002b3867ibaukox2,0,0.3550942665289256,0.6352358815426997,0.0453125,0.05625
14,1126,ckyw7e9n0002f3867tn40h1u2,0,0.748125,0.4252083333333333,0.034375,0.04375
14,1127,ckyw7dzmx00273867fyj9lsnv,0,0.0828125,0.5054166666666666,0.034375,0.0375
14,1127,ckyw7e4o6002b3867ibaukox2,0,0.3550167871900826,0.6352703168044077,0.0453125,0.05625
14,1127,ckyw7e9n0002f3867tn40h1u2,0,0.7464062499999999,0.42375,0.034375,0.04375
14,1128,ckyw7dzmx00273867fyj9lsnv,0,0.08125,0.5016666666666667,0.034375,0.0375
14,1128,ckyw7e4o6002b3867ibaukox2,0,0.3549393078512396,0.6353047520661157,0.0453125,0.05625
14,1128,ckyw7e9n0002f3867tn40h1u2,0,0.7446875000000001,0.4222916666666666,0.034375,0.04375
14,1129,ckyw7dzmx00273867fyj9lsnv,0,0.0796875,0.4979166666666667,0.034375,0.0375
14,1129,ckyw7e4o6002b3867ibaukox2,0,0.3548618285123966,0.6353391873278237,0.0453125,0.05625
14,1129,ckyw7e9n0002f3867tn40h1u2,0,0.74296875,0.4208333333333333,0.034375,0.04375
14,112,ckyw6zzlj001r3867thf0fuy7,0,0.19140625,0.7875,0.0265625,0.0458333333333333
14,112,ckyw704kw001v3867kvyjtx6k,0,0.85078125,0.8291666666666667,0.0296875,0.0375
14,112,ckyw708pn001z386779fr849h,0,0.8312210648148148,0.1203317901234567,0.0359375,0.0395833333333333
14,1130,ckyw7dzmx00273867fyj9lsnv,0,0.078125,0.4941666666666666,0.034375,0.0375
14,1130,ckyw7e4o6002b3867ibaukox2,0,0.3547843491735537,0.6353736225895317,0.0453125,0.05625
14,1130,ckyw7e9n0002f3867tn40h1u2,0,0.74125,0.419375,0.034375,0.04375
14,1131,ckyw7dzmx00273867fyj9lsnv,0,0.0765625,0.4904166666666666,0.034375,0.0375
14,1131,ckyw7e4o6002b3867ibaukox2,0,0.3547068698347108,0.6354080578512397,0.0453125,0.05625
14,1131,ckyw7e9n0002f3867tn40h1u2,0,0.73953125,0.4179166666666666,0.034375,0.04375
14,1132,ckyw7dzmx00273867fyj9lsnv,0,0.075,0.4866666666666666,0.034375,0.0375
14,1132,ckyw7e4o6002b3867ibaukox2,0,0.3546293904958678,0.6354424931129476,0.0453125,0.05625
14,1132,ckyw7e9n0002f3867tn40h1u2,0,0.7378125,0.4164583333333333,0.034375,0.04375
14,1133,ckyw7dzmx00273867fyj9lsnv,0,0.0734375,0.4829166666666667,0.034375,0.0375
14,1133,ckyw7e4o6002b3867ibaukox2,0,0.3545519111570248,0.6354769283746556,0.0453125,0.05625
14,1133,ckyw7e9n0002f3867tn40h1u2,0,0.73609375,0.415,0.034375,0.04375
14,1134,ckyw7dzmx00273867fyj9lsnv,0,0.071875,0.4791666666666667,0.034375,0.0375
14,1134,ckyw7e4o6002b3867ibaukox2,0,0.3544744318181818,0.6355113636363636,0.0453125,0.05625
14,1134,ckyw7e9n0002f3867tn40h1u2,0,0.734375,0.4135416666666666,0.034375,0.04375
14,1135,ckyw7dzmx00273867fyj9lsnv,0,0.0713541666666666,0.474537037037037,0.034375,0.0375
14,1135,ckyw7e4o6002b3867ibaukox2,0,0.3543969524793388,0.6355457988980716,0.0453125,0.05625
14,1135,ckyw7e9n0002f3867tn40h1u2,0,0.7321180555555555,0.4130787037037037,0.034375,0.04375
14,1136,ckyw7dzmx00273867fyj9lsnv,0,0.0708333333333333,0.4699074074074074,0.034375,0.0375
14,1136,ckyw7e4o6002b3867ibaukox2,0,0.3543194731404958,0.6355802341597797,0.0453125,0.05625
14,1136,ckyw7e9n0002f3867tn40h1u2,0,0.7298611111111111,0.4126157407407407,0.034375,0.04375
14,1137,ckyw7dzmx00273867fyj9lsnv,0,0.0703125,0.4652777777777778,0.034375,0.0375
14,1137,ckyw7e4o6002b3867ibaukox2,0,0.3542419938016529,0.6356146694214876,0.0453125,0.05625
14,1137,ckyw7e9n0002f3867tn40h1u2,0,0.7276041666666667,0.4121527777777778,0.034375,0.04375
14,1138,ckyw7dzmx00273867fyj9lsnv,0,0.0697916666666666,0.4606481481481481,0.034375,0.0375
14,1138,ckyw7e4o6002b3867ibaukox2,0,0.3541645144628099,0.6356491046831957,0.0453125,0.05625
14,1138,ckyw7e9n0002f3867tn40h1u2,0,0.7253472222222223,0.4116898148148148,0.034375,0.04375
14,1139,ckyw7dzmx00273867fyj9lsnv,0,0.0692708333333333,0.4560185185185185,0.034375,0.0375
14,1139,ckyw7e4o6002b3867ibaukox2,0,0.3540870351239669,0.6356835399449036,0.0453125,0.05625
14,1139,ckyw7e9n0002f3867tn40h1u2,0,0.7230902777777778,0.4112268518518518,0.034375,0.04375
14,113,ckyw6zzlj001r3867thf0fuy7,0,0.187890625,0.7859375,0.0265625,0.0458333333333333
14,113,ckyw704kw001v3867kvyjtx6k,0,0.855078125,0.8302083333333333,0.0296875,0.0375
14,113,ckyw708pn001z386779fr849h,0,0.8312596450617283,0.1203060699588477,0.0359375,0.0395833333333333
14,1140,ckyw7dzmx00273867fyj9lsnv,0,0.06875,0.4513888888888889,0.034375,0.0375
14,1140,ckyw7e4o6002b3867ibaukox2,0,0.354009555785124,0.6357179752066116,0.0453125,0.05625
14,1140,ckyw7e9n0002f3867tn40h1u2,0,0.7208333333333333,0.4107638888888889,0.034375,0.04375
14,1141,ckyw7dzmx00273867fyj9lsnv,0,0.0682291666666666,0.4467592592592593,0.034375,0.0375
14,1141,ckyw7e4o6002b3867ibaukox2,0,0.353932076446281,0.6357524104683195,0.0453125,0.05625
14,1141,ckyw7e9n0002f3867tn40h1u2,0,0.718576388888889,0.4103009259259259,0.034375,0.04375
14,1142,ckyw7dzmx00273867fyj9lsnv,0,0.0677083333333333,0.4421296296296296,0.034375,0.0375
14,1142,ckyw7e4o6002b3867ibaukox2,0,0.353854597107438,0.6357868457300275,0.0453125,0.05625
14,1142,ckyw7e9n0002f3867tn40h1u2,0,0.7163194444444445,0.409837962962963,0.034375,0.04375
14,1143,ckyw7dzmx00273867fyj9lsnv,0,0.0671875,0.4375,0.034375,0.0375
14,1143,ckyw7e4o6002b3867ibaukox2,0,0.353777117768595,0.6358212809917355,0.0453125,0.05625
14,1143,ckyw7e9n0002f3867tn40h1u2,0,0.7140625,0.409375,0.034375,0.04375
14,1144,ckyw7dzmx00273867fyj9lsnv,0,0.0684375,0.4335416666666666,0.034375,0.0375
14,1144,ckyw7e4o6002b3867ibaukox2,0,0.353699638429752,0.6358557162534435,0.0453125,0.05625
14,1144,ckyw7e9n0002f3867tn40h1u2,0,0.7125,0.40875,0.034375,0.04375
14,1145,ckyw7dzmx00273867fyj9lsnv,0,0.0696875,0.4295833333333333,0.034375,0.0375
14,1145,ckyw7e4o6002b3867ibaukox2,0,0.3536221590909091,0.6358901515151516,0.0453125,0.05625
14,1145,ckyw7e9n0002f3867tn40h1u2,0,0.7109375,0.408125,0.034375,0.04375
14,1146,ckyw7dzmx00273867fyj9lsnv,0,0.0709375,0.425625,0.034375,0.0375
14,1146,ckyw7e4o6002b3867ibaukox2,0,0.3535446797520661,0.6359245867768595,0.0453125,0.05625
14,1146,ckyw7e9n0002f3867tn40h1u2,0,0.709375,0.4075,0.034375,0.04375
14,1147,ckyw7dzmx00273867fyj9lsnv,0,0.0721875,0.4216666666666667,0.034375,0.0375
14,1147,ckyw7e4o6002b3867ibaukox2,0,0.3534672004132231,0.6359590220385676,0.0453125,0.05625
14,1147,ckyw7e9n0002f3867tn40h1u2,0,0.7078125,0.406875,0.034375,0.04375
14,1148,ckyw7dzmx00273867fyj9lsnv,0,0.0734375,0.4177083333333333,0.034375,0.0375
14,1148,ckyw7e4o6002b3867ibaukox2,0,0.3533897210743801,0.6359934573002755,0.0453125,0.05625
14,1148,ckyw7e9n0002f3867tn40h1u2,0,0.70625,0.40625,0.034375,0.04375
14,1149,ckyw7dzmx00273867fyj9lsnv,0,0.0746874999999999,0.41375,0.034375,0.0375
14,1149,ckyw7e4o6002b3867ibaukox2,0,0.3533122417355371,0.6360278925619834,0.0453125,0.05625
14,1149,ckyw7e9n0002f3867tn40h1u2,0,0.7046875,0.4056249999999999,0.034375,0.04375
14,114,ckyw6zzlj001r3867thf0fuy7,0,0.184375,0.784375,0.0265625,0.0458333333333333
14,114,ckyw704kw001v3867kvyjtx6k,0,0.859375,0.83125,0.0296875,0.0375
14,114,ckyw708pn001z386779fr849h,0,0.831298225308642,0.1202803497942386,0.0359375,0.0395833333333333
14,1150,ckyw7dzmx00273867fyj9lsnv,0,0.0759375,0.4097916666666666,0.034375,0.0375
14,1150,ckyw7e4o6002b3867ibaukox2,0,0.3532347623966942,0.6360623278236914,0.0453125,0.05625
14,1150,ckyw7e9n0002f3867tn40h1u2,0,0.703125,0.405,0.034375,0.04375
14,1151,ckyw7dzmx00273867fyj9lsnv,0,0.0771874999999999,0.4058333333333334,0.034375,0.0375
14,1151,ckyw7e4o6002b3867ibaukox2,0,0.3531572830578512,0.6360967630853994,0.0453125,0.05625
14,1151,ckyw7e9n0002f3867tn40h1u2,0,0.7015625,0.404375,0.034375,0.04375
14,1152,ckyw7dzmx00273867fyj9lsnv,0,0.0784375,0.401875,0.034375,0.0375
14,1152,ckyw7e4o6002b3867ibaukox2,0,0.3530798037190082,0.6361311983471075,0.0453125,0.05625
14,1152,ckyw7e9n0002f3867tn40h1u2,0,0.7,0.40375,0.034375,0.04375
14,1153,ckyw7dzmx00273867fyj9lsnv,0,0.0796875,0.3979166666666666,0.034375,0.0375
14,1153,ckyw7e4o6002b3867ibaukox2,0,0.3530023243801653,0.6361656336088154,0.0453125,0.05625
14,1153,ckyw7e9n0002f3867tn40h1u2,0,0.6984375,0.403125,0.034375,0.04375
14,1154,ckyw7dzmx00273867fyj9lsnv,0,0.08203125,0.394375,0.034375,0.0375
14,1154,ckyw7e4o6002b3867ibaukox2,0,0.3529248450413223,0.6362000688705235,0.0453125,0.05625
14,1154,ckyw7e9n0002f3867tn40h1u2,0,0.69640625,0.4033333333333333,0.034375,0.04375
14,1155,ckyw7dzmx00273867fyj9lsnv,0,0.084375,0.3908333333333333,0.034375,0.0375
14,1155,ckyw7e4o6002b3867ibaukox2,0,0.3528473657024793,0.6362345041322314,0.0453125,0.05625
14,1155,ckyw7e9n0002f3867tn40h1u2,0,0.694375,0.4035416666666666,0.034375,0.04375
14,1156,ckyw7dzmx00273867fyj9lsnv,0,0.08671875,0.3872916666666667,0.034375,0.0375
14,1156,ckyw7e4o6002b3867ibaukox2,0,0.3527698863636364,0.6362689393939395,0.0453125,0.05625
14,1156,ckyw7e9n0002f3867tn40h1u2,0,0.69234375,0.40375,0.034375,0.04375
14,1157,ckyw7dzmx00273867fyj9lsnv,0,0.0890625,0.38375,0.034375,0.0375
14,1157,ckyw7e4o6002b3867ibaukox2,0,0.3526924070247934,0.6363033746556473,0.0453125,0.05625
14,1157,ckyw7e9n0002f3867tn40h1u2,0,0.6903125,0.4039583333333333,0.034375,0.04375
14,1158,ckyw7dzmx00273867fyj9lsnv,0,0.09140625,0.3802083333333333,0.034375,0.0375
14,1158,ckyw7e4o6002b3867ibaukox2,0,0.3526149276859504,0.6363378099173553,0.0453125,0.05625
14,1158,ckyw7e9n0002f3867tn40h1u2,0,0.68828125,0.4041666666666667,0.034375,0.04375
14,1159,ckyw7dzmx00273867fyj9lsnv,0,0.09375,0.3766666666666667,0.034375,0.0375
14,1159,ckyw7e4o6002b3867ibaukox2,0,0.3525374483471074,0.6363722451790633,0.0453125,0.05625
14,1159,ckyw7e9n0002f3867tn40h1u2,0,0.68625,0.404375,0.034375,0.04375
14,115,ckyw6zzlj001r3867thf0fuy7,0,0.180859375,0.7828125,0.0265625,0.0458333333333333
14,115,ckyw704kw001v3867kvyjtx6k,0,0.863671875,0.8322916666666667,0.0296875,0.0375
14,115,ckyw708pn001z386779fr849h,0,0.8313368055555556,0.1202546296296296,0.0359375,0.0395833333333333
14,115,ckyw723jy00233867gakwo9e7,0,0.86640625,0.0229166666666666,0.0265625,0.0375
14,1160,ckyw7dzmx00273867fyj9lsnv,0,0.09609375,0.373125,0.034375,0.0375
14,1160,ckyw7e4o6002b3867ibaukox2,0,0.3524599690082645,0.6364066804407713,0.0453125,0.05625
14,1160,ckyw7e9n0002f3867tn40h1u2,0,0.68421875,0.4045833333333333,0.034375,0.04375
14,1161,ckyw7dzmx00273867fyj9lsnv,0,0.0984375,0.3695833333333333,0.034375,0.0375
14,1161,ckyw7e4o6002b3867ibaukox2,0,0.3523824896694215,0.6364411157024794,0.0453125,0.05625
14,1161,ckyw7e9n0002f3867tn40h1u2,0,0.6821875000000001,0.4047916666666667,0.034375,0.04375
14,1162,ckyw7dzmx00273867fyj9lsnv,0,0.10078125,0.3660416666666666,0.034375,0.0375
14,1162,ckyw7e4o6002b3867ibaukox2,0,0.3523050103305785,0.6364755509641873,0.0453125,0.05625
14,1162,ckyw7e9n0002f3867tn40h1u2,0,0.68015625,0.405,0.034375,0.04375
14,1163,ckyw7dzmx00273867fyj9lsnv,0,0.103125,0.3625,0.034375,0.0375
14,1163,ckyw7e4o6002b3867ibaukox2,0,0.3522275309917355,0.6365099862258954,0.0453125,0.05625
14,1163,ckyw7e9n0002f3867tn40h1u2,0,0.678125,0.4052083333333333,0.034375,0.04375
14,1164,ckyw7dzmx00273867fyj9lsnv,0,0.10625,0.3609848484848485,0.034375,0.0375
14,1164,ckyw7e4o6002b3867ibaukox2,0,0.3521500516528925,0.6365444214876033,0.0453125,0.05625
14,1164,ckyw7e9n0002f3867tn40h1u2,0,0.6763671875,0.4057291666666666,0.034375,0.04375
14,1165,ckyw7dzmx00273867fyj9lsnv,0,0.109375,0.3594696969696969,0.034375,0.0375
14,1165,ckyw7e4o6002b3867ibaukox2,0,0.3520725723140496,0.6365788567493114,0.0453125,0.05625
14,1165,ckyw7e9n0002f3867tn40h1u2,0,0.674609375,0.40625,0.034375,0.04375
14,1166,ckyw7dzmx00273867fyj9lsnv,0,0.1125,0.3579545454545454,0.034375,0.0375
14,1166,ckyw7e4o6002b3867ibaukox2,0,0.3519950929752066,0.6366132920110192,0.0453125,0.05625
14,1166,ckyw7e9n0002f3867tn40h1u2,0,0.6728515625,0.4067708333333333,0.034375,0.04375
14,1167,ckyw7dzmx00273867fyj9lsnv,0,0.115625,0.3564393939393939,0.034375,0.0375
14,1167,ckyw7e4o6002b3867ibaukox2,0,0.3519176136363636,0.6366477272727272,0.0453125,0.05625
14,1167,ckyw7e9n0002f3867tn40h1u2,0,0.67109375,0.4072916666666666,0.034375,0.04375
14,1168,ckyw7dzmx00273867fyj9lsnv,0,0.11875,0.3549242424242424,0.034375,0.0375
14,1168,ckyw7e4o6002b3867ibaukox2,0,0.3518401342975207,0.6366821625344353,0.0453125,0.05625
14,1168,ckyw7e9n0002f3867tn40h1u2,0,0.6693359375,0.4078125,0.034375,0.04375
14,1169,ckyw7dzmx00273867fyj9lsnv,0,0.121875,0.3534090909090909,0.034375,0.0375
14,1169,ckyw7e4o6002b3867ibaukox2,0,0.3517626549586777,0.6367165977961432,0.0453125,0.05625
14,1169,ckyw7e9n0002f3867tn40h1u2,0,0.667578125,0.4083333333333333,0.034375,0.04375
14,116,ckyw6zzlj001r3867thf0fuy7,0,0.17734375,0.78125,0.0265625,0.0458333333333333
14,116,ckyw704kw001v3867kvyjtx6k,0,0.86796875,0.8333333333333334,0.0296875,0.0375
14,116,ckyw708pn001z386779fr849h,0,0.8313753858024692,0.1202289094650205,0.0359375,0.0395833333333333
14,116,ckyw723jy00233867gakwo9e7,0,0.8688210227272727,0.025,0.0265625,0.0375
14,1170,ckyw7dzmx00273867fyj9lsnv,0,0.125,0.3518939393939393,0.034375,0.0375
14,1170,ckyw7e4o6002b3867ibaukox2,0,0.3516851756198347,0.6367510330578513,0.0453125,0.05625
14,1170,ckyw7e9n0002f3867tn40h1u2,0,0.6658203125,0.4088541666666667,0.034375,0.04375
14,1171,ckyw7dzmx00273867fyj9lsnv,0,0.128125,0.3503787878787879,0.034375,0.0375
14,1171,ckyw7e4o6002b3867ibaukox2,0,0.3516076962809917,0.6367854683195592,0.0453125,0.05625
14,1171,ckyw7e9n0002f3867tn40h1u2,0,0.6640625,0.409375,0.034375,0.04375
14,1172,ckyw7dzmx00273867fyj9lsnv,0,0.13125,0.3488636363636364,0.034375,0.0375
14,1172,ckyw7e4o6002b3867ibaukox2,0,0.3515302169421487,0.6368199035812673,0.0453125,0.05625
14,1172,ckyw7e9n0002f3867tn40h1u2,0,0.6623046875,0.4098958333333333,0.034375,0.04375
14,1173,ckyw7dzmx00273867fyj9lsnv,0,0.134375,0.3473484848484848,0.034375,0.0375
14,1173,ckyw7e4o6002b3867ibaukox2,0,0.3514527376033057,0.6368543388429752,0.0453125,0.05625
14,1173,ckyw7e9n0002f3867tn40h1u2,0,0.660546875,0.4104166666666666,0.034375,0.04375
14,1174,ckyw7dzmx00273867fyj9lsnv,0,0.1375,0.3458333333333333,0.034375,0.0375
14,1174,ckyw7e4o6002b3867ibaukox2,0,0.3513752582644628,0.6368887741046833,0.0453125,0.05625
14,1174,ckyw7e9n0002f3867tn40h1u2,0,0.6587890625,0.4109375,0.034375,0.04375
14,1175,ckyw7dzmx00273867fyj9lsnv,0,0.140625,0.34625,0.034375,0.0375
14,1175,ckyw7e4o6002b3867ibaukox2,0,0.3512977789256198,0.6369232093663911,0.0453125,0.05625
14,1175,ckyw7e9n0002f3867tn40h1u2,0,0.65703125,0.4114583333333333,0.034375,0.04375
14,1176,ckyw7dzmx00273867fyj9lsnv,0,0.14375,0.3466666666666667,0.034375,0.0375
14,1176,ckyw7e4o6002b3867ibaukox2,0,0.3512202995867768,0.6369576446280991,0.0453125,0.05625
14,1176,ckyw7e9n0002f3867tn40h1u2,0,0.6552734375,0.4119791666666667,0.034375,0.04375
14,1177,ckyw7dzmx00273867fyj9lsnv,0,0.146875,0.3470833333333333,0.034375,0.0375
14,1177,ckyw7e4o6002b3867ibaukox2,0,0.3511428202479338,0.6369920798898072,0.0453125,0.05625
14,1177,ckyw7e9n0002f3867tn40h1u2,0,0.653515625,0.4125,0.034375,0.04375
14,1178,ckyw7dzmx00273867fyj9lsnv,0,0.15,0.3475,0.034375,0.0375
14,1178,ckyw7e4o6002b3867ibaukox2,0,0.3510653409090909,0.6370265151515151,0.0453125,0.05625
14,1178,ckyw7e9n0002f3867tn40h1u2,0,0.6517578125,0.4130208333333333,0.034375,0.04375
14,1179,ckyw7dzmx00273867fyj9lsnv,0,0.153125,0.3479166666666666,0.034375,0.0375
14,1179,ckyw7e4o6002b3867ibaukox2,0,0.3509878615702479,0.6370609504132232,0.0453125,0.05625
14,1179,ckyw7e9n0002f3867tn40h1u2,0,0.65,0.4135416666666666,0.034375,0.04375
14,117,ckyw6zzlj001r3867thf0fuy7,0,0.175,0.7765625,0.0265625,0.0458333333333333
14,117,ckyw704kw001v3867kvyjtx6k,0,0.8625,0.8385416666666666,0.0296875,0.0375
14,117,ckyw708pn001z386779fr849h,0,0.8314139660493828,0.1202031893004115,0.0359375,0.0395833333333333
14,117,ckyw723jy00233867gakwo9e7,0,0.8712357954545455,0.0270833333333333,0.0265625,0.0375
14,1180,ckyw7dzmx00273867fyj9lsnv,0,0.15625,0.3484375,0.034375,0.0375
14,1180,ckyw7e4o6002b3867ibaukox2,0,0.3509103822314049,0.6370953856749311,0.0453125,0.05625
14,1180,ckyw7e9n0002f3867tn40h1u2,0,0.6487132352941176,0.4153799019607843,0.034375,0.04375
14,1181,ckyw7dzmx00273867fyj9lsnv,0,0.159375,0.3489583333333333,0.034375,0.0375
14,1181,ckyw7e4o6002b3867ibaukox2,0,0.3508329028925619,0.6371298209366392,0.0453125,0.05625
14,1181,ckyw7e9n0002f3867tn40h1u2,0,0.6474264705882353,0.4172181372549019,0.034375,0.04375
14,1182,ckyw7dzmx00273867fyj9lsnv,0,0.1625,0.3494791666666667,0.034375,0.0375
14,1182,ckyw7e4o6002b3867ibaukox2,0,0.350755423553719,0.637164256198347,0.0453125,0.05625
14,1182,ckyw7e9n0002f3867tn40h1u2,0,0.6461397058823529,0.4190563725490196,0.034375,0.04375
14,1183,ckyw7dzmx00273867fyj9lsnv,0,0.165625,0.35,0.034375,0.0375
14,1183,ckyw7e4o6002b3867ibaukox2,0,0.350677944214876,0.6371986914600551,0.0453125,0.05625
14,1183,ckyw7e9n0002f3867tn40h1u2,0,0.6448529411764705,0.4208946078431372,0.034375,0.04375
14,1184,ckyw7dzmx00273867fyj9lsnv,0,0.1685096153846153,0.3520833333333333,0.034375,0.0375
14,1184,ckyw7e4o6002b3867ibaukox2,0,0.3506004648760331,0.6372331267217631,0.0453125,0.05625
14,1184,ckyw7e9n0002f3867tn40h1u2,0,0.6435661764705882,0.4227328431372549,0.034375,0.04375
14,1185,ckyw7dzmx00273867fyj9lsnv,0,0.1713942307692307,0.3541666666666667,0.034375,0.0375
14,1185,ckyw7e4o6002b3867ibaukox2,0,0.3505229855371901,0.637267561983471,0.0453125,0.05625
14,1185,ckyw7e9n0002f3867tn40h1u2,0,0.6422794117647059,0.4245710784313725,0.034375,0.04375
14,1186,ckyw7dzmx00273867fyj9lsnv,0,0.1742788461538461,0.35625,0.034375,0.0375
14,1186,ckyw7e4o6002b3867ibaukox2,0,0.3504455061983471,0.6373019972451791,0.0453125,0.05625
14,1186,ckyw7e9n0002f3867tn40h1u2,0,0.6409926470588235,0.4264093137254902,0.034375,0.04375
14,1187,ckyw7dzmx00273867fyj9lsnv,0,0.1771634615384615,0.3583333333333333,0.034375,0.0375
14,1187,ckyw7e4o6002b3867ibaukox2,0,0.3503680268595041,0.637336432506887,0.0453125,0.05625
14,1187,ckyw7e9n0002f3867tn40h1u2,0,0.6397058823529412,0.4282475490196079,0.034375,0.04375
14,1188,ckyw7dzmx00273867fyj9lsnv,0,0.1800480769230769,0.3604166666666666,0.034375,0.0375
14,1188,ckyw7e4o6002b3867ibaukox2,0,0.3502905475206611,0.6373708677685951,0.0453125,0.05625
14,1188,ckyw7e9n0002f3867tn40h1u2,0,0.6384191176470588,0.4300857843137254,0.034375,0.04375
14,1189,ckyw7dzmx00273867fyj9lsnv,0,0.1829326923076923,0.3625,0.0343749999999999,0.0375
14,1189,ckyw7e4o6002b3867ibaukox2,0,0.3502130681818182,0.637405303030303,0.0453125,0.05625
14,1189,ckyw7e9n0002f3867tn40h1u2,0,0.6371323529411764,0.4319240196078431,0.034375,0.04375
14,118,ckyw6zzlj001r3867thf0fuy7,0,0.17265625,0.771875,0.0265625,0.0458333333333333
14,118,ckyw704kw001v3867kvyjtx6k,0,0.85703125,0.84375,0.0296875,0.0375
14,118,ckyw708pn001z386779fr849h,0,0.8314525462962964,0.1201774691358024,0.0359375,0.0395833333333333
14,118,ckyw723jy00233867gakwo9e7,0,0.8736505681818182,0.0291666666666666,0.0265625,0.0375
14,1190,ckyw7dzmx00273867fyj9lsnv,0,0.1858173076923077,0.3645833333333333,0.034375,0.0375
14,1190,ckyw7e4o6002b3867ibaukox2,0,0.3501355888429752,0.6374397382920111,0.0453125,0.05625
14,1190,ckyw7e9n0002f3867tn40h1u2,0,0.6358455882352941,0.4337622549019608,0.034375,0.04375
14,1191,ckyw7dzmx00273867fyj9lsnv,0,0.188701923076923,0.3666666666666666,0.034375,0.0375
14,1191,ckyw7e4o6002b3867ibaukox2,0,0.3500581095041322,0.6374741735537189,0.0453125,0.05625
14,1191,ckyw7e9n0002f3867tn40h1u2,0,0.6345588235294117,0.4356004901960784,0.034375,0.04375
14,1192,ckyw7dzmx00273867fyj9lsnv,0,0.1915865384615384,0.36875,0.034375,0.0375
14,1192,ckyw7e4o6002b3867ibaukox2,0,0.3499806301652892,0.637508608815427,0.0453125,0.05625
14,1192,ckyw7e9n0002f3867tn40h1u2,0,0.6332720588235294,0.4374387254901961,0.034375,0.04375
14,1193,ckyw7dzmx00273867fyj9lsnv,0,0.1944711538461538,0.3708333333333333,0.0343749999999999,0.0375
14,1193,ckyw7e4o6002b3867ibaukox2,0,0.3499031508264463,0.637543044077135,0.0453125,0.05625
14,1193,ckyw7e9n0002f3867tn40h1u2,0,0.6319852941176471,0.4392769607843137,0.034375,0.04375
14,1194,ckyw7dzmx00273867fyj9lsnv,0,0.1973557692307692,0.3729166666666667,0.034375,0.0375
14,1194,ckyw7e4o6002b3867ibaukox2,0,0.3498256714876033,0.637577479338843,0.0453125,0.05625
14,1194,ckyw7e9n0002f3867tn40h1u2,0,0.6306985294117646,0.4411151960784314,0.034375,0.04375
14,1195,ckyw7dzmx00273867fyj9lsnv,0,0.2002403846153846,0.375,0.034375,0.0375
14,1195,ckyw7e4o6002b3867ibaukox2,0,0.3497481921487603,0.637611914600551,0.0453125,0.05625
14,1195,ckyw7e9n0002f3867tn40h1u2,0,0.6294117647058823,0.442953431372549,0.034375,0.04375
14,1196,ckyw7dzmx00273867fyj9lsnv,0,0.203125,0.3770833333333333,0.034375,0.0375
14,1196,ckyw7e4o6002b3867ibaukox2,0,0.3496707128099173,0.6376463498622589,0.0453125,0.05625
14,1196,ckyw7e9n0002f3867tn40h1u2,0,0.628125,0.4447916666666666,0.034375,0.04375
14,1197,ckyw7dzmx00273867fyj9lsnv,0,0.205625,0.38,0.034375,0.0375
14,1197,ckyw7e4o6002b3867ibaukox2,0,0.3495932334710744,0.637680785123967,0.0453125,0.05625
14,1197,ckyw7e9n0002f3867tn40h1u2,0,0.6272135416666667,0.4472222222222222,0.034375,0.04375
14,1198,ckyw7dzmx00273867fyj9lsnv,0,0.2081249999999999,0.3829166666666667,0.0343749999999999,0.0375
14,1198,ckyw7e4o6002b3867ibaukox2,0,0.3495157541322314,0.6377152203856749,0.0453125,0.05625
14,1198,ckyw7e9n0002f3867tn40h1u2,0,0.6263020833333333,0.4496527777777778,0.034375,0.04375
14,1199,ckyw7dzmx00273867fyj9lsnv,0,0.210625,0.3858333333333333,0.034375,0.0375
14,1199,ckyw7e4o6002b3867ibaukox2,0,0.3494382747933884,0.637749655647383,0.0453125,0.05625
14,1199,ckyw7e9n0002f3867tn40h1u2,0,0.625390625,0.4520833333333333,0.034375,0.04375
14,119,ckyw6zzlj001r3867thf0fuy7,0,0.1703125,0.7671875,0.0265625,0.0458333333333333
14,119,ckyw704kw001v3867kvyjtx6k,0,0.8515625,0.8489583333333334,0.0296875,0.0375
14,119,ckyw708pn001z386779fr849h,0,0.8314911265432098,0.1201517489711934,0.0359375,0.0395833333333333
14,119,ckyw723jy00233867gakwo9e7,0,0.8760653409090908,0.03125,0.0265625,0.0375
14,11,ckyw6zzlj001r3867thf0fuy7,0,0.16953125,0.6508333333333333,0.0359375,0.0375
14,11,ckyw704kw001v3867kvyjtx6k,0,0.7325520833333333,0.730654761904762,0.0296875,0.0375
14,11,ckyw708pn001z386779fr849h,0,0.8280910326086957,0.1249547101449275,0.0359375,0.0395833333333333
14,1200,ckyw7dzmx00273867fyj9lsnv,0,0.213125,0.38875,0.034375,0.0375
14,1200,ckyw7e4o6002b3867ibaukox2,0,0.3493607954545454,0.6377840909090909,0.0453125,0.05625
14,1200,ckyw7e9n0002f3867tn40h1u2,0,0.6244791666666667,0.4545138888888889,0.034375,0.04375
14,1201,ckyw7dzmx00273867fyj9lsnv,0,0.215625,0.3916666666666666,0.034375,0.0375
14,1201,ckyw7e4o6002b3867ibaukox2,0,0.3492833161157024,0.6378185261707989,0.0453125,0.05625
14,1201,ckyw7e9n0002f3867tn40h1u2,0,0.6235677083333333,0.4569444444444445,0.034375,0.04375
14,1202,ckyw7dzmx00273867fyj9lsnv,0,0.2171875,0.3955357142857142,0.034375,0.0375
14,1202,ckyw7e4o6002b3867ibaukox2,0,0.3492058367768595,0.6378529614325069,0.0453125,0.05625
14,1202,ckyw7e9n0002f3867tn40h1u2,0,0.62265625,0.459375,0.034375,0.04375
14,1203,ckyw7dzmx00273867fyj9lsnv,0,0.21875,0.3994047619047619,0.034375,0.0375
14,1203,ckyw7e4o6002b3867ibaukox2,0,0.3491283574380165,0.6378873966942149,0.0453125,0.05625
14,1203,ckyw7e9n0002f3867tn40h1u2,0,0.6217447916666667,0.4618055555555555,0.034375,0.04375
14,1204,ckyw7dzmx00273867fyj9lsnv,0,0.2203125,0.4032738095238095,0.034375,0.0375
14,1204,ckyw7e4o6002b3867ibaukox2,0,0.3490508780991735,0.6379218319559229,0.0453125,0.05625
14,1204,ckyw7e9n0002f3867tn40h1u2,0,0.6208333333333333,0.4642361111111111,0.034375,0.04375
14,1205,ckyw7dzmx00273867fyj9lsnv,0,0.221875,0.4071428571428571,0.034375,0.0375
14,1205,ckyw7e4o6002b3867ibaukox2,0,0.3489733987603306,0.6379562672176308,0.0453125,0.05625
14,1205,ckyw7e9n0002f3867tn40h1u2,0,0.619921875,0.4666666666666667,0.034375,0.04375
14,1206,ckyw7dzmx00273867fyj9lsnv,0,0.2234375,0.4110119047619047,0.034375,0.0375
14,1206,ckyw7e4o6002b3867ibaukox2,0,0.3488959194214876,0.6379907024793389,0.0453125,0.05625
14,1206,ckyw7e9n0002f3867tn40h1u2,0,0.6190104166666667,0.4690972222222222,0.034375,0.04375
14,1207,ckyw7dzmx00273867fyj9lsnv,0,0.225,0.4148809523809523,0.034375,0.0375
14,1207,ckyw7e4o6002b3867ibaukox2,0,0.3488184400826446,0.6380251377410467,0.0453125,0.05625
14,1207,ckyw7e9n0002f3867tn40h1u2,0,0.6180989583333333,0.4715277777777778,0.034375,0.04375
14,1208,ckyw7dzmx00273867fyj9lsnv,0,0.2265625,0.41875,0.034375,0.0375
14,1208,ckyw7e4o6002b3867ibaukox2,0,0.3487409607438016,0.6380595730027548,0.0453125,0.05625
14,1208,ckyw7e9n0002f3867tn40h1u2,0,0.6171875,0.4739583333333333,0.034375,0.04375
14,1209,ckyw7dzmx00273867fyj9lsnv,0,0.2264508928571428,0.4230654761904762,0.034375,0.0375
14,1209,ckyw7e4o6002b3867ibaukox2,0,0.3486634814049587,0.6380940082644628,0.0453125,0.05625
14,1209,ckyw7e9n0002f3867tn40h1u2,0,0.6169642857142856,0.4764880952380952,0.034375,0.04375
14,120,ckyw6zzlj001r3867thf0fuy7,0,0.16796875,0.7625,0.0265625,0.0458333333333333
14,120,ckyw704kw001v3867kvyjtx6k,0,0.84609375,0.8541666666666666,0.0296875,0.0375
14,120,ckyw708pn001z386779fr849h,0,0.8315297067901234,0.1201260288065843,0.0359375,0.0395833333333333
14,120,ckyw723jy00233867gakwo9e7,0,0.8784801136363637,0.0333333333333333,0.0265625,0.0375
14,1210,ckyw7dzmx00273867fyj9lsnv,0,0.2263392857142857,0.4273809523809523,0.034375,0.0375
14,1210,ckyw7e4o6002b3867ibaukox2,0,0.3485860020661157,0.6381284435261708,0.0453125,0.05625
14,1210,ckyw7e9n0002f3867tn40h1u2,0,0.6167410714285715,0.4790178571428571,0.034375,0.04375
14,1211,ckyw7dzmx00273867fyj9lsnv,0,0.2262276785714285,0.4316964285714286,0.034375,0.0375
14,1211,ckyw7e4o6002b3867ibaukox2,0,0.3485085227272727,0.6381628787878788,0.0453125,0.05625
14,1211,ckyw7e9n0002f3867tn40h1u2,0,0.6165178571428571,0.481547619047619,0.034375,0.04375
14,1212,ckyw7dzmx00273867fyj9lsnv,0,0.2261160714285714,0.4360119047619047,0.034375,0.0375
14,1212,ckyw7e4o6002b3867ibaukox2,0,0.3484310433884298,0.6381973140495868,0.0453125,0.05625
14,1212,ckyw7e9n0002f3867tn40h1u2,0,0.6162946428571429,0.4840773809523809,0.034375,0.04375
14,1213,ckyw7dzmx00273867fyj9lsnv,0,0.2260044642857142,0.4403273809523809,0.034375,0.0375
14,1213,ckyw7e4o6002b3867ibaukox2,0,0.3483535640495868,0.6382317493112948,0.0453125,0.05625
14,1213,ckyw7e9n0002f3867tn40h1u2,0,0.6160714285714286,0.4866071428571429,0.034375,0.04375
14,1214,ckyw7dzmx00273867fyj9lsnv,0,0.2258928571428571,0.4446428571428571,0.034375,0.0375
14,1214,ckyw7e4o6002b3867ibaukox2,0,0.3482760847107438,0.6382661845730027,0.0453125,0.05625
14,1214,ckyw7e9n0002f3867tn40h1u2,0,0.6158482142857143,0.4891369047619047,0.034375,0.04375
14,1215,ckyw7dzmx00273867fyj9lsnv,0,0.22578125,0.4489583333333333,0.034375,0.0375
14,1215,ckyw7e4o6002b3867ibaukox2,0,0.3481986053719008,0.6383006198347108,0.0453125,0.05625
14,1215,ckyw7e9n0002f3867tn40h1u2,0,0.615625,0.4916666666666666,0.034375,0.04375
14,1216,ckyw7dzmx00273867fyj9lsnv,0,0.2256696428571428,0.4532738095238094,0.034375,0.0375
14,1216,ckyw7e4o6002b3867ibaukox2,0,0.3481211260330578,0.6383350550964187,0.0453125,0.05625
14,1216,ckyw7e9n0002f3867tn40h1u2,0,0.6154017857142857,0.4941964285714286,0.034375,0.04375
14,1217,ckyw7dzmx00273867fyj9lsnv,0,0.2255580357142857,0.4575892857142857,0.034375,0.0375
14,1217,ckyw7e4o6002b3867ibaukox2,0,0.3480436466942148,0.6383694903581267,0.0453125,0.05625
14,1217,ckyw7e9n0002f3867tn40h1u2,0,0.6151785714285715,0.4967261904761904,0.034375,0.04375
14,1218,ckyw7dzmx00273867fyj9lsnv,0,0.2254464285714285,0.4619047619047619,0.034375,0.0375
14,1218,ckyw7e4o6002b3867ibaukox2,0,0.3479661673553719,0.6384039256198347,0.0453125,0.05625
14,1218,ckyw7e9n0002f3867tn40h1u2,0,0.6149553571428571,0.4992559523809524,0.034375,0.04375
14,1219,ckyw7dzmx00273867fyj9lsnv,0,0.2253348214285714,0.4662202380952381,0.034375,0.0375
14,1219,ckyw7e4o6002b3867ibaukox2,0,0.3478886880165289,0.6384383608815427,0.0453125,0.05625
14,1219,ckyw7e9n0002f3867tn40h1u2,0,0.6147321428571428,0.5017857142857143,0.034375,0.04375
14,121,ckyw6zzlj001r3867thf0fuy7,0,0.1682291666666666,0.757638888888889,0.0265625,0.0458333333333333
14,121,ckyw704kw001v3867kvyjtx6k,0,0.8447916666666666,0.8579861111111111,0.0296875,0.0375
14,121,ckyw708pn001z386779fr849h,0,0.831568287037037,0.1201003086419753,0.0359375,0.0395833333333333
14,121,ckyw723jy00233867gakwo9e7,0,0.8808948863636363,0.0354166666666666,0.0265625,0.0375
14,1220,ckyw7dzmx00273867fyj9lsnv,0,0.2252232142857143,0.4705357142857143,0.034375,0.0375
14,1220,ckyw7e4o6002b3867ibaukox2,0,0.3478112086776859,0.6384727961432507,0.0453125,0.05625
14,1220,ckyw7e9n0002f3867tn40h1u2,0,0.6145089285714286,0.5043154761904762,0.034375,0.04375
14,1221,ckyw7dzmx00273867fyj9lsnv,0,0.2251116071428571,0.4748511904761905,0.034375,0.0375
14,1221,ckyw7e4o6002b3867ibaukox2,0,0.347733729338843,0.6385072314049587,0.0453125,0.05625
14,1221,ckyw7e9n0002f3867tn40h1u2,0,0.6142857142857143,0.5068452380952381,0.034375,0.04375
14,1222,ckyw7dzmx00273867fyj9lsnv,0,0.225,0.4791666666666667,0.034375,0.0375
14,1222,ckyw7e4o6002b3867ibaukox2,0,0.34765625,0.6385416666666667,0.0453125,0.05625
14,1222,ckyw7e9n0002f3867tn40h1u2,0,0.6140625,0.509375,0.034375,0.04375
14,1223,ckyw7dzmx00273867fyj9lsnv,0,0.2229166666666666,0.4826388888888889,0.034375,0.0375
14,1223,ckyw7e4o6002b3867ibaukox2,0,0.3477163461538461,0.6386217948717949,0.0453125,0.05625
14,1223,ckyw7e9n0002f3867tn40h1u2,0,0.6135937499999999,0.5122916666666666,0.034375,0.0437499999999999
14,1224,ckyw7dzmx00273867fyj9lsnv,0,0.2208333333333333,0.4861111111111111,0.034375,0.0375
14,1224,ckyw7e4o6002b3867ibaukox2,0,0.3477764423076923,0.6387019230769231,0.0453125,0.05625
14,1224,ckyw7e9n0002f3867tn40h1u2,0,0.6131249999999999,0.5152083333333334,0.034375,0.04375
14,1225,ckyw7dzmx00273867fyj9lsnv,0,0.21875,0.4895833333333333,0.034375,0.0375
14,1225,ckyw7e4o6002b3867ibaukox2,0,0.3478365384615384,0.6387820512820513,0.0453125,0.05625
14,1225,ckyw7e9n0002f3867tn40h1u2,0,0.61265625,0.518125,0.034375,0.04375
14,1226,ckyw7dzmx00273867fyj9lsnv,0,0.2166666666666666,0.4930555555555555,0.0343749999999999,0.0375
14,1226,ckyw7e4o6002b3867ibaukox2,0,0.3478966346153846,0.6388621794871795,0.0453125,0.05625
14,1226,ckyw7e9n0002f3867tn40h1u2,0,0.6121875,0.5210416666666667,0.034375,0.04375
14,1227,ckyw7dzmx00273867fyj9lsnv,0,0.2145833333333333,0.4965277777777778,0.034375,0.0375
14,1227,ckyw7e4o6002b3867ibaukox2,0,0.3479567307692307,0.6389423076923076,0.0453125,0.05625
14,1227,ckyw7e9n0002f3867tn40h1u2,0,0.61171875,0.5239583333333333,0.034375,0.04375
14,1228,ckyw7dzmx00273867fyj9lsnv,0,0.2125,0.5,0.034375,0.0375
14,1228,ckyw7e4o6002b3867ibaukox2,0,0.3480168269230769,0.6390224358974359,0.0453125,0.05625
14,1228,ckyw7e9n0002f3867tn40h1u2,0,0.61125,0.526875,0.034375,0.0437499999999999
14,1229,ckyw7dzmx00273867fyj9lsnv,0,0.2104166666666666,0.5034722222222222,0.0343749999999999,0.0375
14,1229,ckyw7e4o6002b3867ibaukox2,0,0.348076923076923,0.6391025641025642,0.0453125,0.05625
14,1229,ckyw7e9n0002f3867tn40h1u2,0,0.6107812499999999,0.5297916666666667,0.034375,0.04375
14,122,ckyw6zzlj001r3867thf0fuy7,0,0.1684895833333333,0.7527777777777778,0.0265625,0.0458333333333333
14,122,ckyw704kw001v3867kvyjtx6k,0,0.8434895833333333,0.8618055555555556,0.0296875,0.0375
14,122,ckyw708pn001z386779fr849h,0,0.8316068672839506,0.1200745884773662,0.0359375,0.0395833333333333
14,122,ckyw723jy00233867gakwo9e7,0,0.8833096590909092,0.0375,0.0265625,0.0375
14,1230,ckyw7dzmx00273867fyj9lsnv,0,0.2083333333333333,0.5069444444444444,0.034375,0.0375
14,1230,ckyw7e4o6002b3867ibaukox2,0,0.3481370192307692,0.6391826923076923,0.0453125,0.05625
14,1230,ckyw7e9n0002f3867tn40h1u2,0,0.6103125,0.5327083333333333,0.034375,0.04375
14,1231,ckyw7dzmx00273867fyj9lsnv,0,0.20625,0.5104166666666666,0.034375,0.0375
14,1231,ckyw7e4o6002b3867ibaukox2,0,0.3481971153846154,0.6392628205128206,0.0453125,0.05625
14,1231,ckyw7e9n0002f3867tn40h1u2,0,0.60984375,0.535625,0.034375,0.04375
14,1232,ckyw7dzmx00273867fyj9lsnv,0,0.2034926470588235,0.5118872549019609,0.034375,0.0375
14,1232,ckyw7e4o6002b3867ibaukox2,0,0.3482572115384615,0.6393429487179486,0.0453125,0.05625
14,1232,ckyw7e9n0002f3867tn40h1u2,0,0.609375,0.5385416666666667,0.034375,0.04375
14,1233,ckyw7dzmx00273867fyj9lsnv,0,0.200735294117647,0.5133578431372549,0.034375,0.0375
14,1233,ckyw7e4o6002b3867ibaukox2,0,0.3483173076923077,0.6394230769230769,0.0453125,0.05625
14,1233,ckyw7e9n0002f3867tn40h1u2,0,0.61025390625,0.5404947916666667,0.034375,0.04375
14,1234,ckyw7dzmx00273867fyj9lsnv,0,0.1979779411764706,0.5148284313725491,0.034375,0.0375
14,1234,ckyw7e4o6002b3867ibaukox2,0,0.3483774038461538,0.6395032051282051,0.0453125,0.05625
14,1234,ckyw7e9n0002f3867tn40h1u2,0,0.6111328125,0.5424479166666667,0.034375,0.04375
14,1235,ckyw7dzmx00273867fyj9lsnv,0,0.1952205882352941,0.5162990196078431,0.034375,0.0375
14,1235,ckyw7e4o6002b3867ibaukox2,0,0.3484375,0.6395833333333333,0.0453125,0.05625
14,1235,ckyw7e9n0002f3867tn40h1u2,0,0.61201171875,0.5444010416666667,0.034375,0.04375
14,1236,ckyw7dzmx00273867fyj9lsnv,0,0.1924632352941176,0.5177696078431372,0.034375,0.0374999999999999
14,1236,ckyw7e4o6002b3867ibaukox2,0,0.3484975961538462,0.6396634615384615,0.0453125,0.05625
14,1236,ckyw7e9n0002f3867tn40h1u2,0,0.612890625,0.5463541666666667,0.034375,0.04375
14,1237,ckyw7dzmx00273867fyj9lsnv,0,0.1897058823529411,0.5192401960784314,0.034375,0.0375
14,1237,ckyw7e4o6002b3867ibaukox2,0,0.3485576923076923,0.6397435897435898,0.0453125,0.05625
14,1237,ckyw7e9n0002f3867tn40h1u2,0,0.61376953125,0.5483072916666667,0.034375,0.04375
14,1238,ckyw7dzmx00273867fyj9lsnv,0,0.1869485294117647,0.5207107843137255,0.034375,0.0375
14,1238,ckyw7e4o6002b3867ibaukox2,0,0.3486177884615384,0.639823717948718,0.0453125,0.05625
14,1238,ckyw7e9n0002f3867tn40h1u2,0,0.6146484375,0.5502604166666667,0.034375,0.04375
14,1239,ckyw7dzmx00273867fyj9lsnv,0,0.1841911764705882,0.5221813725490195,0.034375,0.0374999999999999
14,1239,ckyw7e4o6002b3867ibaukox2,0,0.3486778846153846,0.6399038461538461,0.0453125,0.05625
14,1239,ckyw7e9n0002f3867tn40h1u2,0,0.61552734375,0.5522135416666667,0.034375,0.04375
14,123,ckyw6zzlj001r3867thf0fuy7,0,0.16875,0.7479166666666667,0.0265625,0.0458333333333333
14,123,ckyw704kw001v3867kvyjtx6k,0,0.8421875,0.865625,0.0296875,0.0375
14,123,ckyw708pn001z386779fr849h,0,0.8316454475308642,0.1200488683127572,0.0359375,0.0395833333333333
14,123,ckyw723jy00233867gakwo9e7,0,0.8857244318181818,0.0395833333333333,0.0265625,0.0375
14,1240,ckyw7dzmx00273867fyj9lsnv,0,0.1814338235294118,0.5236519607843138,0.034375,0.0375
14,1240,ckyw7e4o6002b3867ibaukox2,0,0.3487379807692307,0.6399839743589744,0.0453125,0.05625
14,1240,ckyw7e9n0002f3867tn40h1u2,0,0.61640625,0.5541666666666667,0.034375,0.04375
14,1241,ckyw7dzmx00273867fyj9lsnv,0,0.1786764705882352,0.5251225490196079,0.034375,0.0375
14,1241,ckyw7e4o6002b3867ibaukox2,0,0.3487980769230769,0.6400641025641025,0.0453125,0.05625
14,1241,ckyw7e9n0002f3867tn40h1u2,0,0.61728515625,0.5561197916666667,0.034375,0.04375
14,1242,ckyw7dzmx00273867fyj9lsnv,0,0.1759191176470588,0.526593137254902,0.034375,0.0375
14,1242,ckyw7e4o6002b3867ibaukox2,0,0.3488581730769231,0.6401442307692308,0.0453125,0.05625
14,1242,ckyw7e9n0002f3867tn40h1u2,0,0.6181640625,0.5580729166666667,0.034375,0.04375
14,1243,ckyw7dzmx00273867fyj9lsnv,0,0.1731617647058823,0.5280637254901961,0.034375,0.0375
14,1243,ckyw7e4o6002b3867ibaukox2,0,0.3489182692307692,0.640224358974359,0.0453125,0.05625
14,1243,ckyw7e9n0002f3867tn40h1u2,0,0.61904296875,0.5600260416666667,0.034375,0.04375
14,1244,ckyw7dzmx00273867fyj9lsnv,0,0.1704044117647059,0.5295343137254902,0.034375,0.0375
14,1244,ckyw7e4o6002b3867ibaukox2,0,0.3489783653846153,0.6403044871794872,0.0453125,0.05625
14,1244,ckyw7e9n0002f3867tn40h1u2,0,0.619921875,0.5619791666666667,0.034375,0.04375
14,1245,ckyw7dzmx00273867fyj9lsnv,0,0.1676470588235294,0.5310049019607843,0.034375,0.0375
14,1245,ckyw7e4o6002b3867ibaukox2,0,0.3490384615384615,0.6403846153846153,0.0453125,0.05625
14,1245,ckyw7e9n0002f3867tn40h1u2,0,0.62080078125,0.5639322916666667,0.034375,0.04375
14,1246,ckyw7dzmx00273867fyj9lsnv,0,0.1648897058823529,0.5324754901960784,0.034375,0.0374999999999999
14,1246,ckyw7e4o6002b3867ibaukox2,0,0.3490985576923077,0.6404647435897436,0.0453125,0.05625
14,1246,ckyw7e9n0002f3867tn40h1u2,0,0.6216796875,0.5658854166666667,0.034375,0.04375
14,1247,ckyw7dzmx00273867fyj9lsnv,0,0.1621323529411764,0.5339460784313725,0.034375,0.0375
14,1247,ckyw7e4o6002b3867ibaukox2,0,0.3491586538461538,0.6405448717948717,0.0453125,0.05625
14,1247,ckyw7e9n0002f3867tn40h1u2,0,0.62255859375,0.5678385416666667,0.034375,0.04375
14,1248,ckyw7dzmx00273867fyj9lsnv,0,0.159375,0.5354166666666667,0.034375,0.0375
14,1248,ckyw7e4o6002b3867ibaukox2,0,0.34921875,0.640625,0.0453125,0.05625
14,1248,ckyw7e9n0002f3867tn40h1u2,0,0.6234375,0.5697916666666667,0.034375,0.04375
14,1249,ckyw7dzmx00273867fyj9lsnv,0,0.15625,0.5347222222222222,0.034375,0.0375
14,1249,ckyw7e4o6002b3867ibaukox2,0,0.3490234375,0.6407552083333333,0.0453125,0.05625
14,1249,ckyw7e9n0002f3867tn40h1u2,0,0.625,0.571875,0.034375,0.04375
14,124,ckyw6zzlj001r3867thf0fuy7,0,0.1690104166666666,0.7430555555555556,0.0265625,0.0458333333333333
14,124,ckyw704kw001v3867kvyjtx6k,0,0.8408854166666666,0.8694444444444444,0.0296875,0.0375
14,124,ckyw708pn001z386779fr849h,0,0.8316840277777778,0.1200231481481481,0.0359375,0.0395833333333333
14,124,ckyw723jy00233867gakwo9e7,0,0.8881392045454545,0.0416666666666666,0.0265625,0.0375
14,1250,ckyw7dzmx00273867fyj9lsnv,0,0.153125,0.5340277777777778,0.034375,0.0374999999999999
14,1250,ckyw7e4o6002b3867ibaukox2,0,0.348828125,0.6408854166666667,0.0453125,0.05625
14,1250,ckyw7e9n0002f3867tn40h1u2,0,0.6265625,0.5739583333333333,0.034375,0.04375
14,1251,ckyw7dzmx00273867fyj9lsnv,0,0.15,0.5333333333333333,0.034375,0.0375
14,1251,ckyw7e4o6002b3867ibaukox2,0,0.3486328125,0.641015625,0.0453125,0.05625
14,1251,ckyw7e9n0002f3867tn40h1u2,0,0.628125,0.5760416666666667,0.034375,0.04375
14,1252,ckyw7dzmx00273867fyj9lsnv,0,0.146875,0.5326388888888889,0.034375,0.0375
14,1252,ckyw7e4o6002b3867ibaukox2,0,0.3484375,0.6411458333333333,0.0453125,0.05625
14,1252,ckyw7e9n0002f3867tn40h1u2,0,0.6296875,0.578125,0.034375,0.04375
14,1253,ckyw7dzmx00273867fyj9lsnv,0,0.14375,0.5319444444444444,0.034375,0.0374999999999999
14,1253,ckyw7e4o6002b3867ibaukox2,0,0.3482421875,0.6412760416666666,0.0453125,0.05625
14,1253,ckyw7e9n0002f3867tn40h1u2,0,0.63125,0.5802083333333333,0.034375,0.04375
14,1254,ckyw7dzmx00273867fyj9lsnv,0,0.140625,0.53125,0.034375,0.0375
14,1254,ckyw7e4o6002b3867ibaukox2,0,0.348046875,0.64140625,0.0453125,0.05625
14,1254,ckyw7e9n0002f3867tn40h1u2,0,0.6328125,0.5822916666666667,0.034375,0.04375
14,1255,ckyw7dzmx00273867fyj9lsnv,0,0.1375,0.5305555555555556,0.034375,0.0375
14,1255,ckyw7e4o6002b3867ibaukox2,0,0.3478515625,0.6415364583333333,0.0453125,0.05625
14,1255,ckyw7e9n0002f3867tn40h1u2,0,0.634375,0.584375,0.034375,0.04375
14,1256,ckyw7dzmx00273867fyj9lsnv,0,0.134375,0.5298611111111111,0.034375,0.0374999999999999
14,1256,ckyw7e4o6002b3867ibaukox2,0,0.34765625,0.6416666666666667,0.0453125,0.05625
14,1256,ckyw7e9n0002f3867tn40h1u2,0,0.6359375,0.5864583333333333,0.034375,0.04375
14,1257,ckyw7dzmx00273867fyj9lsnv,0,0.13125,0.5291666666666667,0.034375,0.0375
14,1257,ckyw7e4o6002b3867ibaukox2,0,0.3474609375,0.641796875,0.0453125,0.05625
14,1257,ckyw7e9n0002f3867tn40h1u2,0,0.6375,0.5885416666666666,0.034375,0.04375
14,1258,ckyw7dzmx00273867fyj9lsnv,0,0.1290178571428571,0.5270833333333333,0.034375,0.0375
14,1258,ckyw7e4o6002b3867ibaukox2,0,0.347265625,0.6419270833333334,0.0453125,0.05625
14,1258,ckyw7e9n0002f3867tn40h1u2,0,0.6390625,0.590625,0.034375,0.04375
14,1259,ckyw7dzmx00273867fyj9lsnv,0,0.1267857142857142,0.525,0.034375,0.0375
14,1259,ckyw7e4o6002b3867ibaukox2,0,0.3470703125,0.6420572916666667,0.0453125,0.05625
14,1259,ckyw7e9n0002f3867tn40h1u2,0,0.640625,0.5927083333333333,0.034375,0.04375
14,125,ckyw6zzlj001r3867thf0fuy7,0,0.1692708333333333,0.7381944444444444,0.0265625,0.0458333333333333
14,125,ckyw704kw001v3867kvyjtx6k,0,0.8395833333333333,0.873263888888889,0.0296875,0.0375
14,125,ckyw708pn001z386779fr849h,0,0.8317226080246913,0.119997427983539,0.0359375,0.0395833333333333
14,125,ckyw723jy00233867gakwo9e7,0,0.8905539772727273,0.04375,0.0265625,0.0375
14,1260,ckyw7dzmx00273867fyj9lsnv,0,0.1245535714285714,0.5229166666666667,0.034375,0.0375
14,1260,ckyw7e4o6002b3867ibaukox2,0,0.346875,0.6421875,0.0453125,0.05625
14,1260,ckyw7e9n0002f3867tn40h1u2,0,0.6421875,0.5947916666666667,0.034375,0.04375
14,1261,ckyw7dzmx00273867fyj9lsnv,0,0.1223214285714285,0.5208333333333334,0.034375,0.0375
14,1261,ckyw7e4o6002b3867ibaukox2,0,0.3466796875,0.6423177083333333,0.0453125,0.05625
14,1261,ckyw7e9n0002f3867tn40h1u2,0,0.64375,0.596875,0.034375,0.04375
14,1262,ckyw7dzmx00273867fyj9lsnv,0,0.1200892857142857,0.51875,0.034375,0.0375
14,1262,ckyw7e4o6002b3867ibaukox2,0,0.346484375,0.6424479166666667,0.0453125,0.05625
14,1262,ckyw7e9n0002f3867tn40h1u2,0,0.6453125,0.5989583333333334,0.034375,0.04375
14,1263,ckyw7dzmx00273867fyj9lsnv,0,0.1178571428571428,0.5166666666666667,0.034375,0.0375
14,1263,ckyw7e4o6002b3867ibaukox2,0,0.3462890625,0.642578125,0.0453125,0.05625
14,1263,ckyw7e9n0002f3867tn40h1u2,0,0.646875,0.6010416666666667,0.034375,0.04375
14,1264,ckyw7dzmx00273867fyj9lsnv,0,0.115625,0.5145833333333333,0.034375,0.0375
14,1264,ckyw7e4o6002b3867ibaukox2,0,0.34609375,0.6427083333333333,0.0453125,0.05625
14,1264,ckyw7e9n0002f3867tn40h1u2,0,0.6484375,0.603125,0.034375,0.04375
14,1265,ckyw7dzmx00273867fyj9lsnv,0,0.1139322916666666,0.5111111111111112,0.034375,0.0375
14,1265,ckyw7e4o6002b3867ibaukox2,0,0.3461588541666666,0.6428819444444444,0.0453125,0.05625
14,1265,ckyw7e9n0002f3867tn40h1u2,0,0.6502840909090909,0.6040719696969696,0.034375,0.04375
14,1266,ckyw7dzmx00273867fyj9lsnv,0,0.1122395833333333,0.5076388888888889,0.0343749999999999,0.0375
14,1266,ckyw7e4o6002b3867ibaukox2,0,0.3462239583333333,0.6430555555555556,0.0453125,0.05625
14,1266,ckyw7e9n0002f3867tn40h1u2,0,0.6521306818181818,0.6050189393939395,0.034375,0.04375
14,1267,ckyw7dzmx00273867fyj9lsnv,0,0.110546875,0.5041666666666667,0.034375,0.0375
14,1267,ckyw7e4o6002b3867ibaukox2,0,0.3462890625,0.6432291666666666,0.0453125,0.05625
14,1267,ckyw7e9n0002f3867tn40h1u2,0,0.6539772727272728,0.6059659090909091,0.034375,0.04375
14,1268,ckyw7dzmx00273867fyj9lsnv,0,0.1088541666666666,0.5006944444444444,0.034375,0.0375
14,1268,ckyw7e4o6002b3867ibaukox2,0,0.3463541666666666,0.6434027777777778,0.0453125,0.05625
14,1268,ckyw7e9n0002f3867tn40h1u2,0,0.6558238636363637,0.6069128787878788,0.034375,0.04375
14,1269,ckyw7dzmx00273867fyj9lsnv,0,0.1071614583333333,0.4972222222222222,0.0343749999999999,0.0375
14,1269,ckyw7e4o6002b3867ibaukox2,0,0.3464192708333333,0.6435763888888889,0.0453125,0.05625
14,1269,ckyw7e9n0002f3867tn40h1u2,0,0.6576704545454546,0.6078598484848484,0.034375,0.04375
14,126,ckyw6zzlj001r3867thf0fuy7,0,0.16953125,0.7333333333333333,0.0265625,0.0458333333333333
14,126,ckyw704kw001v3867kvyjtx6k,0,0.83828125,0.8770833333333333,0.0296875,0.0375
14,126,ckyw708pn001z386779fr849h,0,0.831761188271605,0.11997170781893,0.0359375,0.0395833333333333
14,126,ckyw723jy00233867gakwo9e7,0,0.89296875,0.0458333333333333,0.0265625,0.0375
14,1270,ckyw7dzmx00273867fyj9lsnv,0,0.10546875,0.49375,0.034375,0.0375
14,1270,ckyw7e4o6002b3867ibaukox2,0,0.346484375,0.64375,0.0453125,0.05625
14,1270,ckyw7e9n0002f3867tn40h1u2,0,0.6595170454545454,0.6088068181818183,0.034375,0.04375
14,1271,ckyw7dzmx00273867fyj9lsnv,0,0.1037760416666666,0.4902777777777778,0.034375,0.0375
14,1271,ckyw7e4o6002b3867ibaukox2,0,0.3465494791666667,0.6439236111111111,0.0453125,0.05625
14,1271,ckyw7e9n0002f3867tn40h1u2,0,0.6613636363636364,0.6097537878787879,0.034375,0.04375
14,1272,ckyw7dzmx00273867fyj9lsnv,0,0.1020833333333333,0.4868055555555555,0.0343749999999999,0.0375
14,1272,ckyw7e4o6002b3867ibaukox2,0,0.3466145833333333,0.6440972222222222,0.0453125,0.05625
14,1272,ckyw7e9n0002f3867tn40h1u2,0,0.6632102272727273,0.6107007575757576,0.034375,0.04375
14,1273,ckyw7dzmx00273867fyj9lsnv,0,0.100390625,0.4833333333333333,0.034375,0.0375
14,1273,ckyw7e4o6002b3867ibaukox2,0,0.3466796875,0.6442708333333333,0.0453125,0.05625
14,1273,ckyw7e9n0002f3867tn40h1u2,0,0.6650568181818182,0.6116477272727272,0.034375,0.04375
14,1274,ckyw7dzmx00273867fyj9lsnv,0,0.0986979166666666,0.4798611111111111,0.034375,0.0375
14,1274,ckyw7e4o6002b3867ibaukox2,0,0.3467447916666666,0.6444444444444444,0.0453125,0.05625
14,1274,ckyw7e9n0002f3867tn40h1u2,0,0.6669034090909091,0.612594696969697,0.034375,0.04375
14,1275,ckyw7dzmx00273867fyj9lsnv,0,0.0970052083333333,0.4763888888888888,0.0343749999999999,0.0375
14,1275,ckyw7e4o6002b3867ibaukox2,0,0.3468098958333333,0.6446180555555556,0.0453125,0.05625
14,1275,ckyw7e9n0002f3867tn40h1u2,0,0.66875,0.6135416666666667,0.034375,0.04375
14,1276,ckyw7dzmx00273867fyj9lsnv,0,0.0953125,0.4729166666666666,0.034375,0.0375
14,1276,ckyw7e4o6002b3867ibaukox2,0,0.346875,0.6447916666666667,0.0453125,0.05625
14,1276,ckyw7e9n0002f3867tn40h1u2,0,0.6710336538461539,0.6135416666666667,0.034375,0.04375
14,1277,ckyw7dzmx00273867fyj9lsnv,0,0.0942708333333333,0.4685763888888888,0.0343749999999999,0.0375
14,1277,ckyw7e4o6002b3867ibaukox2,0,0.3469401041666666,0.6449652777777778,0.0453125,0.05625
14,1277,ckyw7e9n0002f3867tn40h1u2,0,0.6733173076923077,0.6135416666666667,0.034375,0.04375
14,1278,ckyw7dzmx00273867fyj9lsnv,0,0.0932291666666666,0.4642361111111111,0.034375,0.0375
14,1278,ckyw7e4o6002b3867ibaukox2,0,0.3470052083333333,0.6451388888888889,0.0453125,0.05625
14,1278,ckyw7e9n0002f3867tn40h1u2,0,0.6756009615384615,0.6135416666666667,0.034375,0.04375
14,1279,ckyw7dzmx00273867fyj9lsnv,0,0.0921875,0.4598958333333333,0.034375,0.0375
14,1279,ckyw7e4o6002b3867ibaukox2,0,0.3470703125,0.6453125,0.0453125,0.05625
14,1279,ckyw7e9n0002f3867tn40h1u2,0,0.6778846153846154,0.6135416666666667,0.034375,0.04375
14,127,ckyw6zzlj001r3867thf0fuy7,0,0.1699776785714286,0.7279761904761906,0.0265625,0.0458333333333333
14,127,ckyw704kw001v3867kvyjtx6k,0,0.8362723214285713,0.8788690476190476,0.0296875,0.0375
14,127,ckyw708pn001z386779fr849h,0,0.8317997685185186,0.1199459876543209,0.0359375,0.0395833333333333
14,127,ckyw723jy00233867gakwo9e7,0,0.8967633928571429,0.044345238095238,0.0265625,0.0375
14,1280,ckyw7dzmx00273867fyj9lsnv,0,0.0911458333333333,0.4555555555555555,0.0343749999999999,0.0375
14,1280,ckyw7e4o6002b3867ibaukox2,0,0.3471354166666666,0.6454861111111111,0.0453125,0.05625
14,1280,ckyw7e9n0002f3867tn40h1u2,0,0.6801682692307692,0.6135416666666667,0.034375,0.04375
14,1281,ckyw7dzmx00273867fyj9lsnv,0,0.0901041666666666,0.4512152777777778,0.034375,0.0375
14,1281,ckyw7e4o6002b3867ibaukox2,0,0.3472005208333333,0.6456597222222222,0.0453125,0.05625
14,1281,ckyw7e9n0002f3867tn40h1u2,0,0.682451923076923,0.6135416666666667,0.034375,0.04375
14,1282,ckyw7dzmx00273867fyj9lsnv,0,0.0890625,0.446875,0.034375,0.0375
14,1282,ckyw7e4o6002b3867ibaukox2,0,0.347265625,0.6458333333333334,0.0453125,0.05625
14,1282,ckyw7e9n0002f3867tn40h1u2,0,0.684735576923077,0.6135416666666667,0.034375,0.04375
14,1283,ckyw7dzmx00273867fyj9lsnv,0,0.0880208333333333,0.4425347222222222,0.0343749999999999,0.0375
14,1283,ckyw7e4o6002b3867ibaukox2,0,0.3473307291666666,0.6460069444444444,0.0453125,0.05625
14,1283,ckyw7e9n0002f3867tn40h1u2,0,0.6870192307692308,0.6135416666666667,0.034375,0.04375
14,1284,ckyw7dzmx00273867fyj9lsnv,0,0.0869791666666666,0.4381944444444444,0.034375,0.0375
14,1284,ckyw7e4o6002b3867ibaukox2,0,0.3473958333333333,0.6461805555555556,0.0453125,0.05625
14,1284,ckyw7e9n0002f3867tn40h1u2,0,0.6893028846153846,0.6135416666666667,0.034375,0.04375
14,1285,ckyw7dzmx00273867fyj9lsnv,0,0.0859375,0.4338541666666666,0.034375,0.0375
14,1285,ckyw7e4o6002b3867ibaukox2,0,0.3474609375,0.6463541666666667,0.0453125,0.05625
14,1285,ckyw7e9n0002f3867tn40h1u2,0,0.6915865384615385,0.6135416666666667,0.034375,0.04375
14,1286,ckyw7dzmx00273867fyj9lsnv,0,0.0848958333333333,0.4295138888888888,0.0343749999999999,0.0375
14,1286,ckyw7e4o6002b3867ibaukox2,0,0.3475260416666667,0.6465277777777777,0.0453125,0.05625
14,1286,ckyw7e9n0002f3867tn40h1u2,0,0.6938701923076923,0.6135416666666667,0.034375,0.04375
14,1287,ckyw7dzmx00273867fyj9lsnv,0,0.0838541666666666,0.4251736111111111,0.034375,0.0375
14,1287,ckyw7e4o6002b3867ibaukox2,0,0.3475911458333333,0.646701388888889,0.0453125,0.05625
14,1287,ckyw7e9n0002f3867tn40h1u2,0,0.6961538461538461,0.6135416666666667,0.034375,0.04375
14,1288,ckyw7dzmx00273867fyj9lsnv,0,0.0828125,0.4208333333333333,0.034375,0.0375
14,1288,ckyw7e4o6002b3867ibaukox2,0,0.34765625,0.646875,0.0453125,0.05625
14,1288,ckyw7e9n0002f3867tn40h1u2,0,0.6984375,0.6135416666666667,0.034375,0.04375
14,1289,ckyw7dzmx00273867fyj9lsnv,0,0.0847005208333333,0.4171006944444445,0.0343749999999999,0.0375
14,1289,ckyw7e4o6002b3867ibaukox2,0,0.3477213541666666,0.6470486111111111,0.0453125,0.05625
14,1289,ckyw7e9n0002f3867tn40h1u2,0,0.7002604166666667,0.6130208333333333,0.034375,0.04375
14,128,ckyw6zzlj001r3867thf0fuy7,0,0.1704241071428571,0.7226190476190476,0.0265625,0.0458333333333333
14,128,ckyw704kw001v3867kvyjtx6k,0,0.8342633928571429,0.8806547619047619,0.0296875,0.0375
14,128,ckyw708pn001z386779fr849h,0,0.8318383487654322,0.1199202674897119,0.0359375,0.0395833333333333
14,128,ckyw723jy00233867gakwo9e7,0,0.9005580357142857,0.0428571428571428,0.0265625,0.0375
14,1290,ckyw7dzmx00273867fyj9lsnv,0,0.0865885416666666,0.4133680555555555,0.034375,0.0375
14,1290,ckyw7e4o6002b3867ibaukox2,0,0.3477864583333333,0.6472222222222223,0.0453125,0.05625
14,1290,ckyw7e9n0002f3867tn40h1u2,0,0.7020833333333333,0.6125,0.034375,0.04375
14,1291,ckyw7dzmx00273867fyj9lsnv,0,0.0884765625,0.4096354166666666,0.034375,0.0375
14,1291,ckyw7e4o6002b3867ibaukox2,0,0.3478515625,0.6473958333333333,0.0453125,0.05625
14,1291,ckyw7e9n0002f3867tn40h1u2,0,0.70390625,0.6119791666666666,0.034375,0.04375
14,1292,ckyw7dzmx00273867fyj9lsnv,0,0.0903645833333333,0.4059027777777778,0.0343749999999999,0.0375
14,1292,ckyw7e4o6002b3867ibaukox2,0,0.3479166666666666,0.6475694444444444,0.0453125,0.05625
14,1292,ckyw7e9n0002f3867tn40h1u2,0,0.7057291666666667,0.6114583333333333,0.034375,0.04375
14,1293,ckyw7dzmx00273867fyj9lsnv,0,0.0922526041666666,0.4021701388888888,0.034375,0.0375
14,1293,ckyw7e4o6002b3867ibaukox2,0,0.3479817708333333,0.6477430555555556,0.0453125,0.05625
14,1293,ckyw7e9n0002f3867tn40h1u2,0,0.7075520833333333,0.6109375,0.034375,0.04375
14,1294,ckyw7dzmx00273867fyj9lsnv,0,0.094140625,0.3984375,0.034375,0.0375
14,1294,ckyw7e4o6002b3867ibaukox2,0,0.348046875,0.6479166666666667,0.0453125,0.05625
14,1294,ckyw7e9n0002f3867tn40h1u2,0,0.709375,0.6104166666666667,0.034375,0.04375
14,1295,ckyw7dzmx00273867fyj9lsnv,0,0.0960286458333333,0.3947048611111111,0.0343749999999999,0.0375
14,1295,ckyw7e4o6002b3867ibaukox2,0,0.3481119791666666,0.6480902777777777,0.0453125,0.05625
14,1295,ckyw7e9n0002f3867tn40h1u2,0,0.7111979166666667,0.6098958333333333,0.034375,0.04375
14,1296,ckyw7dzmx00273867fyj9lsnv,0,0.0979166666666666,0.3909722222222222,0.034375,0.0375
14,1296,ckyw7e4o6002b3867ibaukox2,0,0.3481770833333333,0.648263888888889,0.0453125,0.05625
14,1296,ckyw7e9n0002f3867tn40h1u2,0,0.7130208333333333,0.609375,0.034375,0.04375
14,1297,ckyw7dzmx00273867fyj9lsnv,0,0.0998046875,0.3872395833333333,0.034375,0.0375
14,1297,ckyw7e4o6002b3867ibaukox2,0,0.3482421875,0.6484375,0.0453125,0.05625
14,1297,ckyw7e9n0002f3867tn40h1u2,0,0.71484375,0.6088541666666667,0.034375,0.04375
14,1298,ckyw7dzmx00273867fyj9lsnv,0,0.1016927083333333,0.3835069444444444,0.0343749999999999,0.0375
14,1298,ckyw7e4o6002b3867ibaukox2,0,0.3483072916666666,0.648611111111111,0.0453125,0.05625
14,1298,ckyw7e9n0002f3867tn40h1u2,0,0.7166666666666667,0.6083333333333333,0.034375,0.04375
14,1299,ckyw7dzmx00273867fyj9lsnv,0,0.1035807291666666,0.3797743055555555,0.034375,0.0375
14,1299,ckyw7e4o6002b3867ibaukox2,0,0.3483723958333333,0.6487847222222223,0.0453125,0.05625
14,1299,ckyw7e9n0002f3867tn40h1u2,0,0.7184895833333333,0.6078125,0.034375,0.04375
14,129,ckyw6zzlj001r3867thf0fuy7,0,0.1708705357142857,0.7172619047619048,0.0265625,0.0458333333333333
14,129,ckyw704kw001v3867kvyjtx6k,0,0.8322544642857143,0.8824404761904762,0.0296875,0.0375
14,129,ckyw708pn001z386779fr849h,0,0.8318769290123458,0.1198945473251028,0.0359375,0.0395833333333333
14,129,ckyw723jy00233867gakwo9e7,0,0.9043526785714286,0.0413690476190476,0.0265625,0.0375
14,12,ckyw6zzlj001r3867thf0fuy7,0,0.17265625,0.6458333333333334,0.0359375,0.0375
14,12,ckyw704kw001v3867kvyjtx6k,0,0.7330729166666667,0.7273809523809525,0.0296875,0.0375
14,12,ckyw708pn001z386779fr849h,0,0.8281589673913043,0.1250452898550724,0.0359375,0.0395833333333333
14,1300,ckyw7dzmx00273867fyj9lsnv,0,0.10546875,0.3760416666666666,0.034375,0.0375
14,1300,ckyw7e4o6002b3867ibaukox2,0,0.3484375,0.6489583333333333,0.0453125,0.05625
14,1300,ckyw7e9n0002f3867tn40h1u2,0,0.7203125,0.6072916666666667,0.034375,0.04375
14,1301,ckyw7dzmx00273867fyj9lsnv,0,0.1073567708333333,0.3723090277777778,0.034375,0.0375
14,1301,ckyw7e4o6002b3867ibaukox2,0,0.3485026041666667,0.6491319444444444,0.0453125,0.05625
14,1301,ckyw7e9n0002f3867tn40h1u2,0,0.7221354166666667,0.6067708333333334,0.034375,0.04375
14,1302,ckyw7dzmx00273867fyj9lsnv,0,0.1092447916666666,0.3685763888888889,0.034375,0.0375
14,1302,ckyw7e4o6002b3867ibaukox2,0,0.3485677083333333,0.6493055555555556,0.0453125,0.05625
14,1302,ckyw7e9n0002f3867tn40h1u2,0,0.7239583333333333,0.60625,0.034375,0.04375
14,1303,ckyw7dzmx00273867fyj9lsnv,0,0.1111328125,0.36484375,0.034375,0.0375
14,1303,ckyw7e4o6002b3867ibaukox2,0,0.3486328125,0.6494791666666667,0.0453125,0.05625
14,1303,ckyw7e9n0002f3867tn40h1u2,0,0.72578125,0.6057291666666667,0.034375,0.04375
14,1304,ckyw7dzmx00273867fyj9lsnv,0,0.1130208333333333,0.3611111111111111,0.034375,0.0375
14,1304,ckyw7e4o6002b3867ibaukox2,0,0.3486979166666666,0.6496527777777777,0.0453125,0.05625
14,1304,ckyw7e9n0002f3867tn40h1u2,0,0.7276041666666667,0.6052083333333333,0.034375,0.04375
14,1305,ckyw7dzmx00273867fyj9lsnv,0,0.1149088541666666,0.3573784722222222,0.034375,0.0375
14,1305,ckyw7e4o6002b3867ibaukox2,0,0.3487630208333333,0.6498263888888889,0.0453125,0.05625
14,1305,ckyw7e9n0002f3867tn40h1u2,0,0.7294270833333333,0.6046875,0.034375,0.04375
14,1306,ckyw7dzmx00273867fyj9lsnv,0,0.116796875,0.3536458333333333,0.034375,0.0375
14,1306,ckyw7e4o6002b3867ibaukox2,0,0.348828125,0.65,0.0453125,0.05625
14,1306,ckyw7e9n0002f3867tn40h1u2,0,0.73125,0.6041666666666666,0.034375,0.04375
14,1307,ckyw7dzmx00273867fyj9lsnv,0,0.1186848958333333,0.3499131944444444,0.034375,0.0375
14,1307,ckyw7e4o6002b3867ibaukox2,0,0.3488932291666666,0.650173611111111,0.0453125,0.05625
14,1307,ckyw7e9n0002f3867tn40h1u2,0,0.7330729166666667,0.6036458333333333,0.034375,0.04375
14,1308,ckyw7dzmx00273867fyj9lsnv,0,0.1205729166666666,0.3461805555555555,0.034375,0.0375
14,1308,ckyw7e4o6002b3867ibaukox2,0,0.3489583333333333,0.6503472222222223,0.0453125,0.05625
14,1308,ckyw7e9n0002f3867tn40h1u2,0,0.7348958333333333,0.603125,0.034375,0.04375
14,1309,ckyw7dzmx00273867fyj9lsnv,0,0.1224609375,0.3424479166666667,0.034375,0.0375
14,1309,ckyw7e4o6002b3867ibaukox2,0,0.3490234375,0.6505208333333333,0.0453125,0.05625
14,1309,ckyw7e9n0002f3867tn40h1u2,0,0.73671875,0.6026041666666667,0.034375,0.04375
14,130,ckyw6zzlj001r3867thf0fuy7,0,0.1713169642857142,0.7119047619047619,0.0265625,0.0458333333333333
14,130,ckyw704kw001v3867kvyjtx6k,0,0.8302455357142857,0.8842261904761906,0.0296875,0.0375
14,130,ckyw708pn001z386779fr849h,0,0.8319155092592594,0.1198688271604938,0.0359375,0.0395833333333333
14,130,ckyw723jy00233867gakwo9e7,0,0.9081473214285714,0.0398809523809523,0.0265625,0.0375
14,1310,ckyw7dzmx00273867fyj9lsnv,0,0.1243489583333333,0.3387152777777778,0.034375,0.0375
14,1310,ckyw7e4o6002b3867ibaukox2,0,0.3490885416666666,0.6506944444444444,0.0453125,0.05625
14,1310,ckyw7e9n0002f3867tn40h1u2,0,0.7385416666666667,0.6020833333333333,0.034375,0.04375
14,1311,ckyw7dzmx00273867fyj9lsnv,0,0.1262369791666666,0.3349826388888888,0.034375,0.0375
14,1311,ckyw7e4o6002b3867ibaukox2,0,0.3491536458333333,0.6508680555555556,0.0453125,0.05625
14,1311,ckyw7e9n0002f3867tn40h1u2,0,0.7403645833333333,0.6015625,0.034375,0.04375
14,1312,ckyw7dzmx00273867fyj9lsnv,0,0.128125,0.33125,0.034375,0.0375
14,1312,ckyw7e4o6002b3867ibaukox2,0,0.34921875,0.6510416666666666,0.0453125,0.05625
14,1312,ckyw7e9n0002f3867tn40h1u2,0,0.7421875,0.6010416666666667,0.034375,0.04375
14,1313,ckyw7dzmx00273867fyj9lsnv,0,0.1314453125,0.33046875,0.034375,0.0375
14,1313,ckyw7e4o6002b3867ibaukox2,0,0.3492585589171974,0.6510682059447983,0.0453125,0.05625
14,1313,ckyw7e9n0002f3867tn40h1u2,0,0.743359375,0.5997395833333333,0.034375,0.04375
14,1314,ckyw7dzmx00273867fyj9lsnv,0,0.134765625,0.3296875,0.034375,0.0375
14,1314,ckyw7e4o6002b3867ibaukox2,0,0.3492983678343949,0.6510947452229299,0.0453125,0.05625
14,1314,ckyw7e9n0002f3867tn40h1u2,0,0.74453125,0.5984375,0.034375,0.04375
14,1315,ckyw7dzmx00273867fyj9lsnv,0,0.1380859375,0.32890625,0.034375,0.0375
14,1315,ckyw7e4o6002b3867ibaukox2,0,0.3493381767515923,0.6511212845010615,0.0453125,0.05625
14,1315,ckyw7e9n0002f3867tn40h1u2,0,0.745703125,0.5971354166666667,0.034375,0.04375
14,1316,ckyw7dzmx00273867fyj9lsnv,0,0.14140625,0.328125,0.034375,0.0375
14,1316,ckyw7e4o6002b3867ibaukox2,0,0.3493779856687898,0.6511478237791931,0.0453125,0.05625
14,1316,ckyw7e9n0002f3867tn40h1u2,0,0.746875,0.5958333333333333,0.034375,0.04375
14,1317,ckyw7dzmx00273867fyj9lsnv,0,0.1447265625,0.32734375,0.034375,0.0375
14,1317,ckyw7e4o6002b3867ibaukox2,0,0.3494177945859872,0.6511743630573249,0.0453125,0.05625
14,1317,ckyw7e9n0002f3867tn40h1u2,0,0.748046875,0.59453125,0.034375,0.04375
14,1318,ckyw7dzmx00273867fyj9lsnv,0,0.148046875,0.3265625,0.034375,0.0375
14,1318,ckyw7e4o6002b3867ibaukox2,0,0.3494576035031847,0.6512009023354566,0.0453125,0.05625
14,1318,ckyw7e9n0002f3867tn40h1u2,0,0.74921875,0.5932291666666667,0.034375,0.04375
14,1319,ckyw7dzmx00273867fyj9lsnv,0,0.1513671875,0.32578125,0.034375,0.0375
14,1319,ckyw7e4o6002b3867ibaukox2,0,0.3494974124203821,0.6512274416135881,0.0453125,0.05625
14,1319,ckyw7e9n0002f3867tn40h1u2,0,0.750390625,0.5919270833333333,0.034375,0.04375
14,131,ckyw6zzlj001r3867thf0fuy7,0,0.1717633928571428,0.7065476190476191,0.0265625,0.0458333333333333
14,131,ckyw704kw001v3867kvyjtx6k,0,0.8282366071428571,0.8860119047619047,0.0296875,0.0375
14,131,ckyw708pn001z386779fr849h,0,0.8319540895061728,0.1198431069958847,0.0359375,0.0395833333333333
14,131,ckyw723jy00233867gakwo9e7,0,0.9119419642857144,0.0383928571428571,0.0265625,0.0375
14,1320,ckyw7dzmx00273867fyj9lsnv,0,0.1546875,0.325,0.034375,0.0375
14,1320,ckyw7e4o6002b3867ibaukox2,0,0.3495372213375796,0.6512539808917198,0.0453125,0.05625
14,1320,ckyw7e9n0002f3867tn40h1u2,0,0.7515625,0.590625,0.034375,0.04375
14,1321,ckyw7dzmx00273867fyj9lsnv,0,0.1579861111111111,0.3256944444444444,0.034375,0.0375
14,1321,ckyw7e4o6002b3867ibaukox2,0,0.349577030254777,0.6512805201698514,0.0453125,0.05625
14,1321,ckyw7e9n0002f3867tn40h1u2,0,0.7529947916666667,0.5883680555555556,0.034375,0.04375
14,1322,ckyw7dzmx00273867fyj9lsnv,0,0.1612847222222222,0.3263888888888889,0.034375,0.0375
14,1322,ckyw7e4o6002b3867ibaukox2,0,0.3496168391719745,0.6513070594479831,0.0453125,0.05625
14,1322,ckyw7e9n0002f3867tn40h1u2,0,0.7544270833333333,0.586111111111111,0.034375,0.04375
14,1323,ckyw7dzmx00273867fyj9lsnv,0,0.1645833333333333,0.3270833333333333,0.034375,0.0375
14,1323,ckyw7e4o6002b3867ibaukox2,0,0.3496566480891719,0.6513335987261146,0.0453125,0.05625
14,1323,ckyw7e9n0002f3867tn40h1u2,0,0.755859375,0.5838541666666667,0.034375,0.04375
14,1324,ckyw7dzmx00273867fyj9lsnv,0,0.1678819444444444,0.3277777777777778,0.034375,0.0375
14,1324,ckyw7e4o6002b3867ibaukox2,0,0.3496964570063694,0.6513601380042463,0.0453125,0.05625
14,1324,ckyw7e9n0002f3867tn40h1u2,0,0.7572916666666667,0.5815972222222222,0.034375,0.04375
14,1325,ckyw7dzmx00273867fyj9lsnv,0,0.1711805555555555,0.3284722222222222,0.034375,0.0375
14,1325,ckyw7e4o6002b3867ibaukox2,0,0.3497362659235669,0.651386677282378,0.0453125,0.05625
14,1325,ckyw7e9n0002f3867tn40h1u2,0,0.7587239583333333,0.5793402777777777,0.034375,0.04375
14,1326,ckyw7dzmx00273867fyj9lsnv,0,0.1744791666666666,0.3291666666666666,0.034375,0.0375
14,1326,ckyw7e4o6002b3867ibaukox2,0,0.3497760748407643,0.6514132165605095,0.0453125,0.05625
14,1326,ckyw7e9n0002f3867tn40h1u2,0,0.76015625,0.5770833333333333,0.034375,0.04375
14,1327,ckyw7dzmx00273867fyj9lsnv,0,0.1777777777777777,0.3298611111111111,0.034375,0.0375
14,1327,ckyw7e4o6002b3867ibaukox2,0,0.3498158837579618,0.6514397558386412,0.0453125,0.05625
14,1327,ckyw7e9n0002f3867tn40h1u2,0,0.7615885416666667,0.5748263888888889,0.034375,0.04375
14,1328,ckyw7dzmx00273867fyj9lsnv,0,0.1810763888888888,0.3305555555555555,0.034375,0.0375
14,1328,ckyw7e4o6002b3867ibaukox2,0,0.3498556926751592,0.6514662951167728,0.0453125,0.05625
14,1328,ckyw7e9n0002f3867tn40h1u2,0,0.7630208333333333,0.5725694444444444,0.034375,0.04375
14,1329,ckyw7dzmx00273867fyj9lsnv,0,0.184375,0.33125,0.034375,0.0375
14,1329,ckyw7e4o6002b3867ibaukox2,0,0.3498955015923567,0.6514928343949045,0.0453125,0.05625
14,1329,ckyw7e9n0002f3867tn40h1u2,0,0.764453125,0.5703125,0.034375,0.04375
14,132,ckyw6zzlj001r3867thf0fuy7,0,0.1722098214285714,0.7011904761904761,0.0265625,0.0458333333333333
14,132,ckyw704kw001v3867kvyjtx6k,0,0.8262276785714286,0.8877976190476191,0.0296875,0.0375
14,132,ckyw708pn001z386779fr849h,0,0.8319926697530864,0.1198173868312757,0.0359375,0.0395833333333333
14,132,ckyw723jy00233867gakwo9e7,0,0.9157366071428572,0.0369047619047619,0.0265625,0.0375
14,1330,ckyw7dzmx00273867fyj9lsnv,0,0.1880208333333333,0.3333333333333333,0.034375,0.0375
14,1330,ckyw7e4o6002b3867ibaukox2,0,0.3499353105095541,0.6515193736730361,0.0453125,0.05625
14,1330,ckyw7e9n0002f3867tn40h1u2,0,0.7658854166666667,0.5680555555555556,0.034375,0.04375
14,1331,ckyw7dzmx00273867fyj9lsnv,0,0.1916666666666666,0.3354166666666666,0.0343749999999999,0.0375
14,1331,ckyw7e4o6002b3867ibaukox2,0,0.3499751194267516,0.6515459129511677,0.0453125,0.05625
14,1331,ckyw7e9n0002f3867tn40h1u2,0,0.7673177083333333,0.5657986111111111,0.034375,0.04375
14,1332,ckyw7dzmx00273867fyj9lsnv,0,0.1953125,0.3375,0.034375,0.0375
14,1332,ckyw7e4o6002b3867ibaukox2,0,0.350014928343949,0.6515724522292994,0.0453125,0.05625
14,1332,ckyw7e9n0002f3867tn40h1u2,0,0.76875,0.5635416666666667,0.034375,0.04375
14,1333,ckyw7dzmx00273867fyj9lsnv,0,0.196875,0.3368055555555555,0.034375,0.0375
14,1333,ckyw7e4o6002b3867ibaukox2,0,0.3500547372611465,0.651598991507431,0.0453125,0.05625
14,1333,ckyw7e9n0002f3867tn40h1u2,0,0.7703125,0.5606770833333333,0.034375,0.04375
14,1334,ckyw7dzmx00273867fyj9lsnv,0,0.1984375,0.3361111111111111,0.034375,0.0375
14,1334,ckyw7e4o6002b3867ibaukox2,0,0.3500945461783439,0.6516255307855626,0.0453125,0.05625
14,1334,ckyw7e9n0002f3867tn40h1u2,0,0.771875,0.5578125,0.034375,0.04375
14,1335,ckyw7dzmx00273867fyj9lsnv,0,0.2,0.3354166666666666,0.034375,0.0375
14,1335,ckyw7e4o6002b3867ibaukox2,0,0.3501343550955414,0.6516520700636942,0.0453125,0.05625
14,1335,ckyw7e9n0002f3867tn40h1u2,0,0.7734375,0.5549479166666667,0.034375,0.04375
14,1336,ckyw7dzmx00273867fyj9lsnv,0,0.2024999999999999,0.3379166666666666,0.034375,0.0375
14,1336,ckyw7e4o6002b3867ibaukox2,0,0.3501741640127388,0.6516786093418259,0.0453125,0.05625
14,1336,ckyw7e9n0002f3867tn40h1u2,0,0.775,0.5520833333333334,0.034375,0.04375
14,1337,ckyw7dzmx00273867fyj9lsnv,0,0.205,0.3404166666666667,0.0343749999999999,0.0375
14,1337,ckyw7e4o6002b3867ibaukox2,0,0.3502139729299363,0.6517051486199575,0.0453125,0.05625
14,1337,ckyw7e9n0002f3867tn40h1u2,0,0.7765625,0.54921875,0.034375,0.04375
14,1338,ckyw7dzmx00273867fyj9lsnv,0,0.2075,0.3429166666666666,0.034375,0.0375
14,1338,ckyw7e4o6002b3867ibaukox2,0,0.3502537818471337,0.6517316878980891,0.0453125,0.05625
14,1338,ckyw7e9n0002f3867tn40h1u2,0,0.778125,0.5463541666666667,0.034375,0.04375
14,1339,ckyw7dzmx00273867fyj9lsnv,0,0.21,0.3454166666666667,0.034375,0.0375
14,1339,ckyw7e4o6002b3867ibaukox2,0,0.3502935907643312,0.6517582271762208,0.0453125,0.05625
14,1339,ckyw7e9n0002f3867tn40h1u2,0,0.7796875,0.5434895833333333,0.034375,0.04375
14,133,ckyw6zzlj001r3867thf0fuy7,0,0.17265625,0.6958333333333333,0.0265625,0.0458333333333333
14,133,ckyw704kw001v3867kvyjtx6k,0,0.82421875,0.8895833333333333,0.0296875,0.0375
14,133,ckyw708pn001z386779fr849h,0,0.83203125,0.1197916666666666,0.0359375,0.0395833333333333
14,133,ckyw723jy00233867gakwo9e7,0,0.91953125,0.0354166666666666,0.0265625,0.0375
14,1340,ckyw7dzmx00273867fyj9lsnv,0,0.2125,0.3479166666666666,0.034375,0.0375
14,1340,ckyw7e4o6002b3867ibaukox2,0,0.3503333996815286,0.6517847664543523,0.0453125,0.05625
14,1340,ckyw7e9n0002f3867tn40h1u2,0,0.78125,0.540625,0.034375,0.04375
14,1341,ckyw7dzmx00273867fyj9lsnv,0,0.215625,0.3513888888888888,0.034375,0.0375
14,1341,ckyw7e4o6002b3867ibaukox2,0,0.3503732085987261,0.651811305732484,0.0453125,0.05625
14,1341,ckyw7e9n0002f3867tn40h1u2,0,0.7818256578947368,0.5375548245614036,0.034375,0.04375
14,1342,ckyw7dzmx00273867fyj9lsnv,0,0.21875,0.3548611111111111,0.034375,0.0375
14,1342,ckyw7e4o6002b3867ibaukox2,0,0.3504130175159236,0.6518378450106158,0.0453125,0.05625
14,1342,ckyw7e9n0002f3867tn40h1u2,0,0.7824013157894737,0.5344846491228069,0.034375,0.0437499999999999
14,1343,ckyw7dzmx00273867fyj9lsnv,0,0.221875,0.3583333333333333,0.034375,0.0375
14,1343,ckyw7e4o6002b3867ibaukox2,0,0.350452826433121,0.6518643842887474,0.0453125,0.05625
14,1343,ckyw7e9n0002f3867tn40h1u2,0,0.7829769736842105,0.5314144736842105,0.0343749999999999,0.04375
14,1344,ckyw7dzmx00273867fyj9lsnv,0,0.2234375,0.3619047619047619,0.034375,0.0375
14,1344,ckyw7e4o6002b3867ibaukox2,0,0.3504926353503185,0.651890923566879,0.0453125,0.05625
14,1344,ckyw7e9n0002f3867tn40h1u2,0,0.7835526315789474,0.528344298245614,0.034375,0.04375
14,1345,ckyw7dzmx00273867fyj9lsnv,0,0.225,0.3654761904761904,0.034375,0.0375
14,1345,ckyw7e4o6002b3867ibaukox2,0,0.3505324442675159,0.6519174628450106,0.0453125,0.05625
14,1345,ckyw7e9n0002f3867tn40h1u2,0,0.7841282894736843,0.5252741228070176,0.034375,0.04375
14,1346,ckyw7dzmx00273867fyj9lsnv,0,0.2265625,0.369047619047619,0.034375,0.0375
14,1346,ckyw7e4o6002b3867ibaukox2,0,0.3505722531847134,0.6519440021231423,0.0453125,0.05625
14,1346,ckyw7e9n0002f3867tn40h1u2,0,0.7847039473684211,0.522203947368421,0.034375,0.0437499999999999
14,1347,ckyw7dzmx00273867fyj9lsnv,0,0.228125,0.3726190476190476,0.034375,0.0375
14,1347,ckyw7e4o6002b3867ibaukox2,0,0.3506120621019108,0.651970541401274,0.0453125,0.05625
14,1347,ckyw7e9n0002f3867tn40h1u2,0,0.7852796052631579,0.5191337719298246,0.034375,0.04375
14,1348,ckyw7dzmx00273867fyj9lsnv,0,0.2296875,0.3761904761904762,0.034375,0.0375
14,1348,ckyw7e4o6002b3867ibaukox2,0,0.3506518710191083,0.6519970806794055,0.0453125,0.05625
14,1348,ckyw7e9n0002f3867tn40h1u2,0,0.7858552631578947,0.5160635964912281,0.0343749999999999,0.04375
14,1349,ckyw7dzmx00273867fyj9lsnv,0,0.23125,0.3797619047619047,0.034375,0.0375
14,1349,ckyw7e4o6002b3867ibaukox2,0,0.3506916799363057,0.6520236199575372,0.0453125,0.05625
14,1349,ckyw7e9n0002f3867tn40h1u2,0,0.7864309210526315,0.5129934210526316,0.0343749999999999,0.04375
14,134,ckyw6zzlj001r3867thf0fuy7,0,0.17140625,0.69125,0.0265625,0.0458333333333333
14,134,ckyw704kw001v3867kvyjtx6k,0,0.82265625,0.8920833333333333,0.0296875,0.0375
14,134,ckyw708pn001z386779fr849h,0,0.8320038377192983,0.1197916666666666,0.0359375,0.0395833333333333
14,134,ckyw723jy00233867gakwo9e7,0,0.92171875,0.0358333333333333,0.0265625,0.0375
14,1350,ckyw7dzmx00273867fyj9lsnv,0,0.2328125,0.3833333333333333,0.034375,0.0375
14,1350,ckyw7e4o6002b3867ibaukox2,0,0.3507314888535032,0.6520501592356688,0.0453125,0.05625
14,1350,ckyw7e9n0002f3867tn40h1u2,0,0.7870065789473685,0.5099232456140351,0.034375,0.04375
14,1351,ckyw7dzmx00273867fyj9lsnv,0,0.2333333333333333,0.3881944444444444,0.034375,0.0375
14,1351,ckyw7e4o6002b3867ibaukox2,0,0.3507712977707006,0.6520766985138005,0.0453125,0.05625
14,1351,ckyw7e9n0002f3867tn40h1u2,0,0.7875822368421053,0.5068530701754386,0.034375,0.04375
14,1352,ckyw7dzmx00273867fyj9lsnv,0,0.2338541666666666,0.3930555555555555,0.034375,0.0375
14,1352,ckyw7e4o6002b3867ibaukox2,0,0.3508111066878981,0.652103237791932,0.0453125,0.05625
14,1352,ckyw7e9n0002f3867tn40h1u2,0,0.7881578947368422,0.5037828947368421,0.034375,0.04375
14,1353,ckyw7dzmx00273867fyj9lsnv,0,0.234375,0.3979166666666666,0.034375,0.0375
14,1353,ckyw7e4o6002b3867ibaukox2,0,0.3508509156050955,0.6521297770700637,0.0453125,0.05625
14,1353,ckyw7e9n0002f3867tn40h1u2,0,0.788733552631579,0.5007127192982456,0.034375,0.04375
14,1354,ckyw7dzmx00273867fyj9lsnv,0,0.2348958333333333,0.4027777777777778,0.034375,0.0375
14,1354,ckyw7e4o6002b3867ibaukox2,0,0.350890724522293,0.6521563163481954,0.0453125,0.05625
14,1354,ckyw7e9n0002f3867tn40h1u2,0,0.7893092105263158,0.4976425438596491,0.034375,0.04375
14,1355,ckyw7dzmx00273867fyj9lsnv,0,0.2354166666666666,0.4076388888888889,0.034375,0.0375
14,1355,ckyw7e4o6002b3867ibaukox2,0,0.3509305334394904,0.6521828556263269,0.0453125,0.05625
14,1355,ckyw7e9n0002f3867tn40h1u2,0,0.7898848684210525,0.4945723684210526,0.0343749999999999,0.04375
14,1356,ckyw7dzmx00273867fyj9lsnv,0,0.2359375,0.4125,0.034375,0.0375
14,1356,ckyw7e4o6002b3867ibaukox2,0,0.3509703423566879,0.6522093949044586,0.0453125,0.05625
14,1356,ckyw7e9n0002f3867tn40h1u2,0,0.7904605263157896,0.4915021929824562,0.034375,0.04375
14,1357,ckyw7dzmx00273867fyj9lsnv,0,0.2364583333333333,0.4173611111111111,0.034375,0.0375
14,1357,ckyw7e4o6002b3867ibaukox2,0,0.3510101512738853,0.6522359341825902,0.0453125,0.05625
14,1357,ckyw7e9n0002f3867tn40h1u2,0,0.7910361842105263,0.4884320175438596,0.034375,0.04375
14,1358,ckyw7dzmx00273867fyj9lsnv,0,0.2369791666666666,0.4222222222222222,0.034375,0.0375
14,1358,ckyw7e4o6002b3867ibaukox2,0,0.3510499601910828,0.6522624734607219,0.0453125,0.05625
14,1358,ckyw7e9n0002f3867tn40h1u2,0,0.7916118421052631,0.4853618421052632,0.034375,0.04375
14,1359,ckyw7dzmx00273867fyj9lsnv,0,0.2375,0.4270833333333333,0.034375,0.0375
14,1359,ckyw7e4o6002b3867ibaukox2,0,0.3510897691082802,0.6522890127388535,0.0453125,0.05625
14,1359,ckyw7e9n0002f3867tn40h1u2,0,0.7921875,0.4822916666666667,0.034375,0.04375
14,135,ckyw6zzlj001r3867thf0fuy7,0,0.17015625,0.6866666666666668,0.0265625,0.0458333333333333
14,135,ckyw704kw001v3867kvyjtx6k,0,0.82109375,0.8945833333333333,0.0296875,0.0375
14,135,ckyw708pn001z386779fr849h,0,0.8319764254385966,0.1197916666666666,0.0359375,0.0395833333333333
14,135,ckyw723jy00233867gakwo9e7,0,0.92390625,0.03625,0.0265625,0.0375
14,1360,ckyw7dzmx00273867fyj9lsnv,0,0.2360243055555555,0.4304398148148148,0.034375,0.0375
14,1360,ckyw7e4o6002b3867ibaukox2,0,0.3511295780254777,0.6523155520169851,0.0453125,0.05625
14,1360,ckyw7e9n0002f3867tn40h1u2,0,0.7914930555555555,0.4796296296296296,0.034375,0.04375
14,1361,ckyw7dzmx00273867fyj9lsnv,0,0.2345486111111111,0.4337962962962963,0.034375,0.0375
14,1361,ckyw7e4o6002b3867ibaukox2,0,0.3511693869426752,0.6523420912951168,0.0453125,0.05625
14,1361,ckyw7e9n0002f3867tn40h1u2,0,0.790798611111111,0.4769675925925926,0.034375,0.04375
14,1362,ckyw7dzmx00273867fyj9lsnv,0,0.2330729166666666,0.4371527777777778,0.034375,0.0375
14,1362,ckyw7e4o6002b3867ibaukox2,0,0.3512091958598726,0.6523686305732483,0.0453125,0.05625
14,1362,ckyw7e9n0002f3867tn40h1u2,0,0.7901041666666666,0.4743055555555555,0.0343749999999999,0.04375
14,1363,ckyw7dzmx00273867fyj9lsnv,0,0.2315972222222222,0.4405092592592592,0.034375,0.0375
14,1363,ckyw7e4o6002b3867ibaukox2,0,0.3512490047770701,0.65239516985138,0.0453125,0.05625
14,1363,ckyw7e9n0002f3867tn40h1u2,0,0.7894097222222222,0.4716435185185185,0.0343749999999999,0.04375
14,1364,ckyw7dzmx00273867fyj9lsnv,0,0.2301215277777777,0.4438657407407407,0.034375,0.0375
14,1364,ckyw7e4o6002b3867ibaukox2,0,0.3512888136942675,0.6524217091295116,0.0453125,0.05625
14,1364,ckyw7e9n0002f3867tn40h1u2,0,0.7887152777777778,0.4689814814814815,0.034375,0.04375
14,1365,ckyw7dzmx00273867fyj9lsnv,0,0.2286458333333333,0.4472222222222222,0.034375,0.0375
14,1365,ckyw7e4o6002b3867ibaukox2,0,0.3513286226114649,0.6524482484076433,0.0453125,0.05625
14,1365,ckyw7e9n0002f3867tn40h1u2,0,0.7880208333333334,0.4663194444444444,0.034375,0.04375
14,1366,ckyw7dzmx00273867fyj9lsnv,0,0.2271701388888888,0.4505787037037037,0.034375,0.0375
14,1366,ckyw7e4o6002b3867ibaukox2,0,0.3513684315286624,0.6524747876857749,0.0453125,0.05625
14,1366,ckyw7e9n0002f3867tn40h1u2,0,0.787326388888889,0.4636574074074074,0.034375,0.04375
14,1367,ckyw7dzmx00273867fyj9lsnv,0,0.2256944444444444,0.4539351851851851,0.034375,0.0375
14,1367,ckyw7e4o6002b3867ibaukox2,0,0.3514082404458599,0.6525013269639065,0.0453125,0.05625
14,1367,ckyw7e9n0002f3867tn40h1u2,0,0.7866319444444445,0.4609953703703703,0.034375,0.04375
14,1368,ckyw7dzmx00273867fyj9lsnv,0,0.22421875,0.4572916666666666,0.034375,0.0375
14,1368,ckyw7e4o6002b3867ibaukox2,0,0.3514480493630573,0.6525278662420383,0.0453125,0.05625
14,1368,ckyw7e9n0002f3867tn40h1u2,0,0.7859375,0.4583333333333333,0.034375,0.04375
14,1369,ckyw7dzmx00273867fyj9lsnv,0,0.2227430555555555,0.4606481481481481,0.034375,0.0375
14,1369,ckyw7e4o6002b3867ibaukox2,0,0.3514878582802548,0.6525544055201699,0.0453125,0.05625
14,1369,ckyw7e9n0002f3867tn40h1u2,0,0.7852430555555555,0.4556712962962963,0.034375,0.04375
14,136,ckyw6zzlj001r3867thf0fuy7,0,0.1689062499999999,0.6820833333333333,0.0265625,0.0458333333333333
14,136,ckyw704kw001v3867kvyjtx6k,0,0.81953125,0.8970833333333333,0.0296875,0.0375
14,136,ckyw708pn001z386779fr849h,0,0.8319490131578947,0.1197916666666666,0.0359375,0.0395833333333333
14,136,ckyw723jy00233867gakwo9e7,0,0.92609375,0.0366666666666666,0.0265625,0.0375
14,1370,ckyw7dzmx00273867fyj9lsnv,0,0.2212673611111111,0.4640046296296296,0.034375,0.0375
14,1370,ckyw7e4o6002b3867ibaukox2,0,0.3515276671974522,0.6525809447983015,0.0453125,0.05625
14,1370,ckyw7e9n0002f3867tn40h1u2,0,0.7845486111111111,0.4530092592592593,0.034375,0.04375
14,1371,ckyw7dzmx00273867fyj9lsnv,0,0.2197916666666666,0.4673611111111111,0.034375,0.0375
14,1371,ckyw7e4o6002b3867ibaukox2,0,0.3515674761146496,0.6526074840764332,0.0453125,0.05625
14,1371,ckyw7e9n0002f3867tn40h1u2,0,0.7838541666666666,0.4503472222222222,0.0343749999999999,0.04375
14,1372,ckyw7dzmx00273867fyj9lsnv,0,0.2183159722222222,0.4707175925925926,0.034375,0.0375
14,1372,ckyw7e4o6002b3867ibaukox2,0,0.3516072850318471,0.6526340233545648,0.0453125,0.05625
14,1372,ckyw7e9n0002f3867tn40h1u2,0,0.7831597222222222,0.4476851851851852,0.0343749999999999,0.04375
14,1373,ckyw7dzmx00273867fyj9lsnv,0,0.2168402777777777,0.474074074074074,0.034375,0.0375
14,1373,ckyw7e4o6002b3867ibaukox2,0,0.3516470939490446,0.6526605626326965,0.0453125,0.05625
14,1373,ckyw7e9n0002f3867tn40h1u2,0,0.7824652777777777,0.4450231481481481,0.034375,0.04375
14,1374,ckyw7dzmx00273867fyj9lsnv,0,0.2153645833333333,0.4774305555555555,0.034375,0.0375
14,1374,ckyw7e4o6002b3867ibaukox2,0,0.351686902866242,0.652687101910828,0.0453125,0.05625
14,1374,ckyw7e9n0002f3867tn40h1u2,0,0.7817708333333333,0.4423611111111111,0.034375,0.04375
14,1375,ckyw7dzmx00273867fyj9lsnv,0,0.2138888888888888,0.480787037037037,0.034375,0.0375
14,1375,ckyw7e4o6002b3867ibaukox2,0,0.3517267117834395,0.6527136411889597,0.0453125,0.05625
14,1375,ckyw7e9n0002f3867tn40h1u2,0,0.781076388888889,0.439699074074074,0.034375,0.04375
14,1376,ckyw7dzmx00273867fyj9lsnv,0,0.2124131944444444,0.4841435185185185,0.034375,0.0375
14,1376,ckyw7e4o6002b3867ibaukox2,0,0.3517665207006369,0.6527401804670914,0.0453125,0.05625
14,1376,ckyw7e9n0002f3867tn40h1u2,0,0.7803819444444444,0.437037037037037,0.034375,0.04375
14,1377,ckyw7dzmx00273867fyj9lsnv,0,0.2109375,0.4875,0.034375,0.0375
14,1377,ckyw7e4o6002b3867ibaukox2,0,0.3518063296178343,0.6527667197452229,0.0453125,0.05625
14,1377,ckyw7e9n0002f3867tn40h1u2,0,0.7796875,0.434375,0.034375,0.04375
14,1378,ckyw7dzmx00273867fyj9lsnv,0,0.2079241071428571,0.4891369047619047,0.034375,0.0375
14,1378,ckyw7e4o6002b3867ibaukox2,0,0.3518461385350319,0.6527932590233546,0.0453125,0.05625
14,1378,ckyw7e9n0002f3867tn40h1u2,0,0.7783482142857143,0.4321428571428571,0.034375,0.04375
14,1379,ckyw7dzmx00273867fyj9lsnv,0,0.2049107142857142,0.4907738095238095,0.034375,0.0375
14,1379,ckyw7e4o6002b3867ibaukox2,0,0.3518859474522293,0.6528197983014862,0.0453125,0.05625
14,1379,ckyw7e9n0002f3867tn40h1u2,0,0.7770089285714286,0.4299107142857143,0.034375,0.04375
14,137,ckyw6zzlj001r3867thf0fuy7,0,0.16765625,0.6775,0.0265625,0.0458333333333333
14,137,ckyw704kw001v3867kvyjtx6k,0,0.81796875,0.8995833333333334,0.0296875,0.0375
14,137,ckyw708pn001z386779fr849h,0,0.831921600877193,0.1197916666666666,0.0359375,0.0395833333333333
14,137,ckyw723jy00233867gakwo9e7,0,0.92828125,0.0370833333333333,0.0265625,0.0375
14,1380,ckyw7dzmx00273867fyj9lsnv,0,0.2018973214285714,0.4924107142857143,0.034375,0.0375
14,1380,ckyw7e4o6002b3867ibaukox2,0,0.3519257563694267,0.6528463375796179,0.0453125,0.05625
14,1380,ckyw7e9n0002f3867tn40h1u2,0,0.7756696428571429,0.4276785714285714,0.034375,0.04375
14,1381,ckyw7dzmx00273867fyj9lsnv,0,0.1988839285714285,0.494047619047619,0.0343749999999999,0.0375
14,1381,ckyw7e4o6002b3867ibaukox2,0,0.3519655652866242,0.6528728768577494,0.0453125,0.05625
14,1381,ckyw7e9n0002f3867tn40h1u2,0,0.7743303571428571,0.4254464285714286,0.034375,0.04375
14,1382,ckyw7dzmx00273867fyj9lsnv,0,0.1958705357142857,0.4956845238095237,0.034375,0.0375
14,1382,ckyw7e4o6002b3867ibaukox2,0,0.3520053742038216,0.6528994161358811,0.0453125,0.05625
14,1382,ckyw7e9n0002f3867tn40h1u2,0,0.7729910714285715,0.4232142857142857,0.034375,0.04375
14,1383,ckyw7dzmx00273867fyj9lsnv,0,0.1928571428571428,0.4973214285714286,0.0343749999999999,0.0375
14,1383,ckyw7e4o6002b3867ibaukox2,0,0.352045183121019,0.6529259554140128,0.0453125,0.05625
14,1383,ckyw7e9n0002f3867tn40h1u2,0,0.7716517857142857,0.4209821428571428,0.034375,0.04375
14,1384,ckyw7dzmx00273867fyj9lsnv,0,0.18984375,0.4989583333333333,0.034375,0.0375
14,1384,ckyw7e4o6002b3867ibaukox2,0,0.3520849920382166,0.6529524946921443,0.0453125,0.05625
14,1384,ckyw7e9n0002f3867tn40h1u2,0,0.7703125,0.41875,0.034375,0.04375
14,1385,ckyw7dzmx00273867fyj9lsnv,0,0.1868303571428571,0.5005952380952381,0.034375,0.0375
14,1385,ckyw7e4o6002b3867ibaukox2,0,0.352124800955414,0.652979033970276,0.0453125,0.05625
14,1385,ckyw7e9n0002f3867tn40h1u2,0,0.7689732142857143,0.4165178571428571,0.034375,0.04375
14,1386,ckyw7dzmx00273867fyj9lsnv,0,0.1838169642857142,0.5022321428571429,0.034375,0.0375
14,1386,ckyw7e4o6002b3867ibaukox2,0,0.3521646098726114,0.6530055732484076,0.0453125,0.05625
14,1386,ckyw7e9n0002f3867tn40h1u2,0,0.7676339285714285,0.4142857142857143,0.034375,0.04375
14,1387,ckyw7dzmx00273867fyj9lsnv,0,0.1808035714285714,0.5038690476190476,0.034375,0.0375
14,1387,ckyw7e4o6002b3867ibaukox2,0,0.3522044187898089,0.6530321125265393,0.0453125,0.05625
14,1387,ckyw7e9n0002f3867tn40h1u2,0,0.7662946428571429,0.4120535714285714,0.034375,0.04375
14,1388,ckyw7dzmx00273867fyj9lsnv,0,0.1777901785714285,0.5055059523809524,0.034375,0.0375
14,1388,ckyw7e4o6002b3867ibaukox2,0,0.3522442277070063,0.6530586518046709,0.0453125,0.05625
14,1388,ckyw7e9n0002f3867tn40h1u2,0,0.7649553571428571,0.4098214285714286,0.034375,0.04375
14,1389,ckyw7dzmx00273867fyj9lsnv,0,0.1747767857142857,0.5071428571428571,0.034375,0.0375
14,1389,ckyw7e4o6002b3867ibaukox2,0,0.3522840366242038,0.6530851910828025,0.0453125,0.05625
14,1389,ckyw7e9n0002f3867tn40h1u2,0,0.7636160714285715,0.4075892857142857,0.034375,0.04375
14,138,ckyw6zzlj001r3867thf0fuy7,0,0.16640625,0.6729166666666667,0.0265625,0.0458333333333333
14,138,ckyw704kw001v3867kvyjtx6k,0,0.81640625,0.9020833333333332,0.0296875,0.0375
14,138,ckyw708pn001z386779fr849h,0,0.8318941885964912,0.1197916666666666,0.0359375,0.0395833333333333
14,138,ckyw723jy00233867gakwo9e7,0,0.93046875,0.0375,0.0265625,0.0375
14,1390,ckyw7dzmx00273867fyj9lsnv,0,0.1717633928571428,0.5087797619047619,0.034375,0.0375
14,1390,ckyw7e4o6002b3867ibaukox2,0,0.3523238455414013,0.6531117303609342,0.0453125,0.05625
14,1390,ckyw7e9n0002f3867tn40h1u2,0,0.7622767857142857,0.4053571428571428,0.034375,0.04375
14,1391,ckyw7dzmx00273867fyj9lsnv,0,0.16875,0.5104166666666666,0.034375,0.0375
14,1391,ckyw7e4o6002b3867ibaukox2,0,0.3523636544585987,0.6531382696390657,0.0453125,0.05625
14,1391,ckyw7e9n0002f3867tn40h1u2,0,0.7609375,0.403125,0.034375,0.04375
14,1392,ckyw7dzmx00273867fyj9lsnv,0,0.16578125,0.5097916666666666,0.034375,0.0375
14,1392,ckyw7e4o6002b3867ibaukox2,0,0.3524034633757962,0.6531648089171974,0.0453125,0.05625
14,1392,ckyw7e9n0002f3867tn40h1u2,0,0.7596875,0.4010416666666667,0.034375,0.04375
14,1393,ckyw7dzmx00273867fyj9lsnv,0,0.1628125,0.5091666666666667,0.034375,0.0375
14,1393,ckyw7e4o6002b3867ibaukox2,0,0.3524432722929936,0.653191348195329,0.0453125,0.05625
14,1393,ckyw7e9n0002f3867tn40h1u2,0,0.7584375,0.3989583333333333,0.034375,0.04375
14,1394,ckyw7dzmx00273867fyj9lsnv,0,0.15984375,0.5085416666666667,0.034375,0.0375
14,1394,ckyw7e4o6002b3867ibaukox2,0,0.352483081210191,0.6532178874734608,0.0453125,0.05625
14,1394,ckyw7e9n0002f3867tn40h1u2,0,0.7571875,0.396875,0.034375,0.04375
14,1395,ckyw7dzmx00273867fyj9lsnv,0,0.156875,0.5079166666666667,0.034375,0.0375
14,1395,ckyw7e4o6002b3867ibaukox2,0,0.3525228901273886,0.6532444267515924,0.0453125,0.05625
14,1395,ckyw7e9n0002f3867tn40h1u2,0,0.7559375,0.3947916666666666,0.034375,0.04375
14,1396,ckyw7dzmx00273867fyj9lsnv,0,0.15390625,0.5072916666666667,0.034375,0.0375
14,1396,ckyw7e4o6002b3867ibaukox2,0,0.352562699044586,0.653270966029724,0.0453125,0.05625
14,1396,ckyw7e9n0002f3867tn40h1u2,0,0.7546875,0.3927083333333333,0.034375,0.04375
14,1397,ckyw7dzmx00273867fyj9lsnv,0,0.1509375,0.5066666666666666,0.034375,0.0375
14,1397,ckyw7e4o6002b3867ibaukox2,0,0.3526025079617834,0.6532975053078557,0.0453125,0.05625
14,1397,ckyw7e9n0002f3867tn40h1u2,0,0.7534375,0.390625,0.034375,0.04375
14,1398,ckyw7dzmx00273867fyj9lsnv,0,0.14796875,0.5060416666666667,0.034375,0.0375
14,1398,ckyw7e4o6002b3867ibaukox2,0,0.3526423168789809,0.6533240445859873,0.0453125,0.05625
14,1398,ckyw7e9n0002f3867tn40h1u2,0,0.7521875,0.3885416666666667,0.034375,0.04375
14,1399,ckyw7dzmx00273867fyj9lsnv,0,0.145,0.5054166666666666,0.034375,0.0375
14,1399,ckyw7e4o6002b3867ibaukox2,0,0.3526821257961783,0.6533505838641189,0.0453125,0.05625
14,1399,ckyw7e9n0002f3867tn40h1u2,0,0.7509375,0.3864583333333333,0.034375,0.04375
14,139,ckyw6zzlj001r3867thf0fuy7,0,0.1681640625,0.66875,0.0265625,0.0458333333333333
14,139,ckyw704kw001v3867kvyjtx6k,0,0.813641826923077,0.9017628205128204,0.0296875,0.0375
14,139,ckyw708pn001z386779fr849h,0,0.8318667763157895,0.1197916666666666,0.0359375,0.0395833333333333
14,139,ckyw723jy00233867gakwo9e7,0,0.9333984375,0.0385416666666666,0.0265625,0.0375
14,13,ckyw6zzlj001r3867thf0fuy7,0,0.1755580357142857,0.6425595238095239,0.0359375,0.0375
14,13,ckyw704kw001v3867kvyjtx6k,0,0.73359375,0.7241071428571428,0.0296875,0.0375
14,13,ckyw708pn001z386779fr849h,0,0.828226902173913,0.1251358695652173,0.0359375,0.0395833333333333
14,1400,ckyw7dzmx00273867fyj9lsnv,0,0.14203125,0.5047916666666666,0.034375,0.0375
14,1400,ckyw7e4o6002b3867ibaukox2,0,0.3527219347133757,0.6533771231422506,0.0453125,0.05625
14,1400,ckyw7e9n0002f3867tn40h1u2,0,0.7496875000000001,0.384375,0.034375,0.04375
14,1401,ckyw7dzmx00273867fyj9lsnv,0,0.1390625,0.5041666666666667,0.034375,0.0375
14,1401,ckyw7e4o6002b3867ibaukox2,0,0.3527617436305733,0.6534036624203822,0.0453125,0.05625
14,1401,ckyw7e9n0002f3867tn40h1u2,0,0.7484375,0.3822916666666666,0.034375,0.04375
14,1402,ckyw7dzmx00273867fyj9lsnv,0,0.1359375,0.5008333333333334,0.034375,0.0375
14,1402,ckyw7e4o6002b3867ibaukox2,0,0.3528015525477707,0.6534302016985138,0.0453125,0.05625
14,1402,ckyw7e9n0002f3867tn40h1u2,0,0.7459374999999999,0.380625,0.034375,0.04375
14,1403,ckyw7dzmx00273867fyj9lsnv,0,0.1328125,0.4975,0.034375,0.0375
14,1403,ckyw7e4o6002b3867ibaukox2,0,0.3528413614649681,0.6534567409766454,0.0453125,0.05625
14,1403,ckyw7e9n0002f3867tn40h1u2,0,0.7434375,0.3789583333333333,0.034375,0.04375
14,1404,ckyw7dzmx00273867fyj9lsnv,0,0.1296875,0.4941666666666666,0.034375,0.0375
14,1404,ckyw7e4o6002b3867ibaukox2,0,0.3528811703821656,0.6534832802547771,0.0453125,0.05625
14,1404,ckyw7e9n0002f3867tn40h1u2,0,0.7409375,0.3772916666666666,0.034375,0.04375
14,1405,ckyw7dzmx00273867fyj9lsnv,0,0.1265625,0.4908333333333333,0.034375,0.0375
14,1405,ckyw7e4o6002b3867ibaukox2,0,0.352920979299363,0.6535098195329087,0.0453125,0.05625
14,1405,ckyw7e9n0002f3867tn40h1u2,0,0.7384375000000001,0.375625,0.034375,0.04375
14,1406,ckyw7dzmx00273867fyj9lsnv,0,0.1234375,0.4875,0.034375,0.0375
14,1406,ckyw7e4o6002b3867ibaukox2,0,0.3529607882165605,0.6535363588110403,0.0453125,0.05625
14,1406,ckyw7e9n0002f3867tn40h1u2,0,0.7359375,0.3739583333333333,0.034375,0.04375
14,1407,ckyw7dzmx00273867fyj9lsnv,0,0.1209375,0.4841666666666667,0.034375,0.0375
14,1407,ckyw7e4o6002b3867ibaukox2,0,0.353000597133758,0.653562898089172,0.0453125,0.05625
14,1407,ckyw7e9n0002f3867tn40h1u2,0,0.733125,0.371875,0.034375,0.04375
14,1408,ckyw7dzmx00273867fyj9lsnv,0,0.1184375,0.4808333333333333,0.034375,0.0375
14,1408,ckyw7e4o6002b3867ibaukox2,0,0.3530404060509554,0.6535894373673036,0.0453125,0.05625
14,1408,ckyw7e9n0002f3867tn40h1u2,0,0.7303124999999999,0.3697916666666667,0.034375,0.04375
14,1409,ckyw7dzmx00273867fyj9lsnv,0,0.1159375,0.4775,0.034375,0.0375
14,1409,ckyw7e4o6002b3867ibaukox2,0,0.3530802149681528,0.6536159766454352,0.0453125,0.05625
14,1409,ckyw7e9n0002f3867tn40h1u2,0,0.7275,0.3677083333333333,0.034375,0.04375
14,140,ckyw6zzlj001r3867thf0fuy7,0,0.169921875,0.6645833333333333,0.0265625,0.0458333333333333
14,140,ckyw704kw001v3867kvyjtx6k,0,0.8108774038461538,0.9014423076923076,0.0296875,0.0375
14,140,ckyw708pn001z386779fr849h,0,0.8318393640350876,0.1197916666666666,0.0359375,0.0395833333333333
14,140,ckyw723jy00233867gakwo9e7,0,0.936328125,0.0395833333333333,0.0265625,0.0375
14,1410,ckyw7dzmx00273867fyj9lsnv,0,0.1134375,0.4741666666666667,0.0343749999999999,0.0375
14,1410,ckyw7e4o6002b3867ibaukox2,0,0.3531200238853503,0.6536425159235668,0.0453125,0.05625
14,1410,ckyw7e9n0002f3867tn40h1u2,0,0.7246875,0.365625,0.034375,0.04375
14,1411,ckyw7dzmx00273867fyj9lsnv,0,0.1109375,0.4708333333333333,0.034375,0.0375
14,1411,ckyw7e4o6002b3867ibaukox2,0,0.3531598328025477,0.6536690552016985,0.0453125,0.05625
14,1411,ckyw7e9n0002f3867tn40h1u2,0,0.721875,0.3635416666666666,0.034375,0.04375
14,1412,ckyw7dzmx00273867fyj9lsnv,0,0.1098958333333333,0.4668981481481482,0.0343749999999999,0.0375
14,1412,ckyw7e4o6002b3867ibaukox2,0,0.3531996417197452,0.6536955944798302,0.0453125,0.05625
14,1412,ckyw7e9n0002f3867tn40h1u2,0,0.7198529411764706,0.3625612745098039,0.034375,0.04375
14,1413,ckyw7dzmx00273867fyj9lsnv,0,0.1088541666666666,0.4629629629629629,0.034375,0.0375
14,1413,ckyw7e4o6002b3867ibaukox2,0,0.3532394506369427,0.6537221337579617,0.0453125,0.05625
14,1413,ckyw7e9n0002f3867tn40h1u2,0,0.7178308823529412,0.3615808823529411,0.034375,0.04375
14,1414,ckyw7dzmx00273867fyj9lsnv,0,0.1078125,0.4590277777777778,0.034375,0.0375
14,1414,ckyw7e4o6002b3867ibaukox2,0,0.3532792595541401,0.6537486730360934,0.0453125,0.05625
14,1414,ckyw7e9n0002f3867tn40h1u2,0,0.7158088235294118,0.3606004901960784,0.034375,0.04375
14,1415,ckyw7dzmx00273867fyj9lsnv,0,0.1067708333333333,0.4550925925925926,0.0343749999999999,0.0375
14,1415,ckyw7e4o6002b3867ibaukox2,0,0.3533190684713375,0.653775212314225,0.0453125,0.05625
14,1415,ckyw7e9n0002f3867tn40h1u2,0,0.7137867647058823,0.3596200980392157,0.034375,0.04375
14,1416,ckyw7dzmx00273867fyj9lsnv,0,0.1057291666666666,0.4511574074074074,0.034375,0.0375
14,1416,ckyw7e4o6002b3867ibaukox2,0,0.353358877388535,0.6538017515923567,0.0453125,0.05625
14,1416,ckyw7e9n0002f3867tn40h1u2,0,0.7117647058823529,0.3586397058823529,0.034375,0.04375
14,1417,ckyw7dzmx00273867fyj9lsnv,0,0.1046875,0.4472222222222222,0.034375,0.0375
14,1417,ckyw7e4o6002b3867ibaukox2,0,0.3533986863057324,0.6538282908704883,0.0453125,0.05625
14,1417,ckyw7e9n0002f3867tn40h1u2,0,0.7097426470588235,0.3576593137254902,0.034375,0.04375
14,1418,ckyw7dzmx00273867fyj9lsnv,0,0.1036458333333333,0.443287037037037,0.0343749999999999,0.0375
14,1418,ckyw7e4o6002b3867ibaukox2,0,0.3534384952229299,0.6538548301486199,0.0453125,0.05625
14,1418,ckyw7e9n0002f3867tn40h1u2,0,0.7077205882352942,0.3566789215686274,0.034375,0.04375
14,1419,ckyw7dzmx00273867fyj9lsnv,0,0.1026041666666666,0.4393518518518518,0.034375,0.0375
14,1419,ckyw7e4o6002b3867ibaukox2,0,0.3534783041401274,0.6538813694267517,0.0453125,0.05625
14,1419,ckyw7e9n0002f3867tn40h1u2,0,0.7056985294117647,0.3556985294117647,0.034375,0.04375
14,141,ckyw6zzlj001r3867thf0fuy7,0,0.1716796875,0.6604166666666667,0.0265625,0.0458333333333333
14,141,ckyw704kw001v3867kvyjtx6k,0,0.8081129807692309,0.9011217948717948,0.0296875,0.0375
14,141,ckyw708pn001z386779fr849h,0,0.8318119517543859,0.1197916666666666,0.0359375,0.0395833333333333
14,141,ckyw723jy00233867gakwo9e7,0,0.9392578125,0.040625,0.0265625,0.0375
14,1420,ckyw7dzmx00273867fyj9lsnv,0,0.1015625,0.4354166666666667,0.034375,0.0375
14,1420,ckyw7e4o6002b3867ibaukox2,0,0.3535181130573248,0.6539079087048832,0.0453125,0.05625
14,1420,ckyw7e9n0002f3867tn40h1u2,0,0.7036764705882353,0.3547181372549019,0.034375,0.04375
14,1421,ckyw7dzmx00273867fyj9lsnv,0,0.101953125,0.43125,0.034375,0.0375
14,1421,ckyw7e4o6002b3867ibaukox2,0,0.3535579219745223,0.6539344479830149,0.0453125,0.05625
14,1421,ckyw7e9n0002f3867tn40h1u2,0,0.7016544117647059,0.3537377450980392,0.034375,0.04375
14,1422,ckyw7dzmx00273867fyj9lsnv,0,0.10234375,0.4270833333333333,0.034375,0.0375
14,1422,ckyw7e4o6002b3867ibaukox2,0,0.3535977308917197,0.6539609872611465,0.0453125,0.05625
14,1422,ckyw7e9n0002f3867tn40h1u2,0,0.6996323529411764,0.3527573529411764,0.034375,0.04375
14,1423,ckyw7dzmx00273867fyj9lsnv,0,0.102734375,0.4229166666666666,0.034375,0.0375
14,1423,ckyw7e4o6002b3867ibaukox2,0,0.3536375398089172,0.6539875265392782,0.0453125,0.05625
14,1423,ckyw7e9n0002f3867tn40h1u2,0,0.6976102941176471,0.3517769607843137,0.034375,0.04375
14,1424,ckyw7dzmx00273867fyj9lsnv,0,0.103125,0.41875,0.034375,0.0375
14,1424,ckyw7e4o6002b3867ibaukox2,0,0.3536773487261146,0.6540140658174098,0.0453125,0.05625
14,1424,ckyw7e9n0002f3867tn40h1u2,0,0.6955882352941176,0.3507965686274509,0.034375,0.04375
14,1425,ckyw7dzmx00273867fyj9lsnv,0,0.103515625,0.4145833333333333,0.034375,0.0375
14,1425,ckyw7e4o6002b3867ibaukox2,0,0.3537171576433121,0.6540406050955414,0.0453125,0.05625
14,1425,ckyw7e9n0002f3867tn40h1u2,0,0.6935661764705883,0.3498161764705882,0.034375,0.04375
14,1426,ckyw7dzmx00273867fyj9lsnv,0,0.10390625,0.4104166666666666,0.034375,0.0375
14,1426,ckyw7e4o6002b3867ibaukox2,0,0.3537569665605095,0.6540671443736731,0.0453125,0.05625
14,1426,ckyw7e9n0002f3867tn40h1u2,0,0.6915441176470588,0.3488357843137254,0.034375,0.04375
14,1427,ckyw7dzmx00273867fyj9lsnv,0,0.104296875,0.40625,0.034375,0.0375
14,1427,ckyw7e4o6002b3867ibaukox2,0,0.353796775477707,0.6540936836518046,0.0453125,0.05625
14,1427,ckyw7e9n0002f3867tn40h1u2,0,0.6895220588235295,0.3478553921568627,0.034375,0.04375
14,1428,ckyw7dzmx00273867fyj9lsnv,0,0.1046875,0.4020833333333333,0.034375,0.0375
14,1428,ckyw7e4o6002b3867ibaukox2,0,0.3538365843949044,0.6541202229299363,0.0453125,0.05625
14,1428,ckyw7e9n0002f3867tn40h1u2,0,0.6875,0.346875,0.034375,0.04375
14,1429,ckyw7dzmx00273867fyj9lsnv,0,0.105625,0.3979166666666666,0.0343749999999999,0.0375
14,1429,ckyw7e4o6002b3867ibaukox2,0,0.3538763933121019,0.654146762208068,0.0453125,0.05625
14,1429,ckyw7e9n0002f3867tn40h1u2,0,0.6853125,0.3464583333333333,0.034375,0.04375
14,142,ckyw6zzlj001r3867thf0fuy7,0,0.1734375,0.65625,0.0265625,0.0458333333333333
14,142,ckyw704kw001v3867kvyjtx6k,0,0.8053485576923076,0.900801282051282,0.0296875,0.0375
14,142,ckyw708pn001z386779fr849h,0,0.8317845394736842,0.1197916666666666,0.0359375,0.0395833333333333
14,142,ckyw723jy00233867gakwo9e7,0,0.9421875,0.0416666666666666,0.0265625,0.0375
14,1430,ckyw7dzmx00273867fyj9lsnv,0,0.1065625,0.39375,0.034375,0.0375
14,1430,ckyw7e4o6002b3867ibaukox2,0,0.3539162022292993,0.6541733014861996,0.0453125,0.05625
14,1430,ckyw7e9n0002f3867tn40h1u2,0,0.683125,0.3460416666666666,0.034375,0.04375
14,1431,ckyw7dzmx00273867fyj9lsnv,0,0.1075,0.3895833333333333,0.034375,0.0375
14,1431,ckyw7e4o6002b3867ibaukox2,0,0.3539560111464968,0.6541998407643312,0.0453125,0.05625
14,1431,ckyw7e9n0002f3867tn40h1u2,0,0.6809375,0.345625,0.034375,0.04375
14,1432,ckyw7dzmx00273867fyj9lsnv,0,0.1084375,0.3854166666666667,0.034375,0.0375
14,1432,ckyw7e4o6002b3867ibaukox2,0,0.3539958200636942,0.6542263800424628,0.0453125,0.05625
14,1432,ckyw7e9n0002f3867tn40h1u2,0,0.67875,0.3452083333333333,0.034375,0.04375
14,1433,ckyw7dzmx00273867fyj9lsnv,0,0.109375,0.38125,0.034375,0.0375
14,1433,ckyw7e4o6002b3867ibaukox2,0,0.3540356289808917,0.6542529193205945,0.0453125,0.05625
14,1433,ckyw7e9n0002f3867tn40h1u2,0,0.6765625,0.3447916666666666,0.034375,0.04375
14,1434,ckyw7dzmx00273867fyj9lsnv,0,0.1103125,0.3770833333333333,0.0343749999999999,0.0375
14,1434,ckyw7e4o6002b3867ibaukox2,0,0.3540754378980891,0.654279458598726,0.0453125,0.05625
14,1434,ckyw7e9n0002f3867tn40h1u2,0,0.6743750000000001,0.344375,0.034375,0.04375
14,1435,ckyw7dzmx00273867fyj9lsnv,0,0.11125,0.3729166666666667,0.034375,0.0375
14,1435,ckyw7e4o6002b3867ibaukox2,0,0.3541152468152866,0.6543059978768577,0.0453125,0.05625
14,1435,ckyw7e9n0002f3867tn40h1u2,0,0.6721874999999999,0.3439583333333333,0.034375,0.04375
14,1436,ckyw7dzmx00273867fyj9lsnv,0,0.1121875,0.36875,0.034375,0.0375
14,1436,ckyw7e4o6002b3867ibaukox2,0,0.354155055732484,0.6543325371549894,0.0453125,0.05625
14,1436,ckyw7e9n0002f3867tn40h1u2,0,0.67,0.3435416666666667,0.034375,0.04375
14,1437,ckyw7dzmx00273867fyj9lsnv,0,0.113125,0.3645833333333333,0.034375,0.0375
14,1437,ckyw7e4o6002b3867ibaukox2,0,0.3541948646496815,0.654359076433121,0.0453125,0.05625
14,1437,ckyw7e9n0002f3867tn40h1u2,0,0.6678124999999999,0.3431249999999999,0.034375,0.04375
14,1438,ckyw7dzmx00273867fyj9lsnv,0,0.1140625,0.3604166666666666,0.034375,0.0375
14,1438,ckyw7e4o6002b3867ibaukox2,0,0.354234673566879,0.6543856157112526,0.0453125,0.05625
14,1438,ckyw7e9n0002f3867tn40h1u2,0,0.665625,0.3427083333333333,0.034375,0.04375
14,1439,ckyw7dzmx00273867fyj9lsnv,0,0.116826923076923,0.3584935897435897,0.034375,0.0375
14,1439,ckyw7e4o6002b3867ibaukox2,0,0.3542744824840764,0.6544121549893842,0.0453125,0.05625
14,1439,ckyw7e9n0002f3867tn40h1u2,0,0.6638392857142856,0.3437996031746032,0.034375,0.04375
14,143,ckyw6zzlj001r3867thf0fuy7,0,0.1751953125,0.6520833333333333,0.0265625,0.0458333333333333
14,143,ckyw704kw001v3867kvyjtx6k,0,0.8025841346153847,0.9004807692307693,0.0296875,0.0375
14,143,ckyw708pn001z386779fr849h,0,0.8317571271929826,0.1197916666666666,0.0359375,0.0395833333333333
14,143,ckyw723jy00233867gakwo9e7,0,0.9451171875,0.0427083333333333,0.0265625,0.0375
14,1440,ckyw7dzmx00273867fyj9lsnv,0,0.1195913461538461,0.3565705128205128,0.034375,0.0375
14,1440,ckyw7e4o6002b3867ibaukox2,0,0.3543142914012739,0.6544386942675159,0.0453125,0.05625
14,1440,ckyw7e9n0002f3867tn40h1u2,0,0.6620535714285715,0.344890873015873,0.034375,0.04375
14,1441,ckyw7dzmx00273867fyj9lsnv,0,0.1223557692307692,0.3546474358974359,0.034375,0.0375
14,1441,ckyw7e4o6002b3867ibaukox2,0,0.3543541003184713,0.6544652335456476,0.0453125,0.05625
14,1441,ckyw7e9n0002f3867tn40h1u2,0,0.6602678571428571,0.3459821428571429,0.034375,0.04375
14,1442,ckyw7dzmx00273867fyj9lsnv,0,0.1251201923076923,0.352724358974359,0.034375,0.0375
14,1442,ckyw7e4o6002b3867ibaukox2,0,0.3543939092356688,0.6544917728237791,0.0453125,0.05625
14,1442,ckyw7e9n0002f3867tn40h1u2,0,0.6584821428571429,0.3470734126984127,0.034375,0.04375
14,1443,ckyw7dzmx00273867fyj9lsnv,0,0.1278846153846153,0.3508012820512821,0.034375,0.0375
14,1443,ckyw7e4o6002b3867ibaukox2,0,0.3544337181528662,0.6545183121019108,0.0453125,0.05625
14,1443,ckyw7e9n0002f3867tn40h1u2,0,0.6566964285714285,0.3481646825396825,0.034375,0.04375
14,1444,ckyw7dzmx00273867fyj9lsnv,0,0.1306490384615384,0.3488782051282051,0.034375,0.0375
14,1444,ckyw7e4o6002b3867ibaukox2,0,0.3544735270700637,0.6545448513800424,0.0453125,0.05625
14,1444,ckyw7e9n0002f3867tn40h1u2,0,0.6549107142857143,0.3492559523809523,0.034375,0.04375
14,1445,ckyw7dzmx00273867fyj9lsnv,0,0.1334134615384615,0.3469551282051282,0.034375,0.0375
14,1445,ckyw7e4o6002b3867ibaukox2,0,0.3545133359872611,0.6545713906581742,0.0453125,0.05625
14,1445,ckyw7e9n0002f3867tn40h1u2,0,0.653125,0.3503472222222222,0.034375,0.04375
14,1446,ckyw7dzmx00273867fyj9lsnv,0,0.1361778846153846,0.3450320512820513,0.034375,0.0375
14,1446,ckyw7e4o6002b3867ibaukox2,0,0.3545531449044586,0.6545979299363058,0.0453125,0.05625
14,1446,ckyw7e9n0002f3867tn40h1u2,0,0.6513392857142857,0.3514384920634921,0.034375,0.04375
14,1447,ckyw7dzmx00273867fyj9lsnv,0,0.1389423076923077,0.3431089743589743,0.034375,0.0375
14,1447,ckyw7e4o6002b3867ibaukox2,0,0.354592953821656,0.6546244692144374,0.0453125,0.05625
14,1447,ckyw7e9n0002f3867tn40h1u2,0,0.6495535714285714,0.3525297619047619,0.034375,0.04375
14,1448,ckyw7dzmx00273867fyj9lsnv,0,0.1417067307692307,0.3411858974358974,0.034375,0.0375
14,1448,ckyw7e4o6002b3867ibaukox2,0,0.3546327627388535,0.6546510084925691,0.0453125,0.05625
14,1448,ckyw7e9n0002f3867tn40h1u2,0,0.6477678571428571,0.3536210317460317,0.034375,0.04375
14,1449,ckyw7dzmx00273867fyj9lsnv,0,0.1444711538461538,0.3392628205128205,0.034375,0.0375
14,1449,ckyw7e4o6002b3867ibaukox2,0,0.3546725716560509,0.6546775477707006,0.0453125,0.05625
14,1449,ckyw7e9n0002f3867tn40h1u2,0,0.6459821428571428,0.3547123015873016,0.034375,0.04375
14,144,ckyw6zzlj001r3867thf0fuy7,0,0.176953125,0.6479166666666667,0.0265625,0.0458333333333333
14,144,ckyw704kw001v3867kvyjtx6k,0,0.7998197115384615,0.9001602564102564,0.0296875,0.0375
14,144,ckyw708pn001z386779fr849h,0,0.8317297149122806,0.1197916666666666,0.0359375,0.0395833333333333
14,144,ckyw723jy00233867gakwo9e7,0,0.948046875,0.04375,0.0265625,0.0375
14,1450,ckyw7dzmx00273867fyj9lsnv,0,0.1472355769230769,0.3373397435897436,0.034375,0.0375
14,1450,ckyw7e4o6002b3867ibaukox2,0,0.3547123805732484,0.6547040870488323,0.0453125,0.05625
14,1450,ckyw7e9n0002f3867tn40h1u2,0,0.6441964285714286,0.3558035714285714,0.034375,0.04375
14,1451,ckyw7dzmx00273867fyj9lsnv,0,0.15,0.3354166666666666,0.034375,0.0375
14,1451,ckyw7e4o6002b3867ibaukox2,0,0.3547521894904458,0.6547306263269639,0.0453125,0.05625
14,1451,ckyw7e9n0002f3867tn40h1u2,0,0.6424107142857143,0.3568948412698412,0.034375,0.04375
14,1452,ckyw7dzmx00273867fyj9lsnv,0,0.1530133928571428,0.3355654761904762,0.034375,0.0375
14,1452,ckyw7e4o6002b3867ibaukox2,0,0.3547919984076433,0.6547571656050956,0.0453125,0.05625
14,1452,ckyw7e9n0002f3867tn40h1u2,0,0.640625,0.3579861111111111,0.034375,0.04375
14,1453,ckyw7dzmx00273867fyj9lsnv,0,0.1560267857142857,0.3357142857142857,0.034375,0.0375
14,1453,ckyw7e4o6002b3867ibaukox2,0,0.3548318073248407,0.6547837048832272,0.0453125,0.05625
14,1453,ckyw7e9n0002f3867tn40h1u2,0,0.6388392857142857,0.3590773809523809,0.034375,0.04375
14,1454,ckyw7dzmx00273867fyj9lsnv,0,0.1590401785714285,0.3358630952380952,0.034375,0.0375
14,1454,ckyw7e4o6002b3867ibaukox2,0,0.3548716162420382,0.6548102441613588,0.0453125,0.05625
14,1454,ckyw7e9n0002f3867tn40h1u2,0,0.6370535714285714,0.3601686507936508,0.034375,0.04375
14,1455,ckyw7dzmx00273867fyj9lsnv,0,0.1620535714285714,0.3360119047619047,0.034375,0.0375
14,1455,ckyw7e4o6002b3867ibaukox2,0,0.3549114251592357,0.6548367834394905,0.0453125,0.05625
14,1455,ckyw7e9n0002f3867tn40h1u2,0,0.6352678571428572,0.3612599206349206,0.034375,0.04375
14,1456,ckyw7dzmx00273867fyj9lsnv,0,0.1650669642857142,0.3361607142857143,0.034375,0.0375
14,1456,ckyw7e4o6002b3867ibaukox2,0,0.3549512340764331,0.654863322717622,0.0453125,0.05625
14,1456,ckyw7e9n0002f3867tn40h1u2,0,0.6334821428571429,0.3623511904761904,0.034375,0.04375
14,1457,ckyw7dzmx00273867fyj9lsnv,0,0.1680803571428571,0.3363095238095238,0.034375,0.0375
14,1457,ckyw7e4o6002b3867ibaukox2,0,0.3549910429936306,0.6548898619957537,0.0453125,0.05625
14,1457,ckyw7e9n0002f3867tn40h1u2,0,0.6316964285714286,0.3634424603174603,0.034375,0.04375
14,1458,ckyw7dzmx00273867fyj9lsnv,0,0.17109375,0.3364583333333333,0.034375,0.0375
14,1458,ckyw7e4o6002b3867ibaukox2,0,0.355030851910828,0.6549164012738854,0.0453125,0.05625
14,1458,ckyw7e9n0002f3867tn40h1u2,0,0.6299107142857143,0.3645337301587302,0.034375,0.04375
14,1459,ckyw7dzmx00273867fyj9lsnv,0,0.1741071428571428,0.3366071428571429,0.034375,0.0375
14,1459,ckyw7e4o6002b3867ibaukox2,0,0.3550706608280255,0.654942940552017,0.0453125,0.05625
14,1459,ckyw7e9n0002f3867tn40h1u2,0,0.628125,0.365625,0.034375,0.04375
14,145,ckyw6zzlj001r3867thf0fuy7,0,0.1787109375,0.64375,0.0265625,0.0458333333333333
14,145,ckyw704kw001v3867kvyjtx6k,0,0.7970552884615385,0.8998397435897435,0.0296875,0.0375
14,145,ckyw708pn001z386779fr849h,0,0.831702302631579,0.1197916666666666,0.0359375,0.0395833333333333
14,145,ckyw723jy00233867gakwo9e7,0,0.9509765625,0.0447916666666666,0.0265625,0.0375
14,1460,ckyw7dzmx00273867fyj9lsnv,0,0.1771205357142857,0.3367559523809523,0.034375,0.0375
14,1460,ckyw7e4o6002b3867ibaukox2,0,0.3551104697452229,0.6549694798301486,0.0453125,0.05625
14,1460,ckyw7e9n0002f3867tn40h1u2,0,0.6268229166666667,0.3663194444444445,0.034375,0.04375
14,1461,ckyw7dzmx00273867fyj9lsnv,0,0.1801339285714285,0.3369047619047619,0.034375,0.0375
14,1461,ckyw7e4o6002b3867ibaukox2,0,0.3551502786624204,0.6549960191082802,0.0453125,0.05625
14,1461,ckyw7e9n0002f3867tn40h1u2,0,0.6255208333333333,0.3670138888888888,0.034375,0.04375
14,1462,ckyw7dzmx00273867fyj9lsnv,0,0.1831473214285714,0.3370535714285714,0.034375,0.0375
14,1462,ckyw7e4o6002b3867ibaukox2,0,0.3551900875796178,0.6550225583864119,0.0453125,0.05625
14,1462,ckyw7e9n0002f3867tn40h1u2,0,0.62421875,0.3677083333333333,0.034375,0.04375
14,1463,ckyw7dzmx00273867fyj9lsnv,0,0.1861607142857143,0.337202380952381,0.034375,0.0375
14,1463,ckyw7e4o6002b3867ibaukox2,0,0.3552298964968153,0.6550490976645434,0.0453125,0.05625
14,1463,ckyw7e9n0002f3867tn40h1u2,0,0.6229166666666667,0.3684027777777778,0.034375,0.04375
14,1464,ckyw7dzmx00273867fyj9lsnv,0,0.1891741071428571,0.3373511904761904,0.034375,0.0375
14,1464,ckyw7e4o6002b3867ibaukox2,0,0.3552697054140127,0.6550756369426751,0.0453125,0.05625
14,1464,ckyw7e9n0002f3867tn40h1u2,0,0.6216145833333333,0.3690972222222222,0.034375,0.04375
14,1465,ckyw7dzmx00273867fyj9lsnv,0,0.1921875,0.3375,0.034375,0.0375
14,1465,ckyw7e4o6002b3867ibaukox2,0,0.3553095143312102,0.6551021762208068,0.0453125,0.05625
14,1465,ckyw7e9n0002f3867tn40h1u2,0,0.6203125,0.3697916666666667,0.034375,0.04375
14,1466,ckyw7dzmx00273867fyj9lsnv,0,0.194921875,0.3385416666666667,0.034375,0.0375
14,1466,ckyw7e4o6002b3867ibaukox2,0,0.3553493232484076,0.6551287154989384,0.0453125,0.05625
14,1466,ckyw7e9n0002f3867tn40h1u2,0,0.618359375,0.3723958333333333,0.034375,0.04375
14,1467,ckyw7dzmx00273867fyj9lsnv,0,0.19765625,0.3395833333333333,0.034375,0.0375
14,1467,ckyw7e4o6002b3867ibaukox2,0,0.3553891321656051,0.65515525477707,0.0453125,0.05625
14,1467,ckyw7e9n0002f3867tn40h1u2,0,0.61640625,0.375,0.034375,0.04375
14,1468,ckyw7dzmx00273867fyj9lsnv,0,0.200390625,0.340625,0.034375,0.0375
14,1468,ckyw7e4o6002b3867ibaukox2,0,0.3554289410828025,0.6551817940552016,0.0453125,0.05625
14,1468,ckyw7e9n0002f3867tn40h1u2,0,0.614453125,0.3776041666666667,0.034375,0.04375
14,1469,ckyw7dzmx00273867fyj9lsnv,0,0.203125,0.3416666666666667,0.034375,0.0375
14,1469,ckyw7e4o6002b3867ibaukox2,0,0.35546875,0.6552083333333333,0.0453125,0.05625
14,1469,ckyw7e9n0002f3867tn40h1u2,0,0.6125,0.3802083333333333,0.034375,0.04375
14,146,ckyw6zzlj001r3867thf0fuy7,0,0.18046875,0.6395833333333333,0.0265625,0.0458333333333333
14,146,ckyw704kw001v3867kvyjtx6k,0,0.7942908653846154,0.8995192307692308,0.0296874999999999,0.0375
14,146,ckyw708pn001z386779fr849h,0,0.8316748903508773,0.1197916666666666,0.0359375,0.0395833333333333
14,146,ckyw723jy00233867gakwo9e7,0,0.95390625,0.0458333333333333,0.0265625,0.0375
14,147,ckyw6zzlj001r3867thf0fuy7,0,0.1829687499999999,0.6358333333333334,0.0265625,0.0458333333333333
14,147,ckyw704kw001v3867kvyjtx6k,0,0.7915264423076923,0.899198717948718,0.0296875,0.0375
14,147,ckyw708pn001z386779fr849h,0,0.8316474780701755,0.1197916666666666,0.0359375,0.0395833333333333
14,147,ckyw723jy00233867gakwo9e7,0,0.95578125,0.05125,0.0265625,0.0375
14,148,ckyw6zzlj001r3867thf0fuy7,0,0.18546875,0.6320833333333333,0.0265625,0.0458333333333333
14,148,ckyw704kw001v3867kvyjtx6k,0,0.7887620192307692,0.8988782051282052,0.0296874999999999,0.0375
14,148,ckyw708pn001z386779fr849h,0,0.8316200657894737,0.1197916666666666,0.0359375,0.0395833333333333
14,148,ckyw723jy00233867gakwo9e7,0,0.95765625,0.0566666666666666,0.0265625,0.0375
14,149,ckyw6zzlj001r3867thf0fuy7,0,0.18796875,0.6283333333333334,0.0265625,0.0458333333333333
14,149,ckyw704kw001v3867kvyjtx6k,0,0.7859975961538461,0.8985576923076923,0.0296875,0.0375
14,149,ckyw708pn001z386779fr849h,0,0.8315926535087719,0.1197916666666666,0.0359375,0.0395833333333333
14,149,ckyw723jy00233867gakwo9e7,0,0.95953125,0.0620833333333333,0.0265625,0.0374999999999999
14,14,ckyw6zzlj001r3867thf0fuy7,0,0.1784598214285714,0.6392857142857142,0.0359375,0.0375
14,14,ckyw704kw001v3867kvyjtx6k,0,0.7341145833333333,0.7208333333333333,0.0296875,0.0375
14,14,ckyw708pn001z386779fr849h,0,0.8282948369565217,0.1252264492753623,0.0359375,0.0395833333333333
14,150,ckyw6zzlj001r3867thf0fuy7,0,0.19046875,0.6245833333333334,0.0265625,0.0458333333333333
14,150,ckyw704kw001v3867kvyjtx6k,0,0.7832331730769231,0.8982371794871794,0.0296875,0.0375
14,150,ckyw708pn001z386779fr849h,0,0.8315652412280702,0.1197916666666666,0.0359375,0.0395833333333333
14,150,ckyw723jy00233867gakwo9e7,0,0.96140625,0.0674999999999999,0.0265625,0.0375
14,151,ckyw6zzlj001r3867thf0fuy7,0,0.19296875,0.6208333333333333,0.0265625,0.0458333333333333
14,151,ckyw704kw001v3867kvyjtx6k,0,0.78046875,0.8979166666666667,0.0296875,0.0375
14,151,ckyw708pn001z386779fr849h,0,0.8315378289473685,0.1197916666666666,0.0359375,0.0395833333333333
14,151,ckyw723jy00233867gakwo9e7,0,0.96328125,0.0729166666666666,0.0265625,0.0375
14,152,ckyw6zzlj001r3867thf0fuy7,0,0.1955729166666666,0.617361111111111,0.0265624999999999,0.0458333333333333
14,152,ckyw704kw001v3867kvyjtx6k,0,0.7783854166666667,0.8965277777777777,0.0296875,0.0375
14,152,ckyw708pn001z386779fr849h,0,0.8315104166666666,0.1197916666666666,0.0359375,0.0395833333333333
14,152,ckyw723jy00233867gakwo9e7,0,0.9653645833333334,0.0773148148148148,0.0265625,0.0375
14,153,ckyw6zzlj001r3867thf0fuy7,0,0.1981770833333333,0.6138888888888889,0.0265625,0.0458333333333333
14,153,ckyw704kw001v3867kvyjtx6k,0,0.7763020833333333,0.8951388888888889,0.0296875,0.0375
14,153,ckyw708pn001z386779fr849h,0,0.8314830043859649,0.1197916666666666,0.0359375,0.0395833333333333
14,153,ckyw723jy00233867gakwo9e7,0,0.9674479166666666,0.0817129629629629,0.0265625,0.0375
14,154,ckyw6zzlj001r3867thf0fuy7,0,0.20078125,0.6104166666666667,0.0265625,0.0458333333333333
14,154,ckyw704kw001v3867kvyjtx6k,0,0.77421875,0.89375,0.0296875,0.0375
14,154,ckyw708pn001z386779fr849h,0,0.8314555921052632,0.1197916666666666,0.0359375,0.0395833333333333
14,154,ckyw723jy00233867gakwo9e7,0,0.96953125,0.0861111111111111,0.0265625,0.0375
14,155,ckyw6zzlj001r3867thf0fuy7,0,0.2033854166666666,0.6069444444444444,0.0265624999999999,0.0458333333333333
14,155,ckyw704kw001v3867kvyjtx6k,0,0.7721354166666667,0.892361111111111,0.0296875,0.0375
14,155,ckyw708pn001z386779fr849h,0,0.8314281798245615,0.1197916666666666,0.0359375,0.0395833333333333
14,155,ckyw723jy00233867gakwo9e7,0,0.9716145833333334,0.0905092592592592,0.0265625,0.0375
14,156,ckyw6zzlj001r3867thf0fuy7,0,0.2059895833333333,0.6034722222222223,0.0265625,0.0458333333333333
14,156,ckyw704kw001v3867kvyjtx6k,0,0.7700520833333333,0.8909722222222223,0.0296875,0.0375
14,156,ckyw708pn001z386779fr849h,0,0.8314007675438596,0.1197916666666666,0.0359375,0.0395833333333333
14,156,ckyw723jy00233867gakwo9e7,0,0.9736979166666666,0.0949074074074074,0.0265625,0.0375
14,157,ckyw6zzlj001r3867thf0fuy7,0,0.20859375,0.6,0.0265625,0.0458333333333333
14,157,ckyw704kw001v3867kvyjtx6k,0,0.76796875,0.8895833333333333,0.0296875,0.0375
14,157,ckyw708pn001z386779fr849h,0,0.8313733552631579,0.1197916666666666,0.0359375,0.0395833333333333
14,157,ckyw723jy00233867gakwo9e7,0,0.97578125,0.0993055555555555,0.0265625,0.0375
14,158,ckyw6zzlj001r3867thf0fuy7,0,0.2111979166666666,0.5965277777777778,0.0265624999999999,0.0458333333333333
14,158,ckyw704kw001v3867kvyjtx6k,0,0.7658854166666667,0.8881944444444444,0.0296875,0.0375
14,158,ckyw708pn001z386779fr849h,0,0.8313459429824561,0.1197916666666666,0.0359375,0.0395833333333333
14,158,ckyw723jy00233867gakwo9e7,0,0.9778645833333334,0.1037037037037037,0.0265625,0.0375
14,159,ckyw6zzlj001r3867thf0fuy7,0,0.2138020833333333,0.5930555555555556,0.0265625,0.0458333333333333
14,159,ckyw704kw001v3867kvyjtx6k,0,0.7638020833333333,0.8868055555555556,0.0296875,0.0375
14,159,ckyw708pn001z386779fr849h,0,0.8313185307017544,0.1197916666666666,0.0359375,0.0395833333333333
14,159,ckyw723jy00233867gakwo9e7,0,0.9799479166666666,0.1081018518518518,0.0265625,0.0375
14,15,ckyw6zzlj001r3867thf0fuy7,0,0.1813616071428571,0.6360119047619047,0.0359375,0.0375
14,15,ckyw704kw001v3867kvyjtx6k,0,0.7346354166666667,0.7175595238095238,0.0296875,0.0375
14,15,ckyw708pn001z386779fr849h,0,0.8283627717391304,0.1253170289855072,0.0359375,0.0395833333333333
14,15,ckyw723jy00233867gakwo9e7,0,0.85078125,0.0208333333333333,0.0265625,0.0375
14,160,ckyw6zzlj001r3867thf0fuy7,0,0.21640625,0.5895833333333333,0.0265625,0.0458333333333333
14,160,ckyw704kw001v3867kvyjtx6k,0,0.76171875,0.8854166666666666,0.0296875,0.0375
14,160,ckyw708pn001z386779fr849h,0,0.8312911184210525,0.1197916666666666,0.0359375,0.0395833333333333
14,160,ckyw723jy00233867gakwo9e7,0,0.98203125,0.1125,0.0265625,0.0375
14,161,ckyw6zzlj001r3867thf0fuy7,0,0.21953125,0.5909722222222222,0.0265625,0.0458333333333333
14,161,ckyw704kw001v3867kvyjtx6k,0,0.7606770833333333,0.8819444444444444,0.0296875,0.0375
14,161,ckyw708pn001z386779fr849h,0,0.8312637061403508,0.1197916666666666,0.0359375,0.0395833333333333
14,161,ckyw723jy00233867gakwo9e7,0,0.9778645833333334,0.1145833333333333,0.0265625,0.0375
14,162,ckyw6zzlj001r3867thf0fuy7,0,0.22265625,0.5923611111111111,0.0265625,0.0458333333333333
14,162,ckyw704kw001v3867kvyjtx6k,0,0.7596354166666667,0.8784722222222222,0.0296875,0.0375
14,162,ckyw708pn001z386779fr849h,0,0.8312362938596491,0.1197916666666666,0.0359375,0.0395833333333333
14,162,ckyw723jy00233867gakwo9e7,0,0.9736979166666666,0.1166666666666666,0.0265625,0.0375
14,163,ckyw6zzlj001r3867thf0fuy7,0,0.22578125,0.59375,0.0265625,0.0458333333333333
14,163,ckyw704kw001v3867kvyjtx6k,0,0.75859375,0.875,0.0296875,0.0375
14,163,ckyw708pn001z386779fr849h,0,0.8312088815789475,0.1197916666666666,0.0359375,0.0395833333333333
14,163,ckyw723jy00233867gakwo9e7,0,0.96953125,0.11875,0.0265625,0.0375
14,164,ckyw6zzlj001r3867thf0fuy7,0,0.2298253676470588,0.5939950980392157,0.0265625,0.0458333333333333
14,164,ckyw704kw001v3867kvyjtx6k,0,0.7580422794117647,0.8715686274509804,0.0296875,0.0375
14,164,ckyw708pn001z386779fr849h,0,0.8311814692982455,0.1197916666666666,0.0359375,0.0395833333333333
14,164,ckyw723jy00233867gakwo9e7,0,0.9676930147058824,0.1225490196078431,0.0265625,0.0375
14,165,ckyw6zzlj001r3867thf0fuy7,0,0.2338694852941176,0.5942401960784314,0.0265625,0.0458333333333333
14,165,ckyw704kw001v3867kvyjtx6k,0,0.7574908088235295,0.8681372549019607,0.0296875,0.0375
14,165,ckyw708pn001z386779fr849h,0,0.8311540570175439,0.1197916666666666,0.0359375,0.0395833333333333
14,165,ckyw723jy00233867gakwo9e7,0,0.9658547794117648,0.1263480392156862,0.0265625,0.0374999999999999
14,166,ckyw6zzlj001r3867thf0fuy7,0,0.2379136029411764,0.5944852941176471,0.0265625,0.0458333333333333
14,166,ckyw704kw001v3867kvyjtx6k,0,0.7569393382352941,0.8647058823529412,0.0296875,0.0375
14,166,ckyw708pn001z386779fr849h,0,0.8311266447368422,0.1197916666666666,0.0359375,0.0395833333333333
14,166,ckyw723jy00233867gakwo9e7,0,0.9640165441176471,0.1301470588235294,0.0265625,0.0375
14,167,ckyw6zzlj001r3867thf0fuy7,0,0.2419577205882352,0.5947303921568629,0.0265625,0.0458333333333333
14,167,ckyw704kw001v3867kvyjtx6k,0,0.7563878676470588,0.8612745098039216,0.0296875,0.0375
14,167,ckyw708pn001z386779fr849h,0,0.8310992324561404,0.1197916666666666,0.0359375,0.0395833333333333
14,167,ckyw723jy00233867gakwo9e7,0,0.9621783088235294,0.1339460784313725,0.0265625,0.0375
14,168,ckyw6zzlj001r3867thf0fuy7,0,0.2460018382352941,0.5949754901960784,0.0265625,0.0458333333333333
14,168,ckyw704kw001v3867kvyjtx6k,0,0.7558363970588236,0.8578431372549019,0.0296875,0.0375
14,168,ckyw708pn001z386779fr849h,0,0.8310718201754386,0.1197916666666666,0.0359375,0.0395833333333333
14,168,ckyw723jy00233867gakwo9e7,0,0.9603400735294118,0.1377450980392157,0.0265625,0.0375
14,169,ckyw6zzlj001r3867thf0fuy7,0,0.2500459558823529,0.5952205882352941,0.0265625,0.0458333333333333
14,169,ckyw704kw001v3867kvyjtx6k,0,0.7552849264705882,0.8544117647058823,0.0296875,0.0375
14,169,ckyw708pn001z386779fr849h,0,0.8310444078947368,0.1197916666666666,0.0359375,0.0395833333333333
14,169,ckyw723jy00233867gakwo9e7,0,0.9585018382352942,0.1415441176470588,0.0265625,0.0375
14,16,ckyw6zzlj001r3867thf0fuy7,0,0.1842633928571428,0.6327380952380952,0.0359374999999999,0.0375
14,16,ckyw704kw001v3867kvyjtx6k,0,0.73515625,0.7142857142857142,0.0296875,0.0375
14,16,ckyw708pn001z386779fr849h,0,0.8284307065217391,0.1254076086956521,0.0359375,0.0395833333333333
14,16,ckyw723jy00233867gakwo9e7,0,0.85546875,0.0208333333333333,0.0265625,0.0375
14,170,ckyw6zzlj001r3867thf0fuy7,0,0.2540900735294117,0.5954656862745098,0.0265625,0.0458333333333333
14,170,ckyw704kw001v3867kvyjtx6k,0,0.7547334558823529,0.8509803921568628,0.0296875,0.0375
14,170,ckyw708pn001z386779fr849h,0,0.8310169956140351,0.1197916666666666,0.0359375,0.0395833333333333
14,170,ckyw723jy00233867gakwo9e7,0,0.9566636029411764,0.1453431372549019,0.0265625,0.0375
14,171,ckyw6zzlj001r3867thf0fuy7,0,0.2581341911764706,0.5957107843137255,0.0265625,0.0458333333333333
14,171,ckyw704kw001v3867kvyjtx6k,0,0.7541819852941176,0.8475490196078431,0.0296875,0.0375
14,171,ckyw708pn001z386779fr849h,0,0.8309895833333334,0.1197916666666666,0.0359375,0.0395833333333333
14,171,ckyw723jy00233867gakwo9e7,0,0.9548253676470588,0.1491421568627451,0.0265625,0.0375
14,172,ckyw6zzlj001r3867thf0fuy7,0,0.2621783088235294,0.5959558823529412,0.0265625,0.0458333333333333
14,172,ckyw704kw001v3867kvyjtx6k,0,0.7536305147058824,0.8441176470588235,0.0296875,0.0375
14,172,ckyw708pn001z386779fr849h,0,0.8309621710526315,0.1197916666666666,0.0359375,0.0395833333333333
14,172,ckyw723jy00233867gakwo9e7,0,0.9529871323529412,0.1529411764705882,0.0265625,0.0375
14,173,ckyw6zzlj001r3867thf0fuy7,0,0.2662224264705882,0.5962009803921569,0.0265625,0.0458333333333333
14,173,ckyw704kw001v3867kvyjtx6k,0,0.7530790441176471,0.8406862745098038,0.0296875,0.0375
14,173,ckyw708pn001z386779fr849h,0,0.8309347587719298,0.1197916666666666,0.0359375,0.0395833333333333
14,173,ckyw723jy00233867gakwo9e7,0,0.9511488970588236,0.1567401960784313,0.0265625,0.0375
14,174,ckyw6zzlj001r3867thf0fuy7,0,0.270266544117647,0.5964460784313725,0.0265625,0.0458333333333333
14,174,ckyw704kw001v3867kvyjtx6k,0,0.7525275735294118,0.8372549019607843,0.0296875,0.0375
14,174,ckyw708pn001z386779fr849h,0,0.8309073464912281,0.1197916666666666,0.0359375,0.0395833333333333
14,174,ckyw723jy00233867gakwo9e7,0,0.9493106617647058,0.1605392156862745,0.0265625,0.0375
14,175,ckyw6zzlj001r3867thf0fuy7,0,0.2743106617647058,0.5966911764705883,0.0265625,0.0458333333333333
14,175,ckyw704kw001v3867kvyjtx6k,0,0.7519761029411764,0.8338235294117647,0.0296875,0.0375
14,175,ckyw708pn001z386779fr849h,0,0.8308799342105264,0.1197916666666666,0.0359375,0.0395833333333333
14,175,ckyw723jy00233867gakwo9e7,0,0.9474724264705884,0.1643382352941176,0.0265625,0.0375
14,176,ckyw6zzlj001r3867thf0fuy7,0,0.2783547794117647,0.5969362745098039,0.0265625,0.0458333333333333
14,176,ckyw704kw001v3867kvyjtx6k,0,0.7514246323529412,0.830392156862745,0.0296875,0.0375
14,176,ckyw708pn001z386779fr849h,0,0.8308525219298245,0.1197916666666666,0.0359375,0.0395833333333333
14,176,ckyw723jy00233867gakwo9e7,0,0.9456341911764706,0.1681372549019607,0.0265625,0.0375
14,177,ckyw6zzlj001r3867thf0fuy7,0,0.2823988970588235,0.5971813725490196,0.0265625,0.0458333333333333
14,177,ckyw704kw001v3867kvyjtx6k,0,0.7508731617647059,0.8269607843137254,0.0296875,0.0375
14,177,ckyw708pn001z386779fr849h,0,0.8308251096491228,0.1197916666666666,0.0359375,0.0395833333333333
14,177,ckyw723jy00233867gakwo9e7,0,0.9437959558823528,0.1719362745098039,0.0265625,0.0375
14,178,ckyw6zzlj001r3867thf0fuy7,0,0.2864430147058823,0.5974264705882353,0.0265625,0.0458333333333333
14,178,ckyw704kw001v3867kvyjtx6k,0,0.7503216911764705,0.823529411764706,0.0296875,0.0375
14,178,ckyw708pn001z386779fr849h,0,0.830797697368421,0.1197916666666666,0.0359375,0.0395833333333333
14,178,ckyw723jy00233867gakwo9e7,0,0.9419577205882352,0.175735294117647,0.0265625,0.0375
14,179,ckyw6zzlj001r3867thf0fuy7,0,0.2904871323529411,0.597671568627451,0.0265625,0.0458333333333333
14,179,ckyw704kw001v3867kvyjtx6k,0,0.7497702205882353,0.8200980392156862,0.0296875,0.0375
14,179,ckyw708pn001z386779fr849h,0,0.8307702850877193,0.1197916666666666,0.0359375,0.0395833333333333
14,179,ckyw723jy00233867gakwo9e7,0,0.9401194852941176,0.1795343137254902,0.0265625,0.0375
14,17,ckyw6zzlj001r3867thf0fuy7,0,0.1871651785714285,0.6294642857142858,0.0359374999999999,0.0375
14,17,ckyw704kw001v3867kvyjtx6k,0,0.7356770833333333,0.7110119047619048,0.0296875,0.0375
14,17,ckyw708pn001z386779fr849h,0,0.8284986413043478,0.1254981884057971,0.0359375,0.0395833333333333
14,17,ckyw723jy00233867gakwo9e7,0,0.86015625,0.0208333333333333,0.0265625,0.0375
14,180,ckyw6zzlj001r3867thf0fuy7,0,0.29453125,0.5979166666666667,0.0265625,0.0458333333333333
14,180,ckyw704kw001v3867kvyjtx6k,0,0.74921875,0.8166666666666667,0.0296875,0.0375
14,180,ckyw708pn001z386779fr849h,0,0.8307428728070174,0.1197916666666666,0.0359375,0.0395833333333333
14,180,ckyw723jy00233867gakwo9e7,0,0.93828125,0.1833333333333333,0.0265625,0.0375
14,181,ckyw6zzlj001r3867thf0fuy7,0,0.2970312499999999,0.6020833333333333,0.0265625,0.0458333333333333
14,181,ckyw704kw001v3867kvyjtx6k,0,0.75046875,0.8139583333333333,0.0296875,0.0375
14,181,ckyw708pn001z386779fr849h,0,0.8307154605263157,0.1197916666666666,0.0359375,0.0395833333333333
14,181,ckyw723jy00233867gakwo9e7,0,0.9384375,0.1877083333333333,0.0265625,0.0375
14,182,ckyw6zzlj001r3867thf0fuy7,0,0.2995312499999999,0.60625,0.0265625,0.0458333333333333
14,182,ckyw704kw001v3867kvyjtx6k,0,0.75171875,0.8112499999999999,0.0296875,0.0375
14,182,ckyw708pn001z386779fr849h,0,0.830688048245614,0.1197916666666666,0.0359375,0.0395833333333333
14,182,ckyw723jy00233867gakwo9e7,0,0.93859375,0.1920833333333333,0.0265625,0.0375
14,183,ckyw6zzlj001r3867thf0fuy7,0,0.30203125,0.6104166666666667,0.0265625,0.0458333333333333
14,183,ckyw704kw001v3867kvyjtx6k,0,0.75296875,0.8085416666666667,0.0296875,0.0375
14,183,ckyw708pn001z386779fr849h,0,0.8306606359649124,0.1197916666666666,0.0359375,0.0395833333333333
14,183,ckyw723jy00233867gakwo9e7,0,0.93875,0.1964583333333333,0.0265625,0.0375
14,184,ckyw6zzlj001r3867thf0fuy7,0,0.30453125,0.6145833333333334,0.0265625,0.0458333333333333
14,184,ckyw704kw001v3867kvyjtx6k,0,0.7542187499999999,0.8058333333333334,0.0296875,0.0375
14,184,ckyw708pn001z386779fr849h,0,0.8306332236842104,0.1197916666666666,0.0359375,0.0395833333333333
14,184,ckyw723jy00233867gakwo9e7,0,0.93890625,0.2008333333333333,0.0265625,0.0375
14,185,ckyw6zzlj001r3867thf0fuy7,0,0.30703125,0.61875,0.0265625,0.0458333333333333
14,185,ckyw704kw001v3867kvyjtx6k,0,0.75546875,0.803125,0.0296875,0.0375
14,185,ckyw708pn001z386779fr849h,0,0.8306058114035088,0.1197916666666666,0.0359375,0.0395833333333333
14,185,ckyw723jy00233867gakwo9e7,0,0.9390625,0.2052083333333333,0.0265625,0.0375
14,186,ckyw6zzlj001r3867thf0fuy7,0,0.30953125,0.6229166666666667,0.0265625,0.0458333333333333
14,186,ckyw704kw001v3867kvyjtx6k,0,0.75671875,0.8004166666666667,0.0296875,0.0375
14,186,ckyw708pn001z386779fr849h,0,0.8305783991228071,0.1197916666666666,0.0359375,0.0395833333333333
14,186,ckyw723jy00233867gakwo9e7,0,0.93921875,0.2095833333333333,0.0265625,0.0375
14,187,ckyw6zzlj001r3867thf0fuy7,0,0.31203125,0.6270833333333333,0.0265625,0.0458333333333333
14,187,ckyw704kw001v3867kvyjtx6k,0,0.7579687500000001,0.7977083333333332,0.0296875,0.0375
14,187,ckyw708pn001z386779fr849h,0,0.8305509868421053,0.1197916666666666,0.0359375,0.0395833333333333
14,187,ckyw723jy00233867gakwo9e7,0,0.939375,0.2139583333333333,0.0265625,0.0375
14,188,ckyw6zzlj001r3867thf0fuy7,0,0.31453125,0.63125,0.0265625,0.0458333333333333
14,188,ckyw704kw001v3867kvyjtx6k,0,0.7592187499999999,0.795,0.0296875,0.0375
14,188,ckyw708pn001z386779fr849h,0,0.8305235745614035,0.1197916666666666,0.0359375,0.0395833333333333
14,188,ckyw723jy00233867gakwo9e7,0,0.93953125,0.2183333333333333,0.0265625,0.0375
14,189,ckyw6zzlj001r3867thf0fuy7,0,0.31703125,0.6354166666666666,0.0265625,0.0458333333333333
14,189,ckyw704kw001v3867kvyjtx6k,0,0.76046875,0.7922916666666667,0.0296875,0.0375
14,189,ckyw708pn001z386779fr849h,0,0.8304961622807017,0.1197916666666666,0.0359375,0.0395833333333333
14,189,ckyw723jy00233867gakwo9e7,0,0.9396875,0.2227083333333333,0.0265625,0.0375
14,18,ckyw6zzlj001r3867thf0fuy7,0,0.1900669642857143,0.6261904761904762,0.0359375,0.0375
14,18,ckyw704kw001v3867kvyjtx6k,0,0.7361979166666667,0.7077380952380953,0.0296875,0.0375
14,18,ckyw708pn001z386779fr849h,0,0.8285665760869565,0.125588768115942,0.0359375,0.0395833333333333
14,18,ckyw723jy00233867gakwo9e7,0,0.86484375,0.0208333333333333,0.0265625,0.0375
14,190,ckyw6zzlj001r3867thf0fuy7,0,0.31953125,0.6395833333333333,0.0265625,0.0458333333333333
14,190,ckyw704kw001v3867kvyjtx6k,0,0.76171875,0.7895833333333333,0.0296875,0.0375
14,190,ckyw708pn001z386779fr849h,0,0.83046875,0.1197916666666666,0.0359375,0.0395833333333333
14,190,ckyw723jy00233867gakwo9e7,0,0.93984375,0.2270833333333333,0.0265625,0.0375
14,191,ckyw6zzlj001r3867thf0fuy7,0,0.3221354166666667,0.6430555555555556,0.0265625,0.0458333333333333
14,191,ckyw704kw001v3867kvyjtx6k,0,0.762890625,0.7875,0.0296875,0.0375
14,191,ckyw708pn001z386779fr849h,0,0.83046875,0.1199459876543209,0.0359375,0.0395833333333333
14,191,ckyw723jy00233867gakwo9e7,0,0.939453125,0.2317708333333333,0.0265625,0.0375
14,192,ckyw6zzlj001r3867thf0fuy7,0,0.3247395833333333,0.6465277777777777,0.0265625,0.0458333333333333
14,192,ckyw704kw001v3867kvyjtx6k,0,0.7640625,0.7854166666666667,0.0296875,0.0375
14,192,ckyw708pn001z386779fr849h,0,0.83046875,0.1201003086419753,0.0359375,0.0395833333333333
14,192,ckyw723jy00233867gakwo9e7,0,0.9390625,0.2364583333333333,0.0265625,0.0375
14,193,ckyw6zzlj001r3867thf0fuy7,0,0.32734375,0.65,0.0265625,0.0458333333333333
14,193,ckyw704kw001v3867kvyjtx6k,0,0.765234375,0.7833333333333333,0.0296875,0.0375
14,193,ckyw708pn001z386779fr849h,0,0.83046875,0.1202546296296296,0.0359375,0.0395833333333333
14,193,ckyw723jy00233867gakwo9e7,0,0.938671875,0.2411458333333333,0.0265625,0.0375
14,194,ckyw6zzlj001r3867thf0fuy7,0,0.3278645833333333,0.6543981481481481,0.0265625,0.0458333333333333
14,194,ckyw704kw001v3867kvyjtx6k,0,0.76640625,0.78125,0.0296875,0.0375
14,194,ckyw708pn001z386779fr849h,0,0.83046875,0.1204089506172839,0.0359375,0.0395833333333333
14,194,ckyw723jy00233867gakwo9e7,0,0.93828125,0.2458333333333333,0.0265625,0.0375
14,195,ckyw6zzlj001r3867thf0fuy7,0,0.3283854166666666,0.6587962962962963,0.0265625,0.0458333333333333
14,195,ckyw704kw001v3867kvyjtx6k,0,0.7693359375,0.78046875,0.0296875,0.0375
14,195,ckyw708pn001z386779fr849h,0,0.83046875,0.1205632716049382,0.0359375,0.0395833333333333
14,195,ckyw723jy00233867gakwo9e7,0,0.9412109375,0.2494791666666666,0.0265625,0.0375
14,196,ckyw6zzlj001r3867thf0fuy7,0,0.32890625,0.6631944444444444,0.0265625,0.0458333333333333
14,196,ckyw704kw001v3867kvyjtx6k,0,0.772265625,0.7796875,0.0296875,0.0375
14,196,ckyw708pn001z386779fr849h,0,0.83046875,0.1207175925925925,0.0359375,0.0395833333333333
14,196,ckyw723jy00233867gakwo9e7,0,0.944140625,0.253125,0.0265625,0.0375
14,197,ckyw6zzlj001r3867thf0fuy7,0,0.3294270833333333,0.6675925925925926,0.0265625,0.0458333333333333
14,197,ckyw704kw001v3867kvyjtx6k,0,0.7751953125,0.77890625,0.0296875,0.0375
14,197,ckyw708pn001z386779fr849h,0,0.83046875,0.1208719135802469,0.0359375,0.0395833333333333
14,197,ckyw723jy00233867gakwo9e7,0,0.9470703125,0.2567708333333333,0.0265625,0.0375
14,198,ckyw6zzlj001r3867thf0fuy7,0,0.3299479166666667,0.6719907407407407,0.0265625,0.0458333333333333
14,198,ckyw704kw001v3867kvyjtx6k,0,0.778125,0.778125,0.0296875,0.0375
14,198,ckyw708pn001z386779fr849h,0,0.83046875,0.1210262345679012,0.0359375,0.0395833333333333
14,198,ckyw723jy00233867gakwo9e7,0,0.95,0.2604166666666667,0.0265625,0.0375
14,199,ckyw6zzlj001r3867thf0fuy7,0,0.33046875,0.6763888888888889,0.0265625,0.0458333333333333
14,199,ckyw704kw001v3867kvyjtx6k,0,0.7810546875,0.77734375,0.0296875,0.0375
14,199,ckyw708pn001z386779fr849h,0,0.83046875,0.1211805555555555,0.0359375,0.0395833333333333
14,199,ckyw723jy00233867gakwo9e7,0,0.9529296875,0.2640625,0.0265625,0.0375
14,19,ckyw6zzlj001r3867thf0fuy7,0,0.19296875,0.6229166666666667,0.0359375,0.0375
14,19,ckyw704kw001v3867kvyjtx6k,0,0.73671875,0.7044642857142858,0.0296875,0.0375
14,19,ckyw708pn001z386779fr849h,0,0.8286345108695652,0.1256793478260869,0.0359375,0.0395833333333333
14,19,ckyw723jy00233867gakwo9e7,0,0.86953125,0.0208333333333333,0.0265625,0.0375
14,1,ckyw6zzlj001r3867thf0fuy7,0,0.20859375,0.8145833333333333,0.0359375,0.0375
14,1,ckyw704kw001v3867kvyjtx6k,0,0.7640625,0.78125,0.0296875,0.0375
14,1,ckyw708pn001z386779fr849h,0,0.8274116847826087,0.1240489130434782,0.0359375,0.0395833333333333
14,200,ckyw6zzlj001r3867thf0fuy7,0,0.3309895833333333,0.680787037037037,0.0265625,0.0458333333333333
14,200,ckyw704kw001v3867kvyjtx6k,0,0.783984375,0.7765625,0.0296875,0.0375
14,200,ckyw708pn001z386779fr849h,0,0.83046875,0.1213348765432098,0.0359375,0.0395833333333333
14,200,ckyw723jy00233867gakwo9e7,0,0.955859375,0.2677083333333333,0.0265625,0.0375
14,201,ckyw6zzlj001r3867thf0fuy7,0,0.3315104166666666,0.6851851851851852,0.0265625,0.0458333333333333
14,201,ckyw704kw001v3867kvyjtx6k,0,0.7869140625,0.77578125,0.0296875,0.0375
14,201,ckyw708pn001z386779fr849h,0,0.83046875,0.1214891975308641,0.0359375,0.0395833333333333
14,201,ckyw723jy00233867gakwo9e7,0,0.9587890625,0.2713541666666667,0.0265625,0.0375
14,202,ckyw6zzlj001r3867thf0fuy7,0,0.33203125,0.6895833333333333,0.0265625,0.0458333333333333
14,202,ckyw704kw001v3867kvyjtx6k,0,0.78984375,0.775,0.0296875,0.0375
14,202,ckyw708pn001z386779fr849h,0,0.83046875,0.1216435185185185,0.0359375,0.0395833333333333
14,202,ckyw723jy00233867gakwo9e7,0,0.96171875,0.275,0.0265625,0.0375
14,203,ckyw6zzlj001r3867thf0fuy7,0,0.3359375,0.6947916666666667,0.0265625,0.0458333333333333
14,203,ckyw704kw001v3867kvyjtx6k,0,0.79296875,0.7802083333333333,0.0296875,0.0375
14,203,ckyw708pn001z386779fr849h,0,0.83046875,0.1217978395061728,0.0359375,0.0395833333333333
14,203,ckyw723jy00233867gakwo9e7,0,0.96171875,0.2822916666666666,0.0265625,0.0375
14,204,ckyw6zzlj001r3867thf0fuy7,0,0.33984375,0.7,0.0265625,0.0458333333333333
14,204,ckyw704kw001v3867kvyjtx6k,0,0.79609375,0.7854166666666667,0.0296875,0.0375
14,204,ckyw708pn001z386779fr849h,0,0.83046875,0.1219521604938271,0.0359375,0.0395833333333333
14,204,ckyw723jy00233867gakwo9e7,0,0.96171875,0.2895833333333333,0.0265625,0.0375
14,205,ckyw6zzlj001r3867thf0fuy7,0,0.3372395833333333,0.704861111111111,0.0265625,0.0458333333333333
14,205,ckyw704kw001v3867kvyjtx6k,0,0.7986979166666666,0.7864583333333334,0.0296874999999999,0.0375
14,205,ckyw708pn001z386779fr849h,0,0.83046875,0.1221064814814814,0.0359375,0.0395833333333333
14,205,ckyw723jy00233867gakwo9e7,0,0.96484375,0.2885416666666666,0.0265625,0.0375
14,206,ckyw6zzlj001r3867thf0fuy7,0,0.3346354166666666,0.7097222222222223,0.0265625,0.0458333333333333
14,206,ckyw704kw001v3867kvyjtx6k,0,0.8013020833333334,0.7875,0.0296875,0.0375
14,206,ckyw708pn001z386779fr849h,0,0.83046875,0.1222608024691358,0.0359375,0.0395833333333333
14,206,ckyw723jy00233867gakwo9e7,0,0.96796875,0.2875,0.0265625,0.0375
14,207,ckyw6zzlj001r3867thf0fuy7,0,0.33203125,0.7145833333333333,0.0265625,0.0458333333333333
14,207,ckyw704kw001v3867kvyjtx6k,0,0.80390625,0.7885416666666667,0.0296875,0.0375
14,207,ckyw708pn001z386779fr849h,0,0.83046875,0.1224151234567901,0.0359375,0.0395833333333333
14,207,ckyw723jy00233867gakwo9e7,0,0.97109375,0.2864583333333333,0.0265625,0.0375
14,208,ckyw6zzlj001r3867thf0fuy7,0,0.3294270833333333,0.7194444444444444,0.0265625,0.0458333333333333
14,208,ckyw704kw001v3867kvyjtx6k,0,0.8065104166666666,0.7895833333333333,0.0296874999999999,0.0375
14,208,ckyw708pn001z386779fr849h,0,0.83046875,0.1225694444444444,0.0359375,0.0395833333333333
14,208,ckyw723jy00233867gakwo9e7,0,0.97421875,0.2854166666666666,0.0265625,0.0375
14,209,ckyw6zzlj001r3867thf0fuy7,0,0.3268229166666666,0.7243055555555556,0.0265625,0.0458333333333333
14,209,ckyw704kw001v3867kvyjtx6k,0,0.8091145833333334,0.790625,0.0296875,0.0375
14,209,ckyw708pn001z386779fr849h,0,0.83046875,0.1227237654320987,0.0359375,0.0395833333333333
14,209,ckyw723jy00233867gakwo9e7,0,0.96875,0.2916666666666667,0.0265625,0.0375
14,20,ckyw6zzlj001r3867thf0fuy7,0,0.19609375,0.6206018518518519,0.0359375,0.0375
14,20,ckyw704kw001v3867kvyjtx6k,0,0.7372395833333333,0.7011904761904761,0.0296875,0.0375
14,20,ckyw708pn001z386779fr849h,0,0.8287024456521739,0.1257699275362318,0.0359375,0.0395833333333333
14,20,ckyw723jy00233867gakwo9e7,0,0.87265625,0.0221354166666666,0.0265625,0.0375
14,210,ckyw6zzlj001r3867thf0fuy7,0,0.32421875,0.7291666666666666,0.0265625,0.0458333333333333
14,210,ckyw704kw001v3867kvyjtx6k,0,0.81171875,0.7916666666666666,0.0296875,0.0375
14,210,ckyw708pn001z386779fr849h,0,0.83046875,0.122878086419753,0.0359375,0.0395833333333333
14,210,ckyw723jy00233867gakwo9e7,0,0.96328125,0.2979166666666666,0.0265625,0.0375
14,211,ckyw6zzlj001r3867thf0fuy7,0,0.3252604166666666,0.7354166666666667,0.0265625,0.0458333333333333
14,211,ckyw704kw001v3867kvyjtx6k,0,0.81328125,0.7944444444444444,0.0296875,0.0375
14,211,ckyw708pn001z386779fr849h,0,0.83046875,0.1230324074074074,0.0359375,0.0395833333333333
14,211,ckyw723jy00233867gakwo9e7,0,0.9653645833333334,0.3006944444444445,0.0265625,0.0375
14,212,ckyw6zzlj001r3867thf0fuy7,0,0.3263020833333333,0.7416666666666667,0.0265625,0.0458333333333333
14,212,ckyw704kw001v3867kvyjtx6k,0,0.81484375,0.7972222222222223,0.0296875,0.0375
14,212,ckyw708pn001z386779fr849h,0,0.83046875,0.1231867283950617,0.0359375,0.0395833333333333
14,212,ckyw723jy00233867gakwo9e7,0,0.9674479166666666,0.3034722222222222,0.0265625,0.0375
14,213,ckyw6zzlj001r3867thf0fuy7,0,0.32734375,0.7479166666666667,0.0265625,0.0458333333333333
14,213,ckyw704kw001v3867kvyjtx6k,0,0.81640625,0.8,0.0296875,0.0375
14,213,ckyw708pn001z386779fr849h,0,0.83046875,0.123341049382716,0.0359375,0.0395833333333333
14,213,ckyw723jy00233867gakwo9e7,0,0.96953125,0.30625,0.0265625,0.0375
14,214,ckyw6zzlj001r3867thf0fuy7,0,0.325,0.7520833333333333,0.0265625,0.0458333333333333
14,214,ckyw704kw001v3867kvyjtx6k,0,0.818359375,0.803125,0.0296875,0.0375
14,214,ckyw708pn001z386779fr849h,0,0.83046875,0.1234953703703703,0.0359375,0.0395833333333333
14,214,ckyw723jy00233867gakwo9e7,0,0.9703125,0.3125,0.0265625,0.0375
14,215,ckyw6zzlj001r3867thf0fuy7,0,0.32265625,0.75625,0.0265625,0.0458333333333333
14,215,ckyw704kw001v3867kvyjtx6k,0,0.8203125,0.80625,0.0296875,0.0375
14,215,ckyw708pn001z386779fr849h,0,0.83046875,0.1236496913580246,0.0359375,0.0395833333333333
14,215,ckyw723jy00233867gakwo9e7,0,0.97109375,0.31875,0.0265625,0.0375
14,216,ckyw6zzlj001r3867thf0fuy7,0,0.3203125,0.7604166666666666,0.0265625,0.0458333333333333
14,216,ckyw704kw001v3867kvyjtx6k,0,0.822265625,0.809375,0.0296875,0.0375
14,216,ckyw708pn001z386779fr849h,0,0.83046875,0.123804012345679,0.0359375,0.0395833333333333
14,216,ckyw723jy00233867gakwo9e7,0,0.971875,0.325,0.0265625,0.0375
14,217,ckyw6zzlj001r3867thf0fuy7,0,0.31796875,0.7645833333333333,0.0265625,0.0458333333333333
14,217,ckyw704kw001v3867kvyjtx6k,0,0.82421875,0.8125,0.0296875,0.0375
14,217,ckyw708pn001z386779fr849h,0,0.83046875,0.1239583333333333,0.0359375,0.0395833333333333
14,217,ckyw723jy00233867gakwo9e7,0,0.97265625,0.33125,0.0265625,0.0375
14,218,ckyw6zzlj001r3867thf0fuy7,0,0.3154119318181818,0.7670454545454546,0.0265625,0.0458333333333333
14,218,ckyw704kw001v3867kvyjtx6k,0,0.82578125,0.815625,0.0296875,0.0375
14,218,ckyw708pn001z386779fr849h,0,0.8304739410299004,0.1239583333333333,0.0359375,0.0395833333333333
14,218,ckyw723jy00233867gakwo9e7,0,0.9684895833333332,0.3319444444444445,0.0265625,0.0375
14,219,ckyw6zzlj001r3867thf0fuy7,0,0.3128551136363636,0.7695075757575758,0.0265625,0.0458333333333333
14,219,ckyw704kw001v3867kvyjtx6k,0,0.82734375,0.81875,0.0296875,0.0375
14,219,ckyw708pn001z386779fr849h,0,0.8304791320598006,0.1239583333333333,0.0359375,0.0395833333333333
14,219,ckyw723jy00233867gakwo9e7,0,0.9643229166666666,0.3326388888888889,0.0265625,0.0375
14,21,ckyw6zzlj001r3867thf0fuy7,0,0.19921875,0.618287037037037,0.0359375,0.0375
14,21,ckyw704kw001v3867kvyjtx6k,0,0.7377604166666667,0.6979166666666666,0.0296875,0.0375
14,21,ckyw708pn001z386779fr849h,0,0.8287703804347826,0.1258605072463768,0.0359375,0.0395833333333333
14,21,ckyw723jy00233867gakwo9e7,0,0.87578125,0.0234375,0.0265625,0.0375
14,220,ckyw6zzlj001r3867thf0fuy7,0,0.3102982954545454,0.771969696969697,0.0265625,0.0458333333333333
14,220,ckyw704kw001v3867kvyjtx6k,0,0.82890625,0.821875,0.0296875,0.0375
14,220,ckyw708pn001z386779fr849h,0,0.830484323089701,0.1239583333333333,0.0359375,0.0395833333333333
14,220,ckyw723jy00233867gakwo9e7,0,0.96015625,0.3333333333333333,0.0265625,0.0375
14,221,ckyw6zzlj001r3867thf0fuy7,0,0.3077414772727272,0.7744318181818183,0.0265625,0.0458333333333333
14,221,ckyw704kw001v3867kvyjtx6k,0,0.83046875,0.825,0.0296875,0.0375
14,221,ckyw708pn001z386779fr849h,0,0.8304895141196014,0.1239583333333333,0.0359375,0.0395833333333333
14,221,ckyw723jy00233867gakwo9e7,0,0.95765625,0.3363888888888889,0.0265625,0.0375
14,222,ckyw6zzlj001r3867thf0fuy7,0,0.3051846590909091,0.7768939393939395,0.0265625,0.0458333333333333
14,222,ckyw704kw001v3867kvyjtx6k,0,0.83203125,0.828125,0.0296875,0.0375
14,222,ckyw708pn001z386779fr849h,0,0.8304947051495016,0.1239583333333333,0.0359375,0.0395833333333333
14,222,ckyw723jy00233867gakwo9e7,0,0.95515625,0.3394444444444444,0.0265625,0.0375
14,223,ckyw6zzlj001r3867thf0fuy7,0,0.3026278409090909,0.7793560606060606,0.0265625,0.0458333333333333
14,223,ckyw704kw001v3867kvyjtx6k,0,0.83359375,0.83125,0.0296875,0.0375
14,223,ckyw708pn001z386779fr849h,0,0.830499896179402,0.1239583333333333,0.0359375,0.0395833333333333
14,223,ckyw723jy00233867gakwo9e7,0,0.95265625,0.3425,0.0265625,0.0375
14,224,ckyw6zzlj001r3867thf0fuy7,0,0.3000710227272727,0.7818181818181817,0.0265625,0.0458333333333333
14,224,ckyw704kw001v3867kvyjtx6k,0,0.83515625,0.834375,0.0296875,0.0375
14,224,ckyw708pn001z386779fr849h,0,0.8305050872093023,0.1239583333333333,0.0359375,0.0395833333333333
14,224,ckyw723jy00233867gakwo9e7,0,0.95015625,0.3455555555555555,0.0265625,0.0375
14,225,ckyw6zzlj001r3867thf0fuy7,0,0.2975142045454545,0.784280303030303,0.0265625,0.0458333333333333
14,225,ckyw704kw001v3867kvyjtx6k,0,0.83671875,0.8375,0.0296875,0.0375
14,225,ckyw708pn001z386779fr849h,0,0.8305102782392026,0.1239583333333333,0.0359375,0.0395833333333333
14,225,ckyw723jy00233867gakwo9e7,0,0.94765625,0.3486111111111111,0.0265625,0.0375
14,226,ckyw6zzlj001r3867thf0fuy7,0,0.2949573863636364,0.7867424242424242,0.0265625,0.0458333333333333
14,226,ckyw704kw001v3867kvyjtx6k,0,0.8346354166666666,0.8409722222222222,0.0296875,0.0375
14,226,ckyw708pn001z386779fr849h,0,0.830515469269103,0.1239583333333333,0.0359375,0.0395833333333333
14,226,ckyw723jy00233867gakwo9e7,0,0.94515625,0.3516666666666667,0.0265625,0.0375
14,227,ckyw6zzlj001r3867thf0fuy7,0,0.2924005681818181,0.7892045454545454,0.0265625,0.0458333333333333
14,227,ckyw704kw001v3867kvyjtx6k,0,0.8325520833333334,0.8444444444444444,0.0296875,0.0375
14,227,ckyw708pn001z386779fr849h,0,0.8305206602990033,0.1239583333333333,0.0359375,0.0395833333333333
14,227,ckyw723jy00233867gakwo9e7,0,0.94265625,0.3547222222222222,0.0265625,0.0375
14,228,ckyw6zzlj001r3867thf0fuy7,0,0.28984375,0.7916666666666666,0.0265625,0.0458333333333333
14,228,ckyw704kw001v3867kvyjtx6k,0,0.83046875,0.8479166666666667,0.0296875,0.0375
14,228,ckyw708pn001z386779fr849h,0,0.8305258513289037,0.1239583333333333,0.0359375,0.0395833333333333
14,228,ckyw723jy00233867gakwo9e7,0,0.94015625,0.3577777777777777,0.0265625,0.0375
14,229,ckyw6zzlj001r3867thf0fuy7,0,0.2862723214285714,0.793154761904762,0.0265625,0.0458333333333333
14,229,ckyw704kw001v3867kvyjtx6k,0,0.83046875,0.8514880952380952,0.0296875,0.0375
14,229,ckyw708pn001z386779fr849h,0,0.8305310423588039,0.1239583333333333,0.0359375,0.0395833333333333
14,229,ckyw723jy00233867gakwo9e7,0,0.93765625,0.3608333333333333,0.0265625,0.0375
14,22,ckyw6zzlj001r3867thf0fuy7,0,0.20234375,0.6159722222222223,0.0359375,0.0375
14,22,ckyw704kw001v3867kvyjtx6k,0,0.73828125,0.6946428571428572,0.0296875,0.0375
14,22,ckyw708pn001z386779fr849h,0,0.8288383152173913,0.1259510869565217,0.0359375,0.0395833333333333
14,22,ckyw723jy00233867gakwo9e7,0,0.87890625,0.0247395833333333,0.0265625,0.0375
14,230,ckyw6zzlj001r3867thf0fuy7,0,0.2827008928571428,0.7946428571428572,0.0265625,0.0458333333333333
14,230,ckyw704kw001v3867kvyjtx6k,0,0.83046875,0.8550595238095239,0.0296875,0.0375
14,230,ckyw708pn001z386779fr849h,0,0.8305362333887043,0.1239583333333333,0.0359375,0.0395833333333333
14,230,ckyw723jy00233867gakwo9e7,0,0.93515625,0.3638888888888889,0.0265625,0.0375
14,231,ckyw6zzlj001r3867thf0fuy7,0,0.2791294642857143,0.7961309523809524,0.0265625,0.0458333333333333
14,231,ckyw704kw001v3867kvyjtx6k,0,0.83046875,0.8586309523809524,0.0296875,0.0375
14,231,ckyw708pn001z386779fr849h,0,0.8305414244186047,0.1239583333333333,0.0359375,0.0395833333333333
14,231,ckyw723jy00233867gakwo9e7,0,0.93265625,0.3669444444444444,0.0265625,0.0375
14,232,ckyw6zzlj001r3867thf0fuy7,0,0.2755580357142857,0.7976190476190476,0.0265625,0.0458333333333333
14,232,ckyw704kw001v3867kvyjtx6k,0,0.83046875,0.8622023809523809,0.0296875,0.0375
14,232,ckyw708pn001z386779fr849h,0,0.8305466154485049,0.1239583333333333,0.0359375,0.0395833333333333
14,232,ckyw723jy00233867gakwo9e7,0,0.93015625,0.37,0.0265625,0.0375
14,233,ckyw6zzlj001r3867thf0fuy7,0,0.2719866071428571,0.7991071428571428,0.0265625,0.0458333333333333
14,233,ckyw704kw001v3867kvyjtx6k,0,0.83046875,0.8657738095238094,0.0296875,0.0375
14,233,ckyw708pn001z386779fr849h,0,0.8305518064784053,0.1239583333333333,0.0359375,0.0395833333333333
14,233,ckyw723jy00233867gakwo9e7,0,0.92765625,0.3730555555555555,0.0265625,0.0375
14,234,ckyw6zzlj001r3867thf0fuy7,0,0.2684151785714285,0.800595238095238,0.0265625,0.0458333333333333
14,234,ckyw704kw001v3867kvyjtx6k,0,0.83046875,0.8693452380952381,0.0296875,0.0375
14,234,ckyw708pn001z386779fr849h,0,0.8305569975083056,0.1239583333333333,0.0359375,0.0395833333333333
14,234,ckyw723jy00233867gakwo9e7,0,0.92515625,0.3761111111111111,0.0265625,0.0375
14,235,ckyw6zzlj001r3867thf0fuy7,0,0.26484375,0.8020833333333334,0.0265625,0.0458333333333333
14,235,ckyw704kw001v3867kvyjtx6k,0,0.83046875,0.8729166666666667,0.0296875,0.0375
14,235,ckyw708pn001z386779fr849h,0,0.830562188538206,0.1239583333333333,0.0359375,0.0395833333333333
14,235,ckyw723jy00233867gakwo9e7,0,0.92265625,0.3791666666666666,0.0265625,0.0375
14,236,ckyw6zzlj001r3867thf0fuy7,0,0.26125,0.8016666666666666,0.0265625,0.0458333333333333
14,236,ckyw704kw001v3867kvyjtx6k,0,0.8278125,0.8752083333333334,0.0296875,0.0375
14,236,ckyw708pn001z386779fr849h,0,0.8305673795681063,0.1239583333333333,0.0359375,0.0395833333333333
14,236,ckyw723jy00233867gakwo9e7,0,0.91953125,0.3785416666666666,0.0265625,0.0375
14,237,ckyw6zzlj001r3867thf0fuy7,0,0.25765625,0.80125,0.0265625,0.0458333333333333
14,237,ckyw704kw001v3867kvyjtx6k,0,0.82515625,0.8775,0.0296875,0.0375
14,237,ckyw708pn001z386779fr849h,0,0.8305725705980066,0.1239583333333333,0.0359375,0.0395833333333333
14,237,ckyw723jy00233867gakwo9e7,0,0.91640625,0.3779166666666667,0.0265625,0.0375
14,238,ckyw6zzlj001r3867thf0fuy7,0,0.2540624999999999,0.8008333333333333,0.0265625,0.0458333333333333
14,238,ckyw704kw001v3867kvyjtx6k,0,0.8225,0.8797916666666666,0.0296875,0.0375
14,238,ckyw708pn001z386779fr849h,0,0.830577761627907,0.1239583333333333,0.0359375,0.0395833333333333
14,238,ckyw723jy00233867gakwo9e7,0,0.91328125,0.3772916666666666,0.0265625,0.0375
14,239,ckyw6zzlj001r3867thf0fuy7,0,0.25046875,0.8004166666666667,0.0265625,0.0458333333333333
14,239,ckyw704kw001v3867kvyjtx6k,0,0.8198437500000001,0.8820833333333333,0.0296875,0.0375
14,239,ckyw708pn001z386779fr849h,0,0.8305829526578072,0.1239583333333333,0.0359375,0.0395833333333333
14,239,ckyw723jy00233867gakwo9e7,0,0.91015625,0.3766666666666667,0.0265625,0.0375
14,23,ckyw6zzlj001r3867thf0fuy7,0,0.20546875,0.6136574074074074,0.0359375,0.0375
14,23,ckyw704kw001v3867kvyjtx6k,0,0.7388020833333333,0.6913690476190476,0.0296875,0.0375
14,23,ckyw708pn001z386779fr849h,0,0.82890625,0.1260416666666666,0.0359375,0.0395833333333333
14,23,ckyw723jy00233867gakwo9e7,0,0.88203125,0.0260416666666666,0.0265625,0.0375
14,240,ckyw6zzlj001r3867thf0fuy7,0,0.246875,0.8,0.0265625,0.0458333333333333
14,240,ckyw704kw001v3867kvyjtx6k,0,0.8171875,0.884375,0.0296875,0.0375
14,240,ckyw708pn001z386779fr849h,0,0.8305881436877076,0.1239583333333333,0.0359375,0.0395833333333333
14,240,ckyw723jy00233867gakwo9e7,0,0.90703125,0.3760416666666666,0.0265625,0.0375
14,241,ckyw6zzlj001r3867thf0fuy7,0,0.2432812499999999,0.7995833333333333,0.0265625,0.0458333333333333
14,241,ckyw704kw001v3867kvyjtx6k,0,0.8145312499999999,0.8866666666666667,0.0296874999999999,0.0375
14,241,ckyw708pn001z386779fr849h,0,0.830593334717608,0.1239583333333333,0.0359375,0.0395833333333333
14,241,ckyw723jy00233867gakwo9e7,0,0.90390625,0.3754166666666666,0.0265625,0.0375
14,242,ckyw6zzlj001r3867thf0fuy7,0,0.2396875,0.7991666666666667,0.0265625,0.0458333333333333
14,242,ckyw704kw001v3867kvyjtx6k,0,0.811875,0.8889583333333333,0.0296875,0.0375
14,242,ckyw708pn001z386779fr849h,0,0.8305985257475083,0.1239583333333333,0.0359375,0.0395833333333333
14,242,ckyw723jy00233867gakwo9e7,0,0.90078125,0.3747916666666667,0.0265625,0.0375
14,243,ckyw6zzlj001r3867thf0fuy7,0,0.23609375,0.79875,0.0265625,0.0458333333333333
14,243,ckyw704kw001v3867kvyjtx6k,0,0.80921875,0.89125,0.0296875,0.0375
14,243,ckyw708pn001z386779fr849h,0,0.8306037167774086,0.1239583333333333,0.0359375,0.0395833333333333
14,243,ckyw723jy00233867gakwo9e7,0,0.89765625,0.3741666666666666,0.0265625,0.0375
14,244,ckyw6zzlj001r3867thf0fuy7,0,0.2325,0.7983333333333333,0.0265625,0.0458333333333333
14,244,ckyw704kw001v3867kvyjtx6k,0,0.8065625000000001,0.8935416666666666,0.0296875,0.0375
14,244,ckyw708pn001z386779fr849h,0,0.8306089078073089,0.1239583333333333,0.0359375,0.0395833333333333
14,244,ckyw723jy00233867gakwo9e7,0,0.89453125,0.3735416666666667,0.0265625,0.0375
14,245,ckyw6zzlj001r3867thf0fuy7,0,0.22890625,0.7979166666666667,0.0265625,0.0458333333333333
14,245,ckyw704kw001v3867kvyjtx6k,0,0.80390625,0.8958333333333334,0.0296875,0.0375
14,245,ckyw708pn001z386779fr849h,0,0.8306140988372093,0.1239583333333333,0.0359375,0.0395833333333333
14,245,ckyw723jy00233867gakwo9e7,0,0.89140625,0.3729166666666667,0.0265625,0.0375
14,246,ckyw6zzlj001r3867thf0fuy7,0,0.225390625,0.7966145833333333,0.0265625,0.0458333333333333
14,246,ckyw704kw001v3867kvyjtx6k,0,0.8015625,0.89609375,0.0296875,0.0375
14,246,ckyw708pn001z386779fr849h,0,0.8306192898671096,0.1239583333333333,0.0359375,0.0395833333333333
14,246,ckyw723jy00233867gakwo9e7,0,0.8895833333333334,0.3795138888888889,0.0265625,0.0375
14,247,ckyw6zzlj001r3867thf0fuy7,0,0.221875,0.7953125,0.0265625,0.0458333333333333
14,247,ckyw704kw001v3867kvyjtx6k,0,0.79921875,0.8963541666666667,0.0296875,0.0375
14,247,ckyw708pn001z386779fr849h,0,0.8306244808970099,0.1239583333333333,0.0359375,0.0395833333333333
14,247,ckyw723jy00233867gakwo9e7,0,0.8877604166666666,0.3861111111111111,0.0265625,0.0375
14,248,ckyw6zzlj001r3867thf0fuy7,0,0.218359375,0.7940104166666667,0.0265625,0.0458333333333333
14,248,ckyw704kw001v3867kvyjtx6k,0,0.796875,0.8966145833333333,0.0296875,0.0375
14,248,ckyw708pn001z386779fr849h,0,0.8306296719269103,0.1239583333333333,0.0359375,0.0395833333333333
14,248,ckyw723jy00233867gakwo9e7,0,0.8859375,0.3927083333333333,0.0265625,0.0375
14,249,ckyw6zzlj001r3867thf0fuy7,0,0.21484375,0.7927083333333333,0.0265625,0.0458333333333333
14,249,ckyw704kw001v3867kvyjtx6k,0,0.79453125,0.896875,0.0296875,0.0375
14,249,ckyw708pn001z386779fr849h,0,0.8306348629568105,0.1239583333333333,0.0359375,0.0395833333333333
14,249,ckyw723jy00233867gakwo9e7,0,0.8841145833333334,0.3993055555555555,0.0265625,0.0375
14,24,ckyw6zzlj001r3867thf0fuy7,0,0.20859375,0.6113425925925926,0.0359375,0.0375
14,24,ckyw704kw001v3867kvyjtx6k,0,0.7393229166666667,0.6880952380952381,0.0296875,0.0375
14,24,ckyw708pn001z386779fr849h,0,0.8289741847826088,0.1261322463768115,0.0359375,0.0395833333333333
14,24,ckyw723jy00233867gakwo9e7,0,0.88515625,0.02734375,0.0265625,0.0375
14,250,ckyw6zzlj001r3867thf0fuy7,0,0.211328125,0.79140625,0.0265625,0.0458333333333333
14,250,ckyw704kw001v3867kvyjtx6k,0,0.7921875,0.8971354166666666,0.0296875,0.0375
14,250,ckyw708pn001z386779fr849h,0,0.8306400539867109,0.1239583333333333,0.0359375,0.0395833333333333
14,250,ckyw723jy00233867gakwo9e7,0,0.8822916666666666,0.4059027777777778,0.0265625,0.0375
14,251,ckyw6zzlj001r3867thf0fuy7,0,0.2078125,0.7901041666666667,0.0265625,0.0458333333333333
14,251,ckyw704kw001v3867kvyjtx6k,0,0.78984375,0.8973958333333333,0.0296875,0.0375
14,251,ckyw708pn001z386779fr849h,0,0.8306452450166113,0.1239583333333333,0.0359375,0.0395833333333333
14,251,ckyw723jy00233867gakwo9e7,0,0.88046875,0.4125,0.0265625,0.0375
14,252,ckyw6zzlj001r3867thf0fuy7,0,0.204296875,0.7888020833333333,0.0265625,0.0458333333333333
14,252,ckyw704kw001v3867kvyjtx6k,0,0.7875,0.89765625,0.0296875,0.0375
14,252,ckyw708pn001z386779fr849h,0,0.8306504360465116,0.1239583333333333,0.0359375,0.0395833333333333
14,252,ckyw723jy00233867gakwo9e7,0,0.88671875,0.4197916666666667,0.0265625,0.0375
14,253,ckyw6zzlj001r3867thf0fuy7,0,0.20078125,0.7875,0.0265625,0.0458333333333333
14,253,ckyw704kw001v3867kvyjtx6k,0,0.78515625,0.8979166666666667,0.0296875,0.0375
14,253,ckyw708pn001z386779fr849h,0,0.8306556270764119,0.1239583333333333,0.0359375,0.0395833333333333
14,253,ckyw723jy00233867gakwo9e7,0,0.89296875,0.4270833333333333,0.0265625,0.0375
14,254,ckyw6zzlj001r3867thf0fuy7,0,0.19921875,0.7831597222222223,0.0265625,0.0458333333333333
14,254,ckyw704kw001v3867kvyjtx6k,0,0.7830729166666667,0.8963541666666667,0.0296875,0.0375
14,254,ckyw708pn001z386779fr849h,0,0.8306608181063122,0.1239583333333333,0.0359375,0.0395833333333333
14,254,ckyw723jy00233867gakwo9e7,0,0.890625,0.4298611111111111,0.0265625,0.0375
14,255,ckyw6zzlj001r3867thf0fuy7,0,0.19765625,0.7788194444444444,0.0265625,0.0458333333333333
14,255,ckyw704kw001v3867kvyjtx6k,0,0.7809895833333333,0.8947916666666667,0.0296875,0.0375
14,255,ckyw708pn001z386779fr849h,0,0.8306660091362126,0.1239583333333333,0.0359375,0.0395833333333333
14,255,ckyw723jy00233867gakwo9e7,0,0.88828125,0.4326388888888888,0.0265625,0.0375
14,256,ckyw6zzlj001r3867thf0fuy7,0,0.19609375,0.7744791666666667,0.0265625,0.0458333333333333
14,256,ckyw704kw001v3867kvyjtx6k,0,0.77890625,0.8932291666666666,0.0296875,0.0375
14,256,ckyw708pn001z386779fr849h,0,0.830671200166113,0.1239583333333333,0.0359375,0.0395833333333333
14,256,ckyw723jy00233867gakwo9e7,0,0.8859375,0.4354166666666667,0.0265625,0.0375
14,257,ckyw6zzlj001r3867thf0fuy7,0,0.19453125,0.7701388888888889,0.0265625,0.0458333333333333
14,257,ckyw704kw001v3867kvyjtx6k,0,0.7768229166666667,0.8916666666666667,0.0296875,0.0375
14,257,ckyw708pn001z386779fr849h,0,0.8306763911960132,0.1239583333333333,0.0359375,0.0395833333333333
14,257,ckyw723jy00233867gakwo9e7,0,0.88359375,0.4381944444444444,0.0265625,0.0375
14,258,ckyw6zzlj001r3867thf0fuy7,0,0.19296875,0.765798611111111,0.0265625,0.0458333333333333
14,258,ckyw704kw001v3867kvyjtx6k,0,0.7747395833333333,0.8901041666666667,0.0296875,0.0375
14,258,ckyw708pn001z386779fr849h,0,0.8306815822259136,0.1239583333333333,0.0359375,0.0395833333333333
14,258,ckyw723jy00233867gakwo9e7,0,0.88125,0.4409722222222222,0.0265625,0.0375
14,259,ckyw6zzlj001r3867thf0fuy7,0,0.19140625,0.7614583333333333,0.0265625,0.0458333333333333
14,259,ckyw704kw001v3867kvyjtx6k,0,0.77265625,0.8885416666666667,0.0296875,0.0375
14,259,ckyw708pn001z386779fr849h,0,0.8306867732558139,0.1239583333333333,0.0359375,0.0395833333333333
14,259,ckyw723jy00233867gakwo9e7,0,0.87890625,0.44375,0.0265625,0.0375
14,25,ckyw6zzlj001r3867thf0fuy7,0,0.21171875,0.6090277777777777,0.0359375,0.0375
14,25,ckyw704kw001v3867kvyjtx6k,0,0.73984375,0.6848214285714286,0.0296875,0.0375
14,25,ckyw708pn001z386779fr849h,0,0.8290421195652173,0.1262228260869565,0.0359375,0.0395833333333333
14,25,ckyw723jy00233867gakwo9e7,0,0.88828125,0.0286458333333333,0.0265625,0.0375
14,260,ckyw6zzlj001r3867thf0fuy7,0,0.18984375,0.7571180555555556,0.0265625,0.0458333333333333
14,260,ckyw704kw001v3867kvyjtx6k,0,0.7705729166666667,0.8869791666666667,0.0296875,0.0375
14,260,ckyw708pn001z386779fr849h,0,0.8306919642857142,0.1239583333333333,0.0359375,0.0395833333333333
14,260,ckyw723jy00233867gakwo9e7,0,0.8765625,0.4465277777777778,0.0265625,0.0375
14,261,ckyw6zzlj001r3867thf0fuy7,0,0.18828125,0.7527777777777778,0.0265625,0.0458333333333333
14,261,ckyw704kw001v3867kvyjtx6k,0,0.7684895833333333,0.8854166666666666,0.0296875,0.0375
14,261,ckyw708pn001z386779fr849h,0,0.8306971553156146,0.1239583333333333,0.0359375,0.0395833333333333
14,261,ckyw723jy00233867gakwo9e7,0,0.87421875,0.4493055555555555,0.0265625,0.0375
14,262,ckyw6zzlj001r3867thf0fuy7,0,0.18671875,0.7484375,0.0265625,0.0458333333333333
14,262,ckyw704kw001v3867kvyjtx6k,0,0.76640625,0.8838541666666667,0.0296875,0.0375
14,262,ckyw708pn001z386779fr849h,0,0.8307023463455149,0.1239583333333333,0.0359375,0.0395833333333333
14,262,ckyw723jy00233867gakwo9e7,0,0.871875,0.4520833333333333,0.0265625,0.0375
14,263,ckyw6zzlj001r3867thf0fuy7,0,0.18515625,0.7440972222222223,0.0265625,0.0458333333333333
14,263,ckyw704kw001v3867kvyjtx6k,0,0.7643229166666667,0.8822916666666667,0.0296875,0.0375
14,263,ckyw708pn001z386779fr849h,0,0.8307075373754153,0.1239583333333333,0.0359375,0.0395833333333333
14,263,ckyw723jy00233867gakwo9e7,0,0.86953125,0.4548611111111111,0.0265625,0.0375
14,264,ckyw6zzlj001r3867thf0fuy7,0,0.18359375,0.7397569444444444,0.0265625,0.0458333333333333
14,264,ckyw704kw001v3867kvyjtx6k,0,0.7622395833333333,0.8807291666666667,0.0296875,0.0375
14,264,ckyw708pn001z386779fr849h,0,0.8307127284053155,0.1239583333333333,0.0359375,0.0395833333333333
14,264,ckyw723jy00233867gakwo9e7,0,0.8671875,0.4576388888888889,0.0265625,0.0375
14,265,ckyw6zzlj001r3867thf0fuy7,0,0.18203125,0.7354166666666667,0.0265625,0.0458333333333333
14,265,ckyw704kw001v3867kvyjtx6k,0,0.76015625,0.8791666666666667,0.0296875,0.0375
14,265,ckyw708pn001z386779fr849h,0,0.8307179194352159,0.1239583333333333,0.0359375,0.0395833333333333
14,265,ckyw723jy00233867gakwo9e7,0,0.86484375,0.4604166666666666,0.0265625,0.0375
14,266,ckyw6zzlj001r3867thf0fuy7,0,0.17953125,0.7322916666666667,0.0265625,0.0458333333333333
14,266,ckyw704kw001v3867kvyjtx6k,0,0.7584375,0.8772916666666667,0.0296875,0.0375
14,266,ckyw708pn001z386779fr849h,0,0.8307231104651163,0.1239583333333333,0.0359375,0.0395833333333333
14,266,ckyw723jy00233867gakwo9e7,0,0.8615625,0.4616666666666666,0.0265625,0.0375
14,267,ckyw6zzlj001r3867thf0fuy7,0,0.17703125,0.7291666666666666,0.0265625,0.0458333333333333
14,267,ckyw704kw001v3867kvyjtx6k,0,0.75671875,0.8754166666666666,0.0296875,0.0375
14,267,ckyw708pn001z386779fr849h,0,0.8307283014950165,0.1239583333333333,0.0359375,0.0395833333333333
14,267,ckyw723jy00233867gakwo9e7,0,0.8582812499999999,0.4629166666666666,0.0265625,0.0375
14,268,ckyw6zzlj001r3867thf0fuy7,0,0.17453125,0.7260416666666667,0.0265625,0.0458333333333333
14,268,ckyw704kw001v3867kvyjtx6k,0,0.755,0.8735416666666667,0.0296875,0.0375
14,268,ckyw708pn001z386779fr849h,0,0.8307334925249169,0.1239583333333333,0.0359375,0.0395833333333333
14,268,ckyw723jy00233867gakwo9e7,0,0.8550000000000001,0.4641666666666666,0.0265625,0.0375
14,269,ckyw6zzlj001r3867thf0fuy7,0,0.17203125,0.7229166666666667,0.0265625,0.0458333333333333
14,269,ckyw704kw001v3867kvyjtx6k,0,0.75328125,0.8716666666666666,0.0296875,0.0375
14,269,ckyw708pn001z386779fr849h,0,0.8307386835548172,0.1239583333333333,0.0359375,0.0395833333333333
14,269,ckyw723jy00233867gakwo9e7,0,0.8517187500000001,0.4654166666666667,0.0265625,0.0375
14,26,ckyw6zzlj001r3867thf0fuy7,0,0.21484375,0.606712962962963,0.0359375,0.0375
14,26,ckyw704kw001v3867kvyjtx6k,0,0.7403645833333333,0.6815476190476191,0.0296875,0.0375
14,26,ckyw708pn001z386779fr849h,0,0.8291100543478261,0.1263134057971014,0.0359375,0.0395833333333333
14,26,ckyw723jy00233867gakwo9e7,0,0.89140625,0.0299479166666666,0.0265625,0.0375
14,270,ckyw6zzlj001r3867thf0fuy7,0,0.16953125,0.7197916666666667,0.0265625,0.0458333333333333
14,270,ckyw704kw001v3867kvyjtx6k,0,0.7515625,0.8697916666666666,0.0296875,0.0375
14,270,ckyw708pn001z386779fr849h,0,0.8307438745847175,0.1239583333333333,0.0359375,0.0395833333333333
14,270,ckyw723jy00233867gakwo9e7,0,0.8484375,0.4666666666666667,0.0265625,0.0375
14,271,ckyw6zzlj001r3867thf0fuy7,0,0.16703125,0.7166666666666667,0.0265625,0.0458333333333333
14,271,ckyw704kw001v3867kvyjtx6k,0,0.7498437499999999,0.8679166666666667,0.0296875,0.0375
14,271,ckyw708pn001z386779fr849h,0,0.8307490656146179,0.1239583333333333,0.0359375,0.0395833333333333
14,271,ckyw723jy00233867gakwo9e7,0,0.8451562499999999,0.4679166666666666,0.0265625,0.0375
14,272,ckyw6zzlj001r3867thf0fuy7,0,0.16453125,0.7135416666666666,0.0265625,0.0458333333333333
14,272,ckyw704kw001v3867kvyjtx6k,0,0.748125,0.8660416666666666,0.0296875,0.0375
14,272,ckyw708pn001z386779fr849h,0,0.8307542566445182,0.1239583333333333,0.0359375,0.0395833333333333
14,272,ckyw723jy00233867gakwo9e7,0,0.8418749999999999,0.4691666666666666,0.0265625,0.0375
14,273,ckyw6zzlj001r3867thf0fuy7,0,0.16203125,0.7104166666666667,0.0265625,0.0458333333333333
14,273,ckyw704kw001v3867kvyjtx6k,0,0.7464062499999999,0.8641666666666666,0.0296875,0.0375
14,273,ckyw708pn001z386779fr849h,0,0.8307594476744186,0.1239583333333333,0.0359375,0.0395833333333333
14,273,ckyw723jy00233867gakwo9e7,0,0.83859375,0.4704166666666667,0.0265625,0.0375
14,274,ckyw6zzlj001r3867thf0fuy7,0,0.1595312499999999,0.7072916666666667,0.0265625,0.0458333333333333
14,274,ckyw704kw001v3867kvyjtx6k,0,0.7446875000000001,0.8622916666666666,0.0296875,0.0375
14,274,ckyw708pn001z386779fr849h,0,0.8307646387043188,0.1239583333333333,0.0359375,0.0395833333333333
14,274,ckyw723jy00233867gakwo9e7,0,0.8353125,0.4716666666666667,0.0265625,0.0375
14,275,ckyw6zzlj001r3867thf0fuy7,0,0.15703125,0.7041666666666667,0.0265625,0.0458333333333333
14,275,ckyw704kw001v3867kvyjtx6k,0,0.74296875,0.8604166666666667,0.0296875,0.0375
14,275,ckyw708pn001z386779fr849h,0,0.8307698297342192,0.1239583333333333,0.0359375,0.0395833333333333
14,275,ckyw723jy00233867gakwo9e7,0,0.83203125,0.4729166666666666,0.0265625,0.0375
14,276,ckyw6zzlj001r3867thf0fuy7,0,0.1571732954545454,0.6988636363636364,0.0265625,0.0458333333333333
14,276,ckyw704kw001v3867kvyjtx6k,0,0.7432528409090909,0.8564393939393938,0.0296875,0.0375
14,276,ckyw708pn001z386779fr849h,0,0.8307750207641196,0.1239583333333333,0.0359375,0.0395833333333333
14,276,ckyw723jy00233867gakwo9e7,0,0.8293323863636364,0.4700757575757575,0.0265625,0.0375
14,277,ckyw6zzlj001r3867thf0fuy7,0,0.1573153409090909,0.6935606060606061,0.0265625,0.0458333333333333
14,277,ckyw704kw001v3867kvyjtx6k,0,0.7435369318181818,0.8524621212121212,0.0296875,0.0375
14,277,ckyw708pn001z386779fr849h,0,0.8307802117940198,0.1239583333333333,0.0359375,0.0395833333333333
14,277,ckyw723jy00233867gakwo9e7,0,0.8266335227272726,0.4672348484848485,0.0265625,0.0375
14,278,ckyw6zzlj001r3867thf0fuy7,0,0.1574573863636363,0.6882575757575757,0.0265625,0.0458333333333333
14,278,ckyw704kw001v3867kvyjtx6k,0,0.7438210227272728,0.8484848484848484,0.0296875,0.0375
14,278,ckyw708pn001z386779fr849h,0,0.8307854028239202,0.1239583333333333,0.0359375,0.0395833333333333
14,278,ckyw723jy00233867gakwo9e7,0,0.8239346590909091,0.4643939393939394,0.0265625,0.0375
14,279,ckyw6zzlj001r3867thf0fuy7,0,0.1575994318181818,0.6829545454545455,0.0265625,0.0458333333333333
14,279,ckyw704kw001v3867kvyjtx6k,0,0.7441051136363637,0.8445075757575757,0.0296875,0.0375
14,279,ckyw708pn001z386779fr849h,0,0.8307905938538205,0.1239583333333333,0.0359375,0.0395833333333333
14,279,ckyw723jy00233867gakwo9e7,0,0.8212357954545455,0.4615530303030303,0.0265625,0.0375
14,27,ckyw6zzlj001r3867thf0fuy7,0,0.21796875,0.6043981481481481,0.0359375,0.0375
14,27,ckyw704kw001v3867kvyjtx6k,0,0.7408854166666667,0.6782738095238094,0.0296875,0.0375
14,27,ckyw708pn001z386779fr849h,0,0.8291779891304347,0.1264039855072463,0.0359375,0.0395833333333333
14,27,ckyw723jy00233867gakwo9e7,0,0.89453125,0.03125,0.0265625,0.0375
14,280,ckyw6zzlj001r3867thf0fuy7,0,0.1577414772727272,0.6776515151515151,0.0265625,0.0458333333333333
14,280,ckyw704kw001v3867kvyjtx6k,0,0.7443892045454545,0.840530303030303,0.0296875,0.0375
14,280,ckyw708pn001z386779fr849h,0,0.8307957848837209,0.1239583333333333,0.0359375,0.0395833333333333
14,280,ckyw723jy00233867gakwo9e7,0,0.8185369318181819,0.4587121212121212,0.0265625,0.0375
14,281,ckyw6zzlj001r3867thf0fuy7,0,0.1578835227272727,0.6723484848484849,0.0265625,0.0458333333333333
14,281,ckyw704kw001v3867kvyjtx6k,0,0.7446732954545454,0.8365530303030303,0.0296875,0.0375
14,281,ckyw708pn001z386779fr849h,0,0.8308009759136212,0.1239583333333333,0.0359375,0.0395833333333333
14,281,ckyw723jy00233867gakwo9e7,0,0.8158380681818181,0.4558712121212121,0.0265625,0.0375
14,282,ckyw6zzlj001r3867thf0fuy7,0,0.1580255681818181,0.6670454545454546,0.0265625,0.0458333333333333
14,282,ckyw704kw001v3867kvyjtx6k,0,0.7449573863636363,0.8325757575757575,0.0296875,0.0375
14,282,ckyw708pn001z386779fr849h,0,0.8308061669435215,0.1239583333333333,0.0359375,0.0395833333333333
14,282,ckyw723jy00233867gakwo9e7,0,0.8131392045454545,0.453030303030303,0.0265624999999999,0.0375
14,283,ckyw6zzlj001r3867thf0fuy7,0,0.1581676136363636,0.6617424242424242,0.0265625,0.0458333333333333
14,283,ckyw704kw001v3867kvyjtx6k,0,0.7452414772727273,0.8285984848484849,0.0296875,0.0375
14,283,ckyw708pn001z386779fr849h,0,0.8308113579734219,0.1239583333333333,0.0359375,0.0395833333333333
14,283,ckyw723jy00233867gakwo9e7,0,0.8104403409090908,0.4501893939393939,0.0265624999999999,0.0375
14,284,ckyw6zzlj001r3867thf0fuy7,0,0.158309659090909,0.6564393939393939,0.0265625,0.0458333333333333
14,284,ckyw704kw001v3867kvyjtx6k,0,0.7455255681818181,0.8246212121212121,0.0296875,0.0375
14,284,ckyw708pn001z386779fr849h,0,0.8308165490033221,0.1239583333333333,0.0359375,0.0395833333333333
14,284,ckyw723jy00233867gakwo9e7,0,0.8077414772727274,0.4473484848484848,0.0265625,0.0375
14,285,ckyw6zzlj001r3867thf0fuy7,0,0.1584517045454545,0.6511363636363636,0.0265625,0.0458333333333333
14,285,ckyw704kw001v3867kvyjtx6k,0,0.7458096590909091,0.8206439393939394,0.0296875,0.0375
14,285,ckyw708pn001z386779fr849h,0,0.8308217400332225,0.1239583333333333,0.0359375,0.0395833333333333
14,285,ckyw723jy00233867gakwo9e7,0,0.8050426136363636,0.4445075757575757,0.0265625,0.0375
14,286,ckyw6zzlj001r3867thf0fuy7,0,0.15859375,0.6458333333333334,0.0265625,0.0458333333333333
14,286,ckyw704kw001v3867kvyjtx6k,0,0.74609375,0.8166666666666667,0.0296875,0.0375
14,286,ckyw708pn001z386779fr849h,0,0.8308269310631229,0.1239583333333333,0.0359375,0.0395833333333333
14,286,ckyw723jy00233867gakwo9e7,0,0.80234375,0.4416666666666666,0.0265625,0.0375
14,287,ckyw6zzlj001r3867thf0fuy7,0,0.16015625,0.6421296296296296,0.0265625,0.0458333333333333
14,287,ckyw704kw001v3867kvyjtx6k,0,0.7469866071428571,0.8142857142857143,0.0296875,0.0375
14,287,ckyw708pn001z386779fr849h,0,0.8308321220930232,0.1239583333333333,0.0359375,0.0395833333333333
14,287,ckyw723jy00233867gakwo9e7,0,0.8002604166666666,0.437962962962963,0.0265624999999999,0.0375
14,288,ckyw6zzlj001r3867thf0fuy7,0,0.16171875,0.638425925925926,0.0265625,0.0458333333333333
14,288,ckyw704kw001v3867kvyjtx6k,0,0.7478794642857143,0.8119047619047619,0.0296875,0.0375
14,288,ckyw708pn001z386779fr849h,0,0.8308373131229235,0.1239583333333333,0.0359375,0.0395833333333333
14,288,ckyw723jy00233867gakwo9e7,0,0.7981770833333334,0.4342592592592593,0.0265625,0.0375
14,289,ckyw6zzlj001r3867thf0fuy7,0,0.16328125,0.6347222222222223,0.0265625,0.0458333333333333
14,289,ckyw704kw001v3867kvyjtx6k,0,0.7487723214285714,0.8095238095238095,0.0296875,0.0375
14,289,ckyw708pn001z386779fr849h,0,0.8308425041528238,0.1239583333333333,0.0359375,0.0395833333333333
14,289,ckyw723jy00233867gakwo9e7,0,0.79609375,0.4305555555555555,0.0265625,0.0375
14,28,ckyw6zzlj001r3867thf0fuy7,0,0.22109375,0.6020833333333333,0.0359375,0.0375
14,28,ckyw704kw001v3867kvyjtx6k,0,0.74140625,0.675,0.0296875,0.0375
14,28,ckyw708pn001z386779fr849h,0,0.8292459239130435,0.1264945652173913,0.0359375,0.0395833333333333
14,28,ckyw723jy00233867gakwo9e7,0,0.8978794642857142,0.0321428571428571,0.0265625,0.0375
14,290,ckyw6zzlj001r3867thf0fuy7,0,0.16484375,0.6310185185185185,0.0265625,0.0458333333333333
14,290,ckyw704kw001v3867kvyjtx6k,0,0.7496651785714286,0.8071428571428572,0.0296875,0.0375
14,290,ckyw708pn001z386779fr849h,0,0.8308476951827242,0.1239583333333333,0.0359375,0.0395833333333333
14,290,ckyw723jy00233867gakwo9e7,0,0.7940104166666666,0.4268518518518518,0.0265624999999999,0.0375
14,291,ckyw6zzlj001r3867thf0fuy7,0,0.16640625,0.6273148148148148,0.0265625,0.0458333333333333
14,291,ckyw704kw001v3867kvyjtx6k,0,0.7505580357142857,0.8047619047619048,0.0296875,0.0375
14,291,ckyw708pn001z386779fr849h,0,0.8308528862126245,0.1239583333333333,0.0359375,0.0395833333333333
14,291,ckyw723jy00233867gakwo9e7,0,0.7919270833333334,0.4231481481481481,0.0265625,0.0375
14,292,ckyw6zzlj001r3867thf0fuy7,0,0.16796875,0.6236111111111111,0.0265625,0.0458333333333333
14,292,ckyw704kw001v3867kvyjtx6k,0,0.7514508928571428,0.8023809523809524,0.0296875,0.0375
14,292,ckyw708pn001z386779fr849h,0,0.8308580772425248,0.1239583333333333,0.0359375,0.0395833333333333
14,292,ckyw723jy00233867gakwo9e7,0,0.78984375,0.4194444444444444,0.0265625,0.0375
14,293,ckyw6zzlj001r3867thf0fuy7,0,0.16953125,0.6199074074074074,0.0265625,0.0458333333333333
14,293,ckyw704kw001v3867kvyjtx6k,0,0.75234375,0.8,0.0296875,0.0375
14,293,ckyw708pn001z386779fr849h,0,0.8308632682724253,0.1239583333333333,0.0359375,0.0395833333333333
14,293,ckyw723jy00233867gakwo9e7,0,0.7877604166666666,0.4157407407407407,0.0265624999999999,0.0375
14,294,ckyw6zzlj001r3867thf0fuy7,0,0.17109375,0.6162037037037037,0.0265625,0.0458333333333333
14,294,ckyw704kw001v3867kvyjtx6k,0,0.7532366071428571,0.7976190476190476,0.0296875,0.0375
14,294,ckyw708pn001z386779fr849h,0,0.8308684593023257,0.1239583333333333,0.0359375,0.0395833333333333
14,294,ckyw723jy00233867gakwo9e7,0,0.7856770833333333,0.412037037037037,0.0265625,0.0375
14,295,ckyw6zzlj001r3867thf0fuy7,0,0.17265625,0.6125,0.0265625,0.0458333333333333
14,295,ckyw704kw001v3867kvyjtx6k,0,0.7541294642857144,0.7952380952380953,0.0296875,0.0375
14,295,ckyw708pn001z386779fr849h,0,0.830873650332226,0.1239583333333333,0.0359375,0.0395833333333333
14,295,ckyw723jy00233867gakwo9e7,0,0.78359375,0.4083333333333333,0.0265625,0.0375
14,296,ckyw6zzlj001r3867thf0fuy7,0,0.1767187499999999,0.61,0.0265625,0.0458333333333333
14,296,ckyw704kw001v3867kvyjtx6k,0,0.7550223214285714,0.7928571428571428,0.0296875,0.0375
14,296,ckyw708pn001z386779fr849h,0,0.8308788413621263,0.1239583333333333,0.0359375,0.0395833333333333
14,296,ckyw723jy00233867gakwo9e7,0,0.78328125,0.4045833333333333,0.0265625,0.0375
14,297,ckyw6zzlj001r3867thf0fuy7,0,0.18078125,0.6075,0.0265625,0.0458333333333333
14,297,ckyw704kw001v3867kvyjtx6k,0,0.7559151785714285,0.7904761904761906,0.0296875,0.0375
14,297,ckyw708pn001z386779fr849h,0,0.8308840323920267,0.1239583333333333,0.0359375,0.0395833333333333
14,297,ckyw723jy00233867gakwo9e7,0,0.78296875,0.4008333333333333,0.0265625,0.0375
14,298,ckyw6zzlj001r3867thf0fuy7,0,0.18484375,0.605,0.0265625,0.0458333333333333
14,298,ckyw704kw001v3867kvyjtx6k,0,0.7568080357142857,0.7880952380952381,0.0296875,0.0375
14,298,ckyw708pn001z386779fr849h,0,0.830889223421927,0.1239583333333333,0.0359375,0.0395833333333333
14,298,ckyw723jy00233867gakwo9e7,0,0.7826562499999999,0.3970833333333333,0.0265625,0.0375
14,299,ckyw6zzlj001r3867thf0fuy7,0,0.18890625,0.6024999999999999,0.0265625,0.0458333333333333
14,299,ckyw704kw001v3867kvyjtx6k,0,0.7577008928571429,0.7857142857142858,0.0296875,0.0375
14,299,ckyw708pn001z386779fr849h,0,0.8308944144518273,0.1239583333333333,0.0359375,0.0395833333333333
14,299,ckyw723jy00233867gakwo9e7,0,0.78234375,0.3933333333333333,0.0265625,0.0375
14,29,ckyw6zzlj001r3867thf0fuy7,0,0.2255580357142857,0.6029761904761906,0.0359375,0.0375
14,29,ckyw704kw001v3867kvyjtx6k,0,0.7442708333333333,0.673611111111111,0.0296875,0.0375
14,29,ckyw708pn001z386779fr849h,0,0.8293138586956521,0.1265851449275362,0.0359375,0.0395833333333333
14,29,ckyw723jy00233867gakwo9e7,0,0.9012276785714286,0.0330357142857142,0.0265625,0.0375
14,2,ckyw6zzlj001r3867thf0fuy7,0,0.15859375,0.7,0.0359375,0.0375
14,2,ckyw704kw001v3867kvyjtx6k,0,0.73203125,0.7645833333333333,0.0296875,0.0375
14,2,ckyw708pn001z386779fr849h,0,0.8274796195652174,0.1241394927536231,0.0359375,0.0395833333333333
14,300,ckyw6zzlj001r3867thf0fuy7,0,0.19296875,0.6,0.0265625,0.0458333333333333
14,300,ckyw704kw001v3867kvyjtx6k,0,0.75859375,0.7833333333333333,0.0296875,0.0375
14,300,ckyw708pn001z386779fr849h,0,0.8308996054817277,0.1239583333333333,0.0359375,0.0395833333333333
14,300,ckyw723jy00233867gakwo9e7,0,0.78203125,0.3895833333333333,0.0265625,0.0375
14,301,ckyw6zzlj001r3867thf0fuy7,0,0.1940104166666666,0.5951388888888889,0.0265624999999999,0.0458333333333333
14,301,ckyw704kw001v3867kvyjtx6k,0,0.7606770833333333,0.7798611111111111,0.0296875,0.0375
14,301,ckyw708pn001z386779fr849h,0,0.830904796511628,0.1239583333333333,0.0359375,0.0395833333333333
14,301,ckyw723jy00233867gakwo9e7,0,0.7840104166666666,0.3856944444444444,0.0265625,0.0375
14,302,ckyw6zzlj001r3867thf0fuy7,0,0.1950520833333333,0.5902777777777778,0.0265625,0.0458333333333333
14,302,ckyw704kw001v3867kvyjtx6k,0,0.7627604166666667,0.7763888888888889,0.0296875,0.0375
14,302,ckyw708pn001z386779fr849h,0,0.8309099875415283,0.1239583333333333,0.0359375,0.0395833333333333
14,302,ckyw723jy00233867gakwo9e7,0,0.7859895833333334,0.3818055555555555,0.0265625,0.0375
14,303,ckyw6zzlj001r3867thf0fuy7,0,0.19609375,0.5854166666666667,0.0265625,0.0458333333333333
14,303,ckyw704kw001v3867kvyjtx6k,0,0.76484375,0.7729166666666667,0.0296875,0.0375
14,303,ckyw708pn001z386779fr849h,0,0.8309151785714286,0.1239583333333333,0.0359375,0.0395833333333333
14,303,ckyw723jy00233867gakwo9e7,0,0.7879687499999999,0.3779166666666667,0.0265624999999999,0.0375
14,304,ckyw6zzlj001r3867thf0fuy7,0,0.1993489583333333,0.5840277777777777,0.0265625,0.0458333333333333
14,304,ckyw704kw001v3867kvyjtx6k,0,0.7670572916666667,0.7715277777777777,0.0296875,0.0375
14,304,ckyw708pn001z386779fr849h,0,0.830920369601329,0.1239583333333333,0.0359375,0.0395833333333333
14,304,ckyw723jy00233867gakwo9e7,0,0.7899479166666667,0.3740277777777778,0.0265625,0.0375
14,305,ckyw6zzlj001r3867thf0fuy7,0,0.2026041666666666,0.5826388888888889,0.0265624999999999,0.0458333333333333
14,305,ckyw704kw001v3867kvyjtx6k,0,0.7692708333333333,0.7701388888888889,0.0296875,0.0375
14,305,ckyw708pn001z386779fr849h,0,0.8309255606312294,0.1239583333333333,0.0359375,0.0395833333333333
14,305,ckyw723jy00233867gakwo9e7,0,0.7919270833333334,0.3701388888888888,0.0265625,0.0375
14,306,ckyw6zzlj001r3867thf0fuy7,0,0.205859375,0.58125,0.0265625,0.0458333333333333
14,306,ckyw704kw001v3867kvyjtx6k,0,0.771484375,0.76875,0.0296875,0.0375
14,306,ckyw708pn001z386779fr849h,0,0.8309307516611296,0.1239583333333333,0.0359375,0.0395833333333333
14,306,ckyw723jy00233867gakwo9e7,0,0.79390625,0.36625,0.0265625,0.0375
14,307,ckyw6zzlj001r3867thf0fuy7,0,0.2091145833333333,0.579861111111111,0.0265625,0.0458333333333333
14,307,ckyw704kw001v3867kvyjtx6k,0,0.7736979166666667,0.767361111111111,0.0296875,0.0375
14,307,ckyw708pn001z386779fr849h,0,0.83093594269103,0.1239583333333333,0.0359375,0.0395833333333333
14,307,ckyw723jy00233867gakwo9e7,0,0.7958854166666667,0.3623611111111111,0.0265625,0.0375
14,308,ckyw6zzlj001r3867thf0fuy7,0,0.2123697916666666,0.5784722222222223,0.0265624999999999,0.0458333333333333
14,308,ckyw704kw001v3867kvyjtx6k,0,0.7759114583333333,0.7659722222222223,0.0296875,0.0375
14,308,ckyw708pn001z386779fr849h,0,0.8309411337209303,0.1239583333333333,0.0359375,0.0395833333333333
14,308,ckyw723jy00233867gakwo9e7,0,0.7978645833333333,0.3584722222222222,0.0265625,0.0375
14,309,ckyw6zzlj001r3867thf0fuy7,0,0.215625,0.5770833333333333,0.0265625,0.0458333333333333
14,309,ckyw704kw001v3867kvyjtx6k,0,0.778125,0.7645833333333333,0.0296875,0.0375
14,309,ckyw708pn001z386779fr849h,0,0.8309463247508306,0.1239583333333333,0.0359375,0.0395833333333333
14,309,ckyw723jy00233867gakwo9e7,0,0.79984375,0.3545833333333333,0.0265625,0.0375
14,30,ckyw6zzlj001r3867thf0fuy7,0,0.2300223214285714,0.6038690476190476,0.0359375,0.0375
14,30,ckyw704kw001v3867kvyjtx6k,0,0.7471354166666667,0.6722222222222223,0.0296875,0.0375
14,30,ckyw708pn001z386779fr849h,0,0.8293817934782609,0.1266757246376811,0.0359375,0.0395833333333333
14,30,ckyw723jy00233867gakwo9e7,0,0.9045758928571428,0.0339285714285714,0.0265625,0.0375
14,310,ckyw6zzlj001r3867thf0fuy7,0,0.2188802083333333,0.5756944444444444,0.0265625,0.0458333333333333
14,310,ckyw704kw001v3867kvyjtx6k,0,0.7803385416666667,0.7631944444444444,0.0296875,0.0375
14,310,ckyw708pn001z386779fr849h,0,0.830951515780731,0.1239583333333333,0.0359375,0.0395833333333333
14,310,ckyw723jy00233867gakwo9e7,0,0.8018229166666666,0.3506944444444445,0.0265624999999999,0.0375
14,311,ckyw6zzlj001r3867thf0fuy7,0,0.2221354166666666,0.5743055555555556,0.0265625,0.0458333333333333
14,311,ckyw704kw001v3867kvyjtx6k,0,0.7825520833333333,0.7618055555555556,0.0296875,0.0375
14,311,ckyw708pn001z386779fr849h,0,0.8309567068106313,0.1239583333333333,0.0359375,0.0395833333333333
14,311,ckyw723jy00233867gakwo9e7,0,0.8038020833333333,0.3468055555555555,0.0265624999999999,0.0375
14,312,ckyw6zzlj001r3867thf0fuy7,0,0.225390625,0.5729166666666666,0.0265625,0.0458333333333333
14,312,ckyw704kw001v3867kvyjtx6k,0,0.784765625,0.7604166666666666,0.0296875,0.0375
14,312,ckyw708pn001z386779fr849h,0,0.8309618978405316,0.1239583333333333,0.0359375,0.0395833333333333
14,312,ckyw723jy00233867gakwo9e7,0,0.8057812500000001,0.3429166666666666,0.0265625,0.0375
14,313,ckyw6zzlj001r3867thf0fuy7,0,0.2286458333333333,0.5715277777777777,0.0265625,0.0458333333333333
14,313,ckyw704kw001v3867kvyjtx6k,0,0.7869791666666666,0.7590277777777777,0.0296874999999999,0.0375
14,313,ckyw708pn001z386779fr849h,0,0.8309670888704319,0.1239583333333333,0.0359375,0.0395833333333333
14,313,ckyw723jy00233867gakwo9e7,0,0.8077604166666668,0.3390277777777778,0.0265625,0.0375
14,314,ckyw6zzlj001r3867thf0fuy7,0,0.2319010416666666,0.570138888888889,0.0265625,0.0458333333333333
14,314,ckyw704kw001v3867kvyjtx6k,0,0.7891927083333334,0.757638888888889,0.0296875,0.0375
14,314,ckyw708pn001z386779fr849h,0,0.8309722799003323,0.1239583333333333,0.0359375,0.0395833333333333
14,314,ckyw723jy00233867gakwo9e7,0,0.8097395833333334,0.3351388888888889,0.0265625,0.0375
14,315,ckyw6zzlj001r3867thf0fuy7,0,0.23515625,0.56875,0.0265625,0.0458333333333333
14,315,ckyw704kw001v3867kvyjtx6k,0,0.79140625,0.75625,0.0296875,0.0375
14,315,ckyw708pn001z386779fr849h,0,0.8309774709302327,0.1239583333333333,0.0359375,0.0395833333333333
14,315,ckyw723jy00233867gakwo9e7,0,0.81171875,0.33125,0.0265625,0.0375
14,316,ckyw6zzlj001r3867thf0fuy7,0,0.237890625,0.5661458333333333,0.0265625,0.0458333333333333
14,316,ckyw704kw001v3867kvyjtx6k,0,0.7940848214285714,0.7574404761904762,0.0296874999999999,0.0375
14,316,ckyw708pn001z386779fr849h,0,0.8309826619601329,0.1239583333333333,0.0359375,0.0395833333333333
14,316,ckyw723jy00233867gakwo9e7,0,0.8146634615384615,0.33125,0.0265625,0.0375
14,317,ckyw6zzlj001r3867thf0fuy7,0,0.240625,0.5635416666666667,0.0265625,0.0458333333333333
14,317,ckyw704kw001v3867kvyjtx6k,0,0.7967633928571429,0.7586309523809525,0.0296875,0.0375
14,317,ckyw708pn001z386779fr849h,0,0.8309878529900333,0.1239583333333333,0.0359375,0.0395833333333333
14,317,ckyw723jy00233867gakwo9e7,0,0.817608173076923,0.33125,0.0265625,0.0375
14,318,ckyw6zzlj001r3867thf0fuy7,0,0.243359375,0.5609375,0.0265625,0.0458333333333333
14,318,ckyw704kw001v3867kvyjtx6k,0,0.7994419642857142,0.7598214285714285,0.0296874999999999,0.0375
14,318,ckyw708pn001z386779fr849h,0,0.8309930440199336,0.1239583333333333,0.0359375,0.0395833333333333
14,318,ckyw723jy00233867gakwo9e7,0,0.8205528846153847,0.33125,0.0265625,0.0375
14,319,ckyw6zzlj001r3867thf0fuy7,0,0.24609375,0.5583333333333333,0.0265625,0.0458333333333333
14,319,ckyw704kw001v3867kvyjtx6k,0,0.8021205357142858,0.7610119047619047,0.0296875,0.0375
14,319,ckyw708pn001z386779fr849h,0,0.8309982350498339,0.1239583333333333,0.0359375,0.0395833333333333
14,319,ckyw723jy00233867gakwo9e7,0,0.8234975961538462,0.33125,0.0265625,0.0375
14,31,ckyw6zzlj001r3867thf0fuy7,0,0.2344866071428571,0.6047619047619047,0.0359375,0.0375
14,31,ckyw704kw001v3867kvyjtx6k,0,0.75,0.6708333333333333,0.0296875,0.0375
14,31,ckyw708pn001z386779fr849h,0,0.8294497282608695,0.126766304347826,0.0359375,0.0395833333333333
14,31,ckyw723jy00233867gakwo9e7,0,0.9079241071428572,0.0348214285714285,0.0265625,0.0375
14,320,ckyw6zzlj001r3867thf0fuy7,0,0.2495312499999999,0.5602083333333333,0.0265625,0.0458333333333333
14,320,ckyw704kw001v3867kvyjtx6k,0,0.8047991071428571,0.7622023809523809,0.0296875,0.0375
14,320,ckyw708pn001z386779fr849h,0,0.8310034260797343,0.1239583333333333,0.0359375,0.0395833333333333
14,320,ckyw723jy00233867gakwo9e7,0,0.8264423076923076,0.33125,0.0265625,0.0375
14,321,ckyw6zzlj001r3867thf0fuy7,0,0.25296875,0.5620833333333334,0.0265625,0.0458333333333333
14,321,ckyw704kw001v3867kvyjtx6k,0,0.8074776785714286,0.7633928571428572,0.0296875,0.0375
14,321,ckyw708pn001z386779fr849h,0,0.8310086171096346,0.1239583333333333,0.0359375,0.0395833333333333
14,321,ckyw723jy00233867gakwo9e7,0,0.8293870192307692,0.33125,0.0265625,0.0375
14,322,ckyw6zzlj001r3867thf0fuy7,0,0.25640625,0.5639583333333333,0.0265625,0.0458333333333333
14,322,ckyw704kw001v3867kvyjtx6k,0,0.81015625,0.7645833333333333,0.0296875,0.0375
14,322,ckyw708pn001z386779fr849h,0,0.831013808139535,0.1239583333333333,0.0359375,0.0395833333333333
14,322,ckyw723jy00233867gakwo9e7,0,0.8323317307692308,0.33125,0.0265625,0.0375
14,323,ckyw6zzlj001r3867thf0fuy7,0,0.25984375,0.5658333333333334,0.0265625,0.0458333333333333
14,323,ckyw704kw001v3867kvyjtx6k,0,0.8128348214285713,0.7657738095238095,0.0296874999999999,0.0375
14,323,ckyw708pn001z386779fr849h,0,0.8310189991694352,0.1239583333333333,0.0359375,0.0395833333333333
14,323,ckyw723jy00233867gakwo9e7,0,0.8352764423076924,0.33125,0.0265625,0.0375
14,324,ckyw6zzlj001r3867thf0fuy7,0,0.26328125,0.5677083333333334,0.0265625,0.0458333333333333
14,324,ckyw704kw001v3867kvyjtx6k,0,0.8155133928571429,0.7669642857142858,0.0296875,0.0375
14,324,ckyw708pn001z386779fr849h,0,0.8310241901993356,0.1239583333333333,0.0359375,0.0395833333333333
14,324,ckyw723jy00233867gakwo9e7,0,0.8382211538461538,0.33125,0.0265625,0.0375
14,325,ckyw6zzlj001r3867thf0fuy7,0,0.26671875,0.5695833333333333,0.0265625,0.0458333333333333
14,325,ckyw704kw001v3867kvyjtx6k,0,0.8181919642857143,0.768154761904762,0.0296875,0.0375
14,325,ckyw708pn001z386779fr849h,0,0.831029381229236,0.1239583333333333,0.0359375,0.0395833333333333
14,325,ckyw723jy00233867gakwo9e7,0,0.8411658653846154,0.33125,0.0265625,0.0375
14,326,ckyw6zzlj001r3867thf0fuy7,0,0.27015625,0.5714583333333334,0.0265625,0.0458333333333333
14,326,ckyw704kw001v3867kvyjtx6k,0,0.8208705357142858,0.769345238095238,0.0296875,0.0375
14,326,ckyw708pn001z386779fr849h,0,0.8310345722591362,0.1239583333333333,0.0359375,0.0395833333333333
14,326,ckyw723jy00233867gakwo9e7,0,0.844110576923077,0.33125,0.0265625,0.0375
14,327,ckyw6zzlj001r3867thf0fuy7,0,0.2735937499999999,0.5733333333333334,0.0265625,0.0458333333333333
14,327,ckyw704kw001v3867kvyjtx6k,0,0.8235491071428571,0.7705357142857142,0.0296875,0.0375
14,327,ckyw708pn001z386779fr849h,0,0.8310397632890366,0.1239583333333333,0.0359375,0.0395833333333333
14,327,ckyw723jy00233867gakwo9e7,0,0.8470552884615385,0.33125,0.0265625,0.0375
14,328,ckyw6zzlj001r3867thf0fuy7,0,0.27703125,0.5752083333333334,0.0265625,0.0458333333333333
14,328,ckyw704kw001v3867kvyjtx6k,0,0.8262276785714286,0.7717261904761905,0.0296875,0.0375
14,328,ckyw708pn001z386779fr849h,0,0.8310449543189369,0.1239583333333333,0.0359375,0.0395833333333333
14,328,ckyw723jy00233867gakwo9e7,0,0.85,0.33125,0.0265625,0.0375
14,329,ckyw6zzlj001r3867thf0fuy7,0,0.28046875,0.5770833333333333,0.0265625,0.0458333333333333
14,329,ckyw704kw001v3867kvyjtx6k,0,0.82890625,0.7729166666666667,0.0296875,0.0375
14,329,ckyw708pn001z386779fr849h,0,0.8310501453488373,0.1239583333333333,0.0359375,0.0395833333333333
14,329,ckyw723jy00233867gakwo9e7,0,0.8529447115384615,0.33125,0.0265625,0.0375
14,32,ckyw6zzlj001r3867thf0fuy7,0,0.2389508928571428,0.605654761904762,0.0359375,0.0375
14,32,ckyw704kw001v3867kvyjtx6k,0,0.7528645833333333,0.6694444444444444,0.0296875,0.0375
14,32,ckyw708pn001z386779fr849h,0,0.8295176630434783,0.126856884057971,0.0359375,0.0395833333333333
14,32,ckyw723jy00233867gakwo9e7,0,0.9112723214285714,0.0357142857142857,0.0265625,0.0375
14,330,ckyw6zzlj001r3867thf0fuy7,0,0.283203125,0.5800347222222223,0.0265625,0.0458333333333333
14,330,ckyw704kw001v3867kvyjtx6k,0,0.8296875,0.775,0.0296875,0.0375
14,330,ckyw708pn001z386779fr849h,0,0.8310553363787376,0.1239583333333333,0.0359375,0.0395833333333333
14,330,ckyw723jy00233867gakwo9e7,0,0.855889423076923,0.33125,0.0265625,0.0375
14,331,ckyw6zzlj001r3867thf0fuy7,0,0.2859375,0.5829861111111111,0.0265625,0.0458333333333333
14,331,ckyw704kw001v3867kvyjtx6k,0,0.83046875,0.7770833333333333,0.0296875,0.0375
14,331,ckyw708pn001z386779fr849h,0,0.8310605274086379,0.1239583333333333,0.0359375,0.0395833333333333
14,331,ckyw723jy00233867gakwo9e7,0,0.8588341346153847,0.33125,0.0265625,0.0375
14,332,ckyw6zzlj001r3867thf0fuy7,0,0.288671875,0.5859375,0.0265625,0.0458333333333333
14,332,ckyw704kw001v3867kvyjtx6k,0,0.83125,0.7791666666666667,0.0296875,0.0375
14,332,ckyw708pn001z386779fr849h,0,0.8310657184385383,0.1239583333333333,0.0359375,0.0395833333333333
14,332,ckyw723jy00233867gakwo9e7,0,0.8617788461538461,0.33125,0.0265625,0.0375
14,333,ckyw6zzlj001r3867thf0fuy7,0,0.29140625,0.5888888888888889,0.0265625,0.0458333333333333
14,333,ckyw704kw001v3867kvyjtx6k,0,0.83203125,0.78125,0.0296875,0.0375
14,333,ckyw708pn001z386779fr849h,0,0.8310709094684385,0.1239583333333333,0.0359375,0.0395833333333333
14,333,ckyw723jy00233867gakwo9e7,0,0.8647235576923077,0.33125,0.0265625,0.0375
14,334,ckyw6zzlj001r3867thf0fuy7,0,0.294140625,0.5918402777777777,0.0265625,0.0458333333333333
14,334,ckyw704kw001v3867kvyjtx6k,0,0.8328125,0.7833333333333333,0.0296875,0.0375
14,334,ckyw708pn001z386779fr849h,0,0.8310761004983389,0.1239583333333333,0.0359375,0.0395833333333333
14,334,ckyw723jy00233867gakwo9e7,0,0.8676682692307691,0.33125,0.0265625,0.0375
14,335,ckyw6zzlj001r3867thf0fuy7,0,0.296875,0.5947916666666667,0.0265625,0.0458333333333333
14,335,ckyw704kw001v3867kvyjtx6k,0,0.83359375,0.7854166666666667,0.0296875,0.0375
14,335,ckyw708pn001z386779fr849h,0,0.8310812915282393,0.1239583333333333,0.0359375,0.0395833333333333
14,335,ckyw723jy00233867gakwo9e7,0,0.8706129807692309,0.33125,0.0265625,0.0375
14,336,ckyw6zzlj001r3867thf0fuy7,0,0.299609375,0.5977430555555556,0.0265625,0.0458333333333333
14,336,ckyw704kw001v3867kvyjtx6k,0,0.8346354166666666,0.790625,0.0296875,0.0375
14,336,ckyw708pn001z386779fr849h,0,0.8310864825581395,0.1239583333333333,0.0359375,0.0395833333333333
14,336,ckyw723jy00233867gakwo9e7,0,0.8735576923076923,0.33125,0.0265625,0.0375
14,337,ckyw6zzlj001r3867thf0fuy7,0,0.30234375,0.6006944444444444,0.0265625,0.0458333333333333
14,337,ckyw704kw001v3867kvyjtx6k,0,0.8356770833333333,0.7958333333333333,0.0296875,0.0375
14,337,ckyw708pn001z386779fr849h,0,0.8310916735880399,0.1239583333333333,0.0359375,0.0395833333333333
14,337,ckyw723jy00233867gakwo9e7,0,0.8765024038461539,0.33125,0.0265625,0.0375
14,338,ckyw6zzlj001r3867thf0fuy7,0,0.305078125,0.6036458333333333,0.0265625,0.0458333333333333
14,338,ckyw704kw001v3867kvyjtx6k,0,0.83671875,0.8010416666666667,0.0296875,0.0375
14,338,ckyw708pn001z386779fr849h,0,0.8310968646179402,0.1239583333333333,0.0359375,0.0395833333333333
14,338,ckyw723jy00233867gakwo9e7,0,0.8794471153846153,0.33125,0.0265625,0.0375
14,339,ckyw6zzlj001r3867thf0fuy7,0,0.3078125,0.6065972222222222,0.0265625,0.0458333333333333
14,339,ckyw704kw001v3867kvyjtx6k,0,0.8377604166666666,0.80625,0.0296875,0.0375
14,339,ckyw708pn001z386779fr849h,0,0.8311020556478406,0.1239583333333333,0.0359375,0.0395833333333333
14,339,ckyw723jy00233867gakwo9e7,0,0.882391826923077,0.33125,0.0265625,0.0375
14,33,ckyw6zzlj001r3867thf0fuy7,0,0.2434151785714285,0.6065476190476191,0.0359375,0.0375
14,33,ckyw704kw001v3867kvyjtx6k,0,0.7557291666666667,0.6680555555555556,0.0296875,0.0375
14,33,ckyw708pn001z386779fr849h,0,0.8295855978260869,0.1269474637681159,0.0359375,0.0395833333333333
14,33,ckyw723jy00233867gakwo9e7,0,0.9146205357142858,0.0366071428571428,0.0265625,0.0375
14,340,ckyw6zzlj001r3867thf0fuy7,0,0.310546875,0.609548611111111,0.0265625,0.0458333333333333
14,340,ckyw704kw001v3867kvyjtx6k,0,0.8388020833333334,0.8114583333333333,0.0296875,0.0375
14,340,ckyw708pn001z386779fr849h,0,0.8311072466777409,0.1239583333333333,0.0359375,0.0395833333333333
14,340,ckyw723jy00233867gakwo9e7,0,0.8853365384615385,0.33125,0.0265625,0.0375
14,341,ckyw6zzlj001r3867thf0fuy7,0,0.31328125,0.6125,0.0265625,0.0458333333333333
14,341,ckyw704kw001v3867kvyjtx6k,0,0.83984375,0.8166666666666667,0.0296875,0.0375
14,341,ckyw708pn001z386779fr849h,0,0.8311124377076412,0.1239583333333333,0.0359375,0.0395833333333333
14,341,ckyw723jy00233867gakwo9e7,0,0.88828125,0.33125,0.0265625,0.0375
14,342,ckyw6zzlj001r3867thf0fuy7,0,0.31546875,0.615,0.0265625,0.0458333333333333
14,342,ckyw704kw001v3867kvyjtx6k,0,0.840234375,0.8197916666666667,0.0296875,0.0375
14,342,ckyw708pn001z386779fr849h,0,0.8311176287375416,0.1239583333333333,0.0359375,0.0395833333333333
14,342,ckyw723jy00233867gakwo9e7,0,0.8910937499999999,0.33375,0.0265625,0.0375
14,343,ckyw6zzlj001r3867thf0fuy7,0,0.31765625,0.6174999999999999,0.0265625,0.0458333333333333
14,343,ckyw704kw001v3867kvyjtx6k,0,0.840625,0.8229166666666666,0.0296875,0.0375
14,343,ckyw708pn001z386779fr849h,0,0.8311228197674418,0.1239583333333333,0.0359375,0.0395833333333333
14,343,ckyw723jy00233867gakwo9e7,0,0.89390625,0.33625,0.0265625,0.0375
14,344,ckyw6zzlj001r3867thf0fuy7,0,0.31984375,0.62,0.0265625,0.0458333333333333
14,344,ckyw704kw001v3867kvyjtx6k,0,0.841015625,0.8260416666666667,0.0296875,0.0375
14,344,ckyw708pn001z386779fr849h,0,0.8311280107973422,0.1239583333333333,0.0359375,0.0395833333333333
14,344,ckyw723jy00233867gakwo9e7,0,0.89671875,0.33875,0.0265625,0.0375
14,345,ckyw6zzlj001r3867thf0fuy7,0,0.32203125,0.6225,0.0265625,0.0458333333333333
14,345,ckyw704kw001v3867kvyjtx6k,0,0.84140625,0.8291666666666667,0.0296875,0.0375
14,345,ckyw708pn001z386779fr849h,0,0.8311332018272426,0.1239583333333333,0.0359375,0.0395833333333333
14,345,ckyw723jy00233867gakwo9e7,0,0.8995312500000001,0.34125,0.0265625,0.0375
14,346,ckyw6zzlj001r3867thf0fuy7,0,0.32421875,0.625,0.0265625,0.0458333333333333
14,346,ckyw704kw001v3867kvyjtx6k,0,0.83671875,0.8291666666666667,0.0296875,0.0375
14,346,ckyw708pn001z386779fr849h,0,0.8311383928571429,0.1239583333333333,0.0359375,0.0395833333333333
14,346,ckyw723jy00233867gakwo9e7,0,0.90234375,0.34375,0.0265625,0.0375
14,347,ckyw6zzlj001r3867thf0fuy7,0,0.3259548611111111,0.6296296296296297,0.0265625,0.0458333333333333
14,347,ckyw704kw001v3867kvyjtx6k,0,0.836328125,0.8338541666666667,0.0296875,0.0375
14,347,ckyw708pn001z386779fr849h,0,0.8311435838870432,0.1239583333333333,0.0359375,0.0395833333333333
14,347,ckyw723jy00233867gakwo9e7,0,0.9049479166666666,0.3461805555555555,0.0265625,0.0375
14,348,ckyw6zzlj001r3867thf0fuy7,0,0.3276909722222222,0.6342592592592593,0.0265625,0.0458333333333333
14,348,ckyw704kw001v3867kvyjtx6k,0,0.8359375,0.8385416666666666,0.0296875,0.0375
14,348,ckyw708pn001z386779fr849h,0,0.8311487749169435,0.1239583333333333,0.0359375,0.0395833333333333
14,348,ckyw723jy00233867gakwo9e7,0,0.9075520833333334,0.3486111111111111,0.0265625,0.0375
14,349,ckyw6zzlj001r3867thf0fuy7,0,0.3294270833333333,0.638888888888889,0.0265625,0.0458333333333333
14,349,ckyw704kw001v3867kvyjtx6k,0,0.835546875,0.8432291666666667,0.0296875,0.0375
14,349,ckyw708pn001z386779fr849h,0,0.8311539659468439,0.1239583333333333,0.0359375,0.0395833333333333
14,349,ckyw723jy00233867gakwo9e7,0,0.91015625,0.3510416666666666,0.0265625,0.0375
14,34,ckyw6zzlj001r3867thf0fuy7,0,0.2478794642857142,0.6074404761904761,0.0359375,0.0375
14,34,ckyw704kw001v3867kvyjtx6k,0,0.75859375,0.6666666666666666,0.0296875,0.0375
14,34,ckyw708pn001z386779fr849h,0,0.8296535326086957,0.1270380434782608,0.0359375,0.0395833333333333
14,34,ckyw723jy00233867gakwo9e7,0,0.91796875,0.0375,0.0265625,0.0375
14,350,ckyw6zzlj001r3867thf0fuy7,0,0.3311631944444445,0.6435185185185186,0.0265625,0.0458333333333333
14,350,ckyw704kw001v3867kvyjtx6k,0,0.83515625,0.8479166666666667,0.0296875,0.0375
14,350,ckyw708pn001z386779fr849h,0,0.8311591569767443,0.1239583333333333,0.0359375,0.0395833333333333
14,350,ckyw723jy00233867gakwo9e7,0,0.9127604166666666,0.3534722222222222,0.0265625,0.0375
14,351,ckyw6zzlj001r3867thf0fuy7,0,0.3328993055555555,0.6481481481481481,0.0265625,0.0458333333333333
14,351,ckyw704kw001v3867kvyjtx6k,0,0.8375,0.85,0.0296875,0.0375
14,351,ckyw708pn001z386779fr849h,0,0.8311643480066445,0.1239583333333333,0.0359375,0.0395833333333333
14,351,ckyw723jy00233867gakwo9e7,0,0.9153645833333334,0.3559027777777778,0.0265625,0.0375
14,352,ckyw6zzlj001r3867thf0fuy7,0,0.3346354166666666,0.6527777777777778,0.0265625,0.0458333333333333
14,352,ckyw704kw001v3867kvyjtx6k,0,0.83984375,0.8520833333333333,0.0296875,0.0375
14,352,ckyw708pn001z386779fr849h,0,0.8311695390365449,0.1239583333333333,0.0359375,0.0395833333333333
14,352,ckyw723jy00233867gakwo9e7,0,0.91796875,0.3583333333333333,0.0265625,0.0375
14,353,ckyw6zzlj001r3867thf0fuy7,0,0.3363715277777778,0.6574074074074073,0.0265625,0.0458333333333333
14,353,ckyw704kw001v3867kvyjtx6k,0,0.8356770833333333,0.8541666666666666,0.0296875,0.0375
14,353,ckyw708pn001z386779fr849h,0,0.8311747300664452,0.1239583333333333,0.0359375,0.0395833333333333
14,353,ckyw723jy00233867gakwo9e7,0,0.91640625,0.3631944444444445,0.0265625,0.0375
14,354,ckyw6zzlj001r3867thf0fuy7,0,0.3381076388888889,0.662037037037037,0.0265625,0.0458333333333333
14,354,ckyw704kw001v3867kvyjtx6k,0,0.8315104166666666,0.85625,0.0296875,0.0375
14,354,ckyw708pn001z386779fr849h,0,0.8311799210963455,0.1239583333333333,0.0359375,0.0395833333333333
14,354,ckyw723jy00233867gakwo9e7,0,0.91484375,0.3680555555555555,0.0265625,0.0375
14,355,ckyw6zzlj001r3867thf0fuy7,0,0.33984375,0.6666666666666666,0.0265625,0.0458333333333333
14,355,ckyw704kw001v3867kvyjtx6k,0,0.82734375,0.8583333333333333,0.0296875,0.0375
14,355,ckyw708pn001z386779fr849h,0,0.8311851121262459,0.1239583333333333,0.0359375,0.0395833333333333
14,355,ckyw723jy00233867gakwo9e7,0,0.91328125,0.3729166666666667,0.0265625,0.0375
14,356,ckyw6zzlj001r3867thf0fuy7,0,0.33890625,0.67125,0.0265625,0.0458333333333333
14,356,ckyw704kw001v3867kvyjtx6k,0,0.8296875,0.8635416666666667,0.0296875,0.0375
14,356,ckyw708pn001z386779fr849h,0,0.8311903031561462,0.1239583333333333,0.0359375,0.0395833333333333
14,356,ckyw723jy00233867gakwo9e7,0,0.91640625,0.375,0.0265625,0.0375
14,357,ckyw6zzlj001r3867thf0fuy7,0,0.33796875,0.6758333333333333,0.0265625,0.0458333333333333
14,357,ckyw704kw001v3867kvyjtx6k,0,0.83203125,0.86875,0.0296875,0.0375
14,357,ckyw708pn001z386779fr849h,0,0.8311954941860465,0.1239583333333333,0.0359375,0.0395833333333333
14,357,ckyw723jy00233867gakwo9e7,0,0.91953125,0.3770833333333333,0.0265625,0.0375
14,358,ckyw6zzlj001r3867thf0fuy7,0,0.33703125,0.6804166666666667,0.0265625,0.0458333333333333
14,358,ckyw704kw001v3867kvyjtx6k,0,0.8291015625,0.8700520833333333,0.0296875,0.0375
14,358,ckyw708pn001z386779fr849h,0,0.8312006852159468,0.1239583333333333,0.0359375,0.0395833333333333
14,358,ckyw723jy00233867gakwo9e7,0,0.91984375,0.38125,0.0265625,0.0375
14,359,ckyw6zzlj001r3867thf0fuy7,0,0.3360937499999999,0.685,0.0265625,0.0458333333333333
14,359,ckyw704kw001v3867kvyjtx6k,0,0.826171875,0.8713541666666667,0.0296875,0.0375
14,359,ckyw708pn001z386779fr849h,0,0.8312058762458472,0.1239583333333333,0.0359375,0.0395833333333333
14,359,ckyw723jy00233867gakwo9e7,0,0.92015625,0.3854166666666667,0.0265625,0.0375
14,35,ckyw6zzlj001r3867thf0fuy7,0,0.25234375,0.6083333333333333,0.0359375,0.0375
14,35,ckyw704kw001v3867kvyjtx6k,0,0.7608664772727273,0.6651515151515152,0.0296875,0.0375
14,35,ckyw708pn001z386779fr849h,0,0.8297214673913043,0.1271286231884058,0.0359375,0.0395833333333333
14,35,ckyw723jy00233867gakwo9e7,0,0.92421875,0.0395833333333333,0.0265625,0.0375
14,360,ckyw6zzlj001r3867thf0fuy7,0,0.33515625,0.6895833333333333,0.0265625,0.0458333333333333
14,360,ckyw704kw001v3867kvyjtx6k,0,0.8232421875,0.87265625,0.0296875,0.0375
14,360,ckyw708pn001z386779fr849h,0,0.8312110672757476,0.1239583333333333,0.0359375,0.0395833333333333
14,360,ckyw723jy00233867gakwo9e7,0,0.92046875,0.3895833333333333,0.0265625,0.0375
14,361,ckyw6zzlj001r3867thf0fuy7,0,0.33421875,0.6941666666666666,0.0265625,0.0458333333333333
14,361,ckyw704kw001v3867kvyjtx6k,0,0.8203125,0.8739583333333333,0.0296875,0.0375
14,361,ckyw708pn001z386779fr849h,0,0.8312162583056478,0.1239583333333333,0.0359375,0.0395833333333333
14,361,ckyw723jy00233867gakwo9e7,0,0.92078125,0.39375,0.0265625,0.0375
14,362,ckyw6zzlj001r3867thf0fuy7,0,0.33328125,0.69875,0.0265625,0.0458333333333333
14,362,ckyw704kw001v3867kvyjtx6k,0,0.8173828125,0.8752604166666667,0.0296875,0.0375
14,362,ckyw708pn001z386779fr849h,0,0.8312214493355482,0.1239583333333333,0.0359375,0.0395833333333333
14,362,ckyw723jy00233867gakwo9e7,0,0.92109375,0.3979166666666666,0.0265625,0.0375
14,363,ckyw6zzlj001r3867thf0fuy7,0,0.33234375,0.7033333333333334,0.0265625,0.0458333333333333
14,363,ckyw704kw001v3867kvyjtx6k,0,0.814453125,0.8765625,0.0296875,0.0375
14,363,ckyw708pn001z386779fr849h,0,0.8312266403654485,0.1239583333333333,0.0359375,0.0395833333333333
14,363,ckyw723jy00233867gakwo9e7,0,0.92109375,0.4034722222222222,0.0265625,0.0375
14,364,ckyw6zzlj001r3867thf0fuy7,0,0.33140625,0.7079166666666666,0.0265625,0.0458333333333333
14,364,ckyw704kw001v3867kvyjtx6k,0,0.8115234375,0.8778645833333333,0.0296875,0.0375
14,364,ckyw708pn001z386779fr849h,0,0.8312318313953488,0.1239583333333333,0.0359375,0.0395833333333333
14,364,ckyw723jy00233867gakwo9e7,0,0.92109375,0.4090277777777778,0.0265625,0.0375
14,365,ckyw6zzlj001r3867thf0fuy7,0,0.33046875,0.7125,0.0265625,0.0458333333333333
14,365,ckyw704kw001v3867kvyjtx6k,0,0.80859375,0.8791666666666667,0.0296875,0.0375
14,365,ckyw708pn001z386779fr849h,0,0.8312370224252492,0.1239583333333333,0.0359375,0.0395833333333333
14,365,ckyw723jy00233867gakwo9e7,0,0.92109375,0.4145833333333333,0.0265625,0.0375
14,366,ckyw6zzlj001r3867thf0fuy7,0,0.33203125,0.7166666666666667,0.0265625,0.0458333333333333
14,366,ckyw704kw001v3867kvyjtx6k,0,0.8063100961538462,0.878525641025641,0.0296875,0.0375
14,366,ckyw708pn001z386779fr849h,0,0.8312422134551495,0.1239583333333333,0.0359375,0.0395833333333333
14,366,ckyw723jy00233867gakwo9e7,0,0.9185697115384616,0.4169871794871795,0.0265625,0.0375
14,367,ckyw6zzlj001r3867thf0fuy7,0,0.330078125,0.7206597222222223,0.0265625,0.0458333333333333
14,367,ckyw704kw001v3867kvyjtx6k,0,0.8040264423076924,0.8778846153846154,0.0296875,0.0375
14,367,ckyw708pn001z386779fr849h,0,0.8312474044850499,0.1239583333333333,0.0359375,0.0395833333333333
14,367,ckyw723jy00233867gakwo9e7,0,0.916045673076923,0.4193910256410256,0.0265625,0.0375
14,368,ckyw6zzlj001r3867thf0fuy7,0,0.328125,0.7246527777777777,0.0265625,0.0458333333333333
14,368,ckyw704kw001v3867kvyjtx6k,0,0.8017427884615385,0.8772435897435897,0.0296875,0.0375
14,368,ckyw708pn001z386779fr849h,0,0.8312525955149501,0.1239583333333333,0.0359375,0.0395833333333333
14,368,ckyw723jy00233867gakwo9e7,0,0.9135216346153848,0.4217948717948718,0.0265625,0.0375
14,369,ckyw6zzlj001r3867thf0fuy7,0,0.326171875,0.7286458333333333,0.0265625,0.0458333333333333
14,369,ckyw704kw001v3867kvyjtx6k,0,0.7994591346153846,0.8766025641025641,0.0296875,0.0375
14,369,ckyw708pn001z386779fr849h,0,0.8312577865448505,0.1239583333333333,0.0359375,0.0395833333333333
14,369,ckyw723jy00233867gakwo9e7,0,0.910997596153846,0.4241987179487179,0.0265625,0.0375
14,36,ckyw6zzlj001r3867thf0fuy7,0,0.2557812499999999,0.6102083333333332,0.0359375,0.0375
14,36,ckyw704kw001v3867kvyjtx6k,0,0.7631392045454546,0.6636363636363637,0.0296875,0.0375
14,36,ckyw708pn001z386779fr849h,0,0.8297894021739131,0.1272192028985507,0.0359375,0.0395833333333333
14,36,ckyw723jy00233867gakwo9e7,0,0.9252604166666666,0.0347222222222222,0.0265625,0.0375
14,370,ckyw6zzlj001r3867thf0fuy7,0,0.32421875,0.732638888888889,0.0265625,0.0458333333333333
14,370,ckyw704kw001v3867kvyjtx6k,0,0.7971754807692308,0.8759615384615385,0.0296875,0.0375
14,370,ckyw708pn001z386779fr849h,0,0.8312629775747509,0.1239583333333333,0.0359375,0.0395833333333333
14,370,ckyw723jy00233867gakwo9e7,0,0.9084735576923076,0.4266025641025641,0.0265625,0.0375
14,371,ckyw6zzlj001r3867thf0fuy7,0,0.322265625,0.7366319444444444,0.0265625,0.0458333333333333
14,371,ckyw704kw001v3867kvyjtx6k,0,0.794891826923077,0.8753205128205128,0.0296875,0.0375
14,371,ckyw708pn001z386779fr849h,0,0.8312681686046511,0.1239583333333333,0.0359375,0.0395833333333333
14,371,ckyw723jy00233867gakwo9e7,0,0.9059495192307692,0.4290064102564103,0.0265625,0.0375
14,372,ckyw6zzlj001r3867thf0fuy7,0,0.3203125,0.740625,0.0265625,0.0458333333333333
14,372,ckyw704kw001v3867kvyjtx6k,0,0.792608173076923,0.8746794871794872,0.0296874999999999,0.0375
14,372,ckyw708pn001z386779fr849h,0,0.8312733596345515,0.1239583333333333,0.0359375,0.0395833333333333
14,372,ckyw723jy00233867gakwo9e7,0,0.9034254807692308,0.4314102564102564,0.0265625,0.0375
14,373,ckyw6zzlj001r3867thf0fuy7,0,0.318359375,0.7446180555555556,0.0265625,0.0458333333333333
14,373,ckyw704kw001v3867kvyjtx6k,0,0.7903245192307692,0.8740384615384615,0.0296874999999999,0.0375
14,373,ckyw708pn001z386779fr849h,0,0.8312785506644518,0.1239583333333333,0.0359375,0.0395833333333333
14,373,ckyw723jy00233867gakwo9e7,0,0.9009014423076924,0.4338141025641026,0.0265625,0.0375
14,374,ckyw6zzlj001r3867thf0fuy7,0,0.31640625,0.7486111111111111,0.0265625,0.0458333333333333
14,374,ckyw704kw001v3867kvyjtx6k,0,0.7880408653846154,0.8733974358974359,0.0296874999999999,0.0375
14,374,ckyw708pn001z386779fr849h,0,0.8312837416943522,0.1239583333333333,0.0359375,0.0395833333333333
14,374,ckyw723jy00233867gakwo9e7,0,0.8983774038461538,0.4362179487179487,0.0265625,0.0375
14,375,ckyw6zzlj001r3867thf0fuy7,0,0.314453125,0.7526041666666666,0.0265625,0.0458333333333333
14,375,ckyw704kw001v3867kvyjtx6k,0,0.7857572115384615,0.8727564102564103,0.0296875,0.0375
14,375,ckyw708pn001z386779fr849h,0,0.8312889327242525,0.1239583333333333,0.0359375,0.0395833333333333
14,375,ckyw723jy00233867gakwo9e7,0,0.8958533653846154,0.4386217948717948,0.0265625,0.0375
14,376,ckyw6zzlj001r3867thf0fuy7,0,0.3125,0.7565972222222223,0.0265625,0.0458333333333333
14,376,ckyw704kw001v3867kvyjtx6k,0,0.7834735576923076,0.8721153846153846,0.0296875,0.0375
14,376,ckyw708pn001z386779fr849h,0,0.8312941237541528,0.1239583333333333,0.0359375,0.0395833333333333
14,376,ckyw723jy00233867gakwo9e7,0,0.893329326923077,0.441025641025641,0.0265625,0.0375
14,377,ckyw6zzlj001r3867thf0fuy7,0,0.310546875,0.7605902777777778,0.0265625,0.0458333333333333
14,377,ckyw704kw001v3867kvyjtx6k,0,0.7811899038461538,0.871474358974359,0.0296875,0.0375
14,377,ckyw708pn001z386779fr849h,0,0.8312993147840532,0.1239583333333333,0.0359375,0.0395833333333333
14,377,ckyw723jy00233867gakwo9e7,0,0.8908052884615385,0.4434294871794871,0.0265625,0.0375
14,378,ckyw6zzlj001r3867thf0fuy7,0,0.30859375,0.7645833333333333,0.0265625,0.0458333333333333
14,378,ckyw704kw001v3867kvyjtx6k,0,0.77890625,0.8708333333333333,0.0296875,0.0375
14,378,ckyw708pn001z386779fr849h,0,0.8313045058139534,0.1239583333333333,0.0359375,0.0395833333333333
14,378,ckyw723jy00233867gakwo9e7,0,0.88828125,0.4458333333333333,0.0265625,0.0375
14,379,ckyw6zzlj001r3867thf0fuy7,0,0.3048828125,0.7666666666666667,0.0265625,0.0458333333333333
14,379,ckyw704kw001v3867kvyjtx6k,0,0.7771484375,0.8697916666666666,0.0296875,0.0375
14,379,ckyw708pn001z386779fr849h,0,0.8313096968438538,0.1239583333333333,0.0359375,0.0395833333333333
14,379,ckyw723jy00233867gakwo9e7,0,0.8859375,0.4489583333333333,0.0265625,0.0375
14,37,ckyw6zzlj001r3867thf0fuy7,0,0.25921875,0.6120833333333333,0.0359375,0.0375
14,37,ckyw704kw001v3867kvyjtx6k,0,0.7654119318181818,0.6621212121212121,0.0296875,0.0375
14,37,ckyw708pn001z386779fr849h,0,0.8298573369565216,0.1273097826086956,0.0359375,0.0395833333333333
14,37,ckyw723jy00233867gakwo9e7,0,0.9263020833333334,0.0298611111111111,0.0265625,0.0375
14,380,ckyw6zzlj001r3867thf0fuy7,0,0.301171875,0.76875,0.0265625,0.0458333333333333
14,380,ckyw704kw001v3867kvyjtx6k,0,0.775390625,0.86875,0.0296875,0.0375
14,380,ckyw708pn001z386779fr849h,0,0.8313148878737542,0.1239583333333333,0.0359375,0.0395833333333333
14,380,ckyw723jy00233867gakwo9e7,0,0.88359375,0.4520833333333333,0.0265625,0.0375
14,381,ckyw6zzlj001r3867thf0fuy7,0,0.2974609375,0.7708333333333334,0.0265625,0.0458333333333333
14,381,ckyw704kw001v3867kvyjtx6k,0,0.7736328125,0.8677083333333333,0.0296875,0.0375
14,381,ckyw708pn001z386779fr849h,0,0.8313200789036544,0.1239583333333333,0.0359375,0.0395833333333333
14,381,ckyw723jy00233867gakwo9e7,0,0.88125,0.4552083333333333,0.0265625,0.0375
14,382,ckyw6zzlj001r3867thf0fuy7,0,0.29375,0.7729166666666667,0.0265625,0.0458333333333333
14,382,ckyw704kw001v3867kvyjtx6k,0,0.771875,0.8666666666666667,0.0296875,0.0375
14,382,ckyw708pn001z386779fr849h,0,0.8313252699335548,0.1239583333333333,0.0359375,0.0395833333333333
14,382,ckyw723jy00233867gakwo9e7,0,0.87890625,0.4583333333333333,0.0265625,0.0375
14,383,ckyw6zzlj001r3867thf0fuy7,0,0.2900390625,0.775,0.0265625,0.0458333333333333
14,383,ckyw704kw001v3867kvyjtx6k,0,0.7701171875,0.865625,0.0296875,0.0375
14,383,ckyw708pn001z386779fr849h,0,0.8313304609634551,0.1239583333333333,0.0359375,0.0395833333333333
14,383,ckyw723jy00233867gakwo9e7,0,0.8765625,0.4614583333333333,0.0265625,0.0375
14,384,ckyw6zzlj001r3867thf0fuy7,0,0.286328125,0.7770833333333333,0.0265625,0.0458333333333333
14,384,ckyw704kw001v3867kvyjtx6k,0,0.768359375,0.8645833333333334,0.0296875,0.0375
14,384,ckyw708pn001z386779fr849h,0,0.8313356519933555,0.1239583333333333,0.0359375,0.0395833333333333
14,384,ckyw723jy00233867gakwo9e7,0,0.87421875,0.4645833333333333,0.0265625,0.0375
14,385,ckyw6zzlj001r3867thf0fuy7,0,0.2826171875,0.7791666666666667,0.0265625,0.0458333333333333
14,385,ckyw704kw001v3867kvyjtx6k,0,0.7666015625,0.8635416666666667,0.0296875,0.0375
14,385,ckyw708pn001z386779fr849h,0,0.8313408430232558,0.1239583333333333,0.0359375,0.0395833333333333
14,385,ckyw723jy00233867gakwo9e7,0,0.871875,0.4677083333333333,0.0265625,0.0375
14,386,ckyw6zzlj001r3867thf0fuy7,0,0.27890625,0.78125,0.0265625,0.0458333333333333
14,386,ckyw704kw001v3867kvyjtx6k,0,0.76484375,0.8625,0.0296875,0.0375
14,386,ckyw708pn001z386779fr849h,0,0.8313460340531561,0.1239583333333333,0.0359375,0.0395833333333333
14,386,ckyw723jy00233867gakwo9e7,0,0.86953125,0.4708333333333333,0.0265625,0.0375
14,387,ckyw6zzlj001r3867thf0fuy7,0,0.2751953125,0.7817708333333333,0.0265625,0.0458333333333333
14,387,ckyw704kw001v3867kvyjtx6k,0,0.762890625,0.86015625,0.0296875,0.0375
14,387,ckyw708pn001z386779fr849h,0,0.8313512250830565,0.1239583333333333,0.0359375,0.0395833333333333
14,387,ckyw723jy00233867gakwo9e7,0,0.86640625,0.4671875,0.0265625,0.0375
14,388,ckyw6zzlj001r3867thf0fuy7,0,0.271484375,0.7822916666666667,0.0265625,0.0458333333333333
14,388,ckyw704kw001v3867kvyjtx6k,0,0.7609375,0.8578125,0.0296875,0.0375
14,388,ckyw708pn001z386779fr849h,0,0.8313564161129567,0.1239583333333333,0.0359375,0.0395833333333333
14,388,ckyw723jy00233867gakwo9e7,0,0.86328125,0.4635416666666667,0.0265625,0.0375
14,389,ckyw6zzlj001r3867thf0fuy7,0,0.2677734375,0.7828125,0.0265625,0.0458333333333333
14,389,ckyw704kw001v3867kvyjtx6k,0,0.758984375,0.85546875,0.0296875,0.0375
14,389,ckyw708pn001z386779fr849h,0,0.8313616071428571,0.1239583333333333,0.0359375,0.0395833333333333
14,389,ckyw723jy00233867gakwo9e7,0,0.86015625,0.4598958333333333,0.0265625,0.0375
14,38,ckyw6zzlj001r3867thf0fuy7,0,0.26265625,0.6139583333333333,0.0359375,0.0375
14,38,ckyw704kw001v3867kvyjtx6k,0,0.7676846590909091,0.6606060606060605,0.0296875,0.0375
14,38,ckyw708pn001z386779fr849h,0,0.8299252717391304,0.1274003623188405,0.0359375,0.0395833333333333
14,38,ckyw723jy00233867gakwo9e7,0,0.92734375,0.025,0.0265625,0.0375
14,390,ckyw6zzlj001r3867thf0fuy7,0,0.2640625,0.7833333333333333,0.0265625,0.0458333333333333
14,390,ckyw704kw001v3867kvyjtx6k,0,0.75703125,0.853125,0.0296875,0.0375
14,390,ckyw708pn001z386779fr849h,0,0.8313667981727575,0.1239583333333333,0.0359375,0.0395833333333333
14,390,ckyw723jy00233867gakwo9e7,0,0.85703125,0.45625,0.0265625,0.0375
14,391,ckyw6zzlj001r3867thf0fuy7,0,0.2603515625,0.7838541666666666,0.0265625,0.0458333333333333
14,391,ckyw704kw001v3867kvyjtx6k,0,0.755078125,0.85078125,0.0296875,0.0375
14,391,ckyw708pn001z386779fr849h,0,0.8313719892026578,0.1239583333333333,0.0359375,0.0395833333333333
14,391,ckyw723jy00233867gakwo9e7,0,0.85390625,0.4526041666666666,0.0265625,0.0375
14,392,ckyw6zzlj001r3867thf0fuy7,0,0.256640625,0.784375,0.0265625,0.0458333333333333
14,392,ckyw704kw001v3867kvyjtx6k,0,0.753125,0.8484375,0.0296875,0.0375
14,392,ckyw708pn001z386779fr849h,0,0.8313771802325581,0.1239583333333333,0.0359375,0.0395833333333333
14,392,ckyw723jy00233867gakwo9e7,0,0.85078125,0.4489583333333333,0.0265625,0.0375
14,393,ckyw6zzlj001r3867thf0fuy7,0,0.2529296875,0.7848958333333333,0.0265625,0.0458333333333333
14,393,ckyw704kw001v3867kvyjtx6k,0,0.751171875,0.84609375,0.0296875,0.0375
14,393,ckyw708pn001z386779fr849h,0,0.8313823712624584,0.1239583333333333,0.0359375,0.0395833333333333
14,393,ckyw723jy00233867gakwo9e7,0,0.84765625,0.4453125,0.0265625,0.0375
14,394,ckyw6zzlj001r3867thf0fuy7,0,0.24921875,0.7854166666666667,0.0265625,0.0458333333333333
14,394,ckyw704kw001v3867kvyjtx6k,0,0.74921875,0.84375,0.0296875,0.0375
14,394,ckyw708pn001z386779fr849h,0,0.8313875622923588,0.1239583333333333,0.0359375,0.0395833333333333
14,394,ckyw723jy00233867gakwo9e7,0,0.84453125,0.4416666666666666,0.0265625,0.0375
14,395,ckyw6zzlj001r3867thf0fuy7,0,0.24609375,0.7836805555555556,0.0265625,0.0458333333333333
14,395,ckyw704kw001v3867kvyjtx6k,0,0.749609375,0.8399305555555556,0.0296875,0.0375
14,395,ckyw708pn001z386779fr849h,0,0.8313927533222591,0.1239583333333333,0.0359375,0.0395833333333333
14,395,ckyw723jy00233867gakwo9e7,0,0.8408854166666666,0.4409722222222222,0.0265625,0.0375
14,396,ckyw6zzlj001r3867thf0fuy7,0,0.24296875,0.7819444444444444,0.0265625,0.0458333333333333
14,396,ckyw704kw001v3867kvyjtx6k,0,0.75,0.836111111111111,0.0296875,0.0375
14,396,ckyw708pn001z386779fr849h,0,0.8313979443521594,0.1239583333333333,0.0359375,0.0395833333333333
14,396,ckyw723jy00233867gakwo9e7,0,0.8372395833333334,0.4402777777777778,0.0265625,0.0375
14,397,ckyw6zzlj001r3867thf0fuy7,0,0.23984375,0.7802083333333333,0.0265625,0.0458333333333333
14,397,ckyw704kw001v3867kvyjtx6k,0,0.750390625,0.8322916666666667,0.0296875,0.0375
14,397,ckyw708pn001z386779fr849h,0,0.8314031353820598,0.1239583333333333,0.0359375,0.0395833333333333
14,397,ckyw723jy00233867gakwo9e7,0,0.83359375,0.4395833333333333,0.0265625,0.0375
14,398,ckyw6zzlj001r3867thf0fuy7,0,0.23671875,0.7784722222222222,0.0265625,0.0458333333333333
14,398,ckyw704kw001v3867kvyjtx6k,0,0.75078125,0.8284722222222223,0.0296875,0.0375
14,398,ckyw708pn001z386779fr849h,0,0.83140832641196,0.1239583333333333,0.0359375,0.0395833333333333
14,398,ckyw723jy00233867gakwo9e7,0,0.8299479166666666,0.4388888888888889,0.0265625,0.0375
14,399,ckyw6zzlj001r3867thf0fuy7,0,0.23359375,0.7767361111111111,0.0265625,0.0458333333333333
14,399,ckyw704kw001v3867kvyjtx6k,0,0.751171875,0.8246527777777778,0.0296875,0.0375
14,399,ckyw708pn001z386779fr849h,0,0.8314135174418604,0.1239583333333333,0.0359375,0.0395833333333333
14,399,ckyw723jy00233867gakwo9e7,0,0.8263020833333334,0.4381944444444444,0.0265625,0.0375
14,39,ckyw6zzlj001r3867thf0fuy7,0,0.26609375,0.6158333333333333,0.0359375,0.0375
14,39,ckyw704kw001v3867kvyjtx6k,0,0.7699573863636363,0.6590909090909091,0.0296875,0.0375
14,39,ckyw708pn001z386779fr849h,0,0.829993206521739,0.1274909420289855,0.0359375,0.0395833333333333
14,39,ckyw723jy00233867gakwo9e7,0,0.9313616071428572,0.0241071428571428,0.0265625,0.0375
14,3,ckyw6zzlj001r3867thf0fuy7,0,0.1582812499999999,0.6941666666666666,0.0359375,0.0375
14,3,ckyw704kw001v3867kvyjtx6k,0,0.73171875,0.7604166666666666,0.0296875,0.0375
14,3,ckyw708pn001z386779fr849h,0,0.8275475543478261,0.1242300724637681,0.0359375,0.0395833333333333
14,400,ckyw6zzlj001r3867thf0fuy7,0,0.23046875,0.775,0.0265625,0.0458333333333333
14,400,ckyw704kw001v3867kvyjtx6k,0,0.7515625,0.8208333333333333,0.0296875,0.0375
14,400,ckyw708pn001z386779fr849h,0,0.8314187084717608,0.1239583333333333,0.0359375,0.0395833333333333
14,400,ckyw723jy00233867gakwo9e7,0,0.82265625,0.4375,0.0265625,0.0375
14,401,ckyw6zzlj001r3867thf0fuy7,0,0.22734375,0.773263888888889,0.0265625,0.0458333333333333
14,401,ckyw704kw001v3867kvyjtx6k,0,0.751953125,0.8170138888888889,0.0296875,0.0375
14,401,ckyw708pn001z386779fr849h,0,0.8314238995016611,0.1239583333333333,0.0359375,0.0395833333333333
14,401,ckyw723jy00233867gakwo9e7,0,0.8208333333333334,0.434375,0.0265625,0.0375
14,402,ckyw6zzlj001r3867thf0fuy7,0,0.22421875,0.7715277777777777,0.0265625,0.0458333333333333
14,402,ckyw704kw001v3867kvyjtx6k,0,0.75234375,0.8131944444444444,0.0296875,0.0375
14,402,ckyw708pn001z386779fr849h,0,0.8314290905315614,0.1239583333333333,0.0359375,0.0395833333333333
14,402,ckyw723jy00233867gakwo9e7,0,0.8190104166666666,0.43125,0.0265625,0.0375
14,403,ckyw6zzlj001r3867thf0fuy7,0,0.22109375,0.7697916666666667,0.0265625,0.0458333333333333
14,403,ckyw704kw001v3867kvyjtx6k,0,0.752734375,0.809375,0.0296875,0.0375
14,403,ckyw708pn001z386779fr849h,0,0.8314342815614617,0.1239583333333333,0.0359375,0.0395833333333333
14,403,ckyw723jy00233867gakwo9e7,0,0.8171875,0.428125,0.0265625,0.0375
14,404,ckyw6zzlj001r3867thf0fuy7,0,0.21796875,0.7680555555555556,0.0265625,0.0458333333333333
14,404,ckyw704kw001v3867kvyjtx6k,0,0.753125,0.8055555555555556,0.0296875,0.0375
14,404,ckyw708pn001z386779fr849h,0,0.8314394725913621,0.1239583333333333,0.0359375,0.0395833333333333
14,404,ckyw723jy00233867gakwo9e7,0,0.8153645833333334,0.425,0.0265625,0.0375
14,405,ckyw6zzlj001r3867thf0fuy7,0,0.21484375,0.7663194444444444,0.0265625,0.0458333333333333
14,405,ckyw704kw001v3867kvyjtx6k,0,0.753515625,0.8017361111111111,0.0296875,0.0375
14,405,ckyw708pn001z386779fr849h,0,0.8314446636212625,0.1239583333333333,0.0359375,0.0395833333333333
14,405,ckyw723jy00233867gakwo9e7,0,0.8135416666666666,0.421875,0.0265625,0.0375
14,406,ckyw6zzlj001r3867thf0fuy7,0,0.21171875,0.7645833333333333,0.0265625,0.0458333333333333
14,406,ckyw704kw001v3867kvyjtx6k,0,0.75390625,0.7979166666666667,0.0296875,0.0375
14,406,ckyw708pn001z386779fr849h,0,0.8314498546511627,0.1239583333333333,0.0359375,0.0395833333333333
14,406,ckyw723jy00233867gakwo9e7,0,0.81171875,0.41875,0.0265625,0.0375
14,407,ckyw6zzlj001r3867thf0fuy7,0,0.20859375,0.7628472222222222,0.0265625,0.0458333333333333
14,407,ckyw704kw001v3867kvyjtx6k,0,0.7544270833333333,0.7940972222222222,0.0296875,0.0375
14,407,ckyw708pn001z386779fr849h,0,0.8314550456810631,0.1239583333333333,0.0359375,0.0395833333333333
14,407,ckyw723jy00233867gakwo9e7,0,0.8107142857142857,0.415327380952381,0.0265625,0.0375
14,408,ckyw6zzlj001r3867thf0fuy7,0,0.20546875,0.7611111111111111,0.0265625,0.0458333333333333
14,408,ckyw704kw001v3867kvyjtx6k,0,0.7549479166666667,0.7902777777777777,0.0296875,0.0375
14,408,ckyw708pn001z386779fr849h,0,0.8314602367109634,0.1239583333333333,0.0359375,0.0395833333333333
14,408,ckyw723jy00233867gakwo9e7,0,0.8097098214285714,0.4119047619047619,0.0265624999999999,0.0375
14,409,ckyw6zzlj001r3867thf0fuy7,0,0.20234375,0.759375,0.0265625,0.0458333333333333
14,409,ckyw704kw001v3867kvyjtx6k,0,0.75546875,0.7864583333333334,0.0296875,0.0375
14,409,ckyw708pn001z386779fr849h,0,0.8314654277408637,0.1239583333333333,0.0359375,0.0395833333333333
14,409,ckyw723jy00233867gakwo9e7,0,0.8087053571428571,0.4084821428571429,0.0265625,0.0375
14,40,ckyw6zzlj001r3867thf0fuy7,0,0.26953125,0.6177083333333333,0.0359375,0.0375
14,40,ckyw704kw001v3867kvyjtx6k,0,0.7722301136363636,0.6575757575757576,0.0296875,0.0375
14,40,ckyw708pn001z386779fr849h,0,0.8300611413043478,0.1275815217391304,0.0359375,0.0395833333333333
14,40,ckyw723jy00233867gakwo9e7,0,0.9353794642857144,0.0232142857142857,0.0265625,0.0375
14,410,ckyw6zzlj001r3867thf0fuy7,0,0.19921875,0.757638888888889,0.0265625,0.0458333333333333
14,410,ckyw704kw001v3867kvyjtx6k,0,0.7559895833333333,0.7826388888888889,0.0296875,0.0375
14,410,ckyw708pn001z386779fr849h,0,0.8314706187707641,0.1239583333333333,0.0359375,0.0395833333333333
14,410,ckyw723jy00233867gakwo9e7,0,0.8077008928571429,0.4050595238095237,0.0265625,0.0375
14,411,ckyw6zzlj001r3867thf0fuy7,0,0.19609375,0.7559027777777777,0.0265625,0.0458333333333333
14,411,ckyw704kw001v3867kvyjtx6k,0,0.7565104166666667,0.7788194444444444,0.0296875,0.0375
14,411,ckyw708pn001z386779fr849h,0,0.8314758098006644,0.1239583333333333,0.0359375,0.0395833333333333
14,411,ckyw723jy00233867gakwo9e7,0,0.8066964285714286,0.4016369047619047,0.0265625,0.0375
14,412,ckyw6zzlj001r3867thf0fuy7,0,0.19296875,0.7541666666666667,0.0265625,0.0458333333333333
14,412,ckyw704kw001v3867kvyjtx6k,0,0.75703125,0.775,0.0296875,0.0375
14,412,ckyw708pn001z386779fr849h,0,0.8314810008305648,0.1239583333333333,0.0359375,0.0395833333333333
14,412,ckyw723jy00233867gakwo9e7,0,0.8056919642857142,0.3982142857142857,0.0265624999999999,0.0375
14,413,ckyw6zzlj001r3867thf0fuy7,0,0.1916015625,0.7497395833333333,0.0265625,0.0458333333333333
14,413,ckyw704kw001v3867kvyjtx6k,0,0.7599609375,0.77421875,0.0296875,0.0375
14,413,ckyw708pn001z386779fr849h,0,0.831486191860465,0.1239583333333333,0.0359375,0.0395833333333333
14,413,ckyw723jy00233867gakwo9e7,0,0.8046875,0.3947916666666666,0.0265625,0.0375
14,414,ckyw6zzlj001r3867thf0fuy7,0,0.190234375,0.7453125,0.0265625,0.0458333333333333
14,414,ckyw704kw001v3867kvyjtx6k,0,0.762890625,0.7734375,0.0296875,0.0375
14,414,ckyw708pn001z386779fr849h,0,0.8314913828903654,0.1239583333333333,0.0359375,0.0395833333333333
14,414,ckyw723jy00233867gakwo9e7,0,0.8036830357142858,0.3913690476190476,0.0265625,0.0375
14,415,ckyw6zzlj001r3867thf0fuy7,0,0.1888671875,0.7408854166666666,0.0265625,0.0458333333333333
14,415,ckyw704kw001v3867kvyjtx6k,0,0.7658203125,0.77265625,0.0296875,0.0375
14,415,ckyw708pn001z386779fr849h,0,0.8314965739202658,0.1239583333333333,0.0359375,0.0395833333333333
14,415,ckyw723jy00233867gakwo9e7,0,0.8026785714285714,0.3879464285714286,0.0265624999999999,0.0375
14,416,ckyw6zzlj001r3867thf0fuy7,0,0.1875,0.7364583333333333,0.0265625,0.0458333333333333
14,416,ckyw704kw001v3867kvyjtx6k,0,0.76875,0.771875,0.0296875,0.0375
14,416,ckyw708pn001z386779fr849h,0,0.831501764950166,0.1239583333333333,0.0359375,0.0395833333333333
14,416,ckyw723jy00233867gakwo9e7,0,0.8016741071428571,0.3845238095238095,0.0265625,0.0375
14,417,ckyw6zzlj001r3867thf0fuy7,0,0.1861328125,0.73203125,0.0265625,0.0458333333333333
14,417,ckyw704kw001v3867kvyjtx6k,0,0.7716796875,0.77109375,0.0296875,0.0375
14,417,ckyw708pn001z386779fr849h,0,0.8315069559800664,0.1239583333333333,0.0359375,0.0395833333333333
14,417,ckyw723jy00233867gakwo9e7,0,0.8006696428571429,0.3811011904761905,0.0265625,0.0375
14,418,ckyw6zzlj001r3867thf0fuy7,0,0.184765625,0.7276041666666667,0.0265625,0.0458333333333333
14,418,ckyw704kw001v3867kvyjtx6k,0,0.774609375,0.7703125,0.0296875,0.0375
14,418,ckyw708pn001z386779fr849h,0,0.8315121470099667,0.1239583333333333,0.0359375,0.0395833333333333
14,418,ckyw723jy00233867gakwo9e7,0,0.7996651785714286,0.3776785714285714,0.0265625,0.0375
14,419,ckyw6zzlj001r3867thf0fuy7,0,0.1833984375,0.7231770833333333,0.0265625,0.0458333333333333
14,419,ckyw704kw001v3867kvyjtx6k,0,0.7775390625,0.76953125,0.0296875,0.0375
14,419,ckyw708pn001z386779fr849h,0,0.831517338039867,0.1239583333333333,0.0359375,0.0395833333333333
14,419,ckyw723jy00233867gakwo9e7,0,0.7986607142857143,0.3742559523809524,0.0265624999999999,0.0375
14,41,ckyw6zzlj001r3867thf0fuy7,0,0.27296875,0.6195833333333333,0.0359375,0.0375
14,41,ckyw704kw001v3867kvyjtx6k,0,0.7745028409090909,0.6560606060606061,0.0296875,0.0375
14,41,ckyw708pn001z386779fr849h,0,0.8301290760869564,0.1276721014492753,0.0359375,0.0395833333333333
14,41,ckyw723jy00233867gakwo9e7,0,0.9393973214285714,0.0223214285714285,0.0265625,0.0375
14,420,ckyw6zzlj001r3867thf0fuy7,0,0.18203125,0.71875,0.0265625,0.0458333333333333
14,420,ckyw704kw001v3867kvyjtx6k,0,0.78046875,0.76875,0.0296875,0.0375
14,420,ckyw708pn001z386779fr849h,0,0.8315225290697674,0.1239583333333333,0.0359375,0.0395833333333333
14,420,ckyw723jy00233867gakwo9e7,0,0.79765625,0.3708333333333333,0.0265625,0.0375
14,421,ckyw6zzlj001r3867thf0fuy7,0,0.1814453125,0.7130208333333333,0.0265625,0.0458333333333333
14,421,ckyw704kw001v3867kvyjtx6k,0,0.780078125,0.7640625,0.0296875,0.0375
14,421,ckyw708pn001z386779fr849h,0,0.8315277200996677,0.1239583333333333,0.0359375,0.0395833333333333
14,421,ckyw723jy00233867gakwo9e7,0,0.79765625,0.3666666666666666,0.0265625,0.0375
14,422,ckyw6zzlj001r3867thf0fuy7,0,0.180859375,0.7072916666666667,0.0265625,0.0458333333333333
14,422,ckyw704kw001v3867kvyjtx6k,0,0.7796875,0.759375,0.0296875,0.0375
14,422,ckyw708pn001z386779fr849h,0,0.8315329111295681,0.1239583333333333,0.0359375,0.0395833333333333
14,422,ckyw723jy00233867gakwo9e7,0,0.79765625,0.3625,0.0265625,0.0375
14,423,ckyw6zzlj001r3867thf0fuy7,0,0.1802734375,0.7015625,0.0265625,0.0458333333333333
14,423,ckyw704kw001v3867kvyjtx6k,0,0.779296875,0.7546875,0.0296875,0.0375
14,423,ckyw708pn001z386779fr849h,0,0.8315381021594683,0.1239583333333333,0.0359375,0.0395833333333333
14,423,ckyw723jy00233867gakwo9e7,0,0.79765625,0.3583333333333333,0.0265625,0.0375
14,424,ckyw6zzlj001r3867thf0fuy7,0,0.1796875,0.6958333333333333,0.0265625,0.0458333333333333
14,424,ckyw704kw001v3867kvyjtx6k,0,0.77890625,0.75,0.0296875,0.0375
14,424,ckyw708pn001z386779fr849h,0,0.8315432931893687,0.1239583333333333,0.0359375,0.0395833333333333
14,424,ckyw723jy00233867gakwo9e7,0,0.79765625,0.3541666666666667,0.0265625,0.0375
14,425,ckyw6zzlj001r3867thf0fuy7,0,0.1791015625,0.6901041666666666,0.0265625,0.0458333333333333
14,425,ckyw704kw001v3867kvyjtx6k,0,0.778515625,0.7453125,0.0296875,0.0375
14,425,ckyw708pn001z386779fr849h,0,0.8315484842192691,0.1239583333333333,0.0359375,0.0395833333333333
14,425,ckyw723jy00233867gakwo9e7,0,0.79765625,0.35,0.0265625,0.0375
14,426,ckyw6zzlj001r3867thf0fuy7,0,0.178515625,0.684375,0.0265625,0.0458333333333333
14,426,ckyw704kw001v3867kvyjtx6k,0,0.778125,0.740625,0.0296875,0.0375
14,426,ckyw708pn001z386779fr849h,0,0.8315536752491693,0.1239583333333333,0.0359375,0.0395833333333333
14,426,ckyw723jy00233867gakwo9e7,0,0.79765625,0.3458333333333333,0.0265625,0.0375
14,427,ckyw6zzlj001r3867thf0fuy7,0,0.1779296875,0.6786458333333333,0.0265625,0.0458333333333333
14,427,ckyw704kw001v3867kvyjtx6k,0,0.777734375,0.7359375,0.0296875,0.0375
14,427,ckyw708pn001z386779fr849h,0,0.8315588662790697,0.1239583333333333,0.0359375,0.0395833333333333
14,427,ckyw723jy00233867gakwo9e7,0,0.79765625,0.3416666666666667,0.0265625,0.0375
14,428,ckyw6zzlj001r3867thf0fuy7,0,0.17734375,0.6729166666666667,0.0265625,0.0458333333333333
14,428,ckyw704kw001v3867kvyjtx6k,0,0.77734375,0.73125,0.0296875,0.0375
14,428,ckyw708pn001z386779fr849h,0,0.83156405730897,0.1239583333333333,0.0359375,0.0395833333333333
14,428,ckyw723jy00233867gakwo9e7,0,0.79765625,0.3375,0.0265625,0.0375
14,429,ckyw6zzlj001r3867thf0fuy7,0,0.1768229166666666,0.6684027777777778,0.0265625,0.0458333333333333
14,429,ckyw704kw001v3867kvyjtx6k,0,0.7783854166666667,0.726388888888889,0.0296875,0.0375
14,429,ckyw708pn001z386779fr849h,0,0.8315692483388704,0.1239583333333333,0.0359375,0.0395833333333333
14,429,ckyw723jy00233867gakwo9e7,0,0.7981770833333334,0.3326388888888889,0.0265625,0.0375
14,42,ckyw6zzlj001r3867thf0fuy7,0,0.27640625,0.6214583333333333,0.0359375,0.0375
14,42,ckyw704kw001v3867kvyjtx6k,0,0.7767755681818181,0.6545454545454545,0.0296875,0.0375
14,42,ckyw708pn001z386779fr849h,0,0.8301970108695652,0.1277626811594202,0.0359375,0.0395833333333333
14,42,ckyw723jy00233867gakwo9e7,0,0.9434151785714286,0.0214285714285714,0.0265625,0.0375
14,430,ckyw6zzlj001r3867thf0fuy7,0,0.1763020833333333,0.663888888888889,0.0265625,0.0458333333333333
14,430,ckyw704kw001v3867kvyjtx6k,0,0.7794270833333333,0.7215277777777778,0.0296875,0.0375
14,430,ckyw708pn001z386779fr849h,0,0.8315744393687707,0.1239583333333333,0.0359375,0.0395833333333333
14,430,ckyw723jy00233867gakwo9e7,0,0.7986979166666666,0.3277777777777778,0.0265624999999999,0.0375
14,431,ckyw6zzlj001r3867thf0fuy7,0,0.17578125,0.659375,0.0265625,0.0458333333333333
14,431,ckyw704kw001v3867kvyjtx6k,0,0.78046875,0.7166666666666667,0.0296875,0.0375
14,431,ckyw708pn001z386779fr849h,0,0.831579630398671,0.1239583333333333,0.0359375,0.0395833333333333
14,431,ckyw723jy00233867gakwo9e7,0,0.79921875,0.3229166666666667,0.0265625,0.0375
14,432,ckyw6zzlj001r3867thf0fuy7,0,0.1752604166666666,0.6548611111111111,0.0265625,0.0458333333333333
14,432,ckyw704kw001v3867kvyjtx6k,0,0.77890625,0.7152777777777778,0.0296875,0.0375
14,432,ckyw708pn001z386779fr849h,0,0.8315848214285714,0.1239583333333333,0.0359375,0.0395833333333333
14,432,ckyw723jy00233867gakwo9e7,0,0.80390625,0.3236111111111111,0.0265625,0.0375
14,433,ckyw6zzlj001r3867thf0fuy7,0,0.1747395833333333,0.6503472222222223,0.0265625,0.0458333333333333
14,433,ckyw704kw001v3867kvyjtx6k,0,0.77734375,0.7138888888888889,0.0296875,0.0375
14,433,ckyw708pn001z386779fr849h,0,0.8315900124584716,0.1239583333333333,0.0359375,0.0395833333333333
14,433,ckyw723jy00233867gakwo9e7,0,0.80859375,0.3243055555555555,0.0265625,0.0375
14,434,ckyw6zzlj001r3867thf0fuy7,0,0.17421875,0.6458333333333334,0.0265625,0.0458333333333333
14,434,ckyw704kw001v3867kvyjtx6k,0,0.77578125,0.7125,0.0296875,0.0375
14,434,ckyw708pn001z386779fr849h,0,0.831595203488372,0.1239583333333333,0.0359375,0.0395833333333333
14,434,ckyw723jy00233867gakwo9e7,0,0.81328125,0.325,0.0265625,0.0375
14,435,ckyw6zzlj001r3867thf0fuy7,0,0.1778645833333333,0.6402777777777777,0.0265625,0.0458333333333333
14,435,ckyw704kw001v3867kvyjtx6k,0,0.77421875,0.7076388888888889,0.0296875,0.0375
14,435,ckyw708pn001z386779fr849h,0,0.8316003945182724,0.1239583333333333,0.0359375,0.0395833333333333
14,435,ckyw723jy00233867gakwo9e7,0,0.8127604166666667,0.3159722222222222,0.0265624999999999,0.0375
14,436,ckyw6zzlj001r3867thf0fuy7,0,0.1815104166666666,0.6347222222222223,0.0265625,0.0458333333333333
14,436,ckyw704kw001v3867kvyjtx6k,0,0.77265625,0.7027777777777777,0.0296875,0.0375
14,436,ckyw708pn001z386779fr849h,0,0.8316055855481727,0.1239583333333333,0.0359375,0.0395833333333333
14,436,ckyw723jy00233867gakwo9e7,0,0.8122395833333333,0.3069444444444444,0.0265625,0.0375
14,437,ckyw6zzlj001r3867thf0fuy7,0,0.18515625,0.6291666666666667,0.0265625,0.0458333333333333
14,437,ckyw704kw001v3867kvyjtx6k,0,0.77109375,0.6979166666666666,0.0296875,0.0375
14,437,ckyw708pn001z386779fr849h,0,0.831610776578073,0.1239583333333333,0.0359375,0.0395833333333333
14,437,ckyw723jy00233867gakwo9e7,0,0.81171875,0.2979166666666666,0.0265625,0.0375
14,438,ckyw6zzlj001r3867thf0fuy7,0,0.18609375,0.6241666666666668,0.0265625,0.0458333333333333
14,438,ckyw704kw001v3867kvyjtx6k,0,0.7692187500000001,0.6962499999999999,0.0296875,0.0375
14,438,ckyw708pn001z386779fr849h,0,0.8316159676079733,0.1239583333333333,0.0359375,0.0395833333333333
14,438,ckyw723jy00233867gakwo9e7,0,0.81484375,0.2958333333333333,0.0265625,0.0375
14,439,ckyw6zzlj001r3867thf0fuy7,0,0.1870312499999999,0.6191666666666666,0.0265624999999999,0.0458333333333333
14,439,ckyw704kw001v3867kvyjtx6k,0,0.76734375,0.6945833333333333,0.0296875,0.0375
14,439,ckyw708pn001z386779fr849h,0,0.8316211586378737,0.1239583333333333,0.0359375,0.0395833333333333
14,439,ckyw723jy00233867gakwo9e7,0,0.81796875,0.29375,0.0265625,0.0375
14,43,ckyw6zzlj001r3867thf0fuy7,0,0.27984375,0.6233333333333333,0.0359375,0.0375
14,43,ckyw704kw001v3867kvyjtx6k,0,0.7790482954545455,0.653030303030303,0.0296875,0.0375
14,43,ckyw708pn001z386779fr849h,0,0.8302649456521738,0.1278532608695652,0.0359375,0.0395833333333333
14,43,ckyw723jy00233867gakwo9e7,0,0.9474330357142856,0.0205357142857142,0.0265625,0.0375
14,440,ckyw6zzlj001r3867thf0fuy7,0,0.18796875,0.6141666666666666,0.0265625,0.0458333333333333
14,440,ckyw704kw001v3867kvyjtx6k,0,0.7654687499999999,0.6929166666666667,0.0296875,0.0375
14,440,ckyw708pn001z386779fr849h,0,0.831626349667774,0.1239583333333333,0.0359375,0.0395833333333333
14,440,ckyw723jy00233867gakwo9e7,0,0.82109375,0.2916666666666667,0.0265625,0.0375
14,441,ckyw6zzlj001r3867thf0fuy7,0,0.18890625,0.6091666666666666,0.0265625,0.0458333333333333
14,441,ckyw704kw001v3867kvyjtx6k,0,0.76359375,0.69125,0.0296875,0.0375
14,441,ckyw708pn001z386779fr849h,0,0.8316315406976743,0.1239583333333333,0.0359375,0.0395833333333333
14,441,ckyw723jy00233867gakwo9e7,0,0.82421875,0.2895833333333333,0.0265625,0.0375
14,442,ckyw6zzlj001r3867thf0fuy7,0,0.18984375,0.6041666666666666,0.0265625,0.0458333333333333
14,442,ckyw704kw001v3867kvyjtx6k,0,0.76171875,0.6895833333333333,0.0296875,0.0375
14,442,ckyw708pn001z386779fr849h,0,0.8316367317275747,0.1239583333333333,0.0359375,0.0395833333333333
14,442,ckyw723jy00233867gakwo9e7,0,0.82734375,0.2875,0.0265625,0.0375
14,443,ckyw6zzlj001r3867thf0fuy7,0,0.19296875,0.6016666666666667,0.0265625,0.0458333333333333
14,443,ckyw704kw001v3867kvyjtx6k,0,0.76015625,0.6861111111111111,0.0296875,0.0375
14,443,ckyw708pn001z386779fr849h,0,0.8316419227574752,0.1239583333333333,0.0359375,0.0395833333333333
14,443,ckyw723jy00233867gakwo9e7,0,0.8315104166666666,0.2888888888888888,0.0265625,0.0375
14,444,ckyw6zzlj001r3867thf0fuy7,0,0.19609375,0.5991666666666667,0.0265625,0.0458333333333333
14,444,ckyw704kw001v3867kvyjtx6k,0,0.75859375,0.6826388888888889,0.0296875,0.0375
14,444,ckyw708pn001z386779fr849h,0,0.8316471137873755,0.1239583333333333,0.0359375,0.0395833333333333
14,444,ckyw723jy00233867gakwo9e7,0,0.8356770833333333,0.2902777777777778,0.0265625,0.0375
14,445,ckyw6zzlj001r3867thf0fuy7,0,0.19921875,0.5966666666666666,0.0265625,0.0458333333333333
14,445,ckyw704kw001v3867kvyjtx6k,0,0.75703125,0.6791666666666667,0.0296875,0.0375
14,445,ckyw708pn001z386779fr849h,0,0.8316523048172758,0.1239583333333333,0.0359375,0.0395833333333333
14,445,ckyw723jy00233867gakwo9e7,0,0.83984375,0.2916666666666667,0.0265625,0.0375
14,446,ckyw6zzlj001r3867thf0fuy7,0,0.20234375,0.5941666666666666,0.0265625,0.0458333333333333
14,446,ckyw704kw001v3867kvyjtx6k,0,0.754296875,0.678125,0.0296875,0.0375
14,446,ckyw708pn001z386779fr849h,0,0.8316574958471762,0.1239583333333333,0.0359375,0.0395833333333333
14,446,ckyw723jy00233867gakwo9e7,0,0.84296875,0.2833333333333333,0.0265625,0.0375
14,447,ckyw6zzlj001r3867thf0fuy7,0,0.20546875,0.5916666666666667,0.0265625,0.0458333333333333
14,447,ckyw704kw001v3867kvyjtx6k,0,0.7515625,0.6770833333333334,0.0296875,0.0375
14,447,ckyw708pn001z386779fr849h,0,0.8316626868770765,0.1239583333333333,0.0359375,0.0395833333333333
14,447,ckyw723jy00233867gakwo9e7,0,0.8450520833333334,0.2902777777777778,0.0265625,0.0375
14,448,ckyw6zzlj001r3867thf0fuy7,0,0.20859375,0.5891666666666667,0.0265625,0.0458333333333333
14,448,ckyw704kw001v3867kvyjtx6k,0,0.748828125,0.6760416666666667,0.0296875,0.0375
14,448,ckyw708pn001z386779fr849h,0,0.8316678779069768,0.1239583333333333,0.0359375,0.0395833333333333
14,448,ckyw723jy00233867gakwo9e7,0,0.8471354166666666,0.2972222222222222,0.0265625,0.0375
14,449,ckyw6zzlj001r3867thf0fuy7,0,0.21171875,0.5866666666666667,0.0265625,0.0458333333333333
14,449,ckyw704kw001v3867kvyjtx6k,0,0.74609375,0.675,0.0296875,0.0375
14,449,ckyw708pn001z386779fr849h,0,0.8316730689368772,0.1239583333333333,0.0359375,0.0395833333333333
14,449,ckyw723jy00233867gakwo9e7,0,0.84921875,0.3041666666666666,0.0265625,0.0375
14,44,ckyw6zzlj001r3867thf0fuy7,0,0.28328125,0.6252083333333334,0.0359375,0.0375
14,44,ckyw704kw001v3867kvyjtx6k,0,0.7813210227272728,0.6515151515151516,0.0296875,0.0375
14,44,ckyw708pn001z386779fr849h,0,0.8303328804347826,0.1279438405797101,0.0359375,0.0395833333333333
14,44,ckyw723jy00233867gakwo9e7,0,0.9514508928571428,0.0196428571428571,0.0265625,0.0375
14,450,ckyw6zzlj001r3867thf0fuy7,0,0.21484375,0.5841666666666666,0.0265625,0.0458333333333333
14,450,ckyw704kw001v3867kvyjtx6k,0,0.7424479166666667,0.6770833333333334,0.0296875,0.0375
14,450,ckyw708pn001z386779fr849h,0,0.8316782599667775,0.1239583333333333,0.0359375,0.0395833333333333
14,450,ckyw723jy00233867gakwo9e7,0,0.8559895833333334,0.3,0.0265625,0.0375
14,451,ckyw6zzlj001r3867thf0fuy7,0,0.21796875,0.5816666666666667,0.0265625,0.0458333333333333
14,451,ckyw704kw001v3867kvyjtx6k,0,0.7388020833333333,0.6791666666666667,0.0296875,0.0375
14,451,ckyw708pn001z386779fr849h,0,0.8316834509966778,0.1239583333333333,0.0359375,0.0395833333333333
14,451,ckyw723jy00233867gakwo9e7,0,0.8627604166666666,0.2958333333333333,0.0265625,0.0375
14,452,ckyw6zzlj001r3867thf0fuy7,0,0.22109375,0.5791666666666667,0.0265625,0.0458333333333333
14,452,ckyw704kw001v3867kvyjtx6k,0,0.73515625,0.68125,0.0296875,0.0375
14,452,ckyw708pn001z386779fr849h,0,0.8316886420265781,0.1239583333333333,0.0359375,0.0395833333333333
14,452,ckyw723jy00233867gakwo9e7,0,0.86953125,0.2916666666666667,0.0265625,0.0375
14,453,ckyw6zzlj001r3867thf0fuy7,0,0.2246875,0.5775,0.026875,0.0458333333333333
14,453,ckyw704kw001v3867kvyjtx6k,0,0.73359375,0.6791666666666667,0.0296875,0.0375
14,453,ckyw708pn001z386779fr849h,0,0.8316938330564785,0.1239583333333333,0.0359375,0.0395833333333333
14,453,ckyw723jy00233867gakwo9e7,0,0.8690104166666666,0.2979166666666666,0.0265625,0.0375
14,454,ckyw6zzlj001r3867thf0fuy7,0,0.22828125,0.5758333333333333,0.0271875,0.0458333333333333
14,454,ckyw704kw001v3867kvyjtx6k,0,0.73203125,0.6770833333333334,0.0296875,0.0375
14,454,ckyw708pn001z386779fr849h,0,0.8316990240863789,0.1239583333333333,0.0359375,0.0395833333333333
14,454,ckyw723jy00233867gakwo9e7,0,0.8684895833333334,0.3041666666666666,0.0265625,0.0375
14,455,ckyw6zzlj001r3867thf0fuy7,0,0.2318749999999999,0.5741666666666667,0.0274999999999999,0.0458333333333333
14,455,ckyw704kw001v3867kvyjtx6k,0,0.73046875,0.675,0.0296875,0.0375
14,455,ckyw708pn001z386779fr849h,0,0.8317042151162791,0.1239583333333333,0.0359375,0.0395833333333333
14,455,ckyw723jy00233867gakwo9e7,0,0.86796875,0.3104166666666667,0.0265625,0.0375
14,456,ckyw6zzlj001r3867thf0fuy7,0,0.2354687499999999,0.5725,0.0278124999999999,0.0458333333333333
14,456,ckyw704kw001v3867kvyjtx6k,0,0.726953125,0.6755208333333333,0.0296875,0.0375
14,456,ckyw708pn001z386779fr849h,0,0.8317094061461795,0.1239583333333333,0.0359375,0.0395833333333333
14,456,ckyw723jy00233867gakwo9e7,0,0.871484375,0.3130208333333333,0.0265625,0.0375
14,457,ckyw6zzlj001r3867thf0fuy7,0,0.2390625,0.5708333333333333,0.028125,0.0458333333333333
14,457,ckyw704kw001v3867kvyjtx6k,0,0.7234375,0.6760416666666667,0.0296875,0.0375
14,457,ckyw708pn001z386779fr849h,0,0.8317145971760798,0.1239583333333333,0.0359375,0.0395833333333333
14,457,ckyw723jy00233867gakwo9e7,0,0.875,0.315625,0.0265625,0.0375
14,458,ckyw6zzlj001r3867thf0fuy7,0,0.24265625,0.5691666666666666,0.0284375,0.0458333333333333
14,458,ckyw704kw001v3867kvyjtx6k,0,0.719921875,0.6765625,0.0296875,0.0375
14,458,ckyw708pn001z386779fr849h,0,0.8317197882059801,0.1239583333333333,0.0359375,0.0395833333333333
14,458,ckyw723jy00233867gakwo9e7,0,0.878515625,0.3182291666666667,0.0265625,0.0375
14,459,ckyw6zzlj001r3867thf0fuy7,0,0.24625,0.5675,0.02875,0.0458333333333333
14,459,ckyw704kw001v3867kvyjtx6k,0,0.71640625,0.6770833333333334,0.0296875,0.0375
14,459,ckyw708pn001z386779fr849h,0,0.8317249792358805,0.1239583333333333,0.0359375,0.0395833333333333
14,459,ckyw723jy00233867gakwo9e7,0,0.88203125,0.3208333333333333,0.0265625,0.0375
14,45,ckyw6zzlj001r3867thf0fuy7,0,0.28671875,0.6270833333333333,0.0359375,0.0375
14,45,ckyw704kw001v3867kvyjtx6k,0,0.78359375,0.65,0.0296875,0.0375
14,45,ckyw708pn001z386779fr849h,0,0.8304008152173912,0.128034420289855,0.0359375,0.0395833333333333
14,45,ckyw723jy00233867gakwo9e7,0,0.95546875,0.01875,0.0265625,0.0375
14,460,ckyw6zzlj001r3867thf0fuy7,0,0.2498437499999999,0.5658333333333334,0.0290624999999999,0.0458333333333333
14,460,ckyw704kw001v3867kvyjtx6k,0,0.7143229166666667,0.6763888888888889,0.0296875,0.0375
14,460,ckyw708pn001z386779fr849h,0,0.8317301702657808,0.1239583333333333,0.0359375,0.0395833333333333
14,460,ckyw723jy00233867gakwo9e7,0,0.88671875,0.3201388888888888,0.0265625,0.0375
14,461,ckyw6zzlj001r3867thf0fuy7,0,0.2534375,0.5641666666666667,0.0293749999999999,0.0458333333333333
14,461,ckyw704kw001v3867kvyjtx6k,0,0.7122395833333333,0.6756944444444444,0.0296875,0.0375
14,461,ckyw708pn001z386779fr849h,0,0.8317353612956812,0.1239583333333333,0.0359375,0.0395833333333333
14,461,ckyw723jy00233867gakwo9e7,0,0.89140625,0.3194444444444445,0.0265625,0.0375
14,462,ckyw6zzlj001r3867thf0fuy7,0,0.25703125,0.5625,0.0296875,0.0458333333333333
14,462,ckyw704kw001v3867kvyjtx6k,0,0.71015625,0.675,0.0296875,0.0375
14,462,ckyw708pn001z386779fr849h,0,0.8317405523255814,0.1239583333333333,0.0359375,0.0395833333333333
14,462,ckyw723jy00233867gakwo9e7,0,0.89609375,0.31875,0.0265625,0.0375
14,463,ckyw6zzlj001r3867thf0fuy7,0,0.25703125,0.559375,0.028125,0.0458333333333333
14,463,ckyw704kw001v3867kvyjtx6k,0,0.70625,0.6791666666666667,0.0296875,0.0375
14,463,ckyw708pn001z386779fr849h,0,0.8317457433554818,0.1239583333333333,0.0359375,0.0395833333333333
14,463,ckyw723jy00233867gakwo9e7,0,0.89140625,0.3260416666666667,0.0265625,0.0375
14,464,ckyw6zzlj001r3867thf0fuy7,0,0.25703125,0.55625,0.0265625,0.0458333333333333
14,464,ckyw704kw001v3867kvyjtx6k,0,0.70234375,0.6833333333333333,0.0296875,0.0375
14,464,ckyw708pn001z386779fr849h,0,0.8317509343853822,0.1239583333333333,0.0359375,0.0395833333333333
14,464,ckyw723jy00233867gakwo9e7,0,0.88671875,0.3333333333333333,0.0265625,0.0375
14,465,ckyw6zzlj001r3867thf0fuy7,0,0.261328125,0.5557291666666667,0.0265625,0.0458333333333333
14,465,ckyw704kw001v3867kvyjtx6k,0,0.701171875,0.684375,0.0296875,0.0375
14,465,ckyw708pn001z386779fr849h,0,0.8317561254152824,0.1239583333333333,0.0359375,0.0395833333333333
14,465,ckyw723jy00233867gakwo9e7,0,0.88984375,0.3369791666666666,0.0265625,0.0375
14,466,ckyw6zzlj001r3867thf0fuy7,0,0.265625,0.5552083333333333,0.0265625,0.0458333333333333
14,466,ckyw704kw001v3867kvyjtx6k,0,0.7,0.6854166666666667,0.0296875,0.0375
14,466,ckyw708pn001z386779fr849h,0,0.8317613164451828,0.1239583333333333,0.0359375,0.0395833333333333
14,466,ckyw723jy00233867gakwo9e7,0,0.89296875,0.340625,0.0265625,0.0375
14,467,ckyw6zzlj001r3867thf0fuy7,0,0.269921875,0.5546875,0.0265625,0.0458333333333333
14,467,ckyw704kw001v3867kvyjtx6k,0,0.698828125,0.6864583333333333,0.0296875,0.0375
14,467,ckyw708pn001z386779fr849h,0,0.8317665074750831,0.1239583333333333,0.0359375,0.0395833333333333
14,467,ckyw723jy00233867gakwo9e7,0,0.89609375,0.3442708333333333,0.0265625,0.0375
14,468,ckyw6zzlj001r3867thf0fuy7,0,0.27421875,0.5541666666666667,0.0265625,0.0458333333333333
14,468,ckyw704kw001v3867kvyjtx6k,0,0.69765625,0.6875,0.0296875,0.0375
14,468,ckyw708pn001z386779fr849h,0,0.8317716985049834,0.1239583333333333,0.0359375,0.0395833333333333
14,468,ckyw723jy00233867gakwo9e7,0,0.89921875,0.3479166666666666,0.0265625,0.0375
14,469,ckyw6zzlj001r3867thf0fuy7,0,0.278125,0.5549999999999999,0.0268749999999999,0.0458333333333332
14,469,ckyw704kw001v3867kvyjtx6k,0,0.69578125,0.6904166666666666,0.0296875,0.0375
14,469,ckyw708pn001z386779fr849h,0,0.8317768895348838,0.1239583333333333,0.0359375,0.0395833333333333
14,469,ckyw723jy00233867gakwo9e7,0,0.90015625,0.3516666666666667,0.0265625,0.0375
14,46,ckyw6zzlj001r3867thf0fuy7,0,0.29046875,0.6304166666666667,0.0359375,0.0375
14,46,ckyw704kw001v3867kvyjtx6k,0,0.78671875,0.6541666666666667,0.0296875,0.0375
14,46,ckyw708pn001z386779fr849h,0,0.83046875,0.128125,0.0359375,0.0395833333333333
14,46,ckyw723jy00233867gakwo9e7,0,0.95234375,0.01875,0.0265625,0.0375
14,470,ckyw6zzlj001r3867thf0fuy7,0,0.28203125,0.5558333333333334,0.0271874999999999,0.0458333333333333
14,470,ckyw704kw001v3867kvyjtx6k,0,0.6939062500000001,0.6933333333333334,0.0296875,0.0375
14,470,ckyw708pn001z386779fr849h,0,0.8317820805647841,0.1239583333333333,0.0359375,0.0395833333333333
14,470,ckyw723jy00233867gakwo9e7,0,0.90109375,0.3554166666666666,0.0265625,0.0375
14,471,ckyw6zzlj001r3867thf0fuy7,0,0.2859375,0.5566666666666666,0.0275,0.0458333333333333
14,471,ckyw704kw001v3867kvyjtx6k,0,0.69203125,0.6962499999999999,0.0296875,0.0375
14,471,ckyw708pn001z386779fr849h,0,0.8317872715946845,0.1239583333333333,0.0359375,0.0395833333333333
14,471,ckyw723jy00233867gakwo9e7,0,0.90203125,0.3591666666666667,0.0265625,0.0375
14,472,ckyw6zzlj001r3867thf0fuy7,0,0.28984375,0.5575,0.0278125,0.0458333333333333
14,472,ckyw704kw001v3867kvyjtx6k,0,0.69015625,0.6991666666666667,0.0296875,0.0375
14,472,ckyw708pn001z386779fr849h,0,0.8317924626245847,0.1239583333333333,0.0359375,0.0395833333333333
14,472,ckyw723jy00233867gakwo9e7,0,0.90296875,0.3629166666666666,0.0265625,0.0375
14,473,ckyw6zzlj001r3867thf0fuy7,0,0.29375,0.5583333333333333,0.028125,0.0458333333333333
14,473,ckyw704kw001v3867kvyjtx6k,0,0.68828125,0.7020833333333333,0.0296875,0.0375
14,473,ckyw708pn001z386779fr849h,0,0.8317976536544851,0.1239583333333333,0.0359375,0.0395833333333333
14,473,ckyw723jy00233867gakwo9e7,0,0.90390625,0.3666666666666666,0.0265625,0.0375
14,474,ckyw6zzlj001r3867thf0fuy7,0,0.296484375,0.5598958333333334,0.028125,0.0458333333333333
14,474,ckyw704kw001v3867kvyjtx6k,0,0.687890625,0.70625,0.0296875,0.0375
14,474,ckyw708pn001z386779fr849h,0,0.8318028446843855,0.1239583333333333,0.0359375,0.0395833333333333
14,474,ckyw723jy00233867gakwo9e7,0,0.904296875,0.371875,0.0265625,0.0375
14,475,ckyw6zzlj001r3867thf0fuy7,0,0.29921875,0.5614583333333333,0.028125,0.0458333333333333
14,475,ckyw704kw001v3867kvyjtx6k,0,0.6875,0.7104166666666667,0.0296875,0.0375
14,475,ckyw708pn001z386779fr849h,0,0.8318080357142857,0.1239583333333333,0.0359375,0.0395833333333333
14,475,ckyw723jy00233867gakwo9e7,0,0.9046875,0.3770833333333333,0.0265625,0.0375
14,476,ckyw6zzlj001r3867thf0fuy7,0,0.301953125,0.5630208333333333,0.028125,0.0458333333333333
14,476,ckyw704kw001v3867kvyjtx6k,0,0.687109375,0.7145833333333333,0.0296875,0.0375
14,476,ckyw708pn001z386779fr849h,0,0.8318132267441861,0.1239583333333333,0.0359375,0.0395833333333333
14,476,ckyw723jy00233867gakwo9e7,0,0.905078125,0.3822916666666666,0.0265625,0.0375
14,477,ckyw6zzlj001r3867thf0fuy7,0,0.3046875,0.5645833333333333,0.028125,0.0458333333333333
14,477,ckyw704kw001v3867kvyjtx6k,0,0.68671875,0.71875,0.0296875,0.0375
14,477,ckyw708pn001z386779fr849h,0,0.8318184177740864,0.1239583333333333,0.0359375,0.0395833333333333
14,477,ckyw723jy00233867gakwo9e7,0,0.90546875,0.3875,0.0265625,0.0375
14,478,ckyw6zzlj001r3867thf0fuy7,0,0.309375,0.575,0.028125,0.0458333333333333
14,478,ckyw704kw001v3867kvyjtx6k,0,0.68203125,0.7229166666666667,0.0296875,0.0375
14,478,ckyw708pn001z386779fr849h,0,0.8318236088039868,0.1239583333333333,0.0359375,0.0395833333333333
14,478,ckyw723jy00233867gakwo9e7,0,0.89609375,0.3895833333333333,0.0265625,0.0375
14,479,ckyw6zzlj001r3867thf0fuy7,0,0.3127604166666667,0.575,0.0286458333333333,0.0458333333333333
14,479,ckyw704kw001v3867kvyjtx6k,0,0.6838541666666667,0.726388888888889,0.0296875,0.0375
14,479,ckyw708pn001z386779fr849h,0,0.8318287998338871,0.1239583333333333,0.0359375,0.0395833333333333
14,479,ckyw723jy00233867gakwo9e7,0,0.8950520833333334,0.3920138888888889,0.0265625,0.0375
14,47,ckyw6zzlj001r3867thf0fuy7,0,0.29421875,0.6337499999999999,0.0359375,0.0375
14,47,ckyw704kw001v3867kvyjtx6k,0,0.7895833333333334,0.6555555555555556,0.0296875,0.0375
14,47,ckyw708pn001z386779fr849h,0,0.8302083333333334,0.1270833333333333,0.0359375,0.0395833333333333
14,480,ckyw6zzlj001r3867thf0fuy7,0,0.3161458333333333,0.575,0.0291666666666666,0.0458333333333333
14,480,ckyw704kw001v3867kvyjtx6k,0,0.6856770833333333,0.7298611111111111,0.0296875,0.0375
14,480,ckyw708pn001z386779fr849h,0,0.8318339908637874,0.1239583333333333,0.0359375,0.0395833333333333
14,480,ckyw723jy00233867gakwo9e7,0,0.8940104166666666,0.3944444444444445,0.0265625,0.0375
14,481,ckyw6zzlj001r3867thf0fuy7,0,0.31953125,0.575,0.0296875,0.0458333333333333
14,481,ckyw704kw001v3867kvyjtx6k,0,0.6875,0.7333333333333333,0.0296875,0.0375
14,481,ckyw708pn001z386779fr849h,0,0.8318391818936878,0.1239583333333333,0.0359375,0.0395833333333333
14,481,ckyw723jy00233867gakwo9e7,0,0.89296875,0.396875,0.0265625,0.0375
14,482,ckyw6zzlj001r3867thf0fuy7,0,0.3229166666666667,0.575,0.0302083333333333,0.0458333333333333
14,482,ckyw704kw001v3867kvyjtx6k,0,0.6893229166666667,0.7368055555555556,0.0296875,0.0375
14,482,ckyw708pn001z386779fr849h,0,0.831844372923588,0.1239583333333333,0.0359375,0.0395833333333333
14,482,ckyw723jy00233867gakwo9e7,0,0.8919270833333334,0.3993055555555555,0.0265625,0.0375
14,483,ckyw6zzlj001r3867thf0fuy7,0,0.3263020833333333,0.575,0.0307291666666666,0.0458333333333333
14,483,ckyw704kw001v3867kvyjtx6k,0,0.6911458333333333,0.7402777777777777,0.0296875,0.0375
14,483,ckyw708pn001z386779fr849h,0,0.8318495639534884,0.1239583333333333,0.0359375,0.0395833333333333
14,483,ckyw723jy00233867gakwo9e7,0,0.8908854166666667,0.4017361111111111,0.0265625,0.0375
14,484,ckyw6zzlj001r3867thf0fuy7,0,0.3296875,0.575,0.03125,0.0458333333333333
14,484,ckyw704kw001v3867kvyjtx6k,0,0.69296875,0.74375,0.0296875,0.0375
14,484,ckyw708pn001z386779fr849h,0,0.8318547549833888,0.1239583333333333,0.0359375,0.0395833333333333
14,484,ckyw723jy00233867gakwo9e7,0,0.88984375,0.4041666666666667,0.0265625,0.0375
14,485,ckyw6zzlj001r3867thf0fuy7,0,0.33212890625,0.5796875,0.0306640625,0.0458333333333333
14,485,ckyw704kw001v3867kvyjtx6k,0,0.68515625,0.7385416666666667,0.0296875,0.0375
14,485,ckyw708pn001z386779fr849h,0,0.831859946013289,0.1239583333333333,0.0359375,0.0395833333333333
14,485,ckyw723jy00233867gakwo9e7,0,0.89296875,0.4135416666666666,0.0265625,0.0375
14,486,ckyw6zzlj001r3867thf0fuy7,0,0.3345703125,0.584375,0.030078125,0.0458333333333333
14,486,ckyw704kw001v3867kvyjtx6k,0,0.67734375,0.7333333333333333,0.0296875,0.0375
14,486,ckyw708pn001z386779fr849h,0,0.8318651370431894,0.1239583333333333,0.0359375,0.0395833333333333
14,486,ckyw723jy00233867gakwo9e7,0,0.89609375,0.4229166666666666,0.0265625,0.0375
14,487,ckyw6zzlj001r3867thf0fuy7,0,0.33701171875,0.5890625,0.0294921875,0.0458333333333333
14,487,ckyw704kw001v3867kvyjtx6k,0,0.6747395833333333,0.7350694444444444,0.0296875,0.0375
14,487,ckyw708pn001z386779fr849h,0,0.8318703280730897,0.1239583333333333,0.0359375,0.0395833333333333
14,487,ckyw723jy00233867gakwo9e7,0,0.8934895833333334,0.4253472222222222,0.0265625,0.0375
14,488,ckyw6zzlj001r3867thf0fuy7,0,0.339453125,0.59375,0.02890625,0.0458333333333333
14,488,ckyw704kw001v3867kvyjtx6k,0,0.6721354166666667,0.7368055555555556,0.0296875,0.0375
14,488,ckyw708pn001z386779fr849h,0,0.8318755191029901,0.1239583333333333,0.0359375,0.0395833333333333
14,488,ckyw723jy00233867gakwo9e7,0,0.8908854166666667,0.4277777777777778,0.0265625,0.0375
14,489,ckyw6zzlj001r3867thf0fuy7,0,0.34189453125,0.5984375,0.0283203125,0.0458333333333333
14,489,ckyw704kw001v3867kvyjtx6k,0,0.66953125,0.7385416666666667,0.0296875,0.0375
14,489,ckyw708pn001z386779fr849h,0,0.8318807101328904,0.1239583333333333,0.0359375,0.0395833333333333
14,489,ckyw723jy00233867gakwo9e7,0,0.88828125,0.4302083333333333,0.0265625,0.0375
14,48,ckyw6zzlj001r3867thf0fuy7,0,0.29796875,0.6370833333333333,0.0359375,0.0375
14,48,ckyw704kw001v3867kvyjtx6k,0,0.7924479166666666,0.6569444444444444,0.0296874999999999,0.0375
14,48,ckyw708pn001z386779fr849h,0,0.8299479166666666,0.1260416666666666,0.0359375,0.0395833333333333
14,490,ckyw6zzlj001r3867thf0fuy7,0,0.3443359375,0.603125,0.027734375,0.0458333333333333
14,490,ckyw704kw001v3867kvyjtx6k,0,0.6669270833333333,0.7402777777777777,0.0296875,0.0375
14,490,ckyw708pn001z386779fr849h,0,0.8318859011627907,0.1239583333333333,0.0359375,0.0395833333333333
14,490,ckyw723jy00233867gakwo9e7,0,0.8856770833333334,0.4326388888888888,0.0265625,0.0375
14,491,ckyw6zzlj001r3867thf0fuy7,0,0.34677734375,0.6078125,0.0271484375,0.0458333333333333
14,491,ckyw704kw001v3867kvyjtx6k,0,0.6643229166666667,0.742013888888889,0.0296875,0.0375
14,491,ckyw708pn001z386779fr849h,0,0.8318910921926911,0.1239583333333333,0.0359375,0.0395833333333333
14,491,ckyw723jy00233867gakwo9e7,0,0.8830729166666667,0.4350694444444444,0.0265625,0.0375
14,492,ckyw6zzlj001r3867thf0fuy7,0,0.34921875,0.6125,0.0265625,0.0458333333333333
14,492,ckyw704kw001v3867kvyjtx6k,0,0.66171875,0.74375,0.0296875,0.0375
14,492,ckyw708pn001z386779fr849h,0,0.8318962832225913,0.1239583333333333,0.0359375,0.0395833333333333
14,492,ckyw723jy00233867gakwo9e7,0,0.88046875,0.4375,0.0265625,0.0375
14,493,ckyw6zzlj001r3867thf0fuy7,0,0.34984375,0.6174999999999999,0.0265625,0.0458333333333333
14,493,ckyw704kw001v3867kvyjtx6k,0,0.65890625,0.7424999999999999,0.0296875,0.0375
14,493,ckyw708pn001z386779fr849h,0,0.8319014742524917,0.1239583333333333,0.0359375,0.0395833333333333
14,493,ckyw723jy00233867gakwo9e7,0,0.87828125,0.44,0.0265625,0.0375
14,494,ckyw6zzlj001r3867thf0fuy7,0,0.35046875,0.6225,0.0265625,0.0458333333333333
14,494,ckyw704kw001v3867kvyjtx6k,0,0.6560937499999999,0.7412500000000001,0.0296875,0.0375
14,494,ckyw708pn001z386779fr849h,0,0.8319066652823921,0.1239583333333333,0.0359375,0.0395833333333333
14,494,ckyw723jy00233867gakwo9e7,0,0.8760937500000001,0.4425,0.0265625,0.0375
14,495,ckyw6zzlj001r3867thf0fuy7,0,0.35109375,0.6275,0.0265625,0.0458333333333333
14,495,ckyw704kw001v3867kvyjtx6k,0,0.65328125,0.74,0.0296875,0.0375
14,495,ckyw708pn001z386779fr849h,0,0.8319118563122924,0.1239583333333333,0.0359375,0.0395833333333333
14,495,ckyw723jy00233867gakwo9e7,0,0.8739062499999999,0.445,0.0265625,0.0375
14,496,ckyw6zzlj001r3867thf0fuy7,0,0.3517187499999999,0.6325000000000001,0.0265625,0.0458333333333333
14,496,ckyw704kw001v3867kvyjtx6k,0,0.65046875,0.73875,0.0296875,0.0375
14,496,ckyw708pn001z386779fr849h,0,0.8319170473421927,0.1239583333333333,0.0359375,0.0395833333333333
14,496,ckyw723jy00233867gakwo9e7,0,0.87171875,0.4475,0.0265625,0.0375
14,497,ckyw6zzlj001r3867thf0fuy7,0,0.35234375,0.6375,0.0265625,0.0458333333333333
14,497,ckyw704kw001v3867kvyjtx6k,0,0.64765625,0.7375,0.0296875,0.0375
14,497,ckyw708pn001z386779fr849h,0,0.831922238372093,0.1239583333333333,0.0359375,0.0395833333333333
14,497,ckyw723jy00233867gakwo9e7,0,0.86953125,0.45,0.0265625,0.0375
14,498,ckyw6zzlj001r3867thf0fuy7,0,0.3526041666666666,0.6420138888888889,0.0265625,0.0458333333333333
14,498,ckyw704kw001v3867kvyjtx6k,0,0.6450520833333333,0.7357638888888889,0.0296875,0.0375
14,498,ckyw708pn001z386779fr849h,0,0.8319274294019934,0.1239583333333333,0.0359375,0.0395833333333333
14,498,ckyw723jy00233867gakwo9e7,0,0.8651041666666666,0.4517361111111111,0.0265625,0.0375
14,499,ckyw6zzlj001r3867thf0fuy7,0,0.3528645833333333,0.6465277777777777,0.0265625,0.0458333333333333
14,499,ckyw704kw001v3867kvyjtx6k,0,0.6424479166666667,0.7340277777777777,0.0296875,0.0375
14,499,ckyw708pn001z386779fr849h,0,0.8319326204318938,0.1239583333333333,0.0359375,0.0395833333333333
14,499,ckyw723jy00233867gakwo9e7,0,0.8606770833333334,0.4534722222222222,0.0265625,0.0375
14,49,ckyw6zzlj001r3867thf0fuy7,0,0.30171875,0.6404166666666666,0.0359375,0.0375
14,49,ckyw704kw001v3867kvyjtx6k,0,0.7953125,0.6583333333333333,0.0296875,0.0375
14,49,ckyw708pn001z386779fr849h,0,0.8296875,0.125,0.0359375,0.0395833333333333
14,4,ckyw6zzlj001r3867thf0fuy7,0,0.15796875,0.6883333333333332,0.0359375,0.0375
14,4,ckyw704kw001v3867kvyjtx6k,0,0.73140625,0.75625,0.0296875,0.0375
14,4,ckyw708pn001z386779fr849h,0,0.8276154891304348,0.124320652173913,0.0359375,0.0395833333333333
14,500,ckyw6zzlj001r3867thf0fuy7,0,0.353125,0.6510416666666666,0.0265625,0.0458333333333333
14,500,ckyw704kw001v3867kvyjtx6k,0,0.63984375,0.7322916666666667,0.0296875,0.0375
14,500,ckyw708pn001z386779fr849h,0,0.831937811461794,0.1239583333333333,0.0359375,0.0395833333333333
14,500,ckyw723jy00233867gakwo9e7,0,0.85625,0.4552083333333333,0.0265625,0.0375
14,501,ckyw6zzlj001r3867thf0fuy7,0,0.3533854166666667,0.6555555555555556,0.0265625,0.0458333333333333
14,501,ckyw704kw001v3867kvyjtx6k,0,0.6372395833333333,0.7305555555555556,0.0296875,0.0375
14,501,ckyw708pn001z386779fr849h,0,0.8319430024916944,0.1239583333333333,0.0359375,0.0395833333333333
14,501,ckyw723jy00233867gakwo9e7,0,0.8518229166666667,0.4569444444444445,0.0265625,0.0375
14,502,ckyw6zzlj001r3867thf0fuy7,0,0.3536458333333333,0.6600694444444444,0.0265625,0.0458333333333333
14,502,ckyw704kw001v3867kvyjtx6k,0,0.6346354166666667,0.7288194444444444,0.0296875,0.0375
14,502,ckyw708pn001z386779fr849h,0,0.8319481935215947,0.1239583333333333,0.0359375,0.0395833333333333
14,502,ckyw723jy00233867gakwo9e7,0,0.8473958333333333,0.4586805555555555,0.0265625,0.0375
14,503,ckyw6zzlj001r3867thf0fuy7,0,0.35390625,0.6645833333333333,0.0265625,0.0458333333333333
14,503,ckyw704kw001v3867kvyjtx6k,0,0.63203125,0.7270833333333333,0.0296875,0.0375
14,503,ckyw708pn001z386779fr849h,0,0.831953384551495,0.1239583333333333,0.0359375,0.0395833333333333
14,503,ckyw723jy00233867gakwo9e7,0,0.84296875,0.4604166666666666,0.0265625,0.0375
14,504,ckyw6zzlj001r3867thf0fuy7,0,0.3528645833333333,0.66875,0.0265625,0.0458333333333333
14,504,ckyw704kw001v3867kvyjtx6k,0,0.6309895833333333,0.7236111111111111,0.0296875,0.0375
14,504,ckyw708pn001z386779fr849h,0,0.8319585755813954,0.1239583333333333,0.0359375,0.0395833333333333
14,504,ckyw723jy00233867gakwo9e7,0,0.846875,0.4659722222222222,0.0265625,0.0375
14,505,ckyw6zzlj001r3867thf0fuy7,0,0.3518229166666666,0.6729166666666667,0.0265625,0.0458333333333333
14,505,ckyw704kw001v3867kvyjtx6k,0,0.6299479166666667,0.7201388888888889,0.0296875,0.0375
14,505,ckyw708pn001z386779fr849h,0,0.8319637666112957,0.1239583333333333,0.0359375,0.0395833333333333
14,505,ckyw723jy00233867gakwo9e7,0,0.85078125,0.4715277777777778,0.0265625,0.0375
14,506,ckyw6zzlj001r3867thf0fuy7,0,0.35078125,0.6770833333333334,0.0265625,0.0458333333333333
14,506,ckyw704kw001v3867kvyjtx6k,0,0.62890625,0.7166666666666667,0.0296875,0.0375
14,506,ckyw708pn001z386779fr849h,0,0.831968957641196,0.1239583333333333,0.0359375,0.0395833333333333
14,506,ckyw723jy00233867gakwo9e7,0,0.8546875,0.4770833333333333,0.0265625,0.0375
14,507,ckyw6zzlj001r3867thf0fuy7,0,0.3497395833333333,0.68125,0.0265625,0.0458333333333333
14,507,ckyw704kw001v3867kvyjtx6k,0,0.6278645833333333,0.7131944444444444,0.0296875,0.0375
14,507,ckyw708pn001z386779fr849h,0,0.8319741486710963,0.1239583333333333,0.0359375,0.0395833333333333
14,507,ckyw723jy00233867gakwo9e7,0,0.85859375,0.4826388888888889,0.0265625,0.0375
14,508,ckyw6zzlj001r3867thf0fuy7,0,0.3486979166666666,0.6854166666666667,0.0265625,0.0458333333333333
14,508,ckyw704kw001v3867kvyjtx6k,0,0.6268229166666667,0.7097222222222223,0.0296875,0.0375
14,508,ckyw708pn001z386779fr849h,0,0.8319793397009967,0.1239583333333333,0.0359375,0.0395833333333333
14,508,ckyw723jy00233867gakwo9e7,0,0.8625,0.4881944444444445,0.0265625,0.0375
14,509,ckyw6zzlj001r3867thf0fuy7,0,0.34765625,0.6895833333333333,0.0265625,0.0458333333333333
14,509,ckyw704kw001v3867kvyjtx6k,0,0.62578125,0.70625,0.0296875,0.0375
14,509,ckyw708pn001z386779fr849h,0,0.8319845307308971,0.1239583333333333,0.0359375,0.0395833333333333
14,509,ckyw723jy00233867gakwo9e7,0,0.86640625,0.49375,0.0265625,0.0375
14,50,ckyw6zzlj001r3867thf0fuy7,0,0.30546875,0.64375,0.0359375,0.0375
14,50,ckyw704kw001v3867kvyjtx6k,0,0.7981770833333334,0.6597222222222222,0.0296875,0.0375
14,50,ckyw708pn001z386779fr849h,0,0.8294270833333334,0.1239583333333333,0.0359375,0.0395833333333333
14,510,ckyw6zzlj001r3867thf0fuy7,0,0.3481770833333333,0.69375,0.0265625,0.0458333333333333
14,510,ckyw704kw001v3867kvyjtx6k,0,0.625,0.7020833333333333,0.0296875,0.0375
14,510,ckyw708pn001z386779fr849h,0,0.8319897217607973,0.1239583333333333,0.0359375,0.0395833333333333
14,510,ckyw723jy00233867gakwo9e7,0,0.865625,0.4989583333333333,0.0265625,0.0375
14,511,ckyw6zzlj001r3867thf0fuy7,0,0.3486979166666666,0.6979166666666666,0.0265625,0.0458333333333333
14,511,ckyw704kw001v3867kvyjtx6k,0,0.62421875,0.6979166666666666,0.0296875,0.0375
14,511,ckyw708pn001z386779fr849h,0,0.8319949127906977,0.1239583333333333,0.0359375,0.0395833333333333
14,511,ckyw723jy00233867gakwo9e7,0,0.86484375,0.5041666666666667,0.0265625,0.0375
14,512,ckyw6zzlj001r3867thf0fuy7,0,0.34921875,0.7020833333333333,0.0265625,0.0458333333333333
14,512,ckyw704kw001v3867kvyjtx6k,0,0.6234375,0.69375,0.0296875,0.0375
14,512,ckyw708pn001z386779fr849h,0,0.832000103820598,0.1239583333333333,0.0359375,0.0395833333333333
14,512,ckyw723jy00233867gakwo9e7,0,0.8640625,0.509375,0.0265625,0.0375
14,513,ckyw6zzlj001r3867thf0fuy7,0,0.3497395833333333,0.70625,0.0265625,0.0458333333333333
14,513,ckyw704kw001v3867kvyjtx6k,0,0.62265625,0.6895833333333333,0.0296875,0.0375
14,513,ckyw708pn001z386779fr849h,0,0.8320052948504983,0.1239583333333333,0.0359375,0.0395833333333333
14,513,ckyw723jy00233867gakwo9e7,0,0.86328125,0.5145833333333333,0.0265625,0.0375
14,514,ckyw6zzlj001r3867thf0fuy7,0,0.3502604166666666,0.7104166666666667,0.0265625,0.0458333333333333
14,514,ckyw704kw001v3867kvyjtx6k,0,0.62421875,0.6854166666666667,0.0296875,0.0375
14,514,ckyw708pn001z386779fr849h,0,0.8320104858803987,0.1239583333333333,0.0359375,0.0395833333333333
14,514,ckyw723jy00233867gakwo9e7,0,0.8703125,0.5125,0.0265625,0.0375
14,515,ckyw6zzlj001r3867thf0fuy7,0,0.35078125,0.7145833333333333,0.0265625,0.0458333333333333
14,515,ckyw704kw001v3867kvyjtx6k,0,0.62578125,0.68125,0.0296875,0.0375
14,515,ckyw708pn001z386779fr849h,0,0.832015676910299,0.1239583333333333,0.0359375,0.0395833333333333
14,515,ckyw723jy00233867gakwo9e7,0,0.87734375,0.5104166666666666,0.0265625,0.0375
14,516,ckyw6zzlj001r3867thf0fuy7,0,0.3497395833333333,0.71875,0.0265625,0.0458333333333333
14,516,ckyw704kw001v3867kvyjtx6k,0,0.6252604166666667,0.6763888888888889,0.0296875,0.0375
14,516,ckyw708pn001z386779fr849h,0,0.8320208679401994,0.1239583333333333,0.0359375,0.0395833333333333
14,516,ckyw723jy00233867gakwo9e7,0,0.8752604166666667,0.5201388888888889,0.0265625,0.0375
14,517,ckyw6zzlj001r3867thf0fuy7,0,0.3486979166666666,0.7229166666666667,0.0265625,0.0458333333333333
14,517,ckyw704kw001v3867kvyjtx6k,0,0.6247395833333333,0.6715277777777777,0.0296875,0.0375
14,517,ckyw708pn001z386779fr849h,0,0.8320260589700996,0.1239583333333333,0.0359375,0.0395833333333333
14,517,ckyw723jy00233867gakwo9e7,0,0.8731770833333334,0.5298611111111111,0.0265625,0.0374999999999999
14,518,ckyw6zzlj001r3867thf0fuy7,0,0.34765625,0.7270833333333333,0.0265625,0.0458333333333333
14,518,ckyw704kw001v3867kvyjtx6k,0,0.62421875,0.6666666666666666,0.0296875,0.0375
14,518,ckyw708pn001z386779fr849h,0,0.83203125,0.1239583333333333,0.0359375,0.0395833333333333
14,518,ckyw723jy00233867gakwo9e7,0,0.87109375,0.5395833333333333,0.0265625,0.0375
14,519,ckyw6zzlj001r3867thf0fuy7,0,0.34484375,0.73,0.0265625,0.0458333333333333
14,519,ckyw704kw001v3867kvyjtx6k,0,0.62046875,0.6695833333333333,0.0296875,0.0375
14,519,ckyw708pn001z386779fr849h,0,0.8320242745535713,0.1239676339285714,0.0359375,0.0395833333333333
14,519,ckyw723jy00233867gakwo9e7,0,0.8735937500000001,0.5420833333333334,0.0265625,0.0375
14,51,ckyw6zzlj001r3867thf0fuy7,0,0.30546875,0.653125,0.0359375,0.0375
14,51,ckyw704kw001v3867kvyjtx6k,0,0.8010416666666667,0.6611111111111111,0.0296874999999999,0.0375
14,51,ckyw708pn001z386779fr849h,0,0.8291666666666666,0.1229166666666666,0.0359375,0.0395833333333333
14,520,ckyw6zzlj001r3867thf0fuy7,0,0.34203125,0.7329166666666667,0.0265625,0.0458333333333333
14,520,ckyw704kw001v3867kvyjtx6k,0,0.61671875,0.6725,0.0296875,0.0375
14,520,ckyw708pn001z386779fr849h,0,0.8320172991071428,0.1239769345238095,0.0359375,0.0395833333333333
14,520,ckyw723jy00233867gakwo9e7,0,0.8760937500000001,0.5445833333333333,0.0265625,0.0374999999999999
14,521,ckyw6zzlj001r3867thf0fuy7,0,0.33921875,0.7358333333333333,0.0265625,0.0458333333333333
14,521,ckyw704kw001v3867kvyjtx6k,0,0.6129687500000001,0.6754166666666667,0.0296875,0.0375
14,521,ckyw708pn001z386779fr849h,0,0.8320103236607143,0.1239862351190476,0.0359375,0.0395833333333333
14,521,ckyw723jy00233867gakwo9e7,0,0.87859375,0.5470833333333334,0.0265625,0.0375
14,522,ckyw6zzlj001r3867thf0fuy7,0,0.33640625,0.73875,0.0265625,0.0458333333333333
14,522,ckyw704kw001v3867kvyjtx6k,0,0.6092187499999999,0.6783333333333333,0.0296875,0.0375
14,522,ckyw708pn001z386779fr849h,0,0.8320033482142858,0.1239955357142857,0.0359375,0.0395833333333333
14,522,ckyw723jy00233867gakwo9e7,0,0.88109375,0.5495833333333333,0.0265625,0.0375
14,523,ckyw6zzlj001r3867thf0fuy7,0,0.33359375,0.7416666666666667,0.0265625,0.0458333333333333
14,523,ckyw704kw001v3867kvyjtx6k,0,0.60546875,0.68125,0.0296875,0.0375
14,523,ckyw708pn001z386779fr849h,0,0.8319963727678571,0.1240048363095238,0.0359375,0.0395833333333333
14,523,ckyw723jy00233867gakwo9e7,0,0.88359375,0.5520833333333334,0.0265625,0.0375
14,524,ckyw6zzlj001r3867thf0fuy7,0,0.33203125,0.7455357142857142,0.0265625,0.0458333333333333
14,524,ckyw704kw001v3867kvyjtx6k,0,0.60546875,0.6761904761904761,0.0296875,0.0375
14,524,ckyw708pn001z386779fr849h,0,0.8319893973214286,0.1240141369047618,0.0359375,0.0395833333333333
14,524,ckyw723jy00233867gakwo9e7,0,0.887109375,0.5546875,0.0265625,0.0375
14,525,ckyw6zzlj001r3867thf0fuy7,0,0.33046875,0.7494047619047619,0.0265625,0.0458333333333333
14,525,ckyw704kw001v3867kvyjtx6k,0,0.60546875,0.6711309523809524,0.0296875,0.0375
14,525,ckyw708pn001z386779fr849h,0,0.831982421875,0.1240234375,0.0359375,0.0395833333333333
14,525,ckyw723jy00233867gakwo9e7,0,0.890625,0.5572916666666666,0.0265625,0.0375
14,526,ckyw6zzlj001r3867thf0fuy7,0,0.32890625,0.7532738095238095,0.0265625,0.0458333333333333
14,526,ckyw704kw001v3867kvyjtx6k,0,0.60546875,0.6660714285714285,0.0296875,0.0375
14,526,ckyw708pn001z386779fr849h,0,0.8319754464285714,0.1240327380952381,0.0359375,0.0395833333333333
14,526,ckyw723jy00233867gakwo9e7,0,0.894140625,0.5598958333333334,0.0265625,0.0375
14,527,ckyw6zzlj001r3867thf0fuy7,0,0.32734375,0.7571428571428572,0.0265625,0.0458333333333333
14,527,ckyw704kw001v3867kvyjtx6k,0,0.60546875,0.6610119047619047,0.0296875,0.0375
14,527,ckyw708pn001z386779fr849h,0,0.8319684709821429,0.1240420386904761,0.0359375,0.0395833333333333
14,527,ckyw723jy00233867gakwo9e7,0,0.89765625,0.5625,0.0265625,0.0375
14,528,ckyw6zzlj001r3867thf0fuy7,0,0.32578125,0.7610119047619047,0.0265625,0.0458333333333333
14,528,ckyw704kw001v3867kvyjtx6k,0,0.60546875,0.655952380952381,0.0296875,0.0375
14,528,ckyw708pn001z386779fr849h,0,0.8319614955357142,0.1240513392857143,0.0359375,0.0395833333333333
14,528,ckyw723jy00233867gakwo9e7,0,0.9013020833333334,0.5583333333333333,0.0265625,0.0375
14,529,ckyw6zzlj001r3867thf0fuy7,0,0.32421875,0.7648809523809524,0.0265625,0.0458333333333333
14,529,ckyw704kw001v3867kvyjtx6k,0,0.60546875,0.6508928571428572,0.0296875,0.0375
14,529,ckyw708pn001z386779fr849h,0,0.8319545200892857,0.1240606398809523,0.0359375,0.0395833333333333
14,529,ckyw723jy00233867gakwo9e7,0,0.9049479166666666,0.5541666666666667,0.0265625,0.0375
14,52,ckyw6zzlj001r3867thf0fuy7,0,0.30546875,0.6625,0.0359375,0.0375
14,52,ckyw704kw001v3867kvyjtx6k,0,0.80390625,0.6625,0.0296875,0.0375
14,52,ckyw708pn001z386779fr849h,0,0.82890625,0.121875,0.0359375,0.0395833333333333
14,530,ckyw6zzlj001r3867thf0fuy7,0,0.32265625,0.76875,0.0265625,0.0458333333333333
14,530,ckyw704kw001v3867kvyjtx6k,0,0.60546875,0.6458333333333334,0.0296875,0.0375
14,530,ckyw708pn001z386779fr849h,0,0.8319475446428571,0.1240699404761904,0.0359375,0.0395833333333333
14,530,ckyw723jy00233867gakwo9e7,0,0.90859375,0.55,0.0265625,0.0375
14,531,ckyw6zzlj001r3867thf0fuy7,0,0.31890625,0.77125,0.0265625,0.0458333333333333
14,531,ckyw704kw001v3867kvyjtx6k,0,0.60640625,0.6429166666666667,0.0296875,0.0375
14,531,ckyw708pn001z386779fr849h,0,0.8319405691964287,0.1240792410714285,0.0359375,0.0395833333333333
14,531,ckyw723jy00233867gakwo9e7,0,0.90671875,0.5558333333333334,0.0265625,0.0375
14,532,ckyw6zzlj001r3867thf0fuy7,0,0.3151562499999999,0.7737499999999999,0.0265625,0.0458333333333333
14,532,ckyw704kw001v3867kvyjtx6k,0,0.60734375,0.64,0.0296875,0.0375
14,532,ckyw708pn001z386779fr849h,0,0.83193359375,0.1240885416666666,0.0359375,0.0395833333333333
14,532,ckyw723jy00233867gakwo9e7,0,0.90484375,0.5616666666666668,0.0265625,0.0375
14,533,ckyw6zzlj001r3867thf0fuy7,0,0.31140625,0.77625,0.0265625,0.0458333333333333
14,533,ckyw704kw001v3867kvyjtx6k,0,0.60828125,0.6370833333333333,0.0296875,0.0375
14,533,ckyw708pn001z386779fr849h,0,0.8319266183035714,0.1240978422619047,0.0359375,0.0395833333333333
14,533,ckyw723jy00233867gakwo9e7,0,0.90296875,0.5675,0.0265625,0.0375
14,534,ckyw6zzlj001r3867thf0fuy7,0,0.30765625,0.77875,0.0265625,0.0458333333333333
14,534,ckyw704kw001v3867kvyjtx6k,0,0.6092187499999999,0.6341666666666667,0.0296875,0.0375
14,534,ckyw708pn001z386779fr849h,0,0.8319196428571429,0.1241071428571428,0.0359375,0.0395833333333333
14,534,ckyw723jy00233867gakwo9e7,0,0.90109375,0.5733333333333334,0.0265625,0.0375
14,535,ckyw6zzlj001r3867thf0fuy7,0,0.30390625,0.78125,0.0265625,0.0458333333333333
14,535,ckyw704kw001v3867kvyjtx6k,0,0.61015625,0.63125,0.0296875,0.0375
14,535,ckyw708pn001z386779fr849h,0,0.8319126674107142,0.1241164434523809,0.0359375,0.0395833333333333
14,535,ckyw723jy00233867gakwo9e7,0,0.89921875,0.5791666666666667,0.0265625,0.0375
14,536,ckyw6zzlj001r3867thf0fuy7,0,0.3018229166666666,0.7833333333333333,0.0265625,0.0458333333333333
14,536,ckyw704kw001v3867kvyjtx6k,0,0.6091145833333333,0.6270833333333333,0.0296875,0.0375
14,536,ckyw708pn001z386779fr849h,0,0.8319056919642858,0.124125744047619,0.0359375,0.0395833333333333
14,536,ckyw723jy00233867gakwo9e7,0,0.9018229166666666,0.586111111111111,0.0265625,0.0375
14,537,ckyw6zzlj001r3867thf0fuy7,0,0.2997395833333333,0.7854166666666667,0.0265625,0.0458333333333333
14,537,ckyw704kw001v3867kvyjtx6k,0,0.6080729166666667,0.6229166666666667,0.0296875,0.0375
14,537,ckyw708pn001z386779fr849h,0,0.8318987165178571,0.1241350446428571,0.0359375,0.0395833333333333
14,537,ckyw723jy00233867gakwo9e7,0,0.9044270833333334,0.5930555555555556,0.0265625,0.0375
14,538,ckyw6zzlj001r3867thf0fuy7,0,0.29765625,0.7875,0.0265625,0.0458333333333333
14,538,ckyw704kw001v3867kvyjtx6k,0,0.60703125,0.61875,0.0296875,0.0375
14,538,ckyw708pn001z386779fr849h,0,0.8318917410714286,0.1241443452380952,0.0359375,0.0395833333333333
14,538,ckyw723jy00233867gakwo9e7,0,0.90703125,0.6,0.0265625,0.0375
14,539,ckyw6zzlj001r3867thf0fuy7,0,0.2934895833333333,0.7854166666666667,0.0265625,0.0458333333333333
14,539,ckyw704kw001v3867kvyjtx6k,0,0.6091145833333333,0.6159722222222223,0.0296875,0.0375
14,539,ckyw708pn001z386779fr849h,0,0.831884765625,0.1241536458333333,0.0359375,0.0395833333333333
14,539,ckyw723jy00233867gakwo9e7,0,0.9036458333333334,0.6027777777777777,0.0265625,0.0375
14,53,ckyw6zzlj001r3867thf0fuy7,0,0.30703125,0.6666666666666666,0.0359375,0.0375
14,53,ckyw704kw001v3867kvyjtx6k,0,0.80625,0.6640625,0.0296875,0.0375
14,53,ckyw708pn001z386779fr849h,0,0.8289448302469136,0.1218492798353909,0.0359375,0.0395833333333333
14,540,ckyw6zzlj001r3867thf0fuy7,0,0.2893229166666666,0.7833333333333333,0.0265625,0.0458333333333333
14,540,ckyw704kw001v3867kvyjtx6k,0,0.6111979166666667,0.6131944444444444,0.0296875,0.0375
14,540,ckyw708pn001z386779fr849h,0,0.8318777901785713,0.1241629464285714,0.0359375,0.0395833333333333
14,540,ckyw723jy00233867gakwo9e7,0,0.9002604166666666,0.6055555555555556,0.0265625,0.0375
14,541,ckyw6zzlj001r3867thf0fuy7,0,0.28515625,0.78125,0.0265625,0.0458333333333333
14,541,ckyw704kw001v3867kvyjtx6k,0,0.61328125,0.6104166666666667,0.0296875,0.0375
14,541,ckyw708pn001z386779fr849h,0,0.8318708147321429,0.1241722470238095,0.0359375,0.0395833333333333
14,541,ckyw723jy00233867gakwo9e7,0,0.896875,0.6083333333333333,0.0265625,0.0375
14,542,ckyw6zzlj001r3867thf0fuy7,0,0.2809895833333333,0.7805555555555556,0.0276041666666666,0.0458333333333333
14,542,ckyw704kw001v3867kvyjtx6k,0,0.6158854166666667,0.607638888888889,0.0296875,0.0375
14,542,ckyw708pn001z386779fr849h,0,0.8318638392857143,0.1241815476190476,0.0359375,0.0395833333333333
14,542,ckyw723jy00233867gakwo9e7,0,0.8934895833333334,0.611111111111111,0.0265625,0.0375
14,543,ckyw6zzlj001r3867thf0fuy7,0,0.2768229166666667,0.7798611111111111,0.0286458333333333,0.0458333333333333
14,543,ckyw704kw001v3867kvyjtx6k,0,0.6184895833333333,0.6048611111111111,0.0296875,0.0375
14,543,ckyw708pn001z386779fr849h,0,0.8318568638392858,0.1241908482142857,0.0359375,0.0395833333333333
14,543,ckyw723jy00233867gakwo9e7,0,0.8901041666666666,0.6138888888888889,0.0265625,0.0375
14,544,ckyw6zzlj001r3867thf0fuy7,0,0.27265625,0.7791666666666667,0.0296875,0.0458333333333333
14,544,ckyw704kw001v3867kvyjtx6k,0,0.62109375,0.6020833333333333,0.0296875,0.0375
14,544,ckyw708pn001z386779fr849h,0,0.8318498883928571,0.1242001488095238,0.0359375,0.0395833333333333
14,544,ckyw723jy00233867gakwo9e7,0,0.88671875,0.6166666666666667,0.0265625,0.0375
14,545,ckyw6zzlj001r3867thf0fuy7,0,0.2690104166666667,0.7819444444444444,0.0286458333333333,0.0458333333333333
14,545,ckyw704kw001v3867kvyjtx6k,0,0.6216145833333333,0.6,0.0296875,0.0375
14,545,ckyw708pn001z386779fr849h,0,0.8318429129464286,0.1242094494047618,0.0359375,0.0395833333333333
14,545,ckyw723jy00233867gakwo9e7,0,0.8877604166666666,0.6236111111111111,0.0265625,0.0375
14,546,ckyw6zzlj001r3867thf0fuy7,0,0.2653645833333333,0.7847222222222222,0.0276041666666666,0.0458333333333333
14,546,ckyw704kw001v3867kvyjtx6k,0,0.6221354166666667,0.5979166666666667,0.0296875,0.0375
14,546,ckyw708pn001z386779fr849h,0,0.8318359375,0.12421875,0.0359375,0.0395833333333333
14,546,ckyw723jy00233867gakwo9e7,0,0.8888020833333334,0.6305555555555556,0.0265625,0.0375
14,547,ckyw6zzlj001r3867thf0fuy7,0,0.26171875,0.7875,0.0265625,0.0458333333333333
14,547,ckyw704kw001v3867kvyjtx6k,0,0.62265625,0.5958333333333333,0.0296875,0.0375
14,547,ckyw708pn001z386779fr849h,0,0.8318289620535714,0.1242280505952381,0.0359375,0.0395833333333333
14,547,ckyw723jy00233867gakwo9e7,0,0.88984375,0.6375,0.0265625,0.0375
14,548,ckyw6zzlj001r3867thf0fuy7,0,0.25890625,0.7854166666666667,0.0265625,0.0458333333333333
14,548,ckyw704kw001v3867kvyjtx6k,0,0.62734375,0.596875,0.0296875,0.0375
14,548,ckyw708pn001z386779fr849h,0,0.8318219866071429,0.1242373511904761,0.0359375,0.0395833333333333
14,548,ckyw723jy00233867gakwo9e7,0,0.8856770833333334,0.6368055555555556,0.0265625,0.0375
14,549,ckyw6zzlj001r3867thf0fuy7,0,0.25609375,0.7833333333333333,0.0265625,0.0458333333333333
14,549,ckyw704kw001v3867kvyjtx6k,0,0.63203125,0.5979166666666667,0.0296875,0.0375
14,549,ckyw708pn001z386779fr849h,0,0.8318150111607142,0.1242466517857143,0.0359375,0.0395833333333333
14,549,ckyw723jy00233867gakwo9e7,0,0.8815104166666666,0.6361111111111111,0.0265625,0.0375
14,54,ckyw6zzlj001r3867thf0fuy7,0,0.30859375,0.6708333333333333,0.0359375,0.0375
14,54,ckyw704kw001v3867kvyjtx6k,0,0.80859375,0.665625,0.0296875,0.0375
14,54,ckyw708pn001z386779fr849h,0,0.8289834104938272,0.1218235596707818,0.0359375,0.0395833333333333
14,550,ckyw6zzlj001r3867thf0fuy7,0,0.25328125,0.78125,0.0265625,0.0458333333333333
14,550,ckyw704kw001v3867kvyjtx6k,0,0.6330729166666667,0.59375,0.0296875,0.0375
14,550,ckyw708pn001z386779fr849h,0,0.8318080357142857,0.1242559523809523,0.0359375,0.0395833333333333
14,550,ckyw723jy00233867gakwo9e7,0,0.87734375,0.6354166666666666,0.0265625,0.0375
14,551,ckyw6zzlj001r3867thf0fuy7,0,0.25046875,0.7791666666666667,0.0265625,0.0458333333333333
14,551,ckyw704kw001v3867kvyjtx6k,0,0.6341145833333333,0.5895833333333333,0.0296875,0.0375
14,551,ckyw708pn001z386779fr849h,0,0.8318010602678572,0.1242652529761904,0.0359375,0.0395833333333333
14,551,ckyw723jy00233867gakwo9e7,0,0.878125,0.6447916666666667,0.0265625,0.0375
14,552,ckyw6zzlj001r3867thf0fuy7,0,0.24765625,0.7770833333333333,0.0265625,0.0458333333333333
14,552,ckyw704kw001v3867kvyjtx6k,0,0.63515625,0.5854166666666667,0.0296875,0.0375
14,552,ckyw708pn001z386779fr849h,0,0.8317940848214287,0.1242745535714285,0.0359375,0.0395833333333333
14,552,ckyw723jy00233867gakwo9e7,0,0.87890625,0.6541666666666667,0.0265625,0.0375
14,553,ckyw6zzlj001r3867thf0fuy7,0,0.24296875,0.7770833333333333,0.0265625,0.0458333333333333
14,553,ckyw704kw001v3867kvyjtx6k,0,0.6377604166666667,0.5864583333333333,0.0296875,0.0375
14,553,ckyw708pn001z386779fr849h,0,0.831787109375,0.1242838541666666,0.0359375,0.0395833333333333
14,553,ckyw723jy00233867gakwo9e7,0,0.87265625,0.6479166666666667,0.0265625,0.0375
14,554,ckyw6zzlj001r3867thf0fuy7,0,0.23828125,0.7770833333333333,0.0265625,0.0458333333333333
14,554,ckyw704kw001v3867kvyjtx6k,0,0.6403645833333333,0.5875,0.0296875,0.0375
14,554,ckyw708pn001z386779fr849h,0,0.8317801339285713,0.1242931547619047,0.0359375,0.0395833333333333
14,554,ckyw723jy00233867gakwo9e7,0,0.86640625,0.6416666666666667,0.0265625,0.0375
14,555,ckyw6zzlj001r3867thf0fuy7,0,0.2359375,0.7739583333333333,0.0265625,0.0458333333333333
14,555,ckyw704kw001v3867kvyjtx6k,0,0.64296875,0.5885416666666666,0.0296875,0.0375
14,555,ckyw708pn001z386779fr849h,0,0.8317731584821428,0.1243024553571428,0.0359375,0.0395833333333333
14,555,ckyw723jy00233867gakwo9e7,0,0.863671875,0.6453125,0.0265625,0.0375
14,556,ckyw6zzlj001r3867thf0fuy7,0,0.23359375,0.7708333333333334,0.0265625,0.0458333333333333
14,556,ckyw704kw001v3867kvyjtx6k,0,0.6455729166666667,0.5895833333333333,0.0296875,0.0375
14,556,ckyw708pn001z386779fr849h,0,0.8317661830357143,0.1243117559523809,0.0359375,0.0395833333333333
14,556,ckyw723jy00233867gakwo9e7,0,0.8609375,0.6489583333333333,0.0265625,0.0375
14,557,ckyw6zzlj001r3867thf0fuy7,0,0.23125,0.7677083333333333,0.0265625,0.0458333333333333
14,557,ckyw704kw001v3867kvyjtx6k,0,0.6481770833333333,0.590625,0.0296875,0.0375
14,557,ckyw708pn001z386779fr849h,0,0.8317592075892858,0.124321056547619,0.0359375,0.0395833333333333
14,557,ckyw723jy00233867gakwo9e7,0,0.858203125,0.6526041666666667,0.0265625,0.0375
14,558,ckyw6zzlj001r3867thf0fuy7,0,0.22890625,0.7645833333333333,0.0265625,0.0458333333333333
14,558,ckyw704kw001v3867kvyjtx6k,0,0.65078125,0.5916666666666667,0.0296875,0.0375
14,558,ckyw708pn001z386779fr849h,0,0.8317522321428571,0.1243303571428571,0.0359375,0.0395833333333333
14,558,ckyw723jy00233867gakwo9e7,0,0.85546875,0.65625,0.0265625,0.0375
14,559,ckyw6zzlj001r3867thf0fuy7,0,0.22578125,0.7616666666666667,0.0265625,0.0458333333333333
14,559,ckyw704kw001v3867kvyjtx6k,0,0.65390625,0.5920833333333333,0.0296875,0.0375
14,559,ckyw708pn001z386779fr849h,0,0.8317452566964286,0.1243396577380952,0.0359375,0.0395833333333333
14,559,ckyw723jy00233867gakwo9e7,0,0.85234375,0.6566666666666666,0.0265625,0.0375
14,55,ckyw6zzlj001r3867thf0fuy7,0,0.31015625,0.675,0.0359375,0.0375
14,55,ckyw704kw001v3867kvyjtx6k,0,0.8109375,0.6671875,0.0296875,0.0375
14,55,ckyw708pn001z386779fr849h,0,0.8290219907407407,0.1217978395061728,0.0359375,0.0395833333333333
14,560,ckyw6zzlj001r3867thf0fuy7,0,0.22265625,0.7587499999999999,0.0265625,0.0458333333333333
14,560,ckyw704kw001v3867kvyjtx6k,0,0.65703125,0.5924999999999999,0.0296875,0.0375
14,560,ckyw708pn001z386779fr849h,0,0.83173828125,0.1243489583333333,0.0359375,0.0395833333333333
14,560,ckyw723jy00233867gakwo9e7,0,0.84921875,0.6570833333333332,0.0265625,0.0375
14,561,ckyw6zzlj001r3867thf0fuy7,0,0.21953125,0.7558333333333334,0.0265625,0.0458333333333333
14,561,ckyw704kw001v3867kvyjtx6k,0,0.66015625,0.5929166666666668,0.0296875,0.0375
14,561,ckyw708pn001z386779fr849h,0,0.8317313058035714,0.1243582589285714,0.0359375,0.0395833333333333
14,561,ckyw723jy00233867gakwo9e7,0,0.84609375,0.6575000000000001,0.0265625,0.0375
14,562,ckyw6zzlj001r3867thf0fuy7,0,0.21640625,0.7529166666666666,0.0265625,0.0458333333333333
14,562,ckyw704kw001v3867kvyjtx6k,0,0.66328125,0.5933333333333334,0.0296875,0.0375
14,562,ckyw708pn001z386779fr849h,0,0.8317243303571429,0.1243675595238095,0.0359375,0.0395833333333333
14,562,ckyw723jy00233867gakwo9e7,0,0.84296875,0.6579166666666667,0.0265625,0.0375
14,563,ckyw6zzlj001r3867thf0fuy7,0,0.21328125,0.75,0.0265625,0.0458333333333333
14,563,ckyw704kw001v3867kvyjtx6k,0,0.66640625,0.59375,0.0296875,0.0375
14,563,ckyw708pn001z386779fr849h,0,0.8317173549107142,0.1243768601190476,0.0359375,0.0395833333333333
14,563,ckyw723jy00233867gakwo9e7,0,0.83984375,0.6583333333333333,0.0265625,0.0375
14,564,ckyw6zzlj001r3867thf0fuy7,0,0.2114583333333333,0.746875,0.0265625,0.0458333333333333
14,564,ckyw704kw001v3867kvyjtx6k,0,0.6671875,0.59375,0.0296875,0.0375
14,564,ckyw708pn001z386779fr849h,0,0.8317103794642857,0.1243861607142857,0.0359375,0.0395833333333333
14,564,ckyw723jy00233867gakwo9e7,0,0.835546875,0.6572916666666667,0.0265625,0.0375
14,565,ckyw6zzlj001r3867thf0fuy7,0,0.2096354166666666,0.74375,0.0265624999999999,0.0458333333333333
14,565,ckyw704kw001v3867kvyjtx6k,0,0.66796875,0.59375,0.0296875,0.0375
14,565,ckyw708pn001z386779fr849h,0,0.8317034040178571,0.1243954613095238,0.0359375,0.0395833333333333
14,565,ckyw723jy00233867gakwo9e7,0,0.83125,0.65625,0.0265625,0.0375
14,566,ckyw6zzlj001r3867thf0fuy7,0,0.2078125,0.740625,0.0265625,0.0458333333333333
14,566,ckyw704kw001v3867kvyjtx6k,0,0.67109375,0.59375,0.0296875,0.0375
14,566,ckyw708pn001z386779fr849h,0,0.8316964285714287,0.1244047619047618,0.0359375,0.0395833333333333
14,566,ckyw723jy00233867gakwo9e7,0,0.826953125,0.6552083333333333,0.0265625,0.0375
14,567,ckyw6zzlj001r3867thf0fuy7,0,0.2059895833333333,0.7375,0.0265625,0.0458333333333333
14,567,ckyw704kw001v3867kvyjtx6k,0,0.67421875,0.59375,0.0296875,0.0375
14,567,ckyw708pn001z386779fr849h,0,0.831689453125,0.1244140625,0.0359375,0.0395833333333333
14,567,ckyw723jy00233867gakwo9e7,0,0.82265625,0.6541666666666667,0.0265625,0.0375
14,568,ckyw6zzlj001r3867thf0fuy7,0,0.2041666666666666,0.734375,0.0265624999999999,0.0458333333333333
14,568,ckyw704kw001v3867kvyjtx6k,0,0.675,0.603125,0.0296875,0.0375
14,568,ckyw708pn001z386779fr849h,0,0.8316824776785714,0.1244233630952381,0.0359375,0.0395833333333333
14,568,ckyw723jy00233867gakwo9e7,0,0.82265625,0.6458333333333334,0.0265625,0.0375
14,569,ckyw6zzlj001r3867thf0fuy7,0,0.20234375,0.73125,0.0265625,0.0458333333333333
14,569,ckyw704kw001v3867kvyjtx6k,0,0.67578125,0.6125,0.0296875,0.0375
14,569,ckyw708pn001z386779fr849h,0,0.8316755022321429,0.1244326636904761,0.0359375,0.0395833333333333
14,569,ckyw723jy00233867gakwo9e7,0,0.82265625,0.6375,0.0265625,0.0375
14,56,ckyw6zzlj001r3867thf0fuy7,0,0.31171875,0.6791666666666667,0.0359375,0.0375
14,56,ckyw704kw001v3867kvyjtx6k,0,0.81328125,0.66875,0.0296875,0.0375
14,56,ckyw708pn001z386779fr849h,0,0.8290605709876543,0.1217721193415637,0.0359375,0.0395833333333333
14,570,ckyw6zzlj001r3867thf0fuy7,0,0.2001953125,0.7278645833333334,0.0265625,0.0458333333333333
14,570,ckyw704kw001v3867kvyjtx6k,0,0.677734375,0.6088541666666667,0.0296875,0.0375
14,570,ckyw708pn001z386779fr849h,0,0.8316685267857142,0.1244419642857142,0.0359375,0.0395833333333333
14,570,ckyw723jy00233867gakwo9e7,0,0.819140625,0.6359375,0.0265625,0.0375
14,571,ckyw6zzlj001r3867thf0fuy7,0,0.198046875,0.7244791666666667,0.0265625,0.0458333333333333
14,571,ckyw704kw001v3867kvyjtx6k,0,0.6796875,0.6052083333333333,0.0296875,0.0375
14,571,ckyw708pn001z386779fr849h,0,0.8316615513392858,0.1244512648809523,0.0359375,0.0395833333333333
14,571,ckyw723jy00233867gakwo9e7,0,0.815625,0.634375,0.0265625,0.0375
14,572,ckyw6zzlj001r3867thf0fuy7,0,0.1958984375,0.72109375,0.0265625,0.0458333333333333
14,572,ckyw704kw001v3867kvyjtx6k,0,0.681640625,0.6015625,0.0296875,0.0375
14,572,ckyw708pn001z386779fr849h,0,0.8316545758928571,0.1244605654761904,0.0359375,0.0395833333333333
14,572,ckyw723jy00233867gakwo9e7,0,0.812109375,0.6328125,0.0265625,0.0375
14,573,ckyw6zzlj001r3867thf0fuy7,0,0.19375,0.7177083333333333,0.0265625,0.0458333333333333
14,573,ckyw704kw001v3867kvyjtx6k,0,0.68359375,0.5979166666666667,0.0296875,0.0375
14,573,ckyw708pn001z386779fr849h,0,0.8316476004464286,0.1244698660714285,0.0359375,0.0395833333333333
14,573,ckyw723jy00233867gakwo9e7,0,0.80859375,0.63125,0.0265625,0.0375
14,574,ckyw6zzlj001r3867thf0fuy7,0,0.1916015625,0.7143229166666667,0.0265625,0.0458333333333333
14,574,ckyw704kw001v3867kvyjtx6k,0,0.68515625,0.5854166666666667,0.0296875,0.0375
14,574,ckyw708pn001z386779fr849h,0,0.831640625,0.1244791666666666,0.0359375,0.0395833333333333
14,574,ckyw723jy00233867gakwo9e7,0,0.81171875,0.6229166666666667,0.0265625,0.0375
14,575,ckyw6zzlj001r3867thf0fuy7,0,0.189453125,0.7109375,0.0265625,0.0458333333333333
14,575,ckyw704kw001v3867kvyjtx6k,0,0.6908854166666667,0.5868055555555556,0.0296875,0.0375
14,575,ckyw708pn001z386779fr849h,0,0.8316336495535713,0.1244884672619047,0.0359375,0.0395833333333333
14,575,ckyw723jy00233867gakwo9e7,0,0.8065104166666666,0.6229166666666667,0.0265624999999999,0.0375
14,576,ckyw6zzlj001r3867thf0fuy7,0,0.1873046875,0.7075520833333333,0.0265625,0.0458333333333333
14,576,ckyw704kw001v3867kvyjtx6k,0,0.6966145833333333,0.5881944444444444,0.0296875,0.0375
14,576,ckyw708pn001z386779fr849h,0,0.8316266741071429,0.1244977678571428,0.0359375,0.0395833333333333
14,576,ckyw723jy00233867gakwo9e7,0,0.8013020833333334,0.6229166666666667,0.0265625,0.0375
14,577,ckyw6zzlj001r3867thf0fuy7,0,0.18515625,0.7041666666666667,0.0265625,0.0458333333333333
14,577,ckyw704kw001v3867kvyjtx6k,0,0.70234375,0.5895833333333333,0.0296875,0.0375
14,577,ckyw708pn001z386779fr849h,0,0.8316196986607143,0.1245070684523809,0.0359375,0.0395833333333333
14,577,ckyw723jy00233867gakwo9e7,0,0.79609375,0.6229166666666667,0.0265625,0.0375
14,578,ckyw6zzlj001r3867thf0fuy7,0,0.1859375,0.6989583333333333,0.0265625,0.0458333333333333
14,578,ckyw704kw001v3867kvyjtx6k,0,0.703125,0.5822916666666667,0.0296875,0.0375
14,578,ckyw708pn001z386779fr849h,0,0.8316127232142858,0.124516369047619,0.0359375,0.0395833333333333
14,578,ckyw723jy00233867gakwo9e7,0,0.7984375,0.6166666666666667,0.0265625,0.0375
14,579,ckyw6zzlj001r3867thf0fuy7,0,0.18671875,0.69375,0.0265625,0.0458333333333333
14,579,ckyw704kw001v3867kvyjtx6k,0,0.70390625,0.575,0.0296875,0.0375
14,579,ckyw708pn001z386779fr849h,0,0.8316057477678571,0.1245256696428571,0.0359375,0.0395833333333333
14,579,ckyw723jy00233867gakwo9e7,0,0.80078125,0.6104166666666667,0.0265625,0.0375
14,57,ckyw6zzlj001r3867thf0fuy7,0,0.315625,0.6802083333333333,0.0359375,0.0375
14,57,ckyw704kw001v3867kvyjtx6k,0,0.815625,0.6666666666666666,0.0296875,0.0375
14,57,ckyw708pn001z386779fr849h,0,0.8290991512345679,0.1217463991769547,0.0359375,0.0395833333333333
14,580,ckyw6zzlj001r3867thf0fuy7,0,0.1830729166666666,0.6916666666666667,0.0265625,0.0458333333333333
14,580,ckyw704kw001v3867kvyjtx6k,0,0.70546875,0.5722222222222223,0.0296875,0.0375
14,580,ckyw708pn001z386779fr849h,0,0.8315987723214286,0.1245349702380952,0.0359375,0.0395833333333333
14,580,ckyw723jy00233867gakwo9e7,0,0.79765625,0.6034722222222223,0.0265625,0.0375
14,581,ckyw6zzlj001r3867thf0fuy7,0,0.1794270833333333,0.6895833333333333,0.0265625,0.0458333333333333
14,581,ckyw704kw001v3867kvyjtx6k,0,0.70703125,0.5694444444444444,0.0296875,0.0375
14,581,ckyw708pn001z386779fr849h,0,0.831591796875,0.1245442708333333,0.0359375,0.0395833333333333
14,581,ckyw723jy00233867gakwo9e7,0,0.79453125,0.5965277777777778,0.0265625,0.0375
14,582,ckyw6zzlj001r3867thf0fuy7,0,0.17578125,0.6875,0.0265625,0.0458333333333333
14,582,ckyw704kw001v3867kvyjtx6k,0,0.70859375,0.5666666666666667,0.0296875,0.0375
14,582,ckyw708pn001z386779fr849h,0,0.8315848214285714,0.1245535714285714,0.0359375,0.0395833333333333
14,582,ckyw723jy00233867gakwo9e7,0,0.79140625,0.5895833333333333,0.0265625,0.0375
14,583,ckyw6zzlj001r3867thf0fuy7,0,0.17640625,0.6825,0.0265625,0.0458333333333333
14,583,ckyw704kw001v3867kvyjtx6k,0,0.7112926136363636,0.5696969696969697,0.0296875,0.0375
14,583,ckyw708pn001z386779fr849h,0,0.8315778459821429,0.1245628720238095,0.0359375,0.0395833333333333
14,583,ckyw723jy00233867gakwo9e7,0,0.79140625,0.5862499999999999,0.0265625,0.0375
14,584,ckyw6zzlj001r3867thf0fuy7,0,0.17703125,0.6775,0.0265625,0.0458333333333333
14,584,ckyw704kw001v3867kvyjtx6k,0,0.7139914772727273,0.5727272727272728,0.0296875,0.0375
14,584,ckyw708pn001z386779fr849h,0,0.8315708705357142,0.1245721726190476,0.0359375,0.0395833333333333
14,584,ckyw723jy00233867gakwo9e7,0,0.79140625,0.5829166666666666,0.0265625,0.0375
14,585,ckyw6zzlj001r3867thf0fuy7,0,0.17765625,0.6725,0.0265625,0.0458333333333333
14,585,ckyw704kw001v3867kvyjtx6k,0,0.7166903409090909,0.5757575757575758,0.0296875,0.0375
14,585,ckyw708pn001z386779fr849h,0,0.8315638950892857,0.1245814732142857,0.0359375,0.0395833333333333
14,585,ckyw723jy00233867gakwo9e7,0,0.79140625,0.5795833333333333,0.0265625,0.0375
14,586,ckyw6zzlj001r3867thf0fuy7,0,0.17828125,0.6675,0.0265625,0.0458333333333333
14,586,ckyw704kw001v3867kvyjtx6k,0,0.7193892045454546,0.5787878787878787,0.0296875,0.0375
14,586,ckyw708pn001z386779fr849h,0,0.8315569196428572,0.1245907738095238,0.0359375,0.0395833333333333
14,586,ckyw723jy00233867gakwo9e7,0,0.79140625,0.57625,0.0265625,0.0375
14,587,ckyw6zzlj001r3867thf0fuy7,0,0.17890625,0.6625,0.0265625,0.0458333333333333
14,587,ckyw704kw001v3867kvyjtx6k,0,0.7220880681818181,0.5818181818181818,0.0296875,0.0375
14,587,ckyw708pn001z386779fr849h,0,0.8315499441964287,0.1246000744047619,0.0359375,0.0395833333333333
14,587,ckyw723jy00233867gakwo9e7,0,0.79140625,0.5729166666666666,0.0265625,0.0375
14,588,ckyw6zzlj001r3867thf0fuy7,0,0.178125,0.6572916666666667,0.0265625,0.0458333333333333
14,588,ckyw704kw001v3867kvyjtx6k,0,0.7247869318181819,0.5848484848484848,0.0296875,0.0375
14,588,ckyw708pn001z386779fr849h,0,0.83154296875,0.124609375,0.0359375,0.0395833333333333
14,588,ckyw723jy00233867gakwo9e7,0,0.7925426136363637,0.5683712121212121,0.0265625,0.0375
14,589,ckyw6zzlj001r3867thf0fuy7,0,0.17734375,0.6520833333333333,0.0265625,0.0458333333333333
14,589,ckyw704kw001v3867kvyjtx6k,0,0.7274857954545454,0.5878787878787879,0.0296875,0.0375
14,589,ckyw708pn001z386779fr849h,0,0.8315359933035713,0.1246186755952381,0.0359375,0.0395833333333333
14,589,ckyw723jy00233867gakwo9e7,0,0.7936789772727273,0.5638257575757576,0.0265625,0.0375
14,58,ckyw6zzlj001r3867thf0fuy7,0,0.31953125,0.68125,0.0359375,0.0375
14,58,ckyw704kw001v3867kvyjtx6k,0,0.81796875,0.6645833333333333,0.0296875,0.0375
14,58,ckyw708pn001z386779fr849h,0,0.8291377314814815,0.1217206790123456,0.0359375,0.0395833333333333
14,590,ckyw6zzlj001r3867thf0fuy7,0,0.1765625,0.646875,0.0265625,0.0458333333333333
14,590,ckyw704kw001v3867kvyjtx6k,0,0.7301846590909091,0.5909090909090909,0.0296875,0.0375
14,590,ckyw708pn001z386779fr849h,0,0.8315290178571428,0.1246279761904761,0.0359375,0.0395833333333333
14,590,ckyw723jy00233867gakwo9e7,0,0.7948153409090908,0.559280303030303,0.0265624999999999,0.0375
14,591,ckyw6zzlj001r3867thf0fuy7,0,0.17578125,0.6416666666666667,0.0265625,0.0458333333333333
14,591,ckyw704kw001v3867kvyjtx6k,0,0.7328835227272728,0.5939393939393939,0.0296875,0.0375
14,591,ckyw708pn001z386779fr849h,0,0.8315220424107143,0.1246372767857142,0.0359375,0.0395833333333333
14,591,ckyw723jy00233867gakwo9e7,0,0.7959517045454545,0.5547348484848484,0.0265624999999999,0.0375
14,592,ckyw6zzlj001r3867thf0fuy7,0,0.175,0.6364583333333333,0.0265625,0.0458333333333333
14,592,ckyw704kw001v3867kvyjtx6k,0,0.7355823863636364,0.596969696969697,0.0296875,0.0375
14,592,ckyw708pn001z386779fr849h,0,0.8315150669642858,0.1246465773809523,0.0359375,0.0395833333333333
14,592,ckyw723jy00233867gakwo9e7,0,0.7970880681818182,0.5501893939393939,0.0265625,0.0374999999999999
14,593,ckyw6zzlj001r3867thf0fuy7,0,0.17421875,0.63125,0.0265625,0.0458333333333333
14,593,ckyw704kw001v3867kvyjtx6k,0,0.73828125,0.6,0.0296875,0.0375
14,593,ckyw708pn001z386779fr849h,0,0.8315080915178571,0.1246558779761904,0.0359375,0.0395833333333333
14,593,ckyw723jy00233867gakwo9e7,0,0.7982244318181818,0.5456439393939394,0.0265625,0.0375
14,594,ckyw6zzlj001r3867thf0fuy7,0,0.17640625,0.6275,0.0265625,0.0458333333333333
14,594,ckyw704kw001v3867kvyjtx6k,0,0.74015625,0.5991666666666667,0.0296875,0.0375
14,594,ckyw708pn001z386779fr849h,0,0.8315011160714286,0.1246651785714285,0.0359375,0.0395833333333333
14,594,ckyw723jy00233867gakwo9e7,0,0.7993607954545455,0.5410984848484849,0.0265625,0.0375
14,595,ckyw6zzlj001r3867thf0fuy7,0,0.17859375,0.6237499999999999,0.0265625,0.0458333333333333
14,595,ckyw704kw001v3867kvyjtx6k,0,0.7420312499999999,0.5983333333333333,0.0296875,0.0375
14,595,ckyw708pn001z386779fr849h,0,0.831494140625,0.1246744791666666,0.0359375,0.0395833333333333
14,595,ckyw723jy00233867gakwo9e7,0,0.8004971590909091,0.5365530303030304,0.0265625,0.0375
14,596,ckyw6zzlj001r3867thf0fuy7,0,0.18078125,0.62,0.0265625,0.0458333333333333
14,596,ckyw704kw001v3867kvyjtx6k,0,0.74390625,0.5975,0.0296875,0.0375
14,596,ckyw708pn001z386779fr849h,0,0.8314871651785714,0.1246837797619047,0.0359375,0.0395833333333333
14,596,ckyw723jy00233867gakwo9e7,0,0.8016335227272726,0.5320075757575757,0.0265624999999999,0.0375
14,597,ckyw6zzlj001r3867thf0fuy7,0,0.1829687499999999,0.6162500000000001,0.0265625,0.0458333333333333
14,597,ckyw704kw001v3867kvyjtx6k,0,0.7457812500000001,0.5966666666666666,0.0296875,0.0375
14,597,ckyw708pn001z386779fr849h,0,0.8314801897321429,0.1246930803571428,0.0359375,0.0395833333333333
14,597,ckyw723jy00233867gakwo9e7,0,0.8027698863636363,0.5274621212121212,0.0265625,0.0375
14,598,ckyw6zzlj001r3867thf0fuy7,0,0.18515625,0.6125,0.0265625,0.0458333333333333
14,598,ckyw704kw001v3867kvyjtx6k,0,0.74765625,0.5958333333333333,0.0296875,0.0375
14,598,ckyw708pn001z386779fr849h,0,0.8314732142857142,0.1247023809523809,0.0359375,0.0395833333333333
14,598,ckyw723jy00233867gakwo9e7,0,0.80390625,0.5229166666666667,0.0265625,0.0375
14,599,ckyw6zzlj001r3867thf0fuy7,0,0.1860491071428571,0.6083333333333333,0.0265625,0.0458333333333333
14,599,ckyw704kw001v3867kvyjtx6k,0,0.75078125,0.59375,0.0296875,0.0375
14,599,ckyw708pn001z386779fr849h,0,0.8314662388392857,0.124711681547619,0.0359375,0.0395833333333333
14,599,ckyw723jy00233867gakwo9e7,0,0.8077008928571429,0.5217261904761905,0.0265625,0.0375
14,59,ckyw6zzlj001r3867thf0fuy7,0,0.3190104166666666,0.6875,0.0359375,0.0375
14,59,ckyw704kw001v3867kvyjtx6k,0,0.81875,0.66875,0.0296875,0.0375
14,59,ckyw708pn001z386779fr849h,0,0.8291763117283951,0.1216949588477366,0.0359375,0.0395833333333333
14,5,ckyw6zzlj001r3867thf0fuy7,0,0.15765625,0.6825,0.0359375,0.0375
14,5,ckyw704kw001v3867kvyjtx6k,0,0.73109375,0.7520833333333333,0.0296875,0.0375
14,5,ckyw708pn001z386779fr849h,0,0.8276834239130435,0.1244112318840579,0.0359375,0.0395833333333333
14,600,ckyw6zzlj001r3867thf0fuy7,0,0.1869419642857142,0.6041666666666666,0.0265625,0.0458333333333333
14,600,ckyw704kw001v3867kvyjtx6k,0,0.75390625,0.5916666666666667,0.0296875,0.0375
14,600,ckyw708pn001z386779fr849h,0,0.8314592633928571,0.1247209821428571,0.0359375,0.0395833333333333
14,600,ckyw723jy00233867gakwo9e7,0,0.8114955357142858,0.5205357142857142,0.0265625,0.0374999999999999
14,601,ckyw6zzlj001r3867thf0fuy7,0,0.1878348214285714,0.6,0.0265625,0.0458333333333333
14,601,ckyw704kw001v3867kvyjtx6k,0,0.75703125,0.5895833333333333,0.0296875,0.0375
14,601,ckyw708pn001z386779fr849h,0,0.8314522879464287,0.1247302827380952,0.0359375,0.0395833333333333
14,601,ckyw723jy00233867gakwo9e7,0,0.8152901785714286,0.519345238095238,0.0265625,0.0375
14,602,ckyw6zzlj001r3867thf0fuy7,0,0.1887276785714285,0.5958333333333333,0.0265624999999999,0.0458333333333333
14,602,ckyw704kw001v3867kvyjtx6k,0,0.76015625,0.5875,0.0296875,0.0375
14,602,ckyw708pn001z386779fr849h,0,0.8314453125,0.1247395833333333,0.0359375,0.0395833333333333
14,602,ckyw723jy00233867gakwo9e7,0,0.8190848214285713,0.518154761904762,0.0265625,0.0375
14,603,ckyw6zzlj001r3867thf0fuy7,0,0.1896205357142857,0.5916666666666667,0.0265625,0.0458333333333333
14,603,ckyw704kw001v3867kvyjtx6k,0,0.76328125,0.5854166666666667,0.0296875,0.0375
14,603,ckyw708pn001z386779fr849h,0,0.8314383370535714,0.1247488839285714,0.0359375,0.0395833333333333
14,603,ckyw723jy00233867gakwo9e7,0,0.8228794642857142,0.5169642857142858,0.0265625,0.0375
14,604,ckyw6zzlj001r3867thf0fuy7,0,0.1905133928571428,0.5875,0.0265624999999999,0.0458333333333333
14,604,ckyw704kw001v3867kvyjtx6k,0,0.76640625,0.5833333333333334,0.0296875,0.0375
14,604,ckyw708pn001z386779fr849h,0,0.8314313616071429,0.1247581845238095,0.0359375,0.0395833333333333
14,604,ckyw723jy00233867gakwo9e7,0,0.8266741071428572,0.5157738095238095,0.0265625,0.0374999999999999
14,605,ckyw6zzlj001r3867thf0fuy7,0,0.19140625,0.5833333333333334,0.0265625,0.0458333333333333
14,605,ckyw704kw001v3867kvyjtx6k,0,0.76953125,0.58125,0.0296875,0.0375
14,605,ckyw708pn001z386779fr849h,0,0.8314243861607142,0.1247674851190476,0.0359375,0.0395833333333333
14,605,ckyw723jy00233867gakwo9e7,0,0.83046875,0.5145833333333333,0.0265625,0.0375
14,606,ckyw6zzlj001r3867thf0fuy7,0,0.1936197916666666,0.5795138888888889,0.0265624999999999,0.0458333333333333
14,606,ckyw704kw001v3867kvyjtx6k,0,0.7734375,0.5822916666666667,0.0296875,0.0375
14,606,ckyw708pn001z386779fr849h,0,0.8314174107142858,0.1247767857142857,0.0359375,0.0395833333333333
14,606,ckyw723jy00233867gakwo9e7,0,0.8315104166666666,0.50625,0.0265625,0.0375
14,607,ckyw6zzlj001r3867thf0fuy7,0,0.1958333333333333,0.5756944444444444,0.0265625,0.0458333333333333
14,607,ckyw704kw001v3867kvyjtx6k,0,0.77734375,0.5833333333333334,0.0296875,0.0375
14,607,ckyw708pn001z386779fr849h,0,0.8314104352678571,0.1247860863095238,0.0359375,0.0395833333333333
14,607,ckyw723jy00233867gakwo9e7,0,0.8325520833333334,0.4979166666666667,0.0265625,0.0375
14,608,ckyw6zzlj001r3867thf0fuy7,0,0.198046875,0.571875,0.0265625,0.0458333333333333
14,608,ckyw704kw001v3867kvyjtx6k,0,0.78046875,0.5979166666666667,0.0296875,0.0375
14,608,ckyw708pn001z386779fr849h,0,0.8314034598214286,0.1247953869047619,0.0359375,0.0395833333333333
14,608,ckyw723jy00233867gakwo9e7,0,0.83359375,0.4895833333333333,0.0265625,0.0375
14,609,ckyw6zzlj001r3867thf0fuy7,0,0.2002604166666666,0.5680555555555556,0.0265624999999999,0.0458333333333333
14,609,ckyw704kw001v3867kvyjtx6k,0,0.782421875,0.6026041666666667,0.0296875,0.0375
14,609,ckyw708pn001z386779fr849h,0,0.831396484375,0.1248046875,0.0359375,0.0395833333333333
14,609,ckyw723jy00233867gakwo9e7,0,0.836328125,0.4875,0.0265625,0.0375
14,60,ckyw6zzlj001r3867thf0fuy7,0,0.3184895833333333,0.69375,0.0359375,0.0375
14,60,ckyw704kw001v3867kvyjtx6k,0,0.81953125,0.6729166666666667,0.0296875,0.0375
14,60,ckyw708pn001z386779fr849h,0,0.8292148919753087,0.1216692386831275,0.0359375,0.0395833333333333
14,610,ckyw6zzlj001r3867thf0fuy7,0,0.2024739583333333,0.564236111111111,0.0265625,0.0458333333333333
14,610,ckyw704kw001v3867kvyjtx6k,0,0.784375,0.6072916666666667,0.0296875,0.0375
14,610,ckyw708pn001z386779fr849h,0,0.8313895089285713,0.1248139880952381,0.0359375,0.0395833333333333
14,610,ckyw723jy00233867gakwo9e7,0,0.8390625,0.4854166666666666,0.0265625,0.0375
14,611,ckyw6zzlj001r3867thf0fuy7,0,0.2046875,0.5604166666666667,0.0265625,0.0458333333333333
14,611,ckyw704kw001v3867kvyjtx6k,0,0.786328125,0.6119791666666666,0.0296875,0.0375
14,611,ckyw708pn001z386779fr849h,0,0.8313825334821429,0.1248232886904761,0.0359375,0.0395833333333333
14,611,ckyw723jy00233867gakwo9e7,0,0.841796875,0.4833333333333333,0.0265625,0.0375
14,612,ckyw6zzlj001r3867thf0fuy7,0,0.2069010416666666,0.5565972222222223,0.0265624999999999,0.0458333333333333
14,612,ckyw704kw001v3867kvyjtx6k,0,0.78828125,0.6166666666666667,0.0296875,0.0375
14,612,ckyw708pn001z386779fr849h,0,0.8313755580357143,0.1248325892857143,0.0359375,0.0395833333333333
14,612,ckyw723jy00233867gakwo9e7,0,0.84453125,0.48125,0.0265625,0.0375
14,613,ckyw6zzlj001r3867thf0fuy7,0,0.2091145833333333,0.5527777777777777,0.0265625,0.0458333333333332
14,613,ckyw704kw001v3867kvyjtx6k,0,0.7890625,0.6197916666666666,0.0296875,0.0375
14,613,ckyw708pn001z386779fr849h,0,0.8313685825892858,0.1248418898809523,0.0359375,0.0395833333333333
14,613,ckyw723jy00233867gakwo9e7,0,0.8473721590909091,0.4818181818181818,0.0265625,0.0375
14,614,ckyw6zzlj001r3867thf0fuy7,0,0.211328125,0.5489583333333333,0.0265625,0.0458333333333333
14,614,ckyw704kw001v3867kvyjtx6k,0,0.78984375,0.6229166666666667,0.0296875,0.0375
14,614,ckyw708pn001z386779fr849h,0,0.8313616071428571,0.1248511904761904,0.0359375,0.0395833333333333
14,614,ckyw723jy00233867gakwo9e7,0,0.8502130681818182,0.4823863636363636,0.0265625,0.0375
14,615,ckyw6zzlj001r3867thf0fuy7,0,0.2135416666666666,0.545138888888889,0.0265625,0.0458333333333333
14,615,ckyw704kw001v3867kvyjtx6k,0,0.790625,0.6260416666666667,0.0296875,0.0375
14,615,ckyw708pn001z386779fr849h,0,0.8313546316964286,0.1248604910714285,0.0359375,0.0395833333333333
14,615,ckyw723jy00233867gakwo9e7,0,0.8530539772727274,0.4829545454545454,0.0265625,0.0375
14,616,ckyw6zzlj001r3867thf0fuy7,0,0.2157552083333333,0.5413194444444444,0.0265625,0.0458333333333332
14,616,ckyw704kw001v3867kvyjtx6k,0,0.79140625,0.6291666666666667,0.0296875,0.0375
14,616,ckyw708pn001z386779fr849h,0,0.83134765625,0.1248697916666666,0.0359375,0.0395833333333333
14,616,ckyw723jy00233867gakwo9e7,0,0.8558948863636363,0.4835227272727272,0.0265625,0.0375
14,617,ckyw6zzlj001r3867thf0fuy7,0,0.21796875,0.5375,0.0265625,0.0458333333333333
14,617,ckyw704kw001v3867kvyjtx6k,0,0.7921875,0.6322916666666667,0.0296875,0.0375
14,617,ckyw708pn001z386779fr849h,0,0.8313406808035714,0.1248790922619047,0.0359375,0.0395833333333333
14,617,ckyw723jy00233867gakwo9e7,0,0.8587357954545455,0.4840909090909091,0.0265625,0.0375
14,618,ckyw6zzlj001r3867thf0fuy7,0,0.2213404605263157,0.5365131578947369,0.0265625,0.0458333333333333
14,618,ckyw704kw001v3867kvyjtx6k,0,0.79296875,0.6354166666666666,0.0296875,0.0375
14,618,ckyw708pn001z386779fr849h,0,0.8313337053571429,0.1248883928571428,0.0359375,0.0395833333333333
14,618,ckyw723jy00233867gakwo9e7,0,0.8615767045454545,0.4846590909090909,0.0265625,0.0375
14,619,ckyw6zzlj001r3867thf0fuy7,0,0.2247121710526315,0.5355263157894736,0.0265625,0.0458333333333332
14,619,ckyw704kw001v3867kvyjtx6k,0,0.7948437500000001,0.6370833333333333,0.0296875,0.0375
14,619,ckyw708pn001z386779fr849h,0,0.8313267299107142,0.1248976934523809,0.0359375,0.0395833333333333
14,619,ckyw723jy00233867gakwo9e7,0,0.8644176136363637,0.4852272727272727,0.0265625,0.0375
14,61,ckyw6zzlj001r3867thf0fuy7,0,0.31796875,0.7,0.0359375,0.0375
14,61,ckyw704kw001v3867kvyjtx6k,0,0.821875,0.6760416666666667,0.0296875,0.0375
14,61,ckyw708pn001z386779fr849h,0,0.8292534722222221,0.1216435185185185,0.0359375,0.0395833333333333
14,620,ckyw6zzlj001r3867thf0fuy7,0,0.2280838815789473,0.5345394736842105,0.0265625,0.0458333333333333
14,620,ckyw704kw001v3867kvyjtx6k,0,0.7967187499999999,0.63875,0.0296875,0.0375
14,620,ckyw708pn001z386779fr849h,0,0.8313197544642857,0.124906994047619,0.0359375,0.0395833333333333
14,620,ckyw723jy00233867gakwo9e7,0,0.8672585227272727,0.4857954545454545,0.0265625,0.0375
14,621,ckyw6zzlj001r3867thf0fuy7,0,0.2314555921052631,0.5335526315789474,0.0265625,0.0458333333333333
14,621,ckyw704kw001v3867kvyjtx6k,0,0.79859375,0.6404166666666666,0.0296875,0.0375
14,621,ckyw708pn001z386779fr849h,0,0.8313127790178572,0.1249162946428571,0.0359375,0.0395833333333333
14,621,ckyw723jy00233867gakwo9e7,0,0.8700994318181818,0.4863636363636364,0.0265625,0.0375
14,622,ckyw6zzlj001r3867thf0fuy7,0,0.2348273026315789,0.5325657894736843,0.0265625,0.0458333333333333
14,622,ckyw704kw001v3867kvyjtx6k,0,0.80046875,0.6420833333333333,0.0296874999999999,0.0375
14,622,ckyw708pn001z386779fr849h,0,0.8313058035714287,0.1249255952380952,0.0359375,0.0395833333333333
14,622,ckyw723jy00233867gakwo9e7,0,0.8729403409090908,0.4869318181818182,0.0265625,0.0375
14,623,ckyw6zzlj001r3867thf0fuy7,0,0.2381990131578947,0.531578947368421,0.0265625,0.0458333333333332
14,623,ckyw704kw001v3867kvyjtx6k,0,0.80234375,0.64375,0.0296875,0.0375
14,623,ckyw708pn001z386779fr849h,0,0.831298828125,0.1249348958333333,0.0359375,0.0395833333333333
14,623,ckyw723jy00233867gakwo9e7,0,0.87578125,0.4875,0.0265625,0.0375
14,624,ckyw6zzlj001r3867thf0fuy7,0,0.2415707236842105,0.5305921052631579,0.0265625,0.0458333333333333
14,624,ckyw704kw001v3867kvyjtx6k,0,0.805859375,0.6440104166666667,0.0296875,0.0375
14,624,ckyw708pn001z386779fr849h,0,0.8312918526785713,0.1249441964285714,0.0359375,0.0395833333333333
14,624,ckyw723jy00233867gakwo9e7,0,0.8794921875,0.48828125,0.0265625,0.0375
14,625,ckyw6zzlj001r3867thf0fuy7,0,0.2449424342105263,0.5296052631578948,0.0265625,0.0458333333333333
14,625,ckyw704kw001v3867kvyjtx6k,0,0.809375,0.6442708333333333,0.0296875,0.0375
14,625,ckyw708pn001z386779fr849h,0,0.8312848772321428,0.1249534970238095,0.0359375,0.0395833333333333
14,625,ckyw723jy00233867gakwo9e7,0,0.883203125,0.4890625,0.0265625,0.0375
14,626,ckyw6zzlj001r3867thf0fuy7,0,0.2483141447368421,0.5286184210526316,0.0265625,0.0458333333333333
14,626,ckyw704kw001v3867kvyjtx6k,0,0.812890625,0.64453125,0.0296875,0.0375
14,626,ckyw708pn001z386779fr849h,0,0.8312779017857143,0.1249627976190476,0.0359375,0.0395833333333333
14,626,ckyw723jy00233867gakwo9e7,0,0.8869140625,0.48984375,0.0265625,0.0375
14,627,ckyw6zzlj001r3867thf0fuy7,0,0.2516858552631579,0.5276315789473683,0.0265625,0.0458333333333332
14,627,ckyw704kw001v3867kvyjtx6k,0,0.81640625,0.6447916666666667,0.0296875,0.0375
14,627,ckyw708pn001z386779fr849h,0,0.8312709263392858,0.1249720982142857,0.0359375,0.0395833333333333
14,627,ckyw723jy00233867gakwo9e7,0,0.890625,0.490625,0.0265625,0.0375
14,628,ckyw6zzlj001r3867thf0fuy7,0,0.2550575657894737,0.5266447368421052,0.0265625,0.0458333333333333
14,628,ckyw704kw001v3867kvyjtx6k,0,0.819921875,0.6450520833333333,0.0296875,0.0375
14,628,ckyw708pn001z386779fr849h,0,0.8312639508928571,0.1249813988095238,0.0359375,0.0395833333333333
14,628,ckyw723jy00233867gakwo9e7,0,0.8943359375,0.49140625,0.0265625,0.0375
14,629,ckyw6zzlj001r3867thf0fuy7,0,0.2584292763157895,0.5256578947368421,0.0265625,0.0458333333333333
14,629,ckyw704kw001v3867kvyjtx6k,0,0.8234375,0.6453125,0.0296875,0.0375
14,629,ckyw708pn001z386779fr849h,0,0.8312569754464286,0.1249906994047618,0.0359375,0.0395833333333333
14,629,ckyw723jy00233867gakwo9e7,0,0.898046875,0.4921875,0.0265625,0.0375
14,62,ckyw6zzlj001r3867thf0fuy7,0,0.3174479166666666,0.70625,0.0359375,0.0375
14,62,ckyw704kw001v3867kvyjtx6k,0,0.82421875,0.6791666666666667,0.0296875,0.0375
14,62,ckyw708pn001z386779fr849h,0,0.8292920524691357,0.1216177983539094,0.0359375,0.0395833333333333
14,630,ckyw6zzlj001r3867thf0fuy7,0,0.2618009868421053,0.524671052631579,0.0265625,0.0458333333333333
14,630,ckyw704kw001v3867kvyjtx6k,0,0.826953125,0.6455729166666667,0.0296875,0.0375
14,630,ckyw708pn001z386779fr849h,0,0.83125,0.125,0.0359375,0.0395833333333333
14,630,ckyw723jy00233867gakwo9e7,0,0.9017578125,0.49296875,0.0265625,0.0375
14,631,ckyw6zzlj001r3867thf0fuy7,0,0.2651726973684211,0.5236842105263158,0.0265625,0.0458333333333332
14,631,ckyw704kw001v3867kvyjtx6k,0,0.83046875,0.6458333333333334,0.0296875,0.0375
14,631,ckyw708pn001z386779fr849h,0,0.8312430245535714,0.1250093005952381,0.0359375,0.0395833333333333
14,631,ckyw723jy00233867gakwo9e7,0,0.90546875,0.49375,0.0265625,0.0375
14,632,ckyw6zzlj001r3867thf0fuy7,0,0.2685444078947369,0.5226973684210526,0.0265625,0.0458333333333333
14,632,ckyw704kw001v3867kvyjtx6k,0,0.83265625,0.64625,0.0296875,0.0375
14,632,ckyw708pn001z386779fr849h,0,0.8312360491071429,0.1250186011904762,0.0359375,0.0395833333333333
14,632,ckyw723jy00233867gakwo9e7,0,0.90734375,0.49875,0.0265625,0.0375
14,633,ckyw6zzlj001r3867thf0fuy7,0,0.2719161184210527,0.5217105263157895,0.0265625,0.0458333333333333
14,633,ckyw704kw001v3867kvyjtx6k,0,0.8348437499999999,0.6466666666666666,0.0296875,0.0375
14,633,ckyw708pn001z386779fr849h,0,0.8312290736607142,0.1250279017857143,0.0359375,0.0395833333333333
14,633,ckyw723jy00233867gakwo9e7,0,0.90921875,0.50375,0.0265625,0.0375
14,634,ckyw6zzlj001r3867thf0fuy7,0,0.2752878289473684,0.5207236842105264,0.0265625,0.0458333333333333
14,634,ckyw704kw001v3867kvyjtx6k,0,0.8370312500000001,0.6470833333333333,0.0296875,0.0375
14,634,ckyw708pn001z386779fr849h,0,0.8312220982142857,0.1250372023809523,0.0359375,0.0395833333333333
14,634,ckyw723jy00233867gakwo9e7,0,0.91109375,0.5087499999999999,0.0265625,0.0375
14,635,ckyw6zzlj001r3867thf0fuy7,0,0.2786595394736842,0.5197368421052632,0.0265625,0.0458333333333332
14,635,ckyw704kw001v3867kvyjtx6k,0,0.83921875,0.6475000000000001,0.0296875,0.0375
14,635,ckyw708pn001z386779fr849h,0,0.8312151227678571,0.1250465029761905,0.0359375,0.0395833333333333
14,635,ckyw723jy00233867gakwo9e7,0,0.91296875,0.51375,0.0265625,0.0375
14,636,ckyw6zzlj001r3867thf0fuy7,0,0.28203125,0.51875,0.0265625,0.0458333333333333
14,636,ckyw704kw001v3867kvyjtx6k,0,0.84140625,0.6479166666666667,0.0296875,0.0375
14,636,ckyw708pn001z386779fr849h,0,0.8312081473214287,0.1250558035714285,0.0359375,0.0395833333333333
14,636,ckyw723jy00233867gakwo9e7,0,0.91484375,0.51875,0.0265625,0.0375
14,637,ckyw6zzlj001r3867thf0fuy7,0,0.2852430555555555,0.51875,0.0267361111111111,0.0458333333333333
14,637,ckyw704kw001v3867kvyjtx6k,0,0.8431919642857142,0.6452380952380953,0.0296875,0.0375
14,637,ckyw708pn001z386779fr849h,0,0.831201171875,0.1250651041666666,0.0359375,0.0395833333333333
14,637,ckyw723jy00233867gakwo9e7,0,0.9161830357142856,0.5196428571428572,0.0265625,0.0375
14,638,ckyw6zzlj001r3867thf0fuy7,0,0.2884548611111111,0.51875,0.0269097222222222,0.0458333333333333
14,638,ckyw704kw001v3867kvyjtx6k,0,0.8449776785714287,0.6425595238095239,0.0296875,0.0375
14,638,ckyw708pn001z386779fr849h,0,0.8311941964285714,0.1250744047619047,0.0359375,0.0395833333333333
14,638,ckyw723jy00233867gakwo9e7,0,0.9175223214285714,0.5205357142857142,0.0265625,0.0374999999999999
14,639,ckyw6zzlj001r3867thf0fuy7,0,0.2916666666666667,0.51875,0.0270833333333333,0.0458333333333333
14,639,ckyw704kw001v3867kvyjtx6k,0,0.8467633928571429,0.6398809523809524,0.0296875,0.0375
14,639,ckyw708pn001z386779fr849h,0,0.8311872209821429,0.1250837053571428,0.0359375,0.0395833333333333
14,639,ckyw723jy00233867gakwo9e7,0,0.9188616071428573,0.5214285714285715,0.0265625,0.0375
14,63,ckyw6zzlj001r3867thf0fuy7,0,0.3169270833333333,0.7125,0.0359375,0.0375
14,63,ckyw704kw001v3867kvyjtx6k,0,0.8265625,0.6822916666666666,0.0296875,0.0375
14,63,ckyw708pn001z386779fr849h,0,0.8293306327160493,0.1215920781893004,0.0359375,0.0395833333333333
14,640,ckyw6zzlj001r3867thf0fuy7,0,0.2948784722222222,0.51875,0.0272569444444444,0.0458333333333333
14,640,ckyw704kw001v3867kvyjtx6k,0,0.8485491071428571,0.6372023809523809,0.0296875,0.0375
14,640,ckyw708pn001z386779fr849h,0,0.8311802455357142,0.1250930059523809,0.0359375,0.0395833333333333
14,640,ckyw723jy00233867gakwo9e7,0,0.9202008928571428,0.5223214285714286,0.0265625,0.0375
14,641,ckyw6zzlj001r3867thf0fuy7,0,0.2980902777777777,0.51875,0.0274305555555555,0.0458333333333333
14,641,ckyw704kw001v3867kvyjtx6k,0,0.8503348214285713,0.6345238095238095,0.0296875,0.0375
14,641,ckyw708pn001z386779fr849h,0,0.8311732700892858,0.125102306547619,0.0359375,0.0395833333333333
14,641,ckyw723jy00233867gakwo9e7,0,0.9215401785714288,0.5232142857142857,0.0265625,0.0375
14,642,ckyw6zzlj001r3867thf0fuy7,0,0.3013020833333333,0.51875,0.0276041666666666,0.0458333333333333
14,642,ckyw704kw001v3867kvyjtx6k,0,0.8521205357142858,0.6318452380952381,0.0296875,0.0375
14,642,ckyw708pn001z386779fr849h,0,0.8311662946428571,0.1251116071428571,0.0359375,0.0395833333333333
14,642,ckyw723jy00233867gakwo9e7,0,0.9228794642857142,0.5241071428571428,0.0265625,0.0374999999999999
14,643,ckyw6zzlj001r3867thf0fuy7,0,0.3045138888888888,0.51875,0.0277777777777777,0.0458333333333333
14,643,ckyw704kw001v3867kvyjtx6k,0,0.85390625,0.6291666666666667,0.0296875,0.0375
14,643,ckyw708pn001z386779fr849h,0,0.8311593191964286,0.1251209077380952,0.0359375,0.0395833333333333
14,643,ckyw723jy00233867gakwo9e7,0,0.92421875,0.525,0.0265625,0.0375
14,644,ckyw6zzlj001r3867thf0fuy7,0,0.3077256944444445,0.51875,0.0279513888888888,0.0458333333333333
14,644,ckyw704kw001v3867kvyjtx6k,0,0.85546875,0.6260416666666667,0.0296875,0.0375
14,644,ckyw708pn001z386779fr849h,0,0.83115234375,0.1251302083333333,0.0359375,0.0395833333333333
14,644,ckyw723jy00233867gakwo9e7,0,0.925,0.5104166666666666,0.0265625,0.0375
14,645,ckyw6zzlj001r3867thf0fuy7,0,0.3109375,0.51875,0.028125,0.0458333333333333
14,645,ckyw704kw001v3867kvyjtx6k,0,0.85703125,0.6229166666666667,0.0296875,0.0375
14,645,ckyw708pn001z386779fr849h,0,0.8311453683035713,0.1251395089285714,0.0359375,0.0395833333333333
14,645,ckyw723jy00233867gakwo9e7,0,0.92578125,0.4958333333333333,0.0265625,0.0375
14,646,ckyw6zzlj001r3867thf0fuy7,0,0.3135416666666666,0.5194444444444444,0.028125,0.0458333333333332
14,646,ckyw704kw001v3867kvyjtx6k,0,0.8596354166666667,0.6270833333333333,0.0296875,0.0375
14,646,ckyw708pn001z386779fr849h,0,0.8311383928571429,0.1251488095238095,0.0359375,0.0395833333333333
14,646,ckyw723jy00233867gakwo9e7,0,0.9341145833333334,0.5006944444444444,0.0265625,0.0375
14,647,ckyw6zzlj001r3867thf0fuy7,0,0.3161458333333333,0.5201388888888889,0.028125,0.0458333333333333
14,647,ckyw704kw001v3867kvyjtx6k,0,0.8622395833333334,0.63125,0.0296875,0.0375
14,647,ckyw708pn001z386779fr849h,0,0.8311314174107143,0.1251581101190476,0.0359375,0.0395833333333333
14,647,ckyw723jy00233867gakwo9e7,0,0.9424479166666666,0.5055555555555555,0.0265625,0.0375
14,648,ckyw6zzlj001r3867thf0fuy7,0,0.31875,0.5208333333333334,0.028125,0.0458333333333333
14,648,ckyw704kw001v3867kvyjtx6k,0,0.86484375,0.6354166666666666,0.0296875,0.0375
14,648,ckyw708pn001z386779fr849h,0,0.8311244419642858,0.1251674107142857,0.0359375,0.0395833333333333
14,648,ckyw723jy00233867gakwo9e7,0,0.95078125,0.5104166666666666,0.0265625,0.0375
14,649,ckyw6zzlj001r3867thf0fuy7,0,0.3211805555555555,0.524074074074074,0.028125,0.0458333333333333
14,649,ckyw704kw001v3867kvyjtx6k,0,0.8669270833333333,0.6361111111111111,0.0296875,0.0375
14,649,ckyw708pn001z386779fr849h,0,0.8311174665178571,0.1251767113095238,0.0359375,0.0395833333333333
14,649,ckyw723jy00233867gakwo9e7,0,0.9513020833333334,0.5055555555555555,0.0265625,0.0375
14,64,ckyw6zzlj001r3867thf0fuy7,0,0.31640625,0.71875,0.0359375,0.0375
14,64,ckyw704kw001v3867kvyjtx6k,0,0.82890625,0.6854166666666667,0.0296875,0.0375
14,64,ckyw708pn001z386779fr849h,0,0.829369212962963,0.1215663580246913,0.0359375,0.0395833333333333
14,650,ckyw6zzlj001r3867thf0fuy7,0,0.3236111111111111,0.5273148148148148,0.028125,0.0458333333333332
14,650,ckyw704kw001v3867kvyjtx6k,0,0.8690104166666666,0.6368055555555556,0.0296875,0.0375
14,650,ckyw708pn001z386779fr849h,0,0.8311104910714286,0.1251860119047619,0.0359375,0.0395833333333333
14,650,ckyw723jy00233867gakwo9e7,0,0.9518229166666666,0.5006944444444444,0.0265625,0.0375
14,651,ckyw6zzlj001r3867thf0fuy7,0,0.3260416666666667,0.5305555555555556,0.028125,0.0458333333333333
14,651,ckyw704kw001v3867kvyjtx6k,0,0.87109375,0.6375,0.0296875,0.0375
14,651,ckyw708pn001z386779fr849h,0,0.831103515625,0.1251953125,0.0359375,0.0395833333333333
14,651,ckyw723jy00233867gakwo9e7,0,0.95234375,0.4958333333333333,0.0265625,0.0375
14,652,ckyw6zzlj001r3867thf0fuy7,0,0.3284722222222222,0.5337962962962963,0.028125,0.0458333333333333
14,652,ckyw704kw001v3867kvyjtx6k,0,0.8739583333333334,0.642361111111111,0.0296875,0.0375
14,652,ckyw708pn001z386779fr849h,0,0.8310965401785714,0.1252046130952381,0.0359375,0.0395833333333333
14,652,ckyw723jy00233867gakwo9e7,0,0.9541666666666666,0.4961805555555555,0.0265625,0.0375
14,653,ckyw6zzlj001r3867thf0fuy7,0,0.3309027777777777,0.537037037037037,0.028125,0.0458333333333333
14,653,ckyw704kw001v3867kvyjtx6k,0,0.8768229166666666,0.6472222222222223,0.0296875,0.0375
14,653,ckyw708pn001z386779fr849h,0,0.8310895647321429,0.1252139136904762,0.0359375,0.0395833333333333
14,653,ckyw723jy00233867gakwo9e7,0,0.9559895833333334,0.4965277777777778,0.0265625,0.0375
14,654,ckyw6zzlj001r3867thf0fuy7,0,0.3333333333333333,0.5402777777777777,0.028125,0.0458333333333332
14,654,ckyw704kw001v3867kvyjtx6k,0,0.8796875,0.6520833333333333,0.0296875,0.0375
14,654,ckyw708pn001z386779fr849h,0,0.8310825892857142,0.1252232142857142,0.0359375,0.0395833333333333
14,654,ckyw723jy00233867gakwo9e7,0,0.9578125,0.496875,0.0265625,0.0375
14,655,ckyw6zzlj001r3867thf0fuy7,0,0.3357638888888888,0.5435185185185186,0.028125,0.0458333333333333
14,655,ckyw704kw001v3867kvyjtx6k,0,0.8825520833333333,0.6569444444444444,0.0296875,0.0375
14,655,ckyw708pn001z386779fr849h,0,0.8310756138392857,0.1252325148809523,0.0359375,0.0395833333333333
14,655,ckyw723jy00233867gakwo9e7,0,0.9596354166666666,0.4972222222222222,0.0265625,0.0375
14,656,ckyw6zzlj001r3867thf0fuy7,0,0.3381944444444444,0.5467592592592593,0.028125,0.0458333333333333
14,656,ckyw704kw001v3867kvyjtx6k,0,0.8854166666666666,0.6618055555555556,0.0296875,0.0375
14,656,ckyw708pn001z386779fr849h,0,0.8310686383928572,0.1252418154761904,0.0359375,0.0395833333333333
14,656,ckyw723jy00233867gakwo9e7,0,0.9614583333333334,0.4975694444444444,0.0265625,0.0375
14,657,ckyw6zzlj001r3867thf0fuy7,0,0.340625,0.55,0.028125,0.0458333333333333
14,657,ckyw704kw001v3867kvyjtx6k,0,0.88828125,0.6666666666666666,0.0296875,0.0375
14,657,ckyw708pn001z386779fr849h,0,0.8310616629464287,0.1252511160714285,0.0359375,0.0395833333333333
14,657,ckyw723jy00233867gakwo9e7,0,0.96328125,0.4979166666666667,0.0265625,0.0375
14,658,ckyw6zzlj001r3867thf0fuy7,0,0.344921875,0.5515625,0.028125,0.0458333333333333
14,658,ckyw704kw001v3867kvyjtx6k,0,0.88984375,0.6671875,0.0296875,0.0375
14,658,ckyw708pn001z386779fr849h,0,0.8310546875,0.1252604166666666,0.0359375,0.0395833333333333
14,658,ckyw723jy00233867gakwo9e7,0,0.963671875,0.5036458333333333,0.0265625,0.0375
14,659,ckyw6zzlj001r3867thf0fuy7,0,0.34921875,0.553125,0.028125,0.0458333333333333
14,659,ckyw704kw001v3867kvyjtx6k,0,0.89140625,0.6677083333333333,0.0296875,0.0375
14,659,ckyw708pn001z386779fr849h,0,0.8310477120535713,0.1252697172619047,0.0359375,0.0395833333333333
14,659,ckyw723jy00233867gakwo9e7,0,0.9640625,0.509375,0.0265625,0.0375
14,65,ckyw6zzlj001r3867thf0fuy7,0,0.3190104166666666,0.7229166666666667,0.0359375,0.0375
14,65,ckyw704kw001v3867kvyjtx6k,0,0.8315104166666666,0.6847222222222222,0.0296875,0.0375
14,65,ckyw708pn001z386779fr849h,0,0.8294077932098766,0.1215406378600823,0.0359375,0.0395833333333333
14,660,ckyw6zzlj001r3867thf0fuy7,0,0.353515625,0.5546875,0.028125,0.0458333333333333
14,660,ckyw704kw001v3867kvyjtx6k,0,0.89296875,0.6682291666666667,0.0296875,0.0375
14,660,ckyw708pn001z386779fr849h,0,0.8310407366071428,0.1252790178571428,0.0359375,0.0395833333333333
14,660,ckyw723jy00233867gakwo9e7,0,0.964453125,0.5151041666666667,0.0265625,0.0375
14,661,ckyw6zzlj001r3867thf0fuy7,0,0.3578125,0.55625,0.028125,0.0458333333333333
14,661,ckyw704kw001v3867kvyjtx6k,0,0.89453125,0.66875,0.0296875,0.0375
14,661,ckyw708pn001z386779fr849h,0,0.8310337611607143,0.1252883184523809,0.0359375,0.0395833333333333
14,661,ckyw723jy00233867gakwo9e7,0,0.96484375,0.5208333333333334,0.0265625,0.0375
14,662,ckyw6zzlj001r3867thf0fuy7,0,0.3583333333333333,0.5618055555555556,0.028125,0.0458333333333333
14,662,ckyw704kw001v3867kvyjtx6k,0,0.8940104166666666,0.6743055555555556,0.0296875,0.0375
14,662,ckyw708pn001z386779fr849h,0,0.8310267857142858,0.125297619047619,0.0359375,0.0395833333333333
14,662,ckyw723jy00233867gakwo9e7,0,0.9673828125,0.5231770833333333,0.0265625,0.0375
14,663,ckyw6zzlj001r3867thf0fuy7,0,0.3588541666666666,0.5673611111111111,0.028125,0.0458333333333333
14,663,ckyw704kw001v3867kvyjtx6k,0,0.8934895833333334,0.679861111111111,0.0296875,0.0375
14,663,ckyw708pn001z386779fr849h,0,0.8310198102678571,0.1253069196428571,0.0359375,0.0395833333333333
14,663,ckyw723jy00233867gakwo9e7,0,0.969921875,0.5255208333333333,0.0265625,0.0375
14,664,ckyw6zzlj001r3867thf0fuy7,0,0.359375,0.5729166666666666,0.028125,0.0458333333333333
14,664,ckyw704kw001v3867kvyjtx6k,0,0.89296875,0.6854166666666667,0.0296875,0.0375
14,664,ckyw708pn001z386779fr849h,0,0.8310128348214286,0.1253162202380952,0.0359375,0.0395833333333333
14,664,ckyw723jy00233867gakwo9e7,0,0.9724609375,0.5278645833333333,0.0265625,0.0375
14,665,ckyw6zzlj001r3867thf0fuy7,0,0.36078125,0.575,0.0284374999999999,0.0458333333333333
14,665,ckyw704kw001v3867kvyjtx6k,0,0.8926562499999999,0.6887500000000001,0.0296875,0.0375
14,665,ckyw708pn001z386779fr849h,0,0.831005859375,0.1253255208333333,0.0359375,0.0395833333333333
14,665,ckyw723jy00233867gakwo9e7,0,0.975,0.5302083333333333,0.0265625,0.0375
14,666,ckyw6zzlj001r3867thf0fuy7,0,0.3621875,0.5770833333333333,0.02875,0.0458333333333333
14,666,ckyw704kw001v3867kvyjtx6k,0,0.89234375,0.6920833333333333,0.0296875,0.0375
14,666,ckyw708pn001z386779fr849h,0,0.8309988839285714,0.1253348214285714,0.0359375,0.0395833333333333
14,666,ckyw723jy00233867gakwo9e7,0,0.9775390625,0.5325520833333334,0.0265625,0.0375
14,667,ckyw6zzlj001r3867thf0fuy7,0,0.36359375,0.5791666666666667,0.0290624999999999,0.0458333333333333
14,667,ckyw704kw001v3867kvyjtx6k,0,0.8920312499999999,0.6954166666666667,0.0296875,0.0375
14,667,ckyw708pn001z386779fr849h,0,0.8309919084821429,0.1253441220238095,0.0359375,0.0395833333333333
14,667,ckyw723jy00233867gakwo9e7,0,0.980078125,0.5348958333333333,0.0265625,0.0375
14,668,ckyw6zzlj001r3867thf0fuy7,0,0.365,0.58125,0.029375,0.0458333333333333
14,668,ckyw704kw001v3867kvyjtx6k,0,0.8917187500000001,0.69875,0.0296875,0.0375
14,668,ckyw708pn001z386779fr849h,0,0.8309849330357142,0.1253534226190476,0.0359375,0.0395833333333333
14,668,ckyw723jy00233867gakwo9e7,0,0.9826171875,0.5372395833333333,0.0265625,0.0375
14,669,ckyw6zzlj001r3867thf0fuy7,0,0.36640625,0.5833333333333334,0.0296875,0.0458333333333333
14,669,ckyw704kw001v3867kvyjtx6k,0,0.89140625,0.7020833333333333,0.0296875,0.0375
14,669,ckyw708pn001z386779fr849h,0,0.8309779575892857,0.1253627232142857,0.0359375,0.0395833333333333
14,669,ckyw723jy00233867gakwo9e7,0,0.98515625,0.5395833333333333,0.0265625,0.0375
14,66,ckyw6zzlj001r3867thf0fuy7,0,0.3216145833333333,0.7270833333333333,0.0359375,0.0375
14,66,ckyw704kw001v3867kvyjtx6k,0,0.8341145833333334,0.6840277777777778,0.0296875,0.0375
14,66,ckyw708pn001z386779fr849h,0,0.8294463734567902,0.1215149176954732,0.0359375,0.0395833333333333
14,670,ckyw6zzlj001r3867thf0fuy7,0,0.3683159722222222,0.587037037037037,0.0296875,0.0458333333333333
14,670,ckyw704kw001v3867kvyjtx6k,0,0.89453125,0.70625,0.0296875,0.0375
14,670,ckyw708pn001z386779fr849h,0,0.8309709821428571,0.1253720238095238,0.0359375,0.0395833333333333
14,670,ckyw723jy00233867gakwo9e7,0,0.98515625,0.5395833333333333,0.0265625,0.0375
14,671,ckyw6zzlj001r3867thf0fuy7,0,0.3702256944444445,0.5907407407407407,0.0296875,0.0458333333333333
14,671,ckyw704kw001v3867kvyjtx6k,0,0.89765625,0.7104166666666667,0.0296875,0.0375
14,671,ckyw708pn001z386779fr849h,0,0.8309640066964287,0.1253813244047618,0.0359375,0.0395833333333333
14,671,ckyw723jy00233867gakwo9e7,0,0.98515625,0.5395833333333333,0.0265625,0.0375
14,672,ckyw6zzlj001r3867thf0fuy7,0,0.3721354166666666,0.5944444444444444,0.0296875,0.0458333333333333
14,672,ckyw704kw001v3867kvyjtx6k,0,0.8978794642857142,0.7125,0.0296875,0.0375
14,672,ckyw708pn001z386779fr849h,0,0.83095703125,0.125390625,0.0359375,0.0395833333333333
14,673,ckyw6zzlj001r3867thf0fuy7,0,0.3740451388888889,0.5981481481481481,0.0296875,0.0458333333333333
14,673,ckyw704kw001v3867kvyjtx6k,0,0.8981026785714287,0.7145833333333333,0.0296875,0.0375
14,673,ckyw708pn001z386779fr849h,0,0.8309500558035714,0.1253999255952381,0.0359375,0.0395833333333333
14,674,ckyw6zzlj001r3867thf0fuy7,0,0.3759548611111111,0.6018518518518519,0.0296875,0.0458333333333333
14,674,ckyw704kw001v3867kvyjtx6k,0,0.8983258928571429,0.7166666666666667,0.0296875,0.0375
14,674,ckyw708pn001z386779fr849h,0,0.8309430803571429,0.1254092261904761,0.0359375,0.0395833333333333
14,675,ckyw6zzlj001r3867thf0fuy7,0,0.3778645833333333,0.6055555555555556,0.0296875,0.0458333333333333
14,675,ckyw704kw001v3867kvyjtx6k,0,0.8985491071428571,0.71875,0.0296875,0.0375
14,675,ckyw708pn001z386779fr849h,0,0.8309361049107142,0.1254185267857143,0.0359375,0.0395833333333333
14,676,ckyw6zzlj001r3867thf0fuy7,0,0.3797743055555555,0.6092592592592593,0.0296875,0.0458333333333333
14,676,ckyw704kw001v3867kvyjtx6k,0,0.8987723214285713,0.7208333333333333,0.0296875,0.0375
14,676,ckyw708pn001z386779fr849h,0,0.8309291294642858,0.1254278273809523,0.0359375,0.0395833333333333
14,677,ckyw6zzlj001r3867thf0fuy7,0,0.3816840277777777,0.6129629629629629,0.0296875,0.0458333333333333
14,677,ckyw704kw001v3867kvyjtx6k,0,0.8989955357142858,0.7229166666666667,0.0296875,0.0375
14,677,ckyw708pn001z386779fr849h,0,0.8309221540178571,0.1254371279761904,0.0359375,0.0395833333333333
14,678,ckyw6zzlj001r3867thf0fuy7,0,0.38359375,0.6166666666666667,0.0296875,0.0458333333333333
14,678,ckyw704kw001v3867kvyjtx6k,0,0.89921875,0.725,0.0296875,0.0375
14,678,ckyw708pn001z386779fr849h,0,0.8309151785714286,0.1254464285714285,0.0359375,0.0395833333333333
14,679,ckyw6zzlj001r3867thf0fuy7,0,0.3840401785714286,0.6211309523809524,0.0296875,0.0458333333333333
14,679,ckyw704kw001v3867kvyjtx6k,0,0.9018229166666666,0.7298611111111111,0.0296875,0.0375
14,679,ckyw708pn001z386779fr849h,0,0.830908203125,0.1254557291666666,0.0359375,0.0395833333333333
14,67,ckyw6zzlj001r3867thf0fuy7,0,0.32421875,0.73125,0.0359375,0.0375
14,67,ckyw704kw001v3867kvyjtx6k,0,0.83671875,0.6833333333333333,0.0296875,0.0375
14,67,ckyw708pn001z386779fr849h,0,0.8294849537037037,0.1214891975308641,0.0359375,0.0395833333333333
14,680,ckyw6zzlj001r3867thf0fuy7,0,0.3844866071428571,0.6255952380952381,0.0296875,0.0458333333333333
14,680,ckyw704kw001v3867kvyjtx6k,0,0.9044270833333334,0.7347222222222223,0.0296875,0.0375
14,680,ckyw708pn001z386779fr849h,0,0.8309012276785713,0.1254650297619047,0.0359375,0.0395833333333333
14,681,ckyw6zzlj001r3867thf0fuy7,0,0.3849330357142857,0.6300595238095238,0.0296875,0.0458333333333333
14,681,ckyw704kw001v3867kvyjtx6k,0,0.90703125,0.7395833333333334,0.0296875,0.0375
14,681,ckyw708pn001z386779fr849h,0,0.8308942522321429,0.1254743303571428,0.0359375,0.0395833333333333
14,682,ckyw6zzlj001r3867thf0fuy7,0,0.3853794642857143,0.6345238095238095,0.0296875,0.0458333333333333
14,682,ckyw704kw001v3867kvyjtx6k,0,0.909765625,0.7416666666666667,0.0296875,0.0375
14,682,ckyw708pn001z386779fr849h,0,0.8308872767857143,0.1254836309523809,0.0359375,0.0395833333333333
14,683,ckyw6zzlj001r3867thf0fuy7,0,0.3858258928571428,0.6389880952380953,0.0296875,0.0458333333333333
14,683,ckyw704kw001v3867kvyjtx6k,0,0.9125,0.74375,0.0296875,0.0375
14,683,ckyw708pn001z386779fr849h,0,0.8308803013392858,0.125492931547619,0.0359375,0.0395833333333333
14,684,ckyw6zzlj001r3867thf0fuy7,0,0.3862723214285714,0.6434523809523809,0.0296875,0.0458333333333333
14,684,ckyw704kw001v3867kvyjtx6k,0,0.915234375,0.7458333333333333,0.0296875,0.0375
14,684,ckyw708pn001z386779fr849h,0,0.8308733258928571,0.1255022321428571,0.0359375,0.0395833333333333
14,685,ckyw6zzlj001r3867thf0fuy7,0,0.38671875,0.6479166666666667,0.0296875,0.0458333333333333
14,685,ckyw704kw001v3867kvyjtx6k,0,0.91796875,0.7479166666666667,0.0296875,0.0375
14,685,ckyw708pn001z386779fr849h,0,0.8308663504464286,0.1255115327380952,0.0359375,0.0395833333333333
14,686,ckyw6zzlj001r3867thf0fuy7,0,0.3849330357142857,0.6520833333333333,0.0296875,0.0458333333333333
14,686,ckyw704kw001v3867kvyjtx6k,0,0.9206473214285712,0.7479166666666667,0.0296875,0.0375
14,686,ckyw708pn001z386779fr849h,0,0.830859375,0.1255208333333333,0.0359375,0.0395833333333333
14,687,ckyw6zzlj001r3867thf0fuy7,0,0.3831473214285714,0.65625,0.0296875,0.0458333333333333
14,687,ckyw704kw001v3867kvyjtx6k,0,0.9233258928571428,0.7479166666666667,0.0296875,0.0375
14,687,ckyw708pn001z386779fr849h,0,0.8308523995535714,0.1255301339285714,0.0359375,0.0395833333333333
14,688,ckyw6zzlj001r3867thf0fuy7,0,0.3813616071428571,0.6604166666666667,0.0296875,0.0458333333333333
14,688,ckyw704kw001v3867kvyjtx6k,0,0.9260044642857144,0.7479166666666667,0.0296875,0.0375
14,688,ckyw708pn001z386779fr849h,0,0.8308454241071429,0.1255394345238095,0.0359375,0.0395833333333333
14,689,ckyw6zzlj001r3867thf0fuy7,0,0.3795758928571428,0.6645833333333333,0.0296875,0.0458333333333333
14,689,ckyw704kw001v3867kvyjtx6k,0,0.9286830357142858,0.7479166666666667,0.0296875,0.0375
14,689,ckyw708pn001z386779fr849h,0,0.8308384486607142,0.1255487351190476,0.0359375,0.0395833333333333
14,68,ckyw6zzlj001r3867thf0fuy7,0,0.3224431818181818,0.7356060606060607,0.0355113636363636,0.0378787878787878
14,68,ckyw704kw001v3867kvyjtx6k,0,0.83828125,0.6870833333333334,0.0296875,0.0375
14,68,ckyw708pn001z386779fr849h,0,0.8295235339506173,0.1214634773662551,0.0359375,0.0395833333333333
14,690,ckyw6zzlj001r3867thf0fuy7,0,0.3777901785714285,0.66875,0.0296875,0.0458333333333333
14,690,ckyw704kw001v3867kvyjtx6k,0,0.9313616071428572,0.7479166666666667,0.0296875,0.0375
14,690,ckyw708pn001z386779fr849h,0,0.8308314732142857,0.1255580357142857,0.0359375,0.0395833333333333
14,691,ckyw6zzlj001r3867thf0fuy7,0,0.3760044642857142,0.6729166666666667,0.0296875,0.0458333333333333
14,691,ckyw704kw001v3867kvyjtx6k,0,0.9340401785714286,0.7479166666666667,0.0296875,0.0375
14,691,ckyw708pn001z386779fr849h,0,0.8308244977678572,0.1255673363095238,0.0359375,0.0395833333333333
14,692,ckyw6zzlj001r3867thf0fuy7,0,0.37421875,0.6770833333333334,0.0296875,0.0458333333333333
14,692,ckyw704kw001v3867kvyjtx6k,0,0.93671875,0.7479166666666667,0.0296875,0.0375
14,692,ckyw708pn001z386779fr849h,0,0.8308175223214287,0.1255766369047619,0.0359375,0.0395833333333333
14,693,ckyw6zzlj001r3867thf0fuy7,0,0.3734375,0.6819444444444444,0.0296875,0.0458333333333333
14,693,ckyw704kw001v3867kvyjtx6k,0,0.9354166666666666,0.7538194444444444,0.0296875,0.0375
14,693,ckyw708pn001z386779fr849h,0,0.830810546875,0.1255859375,0.0359375,0.0395833333333333
14,694,ckyw6zzlj001r3867thf0fuy7,0,0.37265625,0.6868055555555556,0.0296875,0.0458333333333333
14,694,ckyw704kw001v3867kvyjtx6k,0,0.9341145833333334,0.7597222222222223,0.0296875,0.0375
14,694,ckyw708pn001z386779fr849h,0,0.8308035714285713,0.1255952380952381,0.0359375,0.0395833333333333
14,695,ckyw6zzlj001r3867thf0fuy7,0,0.371875,0.6916666666666667,0.0296875,0.0458333333333333
14,695,ckyw704kw001v3867kvyjtx6k,0,0.9328125,0.765625,0.0296875,0.0375
14,695,ckyw708pn001z386779fr849h,0,0.8307965959821428,0.1256045386904762,0.0359375,0.0395833333333333
14,696,ckyw6zzlj001r3867thf0fuy7,0,0.37109375,0.6965277777777777,0.0296875,0.0458333333333333
14,696,ckyw704kw001v3867kvyjtx6k,0,0.9315104166666666,0.7715277777777777,0.0296875,0.0375
14,696,ckyw708pn001z386779fr849h,0,0.8307896205357143,0.1256138392857143,0.0359375,0.0395833333333333
14,697,ckyw6zzlj001r3867thf0fuy7,0,0.3703125,0.701388888888889,0.0296875,0.0458333333333333
14,697,ckyw704kw001v3867kvyjtx6k,0,0.9302083333333334,0.7774305555555556,0.0296875,0.0375
14,697,ckyw708pn001z386779fr849h,0,0.8307826450892858,0.1256231398809523,0.0359375,0.0395833333333333
14,698,ckyw6zzlj001r3867thf0fuy7,0,0.36953125,0.70625,0.0296875,0.0458333333333333
14,698,ckyw704kw001v3867kvyjtx6k,0,0.92890625,0.7833333333333333,0.0296875,0.0375
14,698,ckyw708pn001z386779fr849h,0,0.8307756696428571,0.1256324404761905,0.0359375,0.0395833333333333
14,699,ckyw6zzlj001r3867thf0fuy7,0,0.3677455357142857,0.7101190476190475,0.0296875,0.0458333333333333
14,699,ckyw704kw001v3867kvyjtx6k,0,0.930859375,0.7864583333333334,0.0296875,0.0375
14,699,ckyw708pn001z386779fr849h,0,0.8307686941964286,0.1256417410714285,0.0359375,0.0395833333333333
14,69,ckyw6zzlj001r3867thf0fuy7,0,0.3206676136363636,0.7399621212121212,0.0350852272727272,0.0382575757575757
14,69,ckyw704kw001v3867kvyjtx6k,0,0.83984375,0.6908333333333334,0.0296875,0.0375
14,69,ckyw708pn001z386779fr849h,0,0.8295621141975309,0.1214377572016461,0.0359375,0.0395833333333333
14,6,ckyw6zzlj001r3867thf0fuy7,0,0.15734375,0.6766666666666666,0.0359375,0.0375
14,6,ckyw704kw001v3867kvyjtx6k,0,0.7307812499999999,0.7479166666666667,0.0296875,0.0375
14,6,ckyw708pn001z386779fr849h,0,0.8277513586956522,0.1245018115942029,0.0359375,0.0395833333333333
14,700,ckyw6zzlj001r3867thf0fuy7,0,0.3659598214285714,0.7139880952380953,0.0296875,0.0458333333333333
14,700,ckyw704kw001v3867kvyjtx6k,0,0.9328125,0.7895833333333333,0.0296875,0.0375
14,700,ckyw708pn001z386779fr849h,0,0.83076171875,0.1256510416666666,0.0359375,0.0395833333333333
14,701,ckyw6zzlj001r3867thf0fuy7,0,0.3641741071428571,0.7178571428571429,0.0296875,0.0458333333333333
14,701,ckyw704kw001v3867kvyjtx6k,0,0.934765625,0.7927083333333333,0.0296875,0.0375
14,701,ckyw708pn001z386779fr849h,0,0.8307547433035714,0.1256603422619047,0.0359375,0.0395833333333333
14,702,ckyw6zzlj001r3867thf0fuy7,0,0.3623883928571428,0.7217261904761905,0.0296875,0.0458333333333333
14,702,ckyw704kw001v3867kvyjtx6k,0,0.93671875,0.7958333333333333,0.0296875,0.0375
14,702,ckyw708pn001z386779fr849h,0,0.8307477678571429,0.1256696428571428,0.0359375,0.0395833333333333
14,703,ckyw6zzlj001r3867thf0fuy7,0,0.3606026785714286,0.7255952380952381,0.0296875,0.0458333333333333
14,703,ckyw704kw001v3867kvyjtx6k,0,0.9361979166666666,0.798611111111111,0.0296875,0.0375
14,703,ckyw708pn001z386779fr849h,0,0.8307407924107142,0.1256789434523809,0.0359375,0.0395833333333333
14,704,ckyw6zzlj001r3867thf0fuy7,0,0.3588169642857143,0.7294642857142858,0.0296875,0.0458333333333333
14,704,ckyw704kw001v3867kvyjtx6k,0,0.9356770833333334,0.8013888888888889,0.0296875,0.0375
14,704,ckyw708pn001z386779fr849h,0,0.8307338169642857,0.125688244047619,0.0359375,0.0395833333333333
14,705,ckyw6zzlj001r3867thf0fuy7,0,0.35703125,0.7333333333333333,0.0296875,0.0458333333333333
14,705,ckyw704kw001v3867kvyjtx6k,0,0.93515625,0.8041666666666667,0.0296875,0.0375
14,705,ckyw708pn001z386779fr849h,0,0.8307268415178571,0.1256975446428571,0.0359375,0.0395833333333333
14,706,ckyw6zzlj001r3867thf0fuy7,0,0.354296875,0.7354166666666667,0.0296875,0.0458333333333333
14,706,ckyw704kw001v3867kvyjtx6k,0,0.93453125,0.8070833333333333,0.0296875,0.0375
14,706,ckyw708pn001z386779fr849h,0,0.8307198660714287,0.1257068452380952,0.0359375,0.0395833333333333
14,707,ckyw6zzlj001r3867thf0fuy7,0,0.3515625,0.7375,0.0296875,0.0458333333333333
14,707,ckyw704kw001v3867kvyjtx6k,0,0.93390625,0.81,0.0296875,0.0375
14,707,ckyw708pn001z386779fr849h,0,0.830712890625,0.1257161458333333,0.0359375,0.0395833333333333
14,708,ckyw6zzlj001r3867thf0fuy7,0,0.348828125,0.7395833333333334,0.0296875,0.0458333333333333
14,708,ckyw704kw001v3867kvyjtx6k,0,0.93328125,0.8129166666666666,0.0296875,0.0375
14,708,ckyw708pn001z386779fr849h,0,0.8307059151785714,0.1257254464285714,0.0359375,0.0395833333333333
14,709,ckyw6zzlj001r3867thf0fuy7,0,0.34609375,0.7416666666666667,0.0296875,0.0458333333333333
14,709,ckyw704kw001v3867kvyjtx6k,0,0.93265625,0.8158333333333334,0.0296875,0.0375
14,709,ckyw708pn001z386779fr849h,0,0.8306989397321429,0.1257347470238095,0.0359375,0.0395833333333333
14,70,ckyw6zzlj001r3867thf0fuy7,0,0.3188920454545454,0.7443181818181818,0.0346590909090909,0.0386363636363636
14,70,ckyw704kw001v3867kvyjtx6k,0,0.84140625,0.6945833333333333,0.0296875,0.0375
14,70,ckyw708pn001z386779fr849h,0,0.8296006944444445,0.121412037037037,0.0359375,0.0395833333333333
14,710,ckyw6zzlj001r3867thf0fuy7,0,0.343359375,0.74375,0.0296875,0.0458333333333333
14,710,ckyw704kw001v3867kvyjtx6k,0,0.93203125,0.81875,0.0296875,0.0375
14,710,ckyw708pn001z386779fr849h,0,0.8306919642857142,0.1257440476190476,0.0359375,0.0395833333333333
14,711,ckyw6zzlj001r3867thf0fuy7,0,0.340625,0.7458333333333333,0.0296875,0.0458333333333333
14,711,ckyw704kw001v3867kvyjtx6k,0,0.9299479166666668,0.8215277777777777,0.0296875,0.0375
14,711,ckyw708pn001z386779fr849h,0,0.8306849888392858,0.1257533482142857,0.0359375,0.0395833333333333
14,712,ckyw6zzlj001r3867thf0fuy7,0,0.337890625,0.7479166666666667,0.0296875,0.0458333333333333
14,712,ckyw704kw001v3867kvyjtx6k,0,0.9278645833333334,0.8243055555555556,0.0296875,0.0375
14,712,ckyw708pn001z386779fr849h,0,0.8306780133928571,0.1257626488095238,0.0359375,0.0395833333333333
14,713,ckyw6zzlj001r3867thf0fuy7,0,0.33515625,0.75,0.0296875,0.0458333333333333
14,713,ckyw704kw001v3867kvyjtx6k,0,0.92578125,0.8270833333333333,0.0296875,0.0375
14,713,ckyw708pn001z386779fr849h,0,0.8306710379464286,0.1257719494047618,0.0359375,0.0395833333333333
14,714,ckyw6zzlj001r3867thf0fuy7,0,0.3330729166666666,0.753125,0.0296875,0.0458333333333333
14,714,ckyw704kw001v3867kvyjtx6k,0,0.9239583333333334,0.829861111111111,0.0296875,0.0375
14,714,ckyw708pn001z386779fr849h,0,0.8306640625,0.12578125,0.0359375,0.0395833333333333
14,715,ckyw6zzlj001r3867thf0fuy7,0,0.3309895833333333,0.75625,0.0296875,0.0458333333333333
14,715,ckyw704kw001v3867kvyjtx6k,0,0.9221354166666668,0.8326388888888889,0.0296875,0.0375
14,715,ckyw708pn001z386779fr849h,0,0.8306570870535713,0.1257905505952381,0.0359375,0.0395833333333333
14,716,ckyw6zzlj001r3867thf0fuy7,0,0.32890625,0.759375,0.0296875,0.0458333333333333
14,716,ckyw704kw001v3867kvyjtx6k,0,0.9203125,0.8354166666666667,0.0296875,0.0375
14,716,ckyw708pn001z386779fr849h,0,0.8306501116071429,0.1257998511904761,0.0359375,0.0395833333333333
14,717,ckyw6zzlj001r3867thf0fuy7,0,0.3268229166666666,0.7625,0.0296875,0.0458333333333333
14,717,ckyw704kw001v3867kvyjtx6k,0,0.9184895833333334,0.8381944444444444,0.0296875,0.0375
14,717,ckyw708pn001z386779fr849h,0,0.8306431361607143,0.1258091517857143,0.0359375,0.0395833333333333
14,718,ckyw6zzlj001r3867thf0fuy7,0,0.3247395833333333,0.765625,0.0296875,0.0458333333333333
14,718,ckyw704kw001v3867kvyjtx6k,0,0.9166666666666666,0.8409722222222222,0.0296875,0.0375
14,718,ckyw708pn001z386779fr849h,0,0.8306361607142858,0.1258184523809523,0.0359375,0.0395833333333333
14,719,ckyw6zzlj001r3867thf0fuy7,0,0.32265625,0.76875,0.0296875,0.0458333333333333
14,719,ckyw704kw001v3867kvyjtx6k,0,0.91484375,0.84375,0.0296875,0.0375
14,719,ckyw708pn001z386779fr849h,0,0.8306291852678571,0.1258277529761904,0.0359375,0.0395833333333333
14,719,ckyw723jy00233867gakwo9e7,0,0.98515625,0.3875,0.0265625,0.0375
14,71,ckyw6zzlj001r3867thf0fuy7,0,0.3171164772727272,0.7486742424242424,0.0342329545454545,0.0390151515151515
14,71,ckyw704kw001v3867kvyjtx6k,0,0.84296875,0.6983333333333334,0.0296875,0.0375
14,71,ckyw708pn001z386779fr849h,0,0.8296392746913581,0.1213863168724279,0.0359375,0.0395833333333333
14,720,ckyw6zzlj001r3867thf0fuy7,0,0.3190104166666666,0.7682291666666666,0.0296875,0.0458333333333333
14,720,ckyw704kw001v3867kvyjtx6k,0,0.9125868055555556,0.8451388888888889,0.0296875,0.0375
14,720,ckyw708pn001z386779fr849h,0,0.8306222098214286,0.1258370535714285,0.0359375,0.0395833333333333
14,720,ckyw723jy00233867gakwo9e7,0,0.98515625,0.3958333333333333,0.0265625,0.0375
14,721,ckyw6zzlj001r3867thf0fuy7,0,0.3153645833333333,0.7677083333333333,0.0296875,0.0458333333333333
14,721,ckyw704kw001v3867kvyjtx6k,0,0.910329861111111,0.8465277777777778,0.0296875,0.0375
14,721,ckyw708pn001z386779fr849h,0,0.830615234375,0.1258463541666666,0.0359375,0.0395833333333333
14,721,ckyw723jy00233867gakwo9e7,0,0.98515625,0.4041666666666667,0.0265625,0.0375
14,722,ckyw6zzlj001r3867thf0fuy7,0,0.31171875,0.7671875,0.0296875,0.0458333333333333
14,722,ckyw704kw001v3867kvyjtx6k,0,0.9080729166666666,0.8479166666666667,0.0296875,0.0375
14,722,ckyw708pn001z386779fr849h,0,0.8306082589285714,0.1258556547619047,0.0359375,0.0395833333333333
14,722,ckyw723jy00233867gakwo9e7,0,0.9809895833333334,0.4006944444444444,0.0265625,0.0375
14,723,ckyw6zzlj001r3867thf0fuy7,0,0.3080729166666666,0.7666666666666667,0.0296875,0.0458333333333333
14,723,ckyw704kw001v3867kvyjtx6k,0,0.905815972222222,0.8493055555555556,0.0296875,0.0375
14,723,ckyw708pn001z386779fr849h,0,0.8306012834821429,0.1258649553571428,0.0359375,0.0395833333333333
14,723,ckyw723jy00233867gakwo9e7,0,0.9768229166666668,0.3972222222222222,0.0265625,0.0375
14,724,ckyw6zzlj001r3867thf0fuy7,0,0.3044270833333333,0.7661458333333333,0.0296875,0.0458333333333333
14,724,ckyw704kw001v3867kvyjtx6k,0,0.903559027777778,0.8506944444444444,0.0296875,0.0375
14,724,ckyw708pn001z386779fr849h,0,0.8305943080357142,0.1258742559523809,0.0359375,0.0395833333333333
14,724,ckyw723jy00233867gakwo9e7,0,0.97265625,0.39375,0.0265625,0.0375
14,725,ckyw6zzlj001r3867thf0fuy7,0,0.30078125,0.765625,0.0296875,0.0458333333333333
14,725,ckyw704kw001v3867kvyjtx6k,0,0.9013020833333334,0.8520833333333333,0.0296875,0.0375
14,725,ckyw708pn001z386779fr849h,0,0.8305873325892857,0.125883556547619,0.0359375,0.0395833333333333
14,725,ckyw723jy00233867gakwo9e7,0,0.96953125,0.4,0.0265625,0.0375
14,726,ckyw6zzlj001r3867thf0fuy7,0,0.2971354166666666,0.7651041666666667,0.0296875,0.0458333333333333
14,726,ckyw704kw001v3867kvyjtx6k,0,0.8990451388888889,0.8534722222222223,0.0296875,0.0375
14,726,ckyw708pn001z386779fr849h,0,0.8305803571428572,0.1258928571428571,0.0359375,0.0395833333333333
14,726,ckyw723jy00233867gakwo9e7,0,0.97109375,0.4125,0.0265625,0.0375
14,727,ckyw6zzlj001r3867thf0fuy7,0,0.2934895833333333,0.7645833333333333,0.0296875,0.0458333333333333
14,727,ckyw704kw001v3867kvyjtx6k,0,0.8967881944444445,0.8548611111111111,0.0296875,0.0375
14,727,ckyw708pn001z386779fr849h,0,0.8305733816964287,0.1259021577380952,0.0359375,0.0395833333333333
14,727,ckyw723jy00233867gakwo9e7,0,0.97109375,0.4166666666666667,0.0265625,0.0375
14,728,ckyw6zzlj001r3867thf0fuy7,0,0.28984375,0.7640625,0.0296875,0.0458333333333333
14,728,ckyw704kw001v3867kvyjtx6k,0,0.89453125,0.85625,0.0296875,0.0375
14,728,ckyw708pn001z386779fr849h,0,0.83056640625,0.1259114583333333,0.0359375,0.0395833333333333
14,728,ckyw723jy00233867gakwo9e7,0,0.965625,0.4166666666666667,0.028125,0.0375
14,729,ckyw6zzlj001r3867thf0fuy7,0,0.2861979166666666,0.7635416666666667,0.0296875,0.0458333333333333
14,729,ckyw704kw001v3867kvyjtx6k,0,0.8919270833333334,0.8548611111111111,0.0296875,0.0375
14,729,ckyw708pn001z386779fr849h,0,0.8305594308035713,0.1259207589285714,0.0359375,0.0395833333333333
14,729,ckyw723jy00233867gakwo9e7,0,0.95859375,0.4083333333333333,0.0265625,0.0375
14,72,ckyw6zzlj001r3867thf0fuy7,0,0.315340909090909,0.7530303030303032,0.0338068181818181,0.0393939393939394
14,72,ckyw704kw001v3867kvyjtx6k,0,0.84453125,0.7020833333333333,0.0296875,0.0375
14,72,ckyw708pn001z386779fr849h,0,0.8296778549382717,0.1213605967078189,0.0359375,0.0395833333333333
14,730,ckyw6zzlj001r3867thf0fuy7,0,0.2825520833333333,0.7630208333333334,0.0296875,0.0458333333333333
14,730,ckyw704kw001v3867kvyjtx6k,0,0.8893229166666666,0.8534722222222223,0.0296875,0.0375
14,730,ckyw708pn001z386779fr849h,0,0.8305524553571428,0.1259300595238095,0.0359375,0.0395833333333333
14,730,ckyw723jy00233867gakwo9e7,0,0.95546875,0.4041666666666667,0.0265625,0.0375
14,731,ckyw6zzlj001r3867thf0fuy7,0,0.27890625,0.7625,0.0296875,0.0458333333333333
14,731,ckyw704kw001v3867kvyjtx6k,0,0.88671875,0.8520833333333333,0.0296875,0.0375
14,731,ckyw708pn001z386779fr849h,0,0.8305454799107143,0.1259393601190476,0.0359375,0.0395833333333333
14,731,ckyw723jy00233867gakwo9e7,0,0.96015625,0.3895833333333333,0.0265625,0.0375
14,732,ckyw6zzlj001r3867thf0fuy7,0,0.27578125,0.7625,0.0296875,0.0458333333333333
14,732,ckyw704kw001v3867kvyjtx6k,0,0.884375,0.8489583333333334,0.0296875,0.0375
14,732,ckyw708pn001z386779fr849h,0,0.8305385044642858,0.1259486607142857,0.0359375,0.0395833333333333
14,732,ckyw723jy00233867gakwo9e7,0,0.96484375,0.375,0.0265625,0.0375
14,733,ckyw6zzlj001r3867thf0fuy7,0,0.27265625,0.7625,0.0296875,0.0458333333333333
14,733,ckyw704kw001v3867kvyjtx6k,0,0.88203125,0.8458333333333333,0.0296875,0.0375
14,733,ckyw708pn001z386779fr849h,0,0.8305315290178571,0.1259579613095238,0.0359375,0.0395833333333333
14,733,ckyw723jy00233867gakwo9e7,0,0.96171875,0.3791666666666666,0.0265625,0.0375
14,734,ckyw6zzlj001r3867thf0fuy7,0,0.26953125,0.7625,0.0296875,0.0458333333333333
14,734,ckyw704kw001v3867kvyjtx6k,0,0.8796875,0.8427083333333333,0.0296875,0.0375
14,734,ckyw708pn001z386779fr849h,0,0.8305245535714286,0.1259672619047619,0.0359375,0.0395833333333333
14,734,ckyw723jy00233867gakwo9e7,0,0.95078125,0.3770833333333333,0.0265625,0.0375
14,735,ckyw6zzlj001r3867thf0fuy7,0,0.26640625,0.7625,0.0296875,0.0458333333333333
14,735,ckyw704kw001v3867kvyjtx6k,0,0.87734375,0.8395833333333333,0.0296875,0.0375
14,735,ckyw708pn001z386779fr849h,0,0.830517578125,0.1259765625,0.0359375,0.0395833333333333
14,735,ckyw723jy00233867gakwo9e7,0,0.94609375,0.3770833333333333,0.0265625,0.0375
14,736,ckyw6zzlj001r3867thf0fuy7,0,0.2643973214285714,0.7589285714285714,0.0296875,0.0458333333333333
14,736,ckyw704kw001v3867kvyjtx6k,0,0.8760044642857142,0.8431547619047619,0.0296875,0.0375
14,736,ckyw708pn001z386779fr849h,0,0.8305106026785714,0.1259858630952381,0.0359375,0.0395833333333333
14,736,ckyw723jy00233867gakwo9e7,0,0.95078125,0.3677083333333333,0.0265625,0.0375
14,737,ckyw6zzlj001r3867thf0fuy7,0,0.2623883928571428,0.7553571428571428,0.0296875,0.0458333333333333
14,737,ckyw704kw001v3867kvyjtx6k,0,0.8746651785714287,0.8467261904761905,0.0296875,0.0375
14,737,ckyw708pn001z386779fr849h,0,0.8305036272321429,0.1259951636904762,0.0359375,0.0395833333333333
14,737,ckyw723jy00233867gakwo9e7,0,0.95546875,0.3583333333333333,0.0265625,0.0375
14,738,ckyw6zzlj001r3867thf0fuy7,0,0.2603794642857143,0.7517857142857143,0.0296875,0.0458333333333333
14,738,ckyw704kw001v3867kvyjtx6k,0,0.8733258928571429,0.8502976190476191,0.0296875,0.0375
14,738,ckyw708pn001z386779fr849h,0,0.8304966517857142,0.1260044642857143,0.0359375,0.0395833333333333
14,738,ckyw723jy00233867gakwo9e7,0,0.95,0.3552083333333333,0.0265625,0.0375
14,739,ckyw6zzlj001r3867thf0fuy7,0,0.2583705357142857,0.7482142857142857,0.0296875,0.0458333333333333
14,739,ckyw704kw001v3867kvyjtx6k,0,0.8719866071428571,0.8538690476190476,0.0296875,0.0375
14,739,ckyw708pn001z386779fr849h,0,0.8304896763392857,0.1260137648809523,0.0359375,0.0395833333333333
14,739,ckyw723jy00233867gakwo9e7,0,0.94453125,0.3520833333333333,0.0265625,0.0375
14,73,ckyw6zzlj001r3867thf0fuy7,0,0.3135653409090909,0.7573863636363636,0.0333806818181818,0.0397727272727272
14,73,ckyw704kw001v3867kvyjtx6k,0,0.8442708333333334,0.7045138888888889,0.0296875,0.0375
14,73,ckyw708pn001z386779fr849h,0,0.8297164351851851,0.1213348765432098,0.0359375,0.0395833333333333
14,740,ckyw6zzlj001r3867thf0fuy7,0,0.2563616071428571,0.7446428571428572,0.0296875,0.0458333333333333
14,740,ckyw704kw001v3867kvyjtx6k,0,0.8706473214285714,0.8574404761904761,0.0296875,0.0375
14,740,ckyw708pn001z386779fr849h,0,0.8304827008928571,0.1260230654761905,0.0359375,0.0395833333333333
14,740,ckyw723jy00233867gakwo9e7,0,0.9471354166666666,0.3472222222222222,0.0265625,0.0375
14,741,ckyw6zzlj001r3867thf0fuy7,0,0.2543526785714285,0.7410714285714286,0.0296875,0.0458333333333333
14,741,ckyw704kw001v3867kvyjtx6k,0,0.8693080357142857,0.8610119047619047,0.0296875,0.0375
14,741,ckyw708pn001z386779fr849h,0,0.8304757254464287,0.1260323660714285,0.0359375,0.0395833333333333
14,741,ckyw723jy00233867gakwo9e7,0,0.9497395833333334,0.3423611111111111,0.0265625,0.0375
14,742,ckyw6zzlj001r3867thf0fuy7,0,0.25234375,0.7375,0.0296875,0.0458333333333333
14,742,ckyw704kw001v3867kvyjtx6k,0,0.86796875,0.8645833333333334,0.0296875,0.0375
14,742,ckyw708pn001z386779fr849h,0,0.83046875,0.1260416666666666,0.0359375,0.0395833333333333
14,742,ckyw723jy00233867gakwo9e7,0,0.95234375,0.3375,0.0265625,0.0375
14,743,ckyw6zzlj001r3867thf0fuy7,0,0.24921875,0.736111111111111,0.0296875,0.0458333333333333
14,743,ckyw704kw001v3867kvyjtx6k,0,0.86640625,0.8690972222222223,0.0296875,0.0375
14,743,ckyw708pn001z386779fr849h,0,0.8299479166666666,0.1256944444444444,0.0359375,0.0395833333333333
14,743,ckyw723jy00233867gakwo9e7,0,0.946875,0.3354166666666666,0.0265625,0.0375
14,744,ckyw6zzlj001r3867thf0fuy7,0,0.24609375,0.7347222222222223,0.0296875,0.0458333333333333
14,744,ckyw704kw001v3867kvyjtx6k,0,0.86484375,0.8736111111111111,0.0296875,0.0375
14,744,ckyw708pn001z386779fr849h,0,0.8294270833333334,0.1253472222222222,0.0359375,0.0395833333333333
14,744,ckyw723jy00233867gakwo9e7,0,0.94140625,0.3333333333333333,0.0265625,0.0375
14,745,ckyw6zzlj001r3867thf0fuy7,0,0.24296875,0.7333333333333333,0.0296875,0.0458333333333333
14,745,ckyw704kw001v3867kvyjtx6k,0,0.86328125,0.878125,0.0296875,0.0375
14,745,ckyw708pn001z386779fr849h,0,0.82890625,0.125,0.0359375,0.0395833333333333
14,745,ckyw723jy00233867gakwo9e7,0,0.94375,0.3291666666666666,0.0265625,0.0375
14,746,ckyw6zzlj001r3867thf0fuy7,0,0.23984375,0.7319444444444444,0.0296875,0.0458333333333333
14,746,ckyw704kw001v3867kvyjtx6k,0,0.86171875,0.882638888888889,0.0296875,0.0375
14,746,ckyw708pn001z386779fr849h,0,0.8283854166666667,0.1246527777777777,0.0359375,0.0395833333333333
14,746,ckyw723jy00233867gakwo9e7,0,0.94609375,0.325,0.0265625,0.0375
14,747,ckyw6zzlj001r3867thf0fuy7,0,0.23671875,0.7305555555555556,0.0296875,0.0458333333333333
14,747,ckyw704kw001v3867kvyjtx6k,0,0.86015625,0.8871527777777778,0.0296875,0.0375
14,747,ckyw708pn001z386779fr849h,0,0.8278645833333333,0.1243055555555555,0.0359375,0.0395833333333333
14,747,ckyw723jy00233867gakwo9e7,0,0.9453125,0.3197916666666666,0.0265625,0.0375
14,748,ckyw6zzlj001r3867thf0fuy7,0,0.23359375,0.7291666666666666,0.0296875,0.0458333333333333
14,748,ckyw704kw001v3867kvyjtx6k,0,0.85859375,0.8916666666666667,0.0296875,0.0375
14,748,ckyw708pn001z386779fr849h,0,0.82734375,0.1239583333333333,0.0359375,0.0395833333333333
14,748,ckyw723jy00233867gakwo9e7,0,0.94453125,0.3145833333333333,0.0265625,0.0375
14,749,ckyw7dzmx00273867fyj9lsnv,0,0.0796875,0.3875,0.034375,0.0375
14,749,ckyw7e4o6002b3867ibaukox2,0,0.35546875,0.6385416666666667,0.0453125,0.05625
14,749,ckyw7e9n0002f3867tn40h1u2,0,0.728125,0.6385416666666667,0.034375,0.04375
14,74,ckyw6zzlj001r3867thf0fuy7,0,0.3117897727272727,0.7617424242424242,0.0329545454545454,0.0401515151515151
14,74,ckyw704kw001v3867kvyjtx6k,0,0.8440104166666667,0.7069444444444444,0.0296875,0.0375
14,74,ckyw708pn001z386779fr849h,0,0.8297550154320987,0.1213091563786008,0.0359375,0.0395833333333333
14,750,ckyw7dzmx00273867fyj9lsnv,0,0.0830078125,0.3859375,0.034375,0.0375
14,750,ckyw7e4o6002b3867ibaukox2,0,0.355078125,0.6385416666666667,0.0453125,0.05625
14,750,ckyw7e9n0002f3867tn40h1u2,0,0.7302734375,0.6375,0.034375,0.04375
14,751,ckyw7dzmx00273867fyj9lsnv,0,0.086328125,0.384375,0.034375,0.0375
14,751,ckyw7e4o6002b3867ibaukox2,0,0.3546875,0.6385416666666667,0.0453125,0.05625
14,751,ckyw7e9n0002f3867tn40h1u2,0,0.732421875,0.6364583333333333,0.034375,0.04375
14,752,ckyw7dzmx00273867fyj9lsnv,0,0.0896484375,0.3828125,0.034375,0.0375
14,752,ckyw7e4o6002b3867ibaukox2,0,0.354296875,0.6385416666666667,0.0453125,0.05625
14,752,ckyw7e9n0002f3867tn40h1u2,0,0.7345703125,0.6354166666666666,0.034375,0.04375
14,753,ckyw7dzmx00273867fyj9lsnv,0,0.09296875,0.38125,0.034375,0.0375
14,753,ckyw7e4o6002b3867ibaukox2,0,0.35390625,0.6385416666666667,0.0453125,0.05625
14,753,ckyw7e9n0002f3867tn40h1u2,0,0.73671875,0.634375,0.034375,0.04375
14,754,ckyw7dzmx00273867fyj9lsnv,0,0.0962890625,0.3796875,0.034375,0.0375
14,754,ckyw7e4o6002b3867ibaukox2,0,0.353515625,0.6385416666666667,0.0453125,0.05625
14,754,ckyw7e9n0002f3867tn40h1u2,0,0.7388671875,0.6333333333333333,0.034375,0.04375
14,755,ckyw7dzmx00273867fyj9lsnv,0,0.099609375,0.378125,0.034375,0.0375
14,755,ckyw7e4o6002b3867ibaukox2,0,0.353125,0.6385416666666667,0.0453125,0.05625
14,755,ckyw7e9n0002f3867tn40h1u2,0,0.741015625,0.6322916666666667,0.034375,0.04375
14,756,ckyw7dzmx00273867fyj9lsnv,0,0.1029296875,0.3765625,0.034375,0.0375
14,756,ckyw7e4o6002b3867ibaukox2,0,0.352734375,0.6385416666666667,0.0453125,0.05625
14,756,ckyw7e9n0002f3867tn40h1u2,0,0.7431640625,0.63125,0.034375,0.04375
14,757,ckyw7dzmx00273867fyj9lsnv,0,0.10625,0.375,0.034375,0.0375
14,757,ckyw7e4o6002b3867ibaukox2,0,0.35234375,0.6385416666666667,0.0453125,0.05625
14,757,ckyw7e9n0002f3867tn40h1u2,0,0.7453125,0.6302083333333334,0.034375,0.04375
14,758,ckyw7dzmx00273867fyj9lsnv,0,0.109765625,0.3755208333333333,0.034375,0.0375
14,758,ckyw7e4o6002b3867ibaukox2,0,0.35234375,0.6386513157894737,0.0453125,0.05625
14,758,ckyw7e9n0002f3867tn40h1u2,0,0.746484375,0.6291666666666667,0.034375,0.04375
14,759,ckyw7dzmx00273867fyj9lsnv,0,0.11328125,0.3760416666666666,0.034375,0.0375
14,759,ckyw7e4o6002b3867ibaukox2,0,0.35234375,0.6387609649122807,0.0453125,0.05625
14,759,ckyw7e9n0002f3867tn40h1u2,0,0.74765625,0.628125,0.034375,0.04375
14,75,ckyw6zzlj001r3867thf0fuy7,0,0.3100142045454545,0.7660984848484849,0.032528409090909,0.040530303030303
14,75,ckyw704kw001v3867kvyjtx6k,0,0.84375,0.709375,0.0296875,0.0375
14,75,ckyw708pn001z386779fr849h,0,0.8297935956790123,0.1212834362139917,0.0359375,0.0395833333333333
14,760,ckyw7dzmx00273867fyj9lsnv,0,0.116796875,0.3765625,0.034375,0.0375
14,760,ckyw7e4o6002b3867ibaukox2,0,0.35234375,0.6388706140350877,0.0453125,0.05625
14,760,ckyw7e9n0002f3867tn40h1u2,0,0.748828125,0.6270833333333333,0.034375,0.04375
14,761,ckyw7dzmx00273867fyj9lsnv,0,0.1203125,0.3770833333333333,0.034375,0.0375
14,761,ckyw7e4o6002b3867ibaukox2,0,0.35234375,0.6389802631578948,0.0453125,0.05625
14,761,ckyw7e9n0002f3867tn40h1u2,0,0.75,0.6260416666666667,0.034375,0.04375
14,762,ckyw7dzmx00273867fyj9lsnv,0,0.123125,0.3783333333333333,0.034375,0.0375
14,762,ckyw7e4o6002b3867ibaukox2,0,0.35234375,0.6390899122807017,0.0453125,0.05625
14,762,ckyw7e9n0002f3867tn40h1u2,0,0.751233552631579,0.6242872807017543,0.034375,0.04375
14,763,ckyw7dzmx00273867fyj9lsnv,0,0.1259374999999999,0.3795833333333333,0.034375,0.0375
14,763,ckyw7e4o6002b3867ibaukox2,0,0.35234375,0.6391995614035088,0.0453125,0.05625
14,763,ckyw7e9n0002f3867tn40h1u2,0,0.7524671052631579,0.6225328947368421,0.034375,0.04375
14,764,ckyw7dzmx00273867fyj9lsnv,0,0.12875,0.3808333333333333,0.034375,0.0375
14,764,ckyw7e4o6002b3867ibaukox2,0,0.35234375,0.6393092105263157,0.0453125,0.05625
14,764,ckyw7e9n0002f3867tn40h1u2,0,0.7537006578947368,0.6207785087719297,0.034375,0.04375
14,765,ckyw7dzmx00273867fyj9lsnv,0,0.1315625,0.3820833333333333,0.034375,0.0375
14,765,ckyw7e4o6002b3867ibaukox2,0,0.35234375,0.6394188596491228,0.0453125,0.05625
14,765,ckyw7e9n0002f3867tn40h1u2,0,0.7549342105263157,0.6190241228070176,0.034375,0.04375
14,766,ckyw7dzmx00273867fyj9lsnv,0,0.134375,0.3833333333333333,0.034375,0.0375
14,766,ckyw7e4o6002b3867ibaukox2,0,0.35234375,0.6395285087719298,0.0453125,0.05625
14,766,ckyw7e9n0002f3867tn40h1u2,0,0.7561677631578948,0.6172697368421053,0.034375,0.04375
14,767,ckyw7dzmx00273867fyj9lsnv,0,0.13828125,0.38359375,0.034375,0.0375
14,767,ckyw7e4o6002b3867ibaukox2,0,0.35234375,0.6396381578947369,0.0453125,0.05625
14,767,ckyw7e9n0002f3867tn40h1u2,0,0.7574013157894737,0.615515350877193,0.034375,0.04375
14,768,ckyw7dzmx00273867fyj9lsnv,0,0.1421875,0.3838541666666666,0.034375,0.0375
14,768,ckyw7e4o6002b3867ibaukox2,0,0.35234375,0.6397478070175439,0.0453125,0.05625
14,768,ckyw7e9n0002f3867tn40h1u2,0,0.7586348684210527,0.6137609649122807,0.034375,0.04375
14,769,ckyw7dzmx00273867fyj9lsnv,0,0.14609375,0.3841145833333333,0.034375,0.0375
14,769,ckyw7e4o6002b3867ibaukox2,0,0.35234375,0.6398574561403509,0.0453125,0.05625
14,769,ckyw7e9n0002f3867tn40h1u2,0,0.7598684210526316,0.6120065789473684,0.034375,0.04375
14,76,ckyw6zzlj001r3867thf0fuy7,0,0.3082386363636363,0.7704545454545454,0.0321022727272727,0.0409090909090908
14,76,ckyw704kw001v3867kvyjtx6k,0,0.8434895833333333,0.7118055555555556,0.0296875,0.0375
14,76,ckyw708pn001z386779fr849h,0,0.829832175925926,0.1212577160493827,0.0359375,0.0395833333333333
14,770,ckyw7dzmx00273867fyj9lsnv,0,0.15,0.384375,0.034375,0.0375
14,770,ckyw7e4o6002b3867ibaukox2,0,0.35234375,0.6399671052631579,0.0453125,0.05625
14,770,ckyw7e9n0002f3867tn40h1u2,0,0.7611019736842105,0.6102521929824561,0.034375,0.04375
14,771,ckyw7dzmx00273867fyj9lsnv,0,0.15390625,0.3846354166666667,0.034375,0.0375
14,771,ckyw7e4o6002b3867ibaukox2,0,0.35234375,0.640076754385965,0.0453125,0.05625
14,771,ckyw7e9n0002f3867tn40h1u2,0,0.7623355263157895,0.6084978070175439,0.034375,0.04375
14,772,ckyw7dzmx00273867fyj9lsnv,0,0.1578125,0.3848958333333333,0.034375,0.0375
14,772,ckyw7e4o6002b3867ibaukox2,0,0.35234375,0.6401864035087719,0.0453125,0.05625
14,772,ckyw7e9n0002f3867tn40h1u2,0,0.7635690789473684,0.6067434210526316,0.034375,0.04375
14,773,ckyw7dzmx00273867fyj9lsnv,0,0.16171875,0.38515625,0.034375,0.0375
14,773,ckyw7e4o6002b3867ibaukox2,0,0.35234375,0.640296052631579,0.0453125,0.05625
14,773,ckyw7e9n0002f3867tn40h1u2,0,0.7648026315789473,0.6049890350877193,0.034375,0.04375
14,774,ckyw7dzmx00273867fyj9lsnv,0,0.165625,0.3854166666666667,0.034375,0.0375
14,774,ckyw7e4o6002b3867ibaukox2,0,0.35234375,0.6404057017543859,0.0453125,0.05625
14,774,ckyw7e9n0002f3867tn40h1u2,0,0.7660361842105263,0.603234649122807,0.034375,0.04375
14,775,ckyw7dzmx00273867fyj9lsnv,0,0.1669270833333333,0.3888888888888889,0.034375,0.0375
14,775,ckyw7e4o6002b3867ibaukox2,0,0.35234375,0.640515350877193,0.0453125,0.05625
14,775,ckyw7e9n0002f3867tn40h1u2,0,0.7672697368421052,0.6014802631578947,0.034375,0.04375
14,776,ckyw7dzmx00273867fyj9lsnv,0,0.1682291666666666,0.3923611111111111,0.034375,0.0375
14,776,ckyw7e4o6002b3867ibaukox2,0,0.35234375,0.640625,0.0453125,0.05625
14,776,ckyw7e9n0002f3867tn40h1u2,0,0.7685032894736843,0.5997258771929824,0.034375,0.04375
14,777,ckyw7dzmx00273867fyj9lsnv,0,0.16953125,0.3958333333333333,0.034375,0.0375
14,777,ckyw7e4o6002b3867ibaukox2,0,0.35234375,0.640734649122807,0.0453125,0.05625
14,777,ckyw7e9n0002f3867tn40h1u2,0,0.7697368421052632,0.5979714912280703,0.034375,0.04375
14,778,ckyw7dzmx00273867fyj9lsnv,0,0.1708333333333333,0.3993055555555555,0.034375,0.0375
14,778,ckyw7e4o6002b3867ibaukox2,0,0.35234375,0.6408442982456141,0.0453125,0.05625
14,778,ckyw7e9n0002f3867tn40h1u2,0,0.7709703947368421,0.5962171052631579,0.034375,0.04375
14,779,ckyw7dzmx00273867fyj9lsnv,0,0.1721354166666666,0.4027777777777778,0.034375,0.0375
14,779,ckyw7e4o6002b3867ibaukox2,0,0.35234375,0.640953947368421,0.0453125,0.05625
14,779,ckyw7e9n0002f3867tn40h1u2,0,0.772203947368421,0.5944627192982457,0.034375,0.04375
14,77,ckyw6zzlj001r3867thf0fuy7,0,0.3064630681818182,0.774810606060606,0.0316761363636363,0.0412878787878787
14,77,ckyw704kw001v3867kvyjtx6k,0,0.8432291666666666,0.7142361111111111,0.0296875,0.0375
14,77,ckyw708pn001z386779fr849h,0,0.8298707561728396,0.1212319958847736,0.0359375,0.0395833333333333
14,780,ckyw7dzmx00273867fyj9lsnv,0,0.1734375,0.40625,0.034375,0.0375
14,780,ckyw7e4o6002b3867ibaukox2,0,0.35234375,0.6410635964912281,0.0453125,0.05625
14,780,ckyw7e9n0002f3867tn40h1u2,0,0.7734375,0.5927083333333333,0.034375,0.04375
14,781,ckyw7dzmx00273867fyj9lsnv,0,0.176953125,0.409375,0.034375,0.0375
14,781,ckyw7e4o6002b3867ibaukox2,0,0.35234375,0.641173245614035,0.0453125,0.05625
14,781,ckyw7e9n0002f3867tn40h1u2,0,0.77421875,0.5911458333333334,0.034375,0.04375
14,782,ckyw7dzmx00273867fyj9lsnv,0,0.18046875,0.4125,0.034375,0.0375
14,782,ckyw7e4o6002b3867ibaukox2,0,0.35234375,0.6412828947368421,0.0453125,0.05625
14,782,ckyw7e9n0002f3867tn40h1u2,0,0.775,0.5895833333333333,0.034375,0.04375
14,783,ckyw7dzmx00273867fyj9lsnv,0,0.183984375,0.415625,0.034375,0.0375
14,783,ckyw7e4o6002b3867ibaukox2,0,0.35234375,0.6413925438596491,0.0453125,0.05625
14,783,ckyw7e9n0002f3867tn40h1u2,0,0.77578125,0.5880208333333333,0.034375,0.04375
14,784,ckyw7dzmx00273867fyj9lsnv,0,0.1875,0.41875,0.034375,0.0375
14,784,ckyw7e4o6002b3867ibaukox2,0,0.35234375,0.6415021929824561,0.0453125,0.05625
14,784,ckyw7e9n0002f3867tn40h1u2,0,0.7765625,0.5864583333333333,0.034375,0.04375
14,785,ckyw7dzmx00273867fyj9lsnv,0,0.18984375,0.4225694444444444,0.034375,0.0375
14,785,ckyw7e4o6002b3867ibaukox2,0,0.35234375,0.6416118421052631,0.0453125,0.05625
14,785,ckyw7e9n0002f3867tn40h1u2,0,0.77734375,0.58359375,0.034375,0.04375
14,786,ckyw7dzmx00273867fyj9lsnv,0,0.1921875,0.4263888888888889,0.034375,0.0375
14,786,ckyw7e4o6002b3867ibaukox2,0,0.35234375,0.6417214912280702,0.0453125,0.05625
14,786,ckyw7e9n0002f3867tn40h1u2,0,0.778125,0.5807291666666666,0.034375,0.04375
14,787,ckyw7dzmx00273867fyj9lsnv,0,0.19453125,0.4302083333333333,0.034375,0.0375
14,787,ckyw7e4o6002b3867ibaukox2,0,0.35234375,0.6418311403508772,0.0453125,0.05625
14,787,ckyw7e9n0002f3867tn40h1u2,0,0.77890625,0.5778645833333333,0.034375,0.04375
14,788,ckyw7dzmx00273867fyj9lsnv,0,0.196875,0.4340277777777778,0.034375,0.0375
14,788,ckyw7e4o6002b3867ibaukox2,0,0.35234375,0.6419407894736843,0.0453125,0.05625
14,788,ckyw7e9n0002f3867tn40h1u2,0,0.7796875,0.575,0.034375,0.04375
14,789,ckyw7dzmx00273867fyj9lsnv,0,0.19921875,0.4378472222222222,0.034375,0.0375
14,789,ckyw7e4o6002b3867ibaukox2,0,0.35234375,0.6420504385964912,0.0453125,0.05625
14,789,ckyw7e9n0002f3867tn40h1u2,0,0.78046875,0.5721354166666667,0.034375,0.04375
14,78,ckyw6zzlj001r3867thf0fuy7,0,0.3046875,0.7791666666666667,0.03125,0.0416666666666666
14,78,ckyw704kw001v3867kvyjtx6k,0,0.84296875,0.7166666666666667,0.0296875,0.0375
14,78,ckyw708pn001z386779fr849h,0,0.8299093364197532,0.1212062757201646,0.0359375,0.0395833333333333
14,790,ckyw7dzmx00273867fyj9lsnv,0,0.2015625,0.4416666666666666,0.034375,0.0375
14,790,ckyw7e4o6002b3867ibaukox2,0,0.35234375,0.6421600877192983,0.0453125,0.05625
14,790,ckyw7e9n0002f3867tn40h1u2,0,0.78125,0.5692708333333333,0.034375,0.04375
14,791,ckyw7dzmx00273867fyj9lsnv,0,0.20125,0.4460416666666666,0.034375,0.0375
14,791,ckyw7e4o6002b3867ibaukox2,0,0.35234375,0.6422697368421052,0.0453125,0.05625
14,791,ckyw7e9n0002f3867tn40h1u2,0,0.78203125,0.56640625,0.034375,0.04375
14,792,ckyw7dzmx00273867fyj9lsnv,0,0.2009375,0.4504166666666666,0.034375,0.0375
14,792,ckyw7e4o6002b3867ibaukox2,0,0.35234375,0.6423793859649123,0.0453125,0.05625
14,792,ckyw7e9n0002f3867tn40h1u2,0,0.7828125,0.5635416666666667,0.034375,0.04375
14,793,ckyw7dzmx00273867fyj9lsnv,0,0.200625,0.4547916666666667,0.034375,0.0375
14,793,ckyw7e4o6002b3867ibaukox2,0,0.35234375,0.6424890350877193,0.0453125,0.05625
14,793,ckyw7e9n0002f3867tn40h1u2,0,0.78359375,0.5606770833333333,0.034375,0.04375
14,794,ckyw7dzmx00273867fyj9lsnv,0,0.2003124999999999,0.4591666666666666,0.0343749999999999,0.0375
14,794,ckyw7e4o6002b3867ibaukox2,0,0.35234375,0.6425986842105263,0.0453125,0.05625
14,794,ckyw7e9n0002f3867tn40h1u2,0,0.784375,0.5578125,0.034375,0.04375
14,795,ckyw7dzmx00273867fyj9lsnv,0,0.2,0.4635416666666667,0.034375,0.0375
14,795,ckyw7e4o6002b3867ibaukox2,0,0.35234375,0.6427083333333333,0.0453125,0.05625
14,795,ckyw7e9n0002f3867tn40h1u2,0,0.78515625,0.5549479166666667,0.034375,0.04375
14,796,ckyw7dzmx00273867fyj9lsnv,0,0.1996875,0.4679166666666666,0.034375,0.0375
14,796,ckyw7e4o6002b3867ibaukox2,0,0.35234375,0.6428179824561403,0.0453125,0.05625
14,796,ckyw7e9n0002f3867tn40h1u2,0,0.7859375,0.5520833333333334,0.034375,0.04375
14,797,ckyw7dzmx00273867fyj9lsnv,0,0.199375,0.4722916666666666,0.034375,0.0375
14,797,ckyw7e4o6002b3867ibaukox2,0,0.35234375,0.6429276315789474,0.0453125,0.05625
14,797,ckyw7e9n0002f3867tn40h1u2,0,0.78671875,0.54921875,0.034375,0.04375
14,798,ckyw7dzmx00273867fyj9lsnv,0,0.1990625,0.4766666666666667,0.034375,0.0375
14,798,ckyw7e4o6002b3867ibaukox2,0,0.35234375,0.6430372807017544,0.0453125,0.05625
14,798,ckyw7e9n0002f3867tn40h1u2,0,0.7875,0.5463541666666667,0.034375,0.04375
14,799,ckyw7dzmx00273867fyj9lsnv,0,0.1987499999999999,0.4810416666666667,0.0343749999999999,0.0375
14,799,ckyw7e4o6002b3867ibaukox2,0,0.35234375,0.6431469298245615,0.0453125,0.05625
14,799,ckyw7e9n0002f3867tn40h1u2,0,0.78828125,0.5434895833333333,0.034375,0.04375
14,79,ckyw6zzlj001r3867thf0fuy7,0,0.3013392857142857,0.7825892857142857,0.0308035714285714,0.0419642857142857
14,79,ckyw704kw001v3867kvyjtx6k,0,0.8434151785714287,0.7202380952380952,0.0296875,0.0375
14,79,ckyw708pn001z386779fr849h,0,0.8299479166666666,0.1211805555555555,0.0359375,0.0395833333333333
14,7,ckyw6zzlj001r3867thf0fuy7,0,0.15703125,0.6708333333333333,0.0359375,0.0375
14,7,ckyw704kw001v3867kvyjtx6k,0,0.73046875,0.74375,0.0296875,0.0375
14,7,ckyw708pn001z386779fr849h,0,0.8278192934782609,0.1245923913043478,0.0359375,0.0395833333333333
14,800,ckyw7dzmx00273867fyj9lsnv,0,0.1984375,0.4854166666666666,0.034375,0.0375
14,800,ckyw7e4o6002b3867ibaukox2,0,0.35234375,0.6432565789473684,0.0453125,0.05625
14,800,ckyw7e9n0002f3867tn40h1u2,0,0.7890625,0.540625,0.034375,0.04375
14,801,ckyw7dzmx00273867fyj9lsnv,0,0.1969866071428571,0.4895833333333333,0.034375,0.0375
14,801,ckyw7e4o6002b3867ibaukox2,0,0.35234375,0.6433662280701754,0.0453125,0.05625
14,801,ckyw7e9n0002f3867tn40h1u2,0,0.7890625,0.5375,0.034375,0.04375
14,802,ckyw7dzmx00273867fyj9lsnv,0,0.1955357142857142,0.49375,0.034375,0.0375
14,802,ckyw7e4o6002b3867ibaukox2,0,0.35234375,0.6434758771929824,0.0453125,0.05625
14,802,ckyw7e9n0002f3867tn40h1u2,0,0.7890625,0.534375,0.034375,0.04375
14,803,ckyw7dzmx00273867fyj9lsnv,0,0.1940848214285714,0.4979166666666667,0.034375,0.0375
14,803,ckyw7e4o6002b3867ibaukox2,0,0.35234375,0.6435855263157895,0.0453125,0.05625
14,803,ckyw7e9n0002f3867tn40h1u2,0,0.7890625,0.53125,0.034375,0.04375
14,804,ckyw7dzmx00273867fyj9lsnv,0,0.1926339285714285,0.5020833333333333,0.0343749999999999,0.0375
14,804,ckyw7e4o6002b3867ibaukox2,0,0.35234375,0.6436951754385964,0.0453125,0.05625
14,804,ckyw7e9n0002f3867tn40h1u2,0,0.7890625,0.528125,0.034375,0.04375
14,805,ckyw7dzmx00273867fyj9lsnv,0,0.1911830357142857,0.50625,0.034375,0.0375
14,805,ckyw7e4o6002b3867ibaukox2,0,0.35234375,0.6438048245614035,0.0453125,0.05625
14,805,ckyw7e9n0002f3867tn40h1u2,0,0.7890625,0.525,0.034375,0.04375
14,806,ckyw7dzmx00273867fyj9lsnv,0,0.1897321428571428,0.5104166666666666,0.0343749999999999,0.0375
14,806,ckyw7e4o6002b3867ibaukox2,0,0.35234375,0.6439144736842105,0.0453125,0.05625
14,806,ckyw7e9n0002f3867tn40h1u2,0,0.7890625,0.521875,0.034375,0.04375
14,807,ckyw7dzmx00273867fyj9lsnv,0,0.18828125,0.5145833333333333,0.034375,0.0375
14,807,ckyw7e4o6002b3867ibaukox2,0,0.35234375,0.6440241228070176,0.0453125,0.05625
14,807,ckyw7e9n0002f3867tn40h1u2,0,0.7890625,0.51875,0.034375,0.04375
14,808,ckyw7dzmx00273867fyj9lsnv,0,0.1868303571428571,0.51875,0.034375,0.0375
14,808,ckyw7e4o6002b3867ibaukox2,0,0.35234375,0.6441337719298246,0.0453125,0.05625
14,808,ckyw7e9n0002f3867tn40h1u2,0,0.7890625,0.515625,0.034375,0.04375
14,809,ckyw7dzmx00273867fyj9lsnv,0,0.1853794642857142,0.5229166666666667,0.034375,0.0375
14,809,ckyw7e4o6002b3867ibaukox2,0,0.35234375,0.6442434210526317,0.0453125,0.05625
14,809,ckyw7e9n0002f3867tn40h1u2,0,0.7890625,0.5125,0.034375,0.04375
14,80,ckyw6zzlj001r3867thf0fuy7,0,0.2979910714285714,0.7860119047619049,0.0303571428571428,0.0422619047619047
14,80,ckyw704kw001v3867kvyjtx6k,0,0.8438616071428571,0.7238095238095238,0.0296875,0.0375
14,80,ckyw708pn001z386779fr849h,0,0.8299864969135802,0.1211548353909464,0.0359375,0.0395833333333333
14,810,ckyw7dzmx00273867fyj9lsnv,0,0.1839285714285714,0.5270833333333333,0.034375,0.0375
14,810,ckyw7e4o6002b3867ibaukox2,0,0.35234375,0.6443530701754386,0.0453125,0.05625
14,810,ckyw7e9n0002f3867tn40h1u2,0,0.7890625,0.509375,0.034375,0.04375
14,811,ckyw7dzmx00273867fyj9lsnv,0,0.1824776785714285,0.53125,0.034375,0.0375
14,811,ckyw7e4o6002b3867ibaukox2,0,0.35234375,0.6444627192982456,0.0453125,0.05625
14,811,ckyw7e9n0002f3867tn40h1u2,0,0.7890625,0.50625,0.034375,0.04375
14,812,ckyw7dzmx00273867fyj9lsnv,0,0.1810267857142857,0.5354166666666667,0.034375,0.0375
14,812,ckyw7e4o6002b3867ibaukox2,0,0.35234375,0.6445723684210526,0.0453125,0.05625
14,812,ckyw7e9n0002f3867tn40h1u2,0,0.7890625,0.503125,0.034375,0.04375
14,813,ckyw7dzmx00273867fyj9lsnv,0,0.1795758928571428,0.5395833333333333,0.034375,0.0375
14,813,ckyw7e4o6002b3867ibaukox2,0,0.35234375,0.6446820175438597,0.0453125,0.05625
14,813,ckyw7e9n0002f3867tn40h1u2,0,0.7890625,0.5,0.034375,0.04375
14,814,ckyw7dzmx00273867fyj9lsnv,0,0.178125,0.54375,0.034375,0.0375
14,814,ckyw7e4o6002b3867ibaukox2,0,0.35234375,0.6447916666666667,0.0453125,0.05625
14,814,ckyw7e9n0002f3867tn40h1u2,0,0.7890625,0.496875,0.034375,0.04375
14,815,ckyw7dzmx00273867fyj9lsnv,0,0.17546875,0.5460416666666668,0.034375,0.0375
14,815,ckyw7e4o6002b3867ibaukox2,0,0.3523769946808511,0.6448803191489362,0.0453125,0.05625
14,815,ckyw7e9n0002f3867tn40h1u2,0,0.788125,0.49375,0.034375,0.04375
14,816,ckyw7dzmx00273867fyj9lsnv,0,0.1728124999999999,0.5483333333333333,0.034375,0.0375
14,816,ckyw7e4o6002b3867ibaukox2,0,0.3524102393617021,0.6449689716312057,0.0453125,0.05625
14,816,ckyw7e9n0002f3867tn40h1u2,0,0.7871874999999999,0.490625,0.0343749999999999,0.04375
14,817,ckyw7dzmx00273867fyj9lsnv,0,0.17015625,0.550625,0.034375,0.0375
14,817,ckyw7e4o6002b3867ibaukox2,0,0.3524434840425532,0.6450576241134752,0.0453125,0.05625
14,817,ckyw7e9n0002f3867tn40h1u2,0,0.7862500000000001,0.4875,0.034375,0.04375
14,818,ckyw7dzmx00273867fyj9lsnv,0,0.1675,0.5529166666666666,0.034375,0.0375
14,818,ckyw7e4o6002b3867ibaukox2,0,0.3524767287234042,0.6451462765957446,0.0453125,0.05625
14,818,ckyw7e9n0002f3867tn40h1u2,0,0.7853125000000001,0.484375,0.034375,0.04375
14,819,ckyw7dzmx00273867fyj9lsnv,0,0.16484375,0.5552083333333333,0.034375,0.0375
14,819,ckyw7e4o6002b3867ibaukox2,0,0.3525099734042553,0.6452349290780143,0.0453125,0.05625
14,819,ckyw7e9n0002f3867tn40h1u2,0,0.784375,0.48125,0.034375,0.04375
14,81,ckyw6zzlj001r3867thf0fuy7,0,0.2946428571428571,0.7894345238095238,0.0299107142857142,0.0425595238095238
14,81,ckyw704kw001v3867kvyjtx6k,0,0.8443080357142858,0.7273809523809525,0.0296875,0.0375
14,81,ckyw708pn001z386779fr849h,0,0.8300250771604938,0.1211291152263374,0.0359375,0.0395833333333333
14,820,ckyw7dzmx00273867fyj9lsnv,0,0.1621874999999999,0.5575,0.034375,0.0375
14,820,ckyw7e4o6002b3867ibaukox2,0,0.3525432180851063,0.6453235815602837,0.0453125,0.05625
14,820,ckyw7e9n0002f3867tn40h1u2,0,0.7834375,0.478125,0.034375,0.04375
14,821,ckyw7dzmx00273867fyj9lsnv,0,0.1595312499999999,0.5597916666666667,0.034375,0.0375
14,821,ckyw7e4o6002b3867ibaukox2,0,0.3525764627659574,0.6454122340425532,0.0453125,0.05625
14,821,ckyw7e9n0002f3867tn40h1u2,0,0.7825,0.475,0.034375,0.04375
14,822,ckyw7dzmx00273867fyj9lsnv,0,0.156875,0.5620833333333334,0.034375,0.0375
14,822,ckyw7e4o6002b3867ibaukox2,0,0.3526097074468085,0.6455008865248227,0.0453125,0.05625
14,822,ckyw7e9n0002f3867tn40h1u2,0,0.7815624999999999,0.471875,0.034375,0.04375
14,823,ckyw7dzmx00273867fyj9lsnv,0,0.15421875,0.564375,0.034375,0.0375
14,823,ckyw7e4o6002b3867ibaukox2,0,0.3526429521276596,0.6455895390070923,0.0453125,0.05625
14,823,ckyw7e9n0002f3867tn40h1u2,0,0.780625,0.46875,0.034375,0.04375
14,824,ckyw7dzmx00273867fyj9lsnv,0,0.1515625,0.5666666666666667,0.034375,0.0375
14,824,ckyw7e4o6002b3867ibaukox2,0,0.3526761968085106,0.6456781914893617,0.0453125,0.05625
14,824,ckyw7e9n0002f3867tn40h1u2,0,0.7796875,0.465625,0.034375,0.04375
14,825,ckyw7dzmx00273867fyj9lsnv,0,0.148046875,0.5677083333333334,0.034375,0.0375
14,825,ckyw7e4o6002b3867ibaukox2,0,0.3527094414893617,0.6457668439716312,0.0453125,0.05625
14,825,ckyw7e9n0002f3867tn40h1u2,0,0.778515625,0.4630208333333333,0.034375,0.04375
14,826,ckyw7dzmx00273867fyj9lsnv,0,0.14453125,0.56875,0.034375,0.0375
14,826,ckyw7e4o6002b3867ibaukox2,0,0.3527426861702127,0.6458554964539007,0.0453125,0.05625
14,826,ckyw7e9n0002f3867tn40h1u2,0,0.77734375,0.4604166666666666,0.034375,0.04375
14,827,ckyw7dzmx00273867fyj9lsnv,0,0.141015625,0.5697916666666667,0.034375,0.0375
14,827,ckyw7e4o6002b3867ibaukox2,0,0.3527759308510638,0.6459441489361702,0.0453125,0.05625
14,827,ckyw7e9n0002f3867tn40h1u2,0,0.776171875,0.4578125,0.034375,0.04375
14,828,ckyw7dzmx00273867fyj9lsnv,0,0.1375,0.5708333333333333,0.034375,0.0375
14,828,ckyw7e4o6002b3867ibaukox2,0,0.3528091755319149,0.6460328014184397,0.0453125,0.05625
14,828,ckyw7e9n0002f3867tn40h1u2,0,0.775,0.4552083333333333,0.034375,0.04375
14,829,ckyw7dzmx00273867fyj9lsnv,0,0.134765625,0.5703125,0.034375,0.0375
14,829,ckyw7e4o6002b3867ibaukox2,0,0.3528424202127659,0.6461214539007093,0.0453125,0.05625
14,829,ckyw7e9n0002f3867tn40h1u2,0,0.773828125,0.4526041666666666,0.034375,0.04375
14,82,ckyw6zzlj001r3867thf0fuy7,0,0.2912946428571429,0.7928571428571428,0.0294642857142857,0.0428571428571428
14,82,ckyw704kw001v3867kvyjtx6k,0,0.8447544642857142,0.7309523809523809,0.0296875,0.0375
14,82,ckyw708pn001z386779fr849h,0,0.8300636574074074,0.1211033950617284,0.0359375,0.0395833333333333
14,830,ckyw7dzmx00273867fyj9lsnv,0,0.13203125,0.5697916666666667,0.034375,0.0375
14,830,ckyw7e4o6002b3867ibaukox2,0,0.352875664893617,0.6462101063829787,0.0453125,0.05625
14,830,ckyw7e9n0002f3867tn40h1u2,0,0.77265625,0.45,0.034375,0.04375
14,831,ckyw7dzmx00273867fyj9lsnv,0,0.129296875,0.5692708333333333,0.034375,0.0375
14,831,ckyw7e4o6002b3867ibaukox2,0,0.3529089095744681,0.6462987588652482,0.0453125,0.05625
14,831,ckyw7e9n0002f3867tn40h1u2,0,0.771484375,0.4473958333333333,0.034375,0.04375
14,832,ckyw7dzmx00273867fyj9lsnv,0,0.1265625,0.56875,0.034375,0.0375
14,832,ckyw7e4o6002b3867ibaukox2,0,0.3529421542553191,0.6463874113475178,0.0453125,0.05625
14,832,ckyw7e9n0002f3867tn40h1u2,0,0.7703125,0.4447916666666666,0.034375,0.04375
14,833,ckyw7dzmx00273867fyj9lsnv,0,0.123828125,0.5682291666666667,0.034375,0.0375
14,833,ckyw7e4o6002b3867ibaukox2,0,0.3529753989361702,0.6464760638297873,0.0453125,0.05625
14,833,ckyw7e9n0002f3867tn40h1u2,0,0.769140625,0.4421875,0.034375,0.04375
14,834,ckyw7dzmx00273867fyj9lsnv,0,0.12109375,0.5677083333333334,0.034375,0.0375
14,834,ckyw7e4o6002b3867ibaukox2,0,0.3530086436170213,0.6465647163120567,0.0453125,0.05625
14,834,ckyw7e9n0002f3867tn40h1u2,0,0.76796875,0.4395833333333333,0.034375,0.04375
14,835,ckyw7dzmx00273867fyj9lsnv,0,0.118359375,0.5671875,0.034375,0.0375
14,835,ckyw7e4o6002b3867ibaukox2,0,0.3530418882978723,0.6466533687943262,0.0453125,0.05625
14,835,ckyw7e9n0002f3867tn40h1u2,0,0.766796875,0.4369791666666666,0.034375,0.04375
14,836,ckyw7dzmx00273867fyj9lsnv,0,0.115625,0.5666666666666667,0.034375,0.0375
14,836,ckyw7e4o6002b3867ibaukox2,0,0.3530751329787234,0.6467420212765957,0.0453125,0.05625
14,836,ckyw7e9n0002f3867tn40h1u2,0,0.765625,0.434375,0.034375,0.04375
14,837,ckyw7dzmx00273867fyj9lsnv,0,0.1127840909090909,0.5645833333333333,0.034375,0.0375
14,837,ckyw7e4o6002b3867ibaukox2,0,0.3531083776595745,0.6468306737588653,0.0453125,0.05625
14,837,ckyw7e9n0002f3867tn40h1u2,0,0.764346590909091,0.4324810606060606,0.034375,0.04375
14,838,ckyw7dzmx00273867fyj9lsnv,0,0.1099431818181818,0.5625,0.034375,0.0375
14,838,ckyw7e4o6002b3867ibaukox2,0,0.3531416223404255,0.6469193262411347,0.0453125,0.05625
14,838,ckyw7e9n0002f3867tn40h1u2,0,0.7630681818181818,0.4305871212121212,0.034375,0.04375
14,839,ckyw7dzmx00273867fyj9lsnv,0,0.1071022727272727,0.5604166666666667,0.034375,0.0375
14,839,ckyw7e4o6002b3867ibaukox2,0,0.3531748670212766,0.6470079787234043,0.0453125,0.05625
14,839,ckyw7e9n0002f3867tn40h1u2,0,0.7617897727272728,0.4286931818181818,0.034375,0.04375
14,83,ckyw6zzlj001r3867thf0fuy7,0,0.2879464285714285,0.7962797619047618,0.0290178571428571,0.0431547619047619
14,83,ckyw704kw001v3867kvyjtx6k,0,0.8452008928571428,0.7345238095238095,0.0296875,0.0375
14,83,ckyw708pn001z386779fr849h,0,0.830102237654321,0.1210776748971193,0.0359375,0.0395833333333333
14,840,ckyw7dzmx00273867fyj9lsnv,0,0.1042613636363636,0.5583333333333333,0.0343749999999999,0.0375
14,840,ckyw7e4o6002b3867ibaukox2,0,0.3532081117021276,0.6470966312056737,0.0453125,0.05625
14,840,ckyw7e9n0002f3867tn40h1u2,0,0.7605113636363636,0.4267992424242424,0.034375,0.04375
14,841,ckyw7dzmx00273867fyj9lsnv,0,0.1014204545454545,0.55625,0.034375,0.0375
14,841,ckyw7e4o6002b3867ibaukox2,0,0.3532413563829787,0.6471852836879433,0.0453125,0.05625
14,841,ckyw7e9n0002f3867tn40h1u2,0,0.7592329545454546,0.424905303030303,0.034375,0.04375
14,842,ckyw7dzmx00273867fyj9lsnv,0,0.0985795454545454,0.5541666666666667,0.034375,0.0375
14,842,ckyw7e4o6002b3867ibaukox2,0,0.3532746010638298,0.6472739361702128,0.0453125,0.05625
14,842,ckyw7e9n0002f3867tn40h1u2,0,0.7579545454545454,0.4230113636363636,0.034375,0.04375
14,843,ckyw7dzmx00273867fyj9lsnv,0,0.0957386363636363,0.5520833333333334,0.034375,0.0375
14,843,ckyw7e4o6002b3867ibaukox2,0,0.3533078457446809,0.6473625886524823,0.0453125,0.05625
14,843,ckyw7e9n0002f3867tn40h1u2,0,0.7566761363636363,0.4211174242424242,0.034375,0.04375
14,844,ckyw7dzmx00273867fyj9lsnv,0,0.0928977272727272,0.55,0.034375,0.0375
14,844,ckyw7e4o6002b3867ibaukox2,0,0.3533410904255319,0.6474512411347517,0.0453125,0.05625
14,844,ckyw7e9n0002f3867tn40h1u2,0,0.7553977272727272,0.4192234848484848,0.034375,0.04375
14,845,ckyw7dzmx00273867fyj9lsnv,0,0.0900568181818181,0.5479166666666667,0.034375,0.0375
14,845,ckyw7e4o6002b3867ibaukox2,0,0.353374335106383,0.6475398936170212,0.0453125,0.05625
14,845,ckyw7e9n0002f3867tn40h1u2,0,0.7541193181818182,0.4173295454545454,0.034375,0.04375
14,846,ckyw7dzmx00273867fyj9lsnv,0,0.087215909090909,0.5458333333333333,0.0343749999999999,0.0375
14,846,ckyw7e4o6002b3867ibaukox2,0,0.353407579787234,0.6476285460992908,0.0453125,0.05625
14,846,ckyw7e9n0002f3867tn40h1u2,0,0.7528409090909091,0.415435606060606,0.034375,0.04375
14,847,ckyw7dzmx00273867fyj9lsnv,0,0.084375,0.54375,0.034375,0.0375
14,847,ckyw7e4o6002b3867ibaukox2,0,0.3534408244680851,0.6477171985815603,0.0453125,0.05625
14,847,ckyw7e9n0002f3867tn40h1u2,0,0.7515625,0.4135416666666666,0.034375,0.04375
14,848,ckyw7dzmx00273867fyj9lsnv,0,0.0828125,0.5391666666666667,0.034375,0.0375
14,848,ckyw7e4o6002b3867ibaukox2,0,0.3534740691489361,0.6478058510638297,0.0453125,0.05625
14,848,ckyw7e9n0002f3867tn40h1u2,0,0.749375,0.411875,0.034375,0.04375
14,849,ckyw7dzmx00273867fyj9lsnv,0,0.08125,0.5345833333333334,0.034375,0.0375
14,849,ckyw7e4o6002b3867ibaukox2,0,0.3535073138297872,0.6478945035460993,0.0453125,0.05625
14,849,ckyw7e9n0002f3867tn40h1u2,0,0.7471875,0.4102083333333333,0.034375,0.04375
14,84,ckyw6zzlj001r3867thf0fuy7,0,0.2845982142857143,0.799702380952381,0.0285714285714285,0.0434523809523809
14,84,ckyw704kw001v3867kvyjtx6k,0,0.8456473214285714,0.738095238095238,0.0296875,0.0375
14,84,ckyw708pn001z386779fr849h,0,0.8301408179012345,0.1210519547325102,0.0359375,0.0395833333333333
14,850,ckyw7dzmx00273867fyj9lsnv,0,0.0796875,0.5299999999999999,0.034375,0.0374999999999999
14,850,ckyw7e4o6002b3867ibaukox2,0,0.3535405585106382,0.6479831560283688,0.0453125,0.05625
14,850,ckyw7e9n0002f3867tn40h1u2,0,0.745,0.4085416666666666,0.034375,0.04375
14,851,ckyw7dzmx00273867fyj9lsnv,0,0.078125,0.5254166666666666,0.034375,0.0375
14,851,ckyw7e4o6002b3867ibaukox2,0,0.3535738031914893,0.6480718085106383,0.0453125,0.05625
14,851,ckyw7e9n0002f3867tn40h1u2,0,0.7428125,0.406875,0.034375,0.04375
14,852,ckyw7dzmx00273867fyj9lsnv,0,0.0765625,0.5208333333333334,0.034375,0.0375
14,852,ckyw7e4o6002b3867ibaukox2,0,0.3536070478723404,0.6481604609929078,0.0453125,0.05625
14,852,ckyw7e9n0002f3867tn40h1u2,0,0.740625,0.4052083333333333,0.034375,0.04375
14,853,ckyw7dzmx00273867fyj9lsnv,0,0.075,0.5171296296296296,0.034375,0.0375
14,853,ckyw7e4o6002b3867ibaukox2,0,0.3536402925531915,0.6482491134751773,0.0453125,0.05625
14,853,ckyw7e9n0002f3867tn40h1u2,0,0.738107638888889,0.4043981481481482,0.034375,0.04375
14,854,ckyw7dzmx00273867fyj9lsnv,0,0.0734375,0.513425925925926,0.034375,0.0375
14,854,ckyw7e4o6002b3867ibaukox2,0,0.3536735372340425,0.6483377659574467,0.0453125,0.05625
14,854,ckyw7e9n0002f3867tn40h1u2,0,0.7355902777777777,0.4035879629629629,0.034375,0.04375
14,855,ckyw7dzmx00273867fyj9lsnv,0,0.071875,0.5097222222222222,0.034375,0.0375
14,855,ckyw7e4o6002b3867ibaukox2,0,0.3537067819148936,0.6484264184397163,0.0453125,0.05625
14,855,ckyw7e9n0002f3867tn40h1u2,0,0.7330729166666667,0.4027777777777778,0.034375,0.04375
14,856,ckyw7dzmx00273867fyj9lsnv,0,0.0703125,0.5060185185185185,0.034375,0.0375
14,856,ckyw7e4o6002b3867ibaukox2,0,0.3537400265957446,0.6485150709219858,0.0453125,0.05625
14,856,ckyw7e9n0002f3867tn40h1u2,0,0.7305555555555555,0.4019675925925926,0.034375,0.04375
14,857,ckyw7dzmx00273867fyj9lsnv,0,0.06875,0.5023148148148148,0.034375,0.0375
14,857,ckyw7e4o6002b3867ibaukox2,0,0.3537732712765957,0.6486037234042553,0.0453125,0.05625
14,857,ckyw7e9n0002f3867tn40h1u2,0,0.7280381944444445,0.4011574074074074,0.034375,0.04375
14,858,ckyw7dzmx00273867fyj9lsnv,0,0.0671875,0.4986111111111111,0.034375,0.0375
14,858,ckyw7e4o6002b3867ibaukox2,0,0.3538065159574468,0.6486923758865247,0.0453125,0.05625
14,858,ckyw7e9n0002f3867tn40h1u2,0,0.7255208333333333,0.4003472222222222,0.034375,0.04375
14,859,ckyw7dzmx00273867fyj9lsnv,0,0.065625,0.4949074074074074,0.034375,0.0375
14,859,ckyw7e4o6002b3867ibaukox2,0,0.3538397606382978,0.6487810283687944,0.0453125,0.05625
14,859,ckyw7e9n0002f3867tn40h1u2,0,0.7230034722222223,0.399537037037037,0.034375,0.04375
14,85,ckyw6zzlj001r3867thf0fuy7,0,0.28125,0.803125,0.028125,0.04375
14,85,ckyw704kw001v3867kvyjtx6k,0,0.84609375,0.7416666666666667,0.0296875,0.0375
14,85,ckyw708pn001z386779fr849h,0,0.8301793981481481,0.1210262345679012,0.0359375,0.0395833333333333
14,860,ckyw7dzmx00273867fyj9lsnv,0,0.0640625,0.4912037037037037,0.034375,0.0375
14,860,ckyw7e4o6002b3867ibaukox2,0,0.3538730053191489,0.6488696808510638,0.0453125,0.05625
14,860,ckyw7e9n0002f3867tn40h1u2,0,0.720486111111111,0.3987268518518518,0.034375,0.04375
14,861,ckyw7dzmx00273867fyj9lsnv,0,0.0625,0.4875,0.034375,0.0375
14,861,ckyw7e4o6002b3867ibaukox2,0,0.35390625,0.6489583333333333,0.0453125,0.05625
14,861,ckyw7e9n0002f3867tn40h1u2,0,0.71796875,0.3979166666666666,0.034375,0.04375
14,862,ckyw7dzmx00273867fyj9lsnv,0,0.0630208333333333,0.4833333333333333,0.034375,0.0375
14,862,ckyw7e4o6002b3867ibaukox2,0,0.3542534722222222,0.6489583333333333,0.0453125,0.05625
14,862,ckyw7e9n0002f3867tn40h1u2,0,0.7154513888888889,0.3971064814814815,0.034375,0.04375
14,863,ckyw7dzmx00273867fyj9lsnv,0,0.0635416666666666,0.4791666666666667,0.0343749999999999,0.0375
14,863,ckyw7e4o6002b3867ibaukox2,0,0.3546006944444445,0.6489583333333333,0.0453125,0.05625
14,863,ckyw7e9n0002f3867tn40h1u2,0,0.7129340277777778,0.3962962962962963,0.034375,0.04375
14,864,ckyw7dzmx00273867fyj9lsnv,0,0.0640625,0.475,0.034375,0.0375
14,864,ckyw7e4o6002b3867ibaukox2,0,0.3549479166666666,0.6489583333333333,0.0453125,0.05625
14,864,ckyw7e9n0002f3867tn40h1u2,0,0.7104166666666667,0.3954861111111111,0.034375,0.04375
14,865,ckyw7dzmx00273867fyj9lsnv,0,0.0645833333333333,0.4708333333333333,0.034375,0.0375
14,865,ckyw7e4o6002b3867ibaukox2,0,0.3552951388888888,0.6489583333333333,0.0453125,0.05625
14,865,ckyw7e9n0002f3867tn40h1u2,0,0.7078993055555556,0.3946759259259259,0.034375,0.04375
14,866,ckyw7dzmx00273867fyj9lsnv,0,0.0651041666666666,0.4666666666666667,0.0343749999999999,0.0375
14,866,ckyw7e4o6002b3867ibaukox2,0,0.3556423611111111,0.6489583333333333,0.0453125,0.05625
14,866,ckyw7e9n0002f3867tn40h1u2,0,0.7053819444444445,0.3938657407407407,0.034375,0.04375
14,867,ckyw7dzmx00273867fyj9lsnv,0,0.065625,0.4625,0.034375,0.0375
14,867,ckyw7e4o6002b3867ibaukox2,0,0.3559895833333333,0.6489583333333333,0.0453125,0.05625
14,867,ckyw7e9n0002f3867tn40h1u2,0,0.7028645833333333,0.3930555555555555,0.034375,0.04375
14,868,ckyw7dzmx00273867fyj9lsnv,0,0.0661458333333333,0.4583333333333333,0.034375,0.0375
14,868,ckyw7e4o6002b3867ibaukox2,0,0.3563368055555555,0.6489583333333333,0.0453125,0.05625
14,868,ckyw7e9n0002f3867tn40h1u2,0,0.7003472222222222,0.3922453703703704,0.034375,0.04375
14,869,ckyw7dzmx00273867fyj9lsnv,0,0.0666666666666666,0.4541666666666666,0.0343749999999999,0.0375
14,869,ckyw7e4o6002b3867ibaukox2,0,0.3566840277777777,0.6489583333333333,0.0453125,0.05625
14,869,ckyw7e9n0002f3867tn40h1u2,0,0.6978298611111111,0.3914351851851851,0.034375,0.04375
14,86,ckyw6zzlj001r3867thf0fuy7,0,0.2774739583333333,0.8046875,0.0278645833333333,0.0440972222222221
14,86,ckyw704kw001v3867kvyjtx6k,0,0.845703125,0.7447916666666666,0.0296875,0.0375
14,86,ckyw708pn001z386779fr849h,0,0.8302179783950617,0.1210005144032922,0.0359375,0.0395833333333333
14,870,ckyw7dzmx00273867fyj9lsnv,0,0.0671875,0.45,0.034375,0.0375
14,870,ckyw7e4o6002b3867ibaukox2,0,0.35703125,0.6489583333333333,0.0453125,0.05625
14,870,ckyw7e9n0002f3867tn40h1u2,0,0.6953125,0.390625,0.034375,0.04375
14,871,ckyw7dzmx00273867fyj9lsnv,0,0.06953125,0.44625,0.034375,0.0375
14,871,ckyw7e4o6002b3867ibaukox2,0,0.35703125,0.6495833333333334,0.0453125,0.05625
14,871,ckyw7e9n0002f3867tn40h1u2,0,0.69328125,0.3908333333333333,0.034375,0.04375
14,872,ckyw7dzmx00273867fyj9lsnv,0,0.071875,0.4425,0.034375,0.0375
14,872,ckyw7e4o6002b3867ibaukox2,0,0.35703125,0.6502083333333334,0.0453125,0.05625
14,872,ckyw7e9n0002f3867tn40h1u2,0,0.6912499999999999,0.3910416666666666,0.034375,0.04375
14,873,ckyw7dzmx00273867fyj9lsnv,0,0.07421875,0.43875,0.034375,0.0375
14,873,ckyw7e4o6002b3867ibaukox2,0,0.35703125,0.6508333333333333,0.0453125,0.05625
14,873,ckyw7e9n0002f3867tn40h1u2,0,0.68921875,0.39125,0.034375,0.04375
14,874,ckyw7dzmx00273867fyj9lsnv,0,0.0765625,0.435,0.034375,0.0375
14,874,ckyw7e4o6002b3867ibaukox2,0,0.35703125,0.6514583333333334,0.0453125,0.05625
14,874,ckyw7e9n0002f3867tn40h1u2,0,0.6871875000000001,0.3914583333333333,0.034375,0.04375
14,875,ckyw7dzmx00273867fyj9lsnv,0,0.07890625,0.43125,0.034375,0.0375
14,875,ckyw7e4o6002b3867ibaukox2,0,0.35703125,0.6520833333333333,0.0453125,0.05625
14,875,ckyw7e9n0002f3867tn40h1u2,0,0.68515625,0.3916666666666666,0.034375,0.04375
14,876,ckyw7dzmx00273867fyj9lsnv,0,0.08125,0.4275,0.034375,0.0375
14,876,ckyw7e4o6002b3867ibaukox2,0,0.35703125,0.6527083333333333,0.0453125,0.05625
14,876,ckyw7e9n0002f3867tn40h1u2,0,0.683125,0.391875,0.034375,0.04375
14,877,ckyw7dzmx00273867fyj9lsnv,0,0.08359375,0.42375,0.034375,0.0375
14,877,ckyw7e4o6002b3867ibaukox2,0,0.35703125,0.6533333333333334,0.0453125,0.05625
14,877,ckyw7e9n0002f3867tn40h1u2,0,0.6810937499999999,0.3920833333333333,0.034375,0.04375
14,878,ckyw7dzmx00273867fyj9lsnv,0,0.0859375,0.42,0.034375,0.0375
14,878,ckyw7e4o6002b3867ibaukox2,0,0.35703125,0.6539583333333333,0.0453125,0.05625
14,878,ckyw7e9n0002f3867tn40h1u2,0,0.6790625,0.3922916666666667,0.034375,0.04375
14,879,ckyw7dzmx00273867fyj9lsnv,0,0.08828125,0.41625,0.034375,0.0375
14,879,ckyw7e4o6002b3867ibaukox2,0,0.35703125,0.6545833333333333,0.0453125,0.05625
14,879,ckyw7e9n0002f3867tn40h1u2,0,0.67703125,0.3925,0.034375,0.04375
14,87,ckyw6zzlj001r3867thf0fuy7,0,0.2736979166666667,0.80625,0.0276041666666666,0.0444444444444445
14,87,ckyw704kw001v3867kvyjtx6k,0,0.8453125,0.7479166666666667,0.0296875,0.0375
14,87,ckyw708pn001z386779fr849h,0,0.8302565586419753,0.1209747942386831,0.0359375,0.0395833333333333
14,880,ckyw7dzmx00273867fyj9lsnv,0,0.090625,0.4125,0.034375,0.0375
14,880,ckyw7e4o6002b3867ibaukox2,0,0.35703125,0.6552083333333333,0.0453125,0.05625
14,880,ckyw7e9n0002f3867tn40h1u2,0,0.675,0.3927083333333333,0.034375,0.04375
14,881,ckyw7dzmx00273867fyj9lsnv,0,0.09375,0.41015625,0.034375,0.0375
14,881,ckyw7e4o6002b3867ibaukox2,0,0.3569444444444444,0.655324074074074,0.0453125,0.05625
14,881,ckyw7e9n0002f3867tn40h1u2,0,0.6730698529411765,0.3935661764705882,0.034375,0.04375
14,882,ckyw7dzmx00273867fyj9lsnv,0,0.096875,0.4078125,0.034375,0.0375
14,882,ckyw7e4o6002b3867ibaukox2,0,0.3568576388888889,0.6554398148148147,0.0453125,0.05625
14,882,ckyw7e9n0002f3867tn40h1u2,0,0.6711397058823529,0.3944240196078431,0.034375,0.04375
14,883,ckyw7dzmx00273867fyj9lsnv,0,0.1,0.40546875,0.034375,0.0375
14,883,ckyw7e4o6002b3867ibaukox2,0,0.3567708333333333,0.6555555555555556,0.0453125,0.05625
14,883,ckyw7e9n0002f3867tn40h1u2,0,0.6692095588235294,0.3952818627450981,0.034375,0.04375
14,884,ckyw7dzmx00273867fyj9lsnv,0,0.103125,0.403125,0.034375,0.0375
14,884,ckyw7e4o6002b3867ibaukox2,0,0.3566840277777777,0.6556712962962963,0.0453125,0.05625
14,884,ckyw7e9n0002f3867tn40h1u2,0,0.6672794117647058,0.396139705882353,0.034375,0.04375
14,885,ckyw7dzmx00273867fyj9lsnv,0,0.10625,0.40078125,0.034375,0.0375
14,885,ckyw7e4o6002b3867ibaukox2,0,0.3565972222222222,0.655787037037037,0.0453125,0.05625
14,885,ckyw7e9n0002f3867tn40h1u2,0,0.6653492647058823,0.3969975490196079,0.034375,0.04375
14,886,ckyw7dzmx00273867fyj9lsnv,0,0.109375,0.3984375,0.034375,0.0375
14,886,ckyw7e4o6002b3867ibaukox2,0,0.3565104166666666,0.6559027777777777,0.0453125,0.05625
14,886,ckyw7e9n0002f3867tn40h1u2,0,0.6634191176470587,0.3978553921568627,0.034375,0.04375
14,887,ckyw7dzmx00273867fyj9lsnv,0,0.1125,0.39609375,0.034375,0.0375
14,887,ckyw7e4o6002b3867ibaukox2,0,0.3564236111111111,0.6560185185185186,0.0453125,0.05625
14,887,ckyw7e9n0002f3867tn40h1u2,0,0.6614889705882353,0.3987132352941176,0.034375,0.04375
14,888,ckyw7dzmx00273867fyj9lsnv,0,0.115625,0.39375,0.034375,0.0375
14,888,ckyw7e4o6002b3867ibaukox2,0,0.3563368055555555,0.6561342592592593,0.0453125,0.05625
14,888,ckyw7e9n0002f3867tn40h1u2,0,0.6595588235294118,0.3995710784313725,0.034375,0.04375
14,889,ckyw7dzmx00273867fyj9lsnv,0,0.1190625,0.3941666666666666,0.034375,0.0375
14,889,ckyw7e4o6002b3867ibaukox2,0,0.35625,0.65625,0.0453125,0.05625
14,889,ckyw7e9n0002f3867tn40h1u2,0,0.6576286764705882,0.4004289215686274,0.034375,0.04375
14,88,ckyw6zzlj001r3867thf0fuy7,0,0.269921875,0.8078125,0.02734375,0.0447916666666666
14,88,ckyw704kw001v3867kvyjtx6k,0,0.844921875,0.7510416666666667,0.0296875,0.0375
14,88,ckyw708pn001z386779fr849h,0,0.830295138888889,0.120949074074074,0.0359375,0.0395833333333333
14,890,ckyw7dzmx00273867fyj9lsnv,0,0.1225,0.3945833333333333,0.034375,0.0375
14,890,ckyw7e4o6002b3867ibaukox2,0,0.3561631944444444,0.6563657407407407,0.0453125,0.05625
14,890,ckyw7e9n0002f3867tn40h1u2,0,0.6556985294117647,0.4012867647058823,0.034375,0.04375
14,891,ckyw7dzmx00273867fyj9lsnv,0,0.1259374999999999,0.3949999999999999,0.034375,0.0375
14,891,ckyw7e4o6002b3867ibaukox2,0,0.3560763888888889,0.6564814814814814,0.0453125,0.05625
14,891,ckyw7e9n0002f3867tn40h1u2,0,0.6537683823529412,0.4021446078431372,0.034375,0.04375
14,892,ckyw7dzmx00273867fyj9lsnv,0,0.129375,0.3954166666666667,0.034375,0.0375
14,892,ckyw7e4o6002b3867ibaukox2,0,0.3559895833333333,0.6565972222222223,0.0453125,0.05625
14,892,ckyw7e9n0002f3867tn40h1u2,0,0.6518382352941177,0.4030024509803921,0.034375,0.04375
14,893,ckyw7dzmx00273867fyj9lsnv,0,0.1328125,0.3958333333333333,0.034375,0.0375
14,893,ckyw7e4o6002b3867ibaukox2,0,0.3559027777777778,0.656712962962963,0.0453125,0.05625
14,893,ckyw7e9n0002f3867tn40h1u2,0,0.6499080882352941,0.403860294117647,0.034375,0.04375
14,894,ckyw7dzmx00273867fyj9lsnv,0,0.13625,0.39625,0.034375,0.0375
14,894,ckyw7e4o6002b3867ibaukox2,0,0.3558159722222222,0.6568287037037037,0.0453125,0.05625
14,894,ckyw7e9n0002f3867tn40h1u2,0,0.6479779411764706,0.4047181372549019,0.034375,0.04375
14,895,ckyw7dzmx00273867fyj9lsnv,0,0.1396875,0.3966666666666666,0.034375,0.0375
14,895,ckyw7e4o6002b3867ibaukox2,0,0.3557291666666666,0.6569444444444444,0.0453125,0.05625
14,895,ckyw7e9n0002f3867tn40h1u2,0,0.6460477941176471,0.4055759803921568,0.034375,0.04375
14,896,ckyw7dzmx00273867fyj9lsnv,0,0.143125,0.3970833333333333,0.034375,0.0375
14,896,ckyw7e4o6002b3867ibaukox2,0,0.3556423611111111,0.6570601851851853,0.0453125,0.05625
14,896,ckyw7e9n0002f3867tn40h1u2,0,0.6441176470588236,0.4064338235294117,0.034375,0.04375
14,897,ckyw7dzmx00273867fyj9lsnv,0,0.1465624999999999,0.3975,0.034375,0.0375
14,897,ckyw7e4o6002b3867ibaukox2,0,0.3555555555555555,0.657175925925926,0.0453125,0.05625
14,897,ckyw7e9n0002f3867tn40h1u2,0,0.6421875,0.4072916666666666,0.034375,0.04375
14,898,ckyw7dzmx00273867fyj9lsnv,0,0.15,0.3979166666666666,0.034375,0.0375
14,898,ckyw7e4o6002b3867ibaukox2,0,0.35546875,0.6572916666666667,0.0453125,0.05625
14,898,ckyw7e9n0002f3867tn40h1u2,0,0.63984375,0.4095833333333333,0.034375,0.04375
14,899,ckyw7dzmx00273867fyj9lsnv,0,0.1527777777777777,0.3993055555555555,0.034375,0.0375
14,899,ckyw7e4o6002b3867ibaukox2,0,0.3551215277777778,0.6577546296296296,0.0453125,0.05625
14,899,ckyw7e9n0002f3867tn40h1u2,0,0.6375,0.411875,0.034375,0.04375
14,89,ckyw6zzlj001r3867thf0fuy7,0,0.2661458333333333,0.809375,0.0270833333333333,0.0451388888888888
14,89,ckyw704kw001v3867kvyjtx6k,0,0.84453125,0.7541666666666667,0.0296875,0.0375
14,89,ckyw708pn001z386779fr849h,0,0.8303337191358026,0.120923353909465,0.0359375,0.0395833333333333
14,8,ckyw6zzlj001r3867thf0fuy7,0,0.16015625,0.6658333333333334,0.0359375,0.0375
14,8,ckyw704kw001v3867kvyjtx6k,0,0.7309895833333333,0.7404761904761905,0.0296875,0.0375
14,8,ckyw708pn001z386779fr849h,0,0.8278872282608696,0.1246829710144927,0.0359375,0.0395833333333333
14,900,ckyw7dzmx00273867fyj9lsnv,0,0.1555555555555555,0.4006944444444444,0.034375,0.0375
14,900,ckyw7e4o6002b3867ibaukox2,0,0.3547743055555555,0.6582175925925926,0.0453125,0.05625
14,900,ckyw7e9n0002f3867tn40h1u2,0,0.63515625,0.4141666666666667,0.034375,0.04375
14,901,ckyw7dzmx00273867fyj9lsnv,0,0.1583333333333333,0.4020833333333333,0.034375,0.0375
14,901,ckyw7e4o6002b3867ibaukox2,0,0.3544270833333333,0.6586805555555556,0.0453125,0.05625
14,901,ckyw7e9n0002f3867tn40h1u2,0,0.6328125,0.4164583333333333,0.034375,0.04375
14,902,ckyw7dzmx00273867fyj9lsnv,0,0.1611111111111111,0.4034722222222222,0.034375,0.0375
14,902,ckyw7e4o6002b3867ibaukox2,0,0.3540798611111111,0.6591435185185186,0.0453125,0.05625
14,902,ckyw7e9n0002f3867tn40h1u2,0,0.63046875,0.41875,0.034375,0.04375
14,903,ckyw7dzmx00273867fyj9lsnv,0,0.1638888888888889,0.4048611111111111,0.034375,0.0375
14,903,ckyw7e4o6002b3867ibaukox2,0,0.3537326388888889,0.6596064814814814,0.0453125,0.05625
14,903,ckyw7e9n0002f3867tn40h1u2,0,0.628125,0.4210416666666666,0.034375,0.04375
14,904,ckyw7dzmx00273867fyj9lsnv,0,0.1666666666666666,0.40625,0.034375,0.0375
14,904,ckyw7e4o6002b3867ibaukox2,0,0.3533854166666667,0.6600694444444444,0.0453125,0.05625
14,904,ckyw7e9n0002f3867tn40h1u2,0,0.62578125,0.4233333333333333,0.034375,0.04375
14,905,ckyw7dzmx00273867fyj9lsnv,0,0.1694444444444444,0.4076388888888889,0.034375,0.0375
14,905,ckyw7e4o6002b3867ibaukox2,0,0.3530381944444444,0.6605324074074074,0.0453125,0.05625
14,905,ckyw7e9n0002f3867tn40h1u2,0,0.6234375,0.425625,0.034375,0.04375
14,906,ckyw7dzmx00273867fyj9lsnv,0,0.1722222222222222,0.4090277777777778,0.034375,0.0375
14,906,ckyw7e4o6002b3867ibaukox2,0,0.3526909722222222,0.6609953703703704,0.0453125,0.05625
14,906,ckyw7e9n0002f3867tn40h1u2,0,0.62109375,0.4279166666666666,0.034375,0.04375
14,907,ckyw7dzmx00273867fyj9lsnv,0,0.175,0.4104166666666666,0.034375,0.0375
14,907,ckyw7e4o6002b3867ibaukox2,0,0.35234375,0.6614583333333334,0.0453125,0.05625
14,907,ckyw7e9n0002f3867tn40h1u2,0,0.61875,0.4302083333333333,0.034375,0.04375
14,908,ckyw7dzmx00273867fyj9lsnv,0,0.1768229166666666,0.4142361111111111,0.034375,0.0375
14,908,ckyw7e4o6002b3867ibaukox2,0,0.352641369047619,0.661359126984127,0.0453125,0.05625
14,908,ckyw7e9n0002f3867tn40h1u2,0,0.6177083333333333,0.4315972222222222,0.034375,0.04375
14,909,ckyw7dzmx00273867fyj9lsnv,0,0.1786458333333333,0.4180555555555555,0.034375,0.0375
14,909,ckyw7e4o6002b3867ibaukox2,0,0.3529389880952381,0.6612599206349207,0.0453125,0.05625
14,909,ckyw7e9n0002f3867tn40h1u2,0,0.6166666666666667,0.4329861111111111,0.034375,0.04375
14,90,ckyw6zzlj001r3867thf0fuy7,0,0.2623697916666667,0.8109375,0.0268229166666666,0.0454861111111111
14,90,ckyw704kw001v3867kvyjtx6k,0,0.844140625,0.7572916666666667,0.0296875,0.0375
14,90,ckyw708pn001z386779fr849h,0,0.830372299382716,0.1208976337448559,0.0359375,0.0395833333333333
14,910,ckyw7dzmx00273867fyj9lsnv,0,0.18046875,0.421875,0.034375,0.0375
14,910,ckyw7e4o6002b3867ibaukox2,0,0.3532366071428571,0.6611607142857142,0.0453125,0.05625
14,910,ckyw7e9n0002f3867tn40h1u2,0,0.615625,0.434375,0.034375,0.04375
14,911,ckyw7dzmx00273867fyj9lsnv,0,0.1822916666666666,0.4256944444444445,0.034375,0.0375
14,911,ckyw7e4o6002b3867ibaukox2,0,0.3535342261904762,0.6610615079365079,0.0453125,0.05625
14,911,ckyw7e9n0002f3867tn40h1u2,0,0.6145833333333333,0.4357638888888889,0.034375,0.04375
14,912,ckyw7dzmx00273867fyj9lsnv,0,0.1841145833333333,0.4295138888888888,0.034375,0.0375
14,912,ckyw7e4o6002b3867ibaukox2,0,0.3538318452380952,0.6609623015873016,0.0453125,0.05625
14,912,ckyw7e9n0002f3867tn40h1u2,0,0.6135416666666667,0.4371527777777778,0.034375,0.04375
14,913,ckyw7dzmx00273867fyj9lsnv,0,0.1859375,0.4333333333333333,0.034375,0.0375
14,913,ckyw7e4o6002b3867ibaukox2,0,0.3541294642857143,0.6608630952380953,0.0453125,0.05625
14,913,ckyw7e9n0002f3867tn40h1u2,0,0.6125,0.4385416666666666,0.034375,0.04375
14,914,ckyw7dzmx00273867fyj9lsnv,0,0.18765625,0.4366666666666666,0.034375,0.0375
14,914,ckyw7e4o6002b3867ibaukox2,0,0.3544270833333333,0.6607638888888889,0.0453125,0.05625
14,914,ckyw7e9n0002f3867tn40h1u2,0,0.61125,0.4414583333333333,0.034375,0.04375
14,915,ckyw7dzmx00273867fyj9lsnv,0,0.189375,0.44,0.0343749999999999,0.0375
14,915,ckyw7e4o6002b3867ibaukox2,0,0.3547247023809524,0.6606646825396825,0.0453125,0.05625
14,915,ckyw7e9n0002f3867tn40h1u2,0,0.61,0.444375,0.034375,0.04375
14,916,ckyw7dzmx00273867fyj9lsnv,0,0.19109375,0.4433333333333333,0.034375,0.0375
14,916,ckyw7e4o6002b3867ibaukox2,0,0.3550223214285714,0.6605654761904761,0.0453125,0.05625
14,916,ckyw7e9n0002f3867tn40h1u2,0,0.60875,0.4472916666666666,0.034375,0.04375
14,917,ckyw7dzmx00273867fyj9lsnv,0,0.1928125,0.4466666666666666,0.034375,0.0375
14,917,ckyw7e4o6002b3867ibaukox2,0,0.3553199404761905,0.6604662698412699,0.0453125,0.05625
14,917,ckyw7e9n0002f3867tn40h1u2,0,0.6075,0.4502083333333333,0.034375,0.04375
14,918,ckyw7dzmx00273867fyj9lsnv,0,0.19453125,0.45,0.034375,0.0375
14,918,ckyw7e4o6002b3867ibaukox2,0,0.3556175595238095,0.6603670634920635,0.0453125,0.05625
14,918,ckyw7e9n0002f3867tn40h1u2,0,0.60625,0.453125,0.034375,0.04375
14,919,ckyw7dzmx00273867fyj9lsnv,0,0.1962499999999999,0.4533333333333333,0.034375,0.0375
14,919,ckyw7e4o6002b3867ibaukox2,0,0.3559151785714285,0.6602678571428572,0.0453125,0.05625
14,919,ckyw7e9n0002f3867tn40h1u2,0,0.605,0.4560416666666667,0.034375,0.04375
14,91,ckyw6zzlj001r3867thf0fuy7,0,0.25859375,0.8125,0.0265625,0.0458333333333333
14,91,ckyw704kw001v3867kvyjtx6k,0,0.84375,0.7604166666666666,0.0296875,0.0375
14,91,ckyw708pn001z386779fr849h,0,0.8304108796296296,0.1208719135802469,0.0359375,0.0395833333333333
14,920,ckyw7dzmx00273867fyj9lsnv,0,0.1979687499999999,0.4566666666666666,0.0343749999999999,0.0375
14,920,ckyw7e4o6002b3867ibaukox2,0,0.3562127976190476,0.6601686507936508,0.0453125,0.05625
14,920,ckyw7e9n0002f3867tn40h1u2,0,0.60375,0.4589583333333333,0.034375,0.04375
14,921,ckyw7dzmx00273867fyj9lsnv,0,0.1996875,0.46,0.034375,0.0375
14,921,ckyw7e4o6002b3867ibaukox2,0,0.3565104166666666,0.6600694444444444,0.0453125,0.05625
14,921,ckyw7e9n0002f3867tn40h1u2,0,0.6025,0.461875,0.034375,0.04375
14,922,ckyw7dzmx00273867fyj9lsnv,0,0.20140625,0.4633333333333333,0.034375,0.0375
14,922,ckyw7e4o6002b3867ibaukox2,0,0.3568080357142857,0.659970238095238,0.0453125,0.05625
14,922,ckyw7e9n0002f3867tn40h1u2,0,0.6012500000000001,0.4647916666666666,0.034375,0.04375
14,923,ckyw7dzmx00273867fyj9lsnv,0,0.203125,0.4666666666666667,0.034375,0.0375
14,923,ckyw7e4o6002b3867ibaukox2,0,0.3571056547619047,0.6598710317460318,0.0453125,0.05625
14,923,ckyw7e9n0002f3867tn40h1u2,0,0.6,0.4677083333333333,0.034375,0.04375
14,924,ckyw7dzmx00273867fyj9lsnv,0,0.2021875,0.47125,0.034375,0.0375
14,924,ckyw7e4o6002b3867ibaukox2,0,0.3574032738095238,0.6597718253968254,0.0453125,0.05625
14,924,ckyw7e9n0002f3867tn40h1u2,0,0.6,0.4697916666666666,0.034375,0.04375
14,925,ckyw7dzmx00273867fyj9lsnv,0,0.20125,0.4758333333333333,0.034375,0.0375
14,925,ckyw7e4o6002b3867ibaukox2,0,0.3577008928571428,0.6596726190476191,0.0453125,0.05625
14,925,ckyw7e9n0002f3867tn40h1u2,0,0.6,0.471875,0.034375,0.04375
14,926,ckyw7dzmx00273867fyj9lsnv,0,0.2003124999999999,0.4804166666666666,0.0343749999999999,0.0375
14,926,ckyw7e4o6002b3867ibaukox2,0,0.3579985119047619,0.6595734126984126,0.0453125,0.05625
14,926,ckyw7e9n0002f3867tn40h1u2,0,0.6,0.4739583333333333,0.034375,0.04375
14,927,ckyw7dzmx00273867fyj9lsnv,0,0.199375,0.485,0.034375,0.0375
14,927,ckyw7e4o6002b3867ibaukox2,0,0.3582961309523809,0.6594742063492063,0.0453125,0.05625
14,927,ckyw7e9n0002f3867tn40h1u2,0,0.6,0.4760416666666666,0.034375,0.04375
14,928,ckyw7dzmx00273867fyj9lsnv,0,0.1984375,0.4895833333333333,0.034375,0.0375
14,928,ckyw7e4o6002b3867ibaukox2,0,0.35859375,0.659375,0.0453125,0.05625
14,928,ckyw7e9n0002f3867tn40h1u2,0,0.6,0.478125,0.034375,0.04375
14,929,ckyw7dzmx00273867fyj9lsnv,0,0.1984375,0.4945833333333333,0.034375,0.0375
14,929,ckyw7e4o6002b3867ibaukox2,0,0.3586476293103448,0.6593031609195402,0.0453125,0.05625
14,929,ckyw7e9n0002f3867tn40h1u2,0,0.599375,0.4802083333333333,0.034375,0.04375
14,92,ckyw6zzlj001r3867thf0fuy7,0,0.25859375,0.8177083333333334,0.0265625,0.0458333333333333
14,92,ckyw704kw001v3867kvyjtx6k,0,0.843359375,0.7635416666666667,0.0296875,0.0375
14,92,ckyw708pn001z386779fr849h,0,0.8304494598765432,0.1208461934156378,0.0359375,0.0395833333333333
14,930,ckyw7dzmx00273867fyj9lsnv,0,0.1984375,0.4995833333333334,0.034375,0.0375
14,930,ckyw7e4o6002b3867ibaukox2,0,0.3587015086206896,0.6592313218390804,0.0453125,0.05625
14,930,ckyw7e9n0002f3867tn40h1u2,0,0.59875,0.4822916666666667,0.034375,0.04375
14,931,ckyw7dzmx00273867fyj9lsnv,0,0.1984375,0.5045833333333333,0.034375,0.0375
14,931,ckyw7e4o6002b3867ibaukox2,0,0.3587553879310344,0.6591594827586207,0.0453125,0.05625
14,931,ckyw7e9n0002f3867tn40h1u2,0,0.598125,0.484375,0.034375,0.04375
14,932,ckyw7dzmx00273867fyj9lsnv,0,0.1984375,0.5095833333333333,0.034375,0.0375
14,932,ckyw7e4o6002b3867ibaukox2,0,0.3588092672413793,0.659087643678161,0.0453125,0.05625
14,932,ckyw7e9n0002f3867tn40h1u2,0,0.5974999999999999,0.4864583333333333,0.034375,0.04375
14,933,ckyw7dzmx00273867fyj9lsnv,0,0.1984375,0.5145833333333333,0.034375,0.0375
14,933,ckyw7e4o6002b3867ibaukox2,0,0.3588631465517241,0.6590158045977011,0.0453125,0.05625
14,933,ckyw7e9n0002f3867tn40h1u2,0,0.596875,0.4885416666666666,0.034375,0.04375
14,934,ckyw7dzmx00273867fyj9lsnv,0,0.196875,0.5183333333333333,0.034375,0.0375
14,934,ckyw7e4o6002b3867ibaukox2,0,0.358917025862069,0.6589439655172414,0.0453125,0.05625
14,934,ckyw7e9n0002f3867tn40h1u2,0,0.5962500000000001,0.490625,0.034375,0.04375
14,935,ckyw7dzmx00273867fyj9lsnv,0,0.1953125,0.5220833333333333,0.034375,0.0375
14,935,ckyw7e4o6002b3867ibaukox2,0,0.3589709051724138,0.6588721264367816,0.0453125,0.05625
14,935,ckyw7e9n0002f3867tn40h1u2,0,0.595625,0.4927083333333333,0.034375,0.04375
14,936,ckyw7dzmx00273867fyj9lsnv,0,0.19375,0.5258333333333333,0.034375,0.0374999999999999
14,936,ckyw7e4o6002b3867ibaukox2,0,0.3590247844827586,0.6588002873563218,0.0453125,0.05625
14,936,ckyw7e9n0002f3867tn40h1u2,0,0.595,0.4947916666666667,0.034375,0.04375
14,937,ckyw7dzmx00273867fyj9lsnv,0,0.1921875,0.5295833333333333,0.034375,0.0375
14,937,ckyw7e4o6002b3867ibaukox2,0,0.3590786637931035,0.6587284482758621,0.0453125,0.05625
14,937,ckyw7e9n0002f3867tn40h1u2,0,0.594375,0.496875,0.034375,0.04375
14,938,ckyw7dzmx00273867fyj9lsnv,0,0.190625,0.5333333333333333,0.034375,0.0375
14,938,ckyw7e4o6002b3867ibaukox2,0,0.3591325431034483,0.6586566091954023,0.0453125,0.05625
14,938,ckyw7e9n0002f3867tn40h1u2,0,0.59375,0.4989583333333333,0.034375,0.04375
14,939,ckyw7dzmx00273867fyj9lsnv,0,0.18828125,0.5354166666666667,0.034375,0.0375
14,939,ckyw7e4o6002b3867ibaukox2,0,0.3591864224137931,0.6585847701149425,0.0453125,0.05625
14,939,ckyw7e9n0002f3867tn40h1u2,0,0.59375,0.5019097222222222,0.034375,0.04375
14,93,ckyw6zzlj001r3867thf0fuy7,0,0.25859375,0.8229166666666666,0.0265625,0.0458333333333333
14,93,ckyw704kw001v3867kvyjtx6k,0,0.84296875,0.7666666666666667,0.0296875,0.0375
14,93,ckyw708pn001z386779fr849h,0,0.8304880401234568,0.1208204732510287,0.0359375,0.0395833333333333
14,940,ckyw7dzmx00273867fyj9lsnv,0,0.1859375,0.5375,0.034375,0.0375
14,940,ckyw7e4o6002b3867ibaukox2,0,0.3592403017241379,0.6585129310344828,0.0453125,0.05625
14,940,ckyw7e9n0002f3867tn40h1u2,0,0.59375,0.5048611111111111,0.034375,0.04375
14,941,ckyw7dzmx00273867fyj9lsnv,0,0.18359375,0.5395833333333333,0.034375,0.0375
14,941,ckyw7e4o6002b3867ibaukox2,0,0.3592941810344827,0.658441091954023,0.0453125,0.05625
14,941,ckyw7e9n0002f3867tn40h1u2,0,0.59375,0.5078125,0.034375,0.04375
14,942,ckyw7dzmx00273867fyj9lsnv,0,0.18125,0.5416666666666666,0.034375,0.0375
14,942,ckyw7e4o6002b3867ibaukox2,0,0.3593480603448276,0.6583692528735632,0.0453125,0.05625
14,942,ckyw7e9n0002f3867tn40h1u2,0,0.59375,0.5107638888888889,0.034375,0.04375
14,943,ckyw7dzmx00273867fyj9lsnv,0,0.17890625,0.54375,0.034375,0.0375
14,943,ckyw7e4o6002b3867ibaukox2,0,0.3594019396551724,0.6582974137931035,0.0453125,0.05625
14,943,ckyw7e9n0002f3867tn40h1u2,0,0.59375,0.5137152777777777,0.034375,0.0437499999999999
14,944,ckyw7dzmx00273867fyj9lsnv,0,0.1765625,0.5458333333333333,0.034375,0.0375
14,944,ckyw7e4o6002b3867ibaukox2,0,0.3594558189655172,0.6582255747126436,0.0453125,0.05625
14,944,ckyw7e9n0002f3867tn40h1u2,0,0.59375,0.5166666666666667,0.034375,0.04375
14,945,ckyw7dzmx00273867fyj9lsnv,0,0.17421875,0.5479166666666667,0.034375,0.0375
14,945,ckyw7e4o6002b3867ibaukox2,0,0.359509698275862,0.6581537356321838,0.0453125,0.05625
14,945,ckyw7e9n0002f3867tn40h1u2,0,0.59375,0.5196180555555556,0.034375,0.04375
14,946,ckyw7dzmx00273867fyj9lsnv,0,0.171875,0.55,0.034375,0.0375
14,946,ckyw7e4o6002b3867ibaukox2,0,0.3595635775862069,0.6580818965517241,0.0453125,0.05625
14,946,ckyw7e9n0002f3867tn40h1u2,0,0.59375,0.5225694444444444,0.034375,0.0437499999999999
14,947,ckyw7dzmx00273867fyj9lsnv,0,0.16953125,0.5520833333333334,0.034375,0.0375
14,947,ckyw7e4o6002b3867ibaukox2,0,0.3596174568965517,0.6580100574712644,0.0453125,0.05625
14,947,ckyw7e9n0002f3867tn40h1u2,0,0.59375,0.5255208333333333,0.034375,0.04375
14,948,ckyw7dzmx00273867fyj9lsnv,0,0.1671875,0.5541666666666667,0.034375,0.0375
14,948,ckyw7e4o6002b3867ibaukox2,0,0.3596713362068965,0.6579382183908046,0.0453125,0.05625
14,948,ckyw7e9n0002f3867tn40h1u2,0,0.59375,0.5284722222222222,0.034375,0.04375
14,949,ckyw7dzmx00273867fyj9lsnv,0,0.16484375,0.55625,0.034375,0.0375
14,949,ckyw7e4o6002b3867ibaukox2,0,0.3597252155172413,0.6578663793103449,0.0453125,0.05625
14,949,ckyw7e9n0002f3867tn40h1u2,0,0.59375,0.531423611111111,0.034375,0.0437499999999999
14,94,ckyw6zzlj001r3867thf0fuy7,0,0.2546875,0.821875,0.0265625,0.0458333333333333
14,94,ckyw704kw001v3867kvyjtx6k,0,0.8404296875,0.7690104166666667,0.0296875,0.0375
14,94,ckyw708pn001z386779fr849h,0,0.8305266203703704,0.1207947530864197,0.0359375,0.0395833333333333
14,950,ckyw7dzmx00273867fyj9lsnv,0,0.1625,0.5583333333333333,0.034375,0.0375
14,950,ckyw7e4o6002b3867ibaukox2,0,0.3597790948275862,0.657794540229885,0.0453125,0.05625
14,950,ckyw7e9n0002f3867tn40h1u2,0,0.59375,0.534375,0.034375,0.04375
14,951,ckyw7dzmx00273867fyj9lsnv,0,0.159375,0.5597222222222222,0.034375,0.0375
14,951,ckyw7e4o6002b3867ibaukox2,0,0.359832974137931,0.6577227011494252,0.0453125,0.05625
14,951,ckyw7e9n0002f3867tn40h1u2,0,0.5942708333333333,0.5376157407407407,0.034375,0.04375
14,952,ckyw7dzmx00273867fyj9lsnv,0,0.15625,0.5611111111111111,0.034375,0.0375
14,952,ckyw7e4o6002b3867ibaukox2,0,0.3598868534482758,0.6576508620689655,0.0453125,0.05625
14,952,ckyw7e9n0002f3867tn40h1u2,0,0.5947916666666667,0.5408564814814815,0.034375,0.0437499999999999
14,953,ckyw7dzmx00273867fyj9lsnv,0,0.153125,0.5625,0.034375,0.0375
14,953,ckyw7e4o6002b3867ibaukox2,0,0.3599407327586207,0.6575790229885057,0.0453125,0.05625
14,953,ckyw7e9n0002f3867tn40h1u2,0,0.5953125,0.5440972222222222,0.034375,0.04375
14,954,ckyw7dzmx00273867fyj9lsnv,0,0.15,0.5638888888888889,0.034375,0.0375
14,954,ckyw7e4o6002b3867ibaukox2,0,0.3599946120689655,0.6575071839080461,0.0453125,0.05625
14,954,ckyw7e9n0002f3867tn40h1u2,0,0.5958333333333333,0.547337962962963,0.034375,0.04375
14,955,ckyw7dzmx00273867fyj9lsnv,0,0.146875,0.5652777777777778,0.034375,0.0375
14,955,ckyw7e4o6002b3867ibaukox2,0,0.3600484913793104,0.6574353448275863,0.0453125,0.05625
14,955,ckyw7e9n0002f3867tn40h1u2,0,0.5963541666666667,0.5505787037037037,0.034375,0.04375
14,956,ckyw7dzmx00273867fyj9lsnv,0,0.14375,0.5666666666666667,0.034375,0.0375
14,956,ckyw7e4o6002b3867ibaukox2,0,0.3601023706896551,0.6573635057471264,0.0453125,0.05625
14,956,ckyw7e9n0002f3867tn40h1u2,0,0.596875,0.5538194444444444,0.034375,0.0437499999999999
14,957,ckyw7dzmx00273867fyj9lsnv,0,0.140625,0.5680555555555556,0.034375,0.0375
14,957,ckyw7e4o6002b3867ibaukox2,0,0.36015625,0.6572916666666667,0.0453125,0.05625
14,957,ckyw7e9n0002f3867tn40h1u2,0,0.5973958333333333,0.5570601851851852,0.034375,0.04375
14,958,ckyw7dzmx00273867fyj9lsnv,0,0.1375,0.5694444444444444,0.034375,0.0375
14,958,ckyw7e4o6002b3867ibaukox2,0,0.3602101293103448,0.6572198275862069,0.0453125,0.05625
14,958,ckyw7e9n0002f3867tn40h1u2,0,0.5979166666666667,0.560300925925926,0.034375,0.04375
14,959,ckyw7dzmx00273867fyj9lsnv,0,0.134375,0.5708333333333333,0.034375,0.0375
14,959,ckyw7e4o6002b3867ibaukox2,0,0.3602640086206896,0.6571479885057471,0.0453125,0.05625
14,959,ckyw7e9n0002f3867tn40h1u2,0,0.5984375,0.5635416666666667,0.034375,0.04375
14,95,ckyw6zzlj001r3867thf0fuy7,0,0.25078125,0.8208333333333333,0.0265625,0.0458333333333333
14,95,ckyw704kw001v3867kvyjtx6k,0,0.837890625,0.7713541666666667,0.0296875,0.0375
14,95,ckyw708pn001z386779fr849h,0,0.830565200617284,0.1207690329218107,0.0359375,0.0395833333333333
14,960,ckyw7dzmx00273867fyj9lsnv,0,0.13125,0.5702083333333333,0.034375,0.0375
14,960,ckyw7e4o6002b3867ibaukox2,0,0.3603178879310345,0.6570761494252874,0.0453125,0.05625
14,960,ckyw7e9n0002f3867tn40h1u2,0,0.599375,0.565625,0.034375,0.04375
14,961,ckyw7dzmx00273867fyj9lsnv,0,0.128125,0.5695833333333333,0.034375,0.0375
14,961,ckyw7e4o6002b3867ibaukox2,0,0.3603717672413793,0.6570043103448276,0.0453125,0.05625
14,961,ckyw7e9n0002f3867tn40h1u2,0,0.6003125,0.5677083333333334,0.034375,0.04375
14,962,ckyw7dzmx00273867fyj9lsnv,0,0.125,0.5689583333333333,0.034375,0.0375
14,962,ckyw7e4o6002b3867ibaukox2,0,0.3604256465517241,0.6569324712643678,0.0453125,0.05625
14,962,ckyw7e9n0002f3867tn40h1u2,0,0.6012500000000001,0.5697916666666667,0.034375,0.04375
14,963,ckyw7dzmx00273867fyj9lsnv,0,0.121875,0.5683333333333334,0.034375,0.0375
14,963,ckyw7e4o6002b3867ibaukox2,0,0.3604795258620689,0.6568606321839081,0.0453125,0.05625
14,963,ckyw7e9n0002f3867tn40h1u2,0,0.6021875,0.571875,0.034375,0.04375
14,964,ckyw7dzmx00273867fyj9lsnv,0,0.11875,0.5677083333333334,0.034375,0.0375
14,964,ckyw7e4o6002b3867ibaukox2,0,0.3605334051724138,0.6567887931034483,0.0453125,0.05625
14,964,ckyw7e9n0002f3867tn40h1u2,0,0.603125,0.5739583333333333,0.034375,0.04375
14,965,ckyw7dzmx00273867fyj9lsnv,0,0.115625,0.5670833333333333,0.034375,0.0375
14,965,ckyw7e4o6002b3867ibaukox2,0,0.3605872844827586,0.6567169540229885,0.0453125,0.05625
14,965,ckyw7e9n0002f3867tn40h1u2,0,0.6040625000000001,0.5760416666666667,0.034375,0.04375
14,966,ckyw7dzmx00273867fyj9lsnv,0,0.1125,0.5664583333333333,0.034375,0.0375
14,966,ckyw7e4o6002b3867ibaukox2,0,0.3606411637931034,0.6566451149425288,0.0453125,0.05625
14,966,ckyw7e9n0002f3867tn40h1u2,0,0.605,0.578125,0.034375,0.04375
14,967,ckyw7dzmx00273867fyj9lsnv,0,0.109375,0.5658333333333334,0.034375,0.0375
14,967,ckyw7e4o6002b3867ibaukox2,0,0.3606950431034482,0.6565732758620689,0.0453125,0.05625
14,967,ckyw7e9n0002f3867tn40h1u2,0,0.6059375,0.5802083333333333,0.034375,0.04375
14,968,ckyw7dzmx00273867fyj9lsnv,0,0.10625,0.5652083333333333,0.034375,0.0375
14,968,ckyw7e4o6002b3867ibaukox2,0,0.3607489224137931,0.6565014367816092,0.0453125,0.05625
14,968,ckyw7e9n0002f3867tn40h1u2,0,0.6068749999999999,0.5822916666666667,0.034375,0.04375
14,969,ckyw7dzmx00273867fyj9lsnv,0,0.103125,0.5645833333333333,0.034375,0.0375
14,969,ckyw7e4o6002b3867ibaukox2,0,0.3608028017241379,0.6564295977011495,0.0453125,0.05625
14,969,ckyw7e9n0002f3867tn40h1u2,0,0.6078125,0.584375,0.034375,0.04375
14,96,ckyw6zzlj001r3867thf0fuy7,0,0.246875,0.8197916666666667,0.0265625,0.0458333333333333
14,96,ckyw704kw001v3867kvyjtx6k,0,0.8353515625,0.7736979166666667,0.0296875,0.0375
14,96,ckyw708pn001z386779fr849h,0,0.8306037808641975,0.1207433127572016,0.0359375,0.0395833333333333
14,970,ckyw7dzmx00273867fyj9lsnv,0,0.1004464285714285,0.562797619047619,0.034375,0.0375
14,970,ckyw7e4o6002b3867ibaukox2,0,0.3608566810344827,0.6563577586206897,0.0453125,0.05625
14,970,ckyw7e9n0002f3867tn40h1u2,0,0.6090401785714286,0.5863095238095238,0.034375,0.04375
14,971,ckyw7dzmx00273867fyj9lsnv,0,0.0977678571428571,0.5610119047619048,0.034375,0.0375
14,971,ckyw7e4o6002b3867ibaukox2,0,0.3609105603448276,0.6562859195402299,0.0453125,0.05625
14,971,ckyw7e9n0002f3867tn40h1u2,0,0.6102678571428571,0.5882440476190476,0.034375,0.04375
14,972,ckyw7dzmx00273867fyj9lsnv,0,0.0950892857142857,0.5592261904761905,0.034375,0.0375
14,972,ckyw7e4o6002b3867ibaukox2,0,0.3609644396551724,0.6562140804597701,0.0453125,0.05625
14,972,ckyw7e9n0002f3867tn40h1u2,0,0.6114955357142857,0.5901785714285714,0.034375,0.04375
14,973,ckyw7dzmx00273867fyj9lsnv,0,0.0924107142857142,0.5574404761904762,0.0343749999999999,0.0375
14,973,ckyw7e4o6002b3867ibaukox2,0,0.3610183189655173,0.6561422413793103,0.0453125,0.05625
14,973,ckyw7e9n0002f3867tn40h1u2,0,0.6127232142857143,0.5921130952380953,0.034375,0.04375
14,974,ckyw7dzmx00273867fyj9lsnv,0,0.0897321428571428,0.5556547619047619,0.034375,0.0375
14,974,ckyw7e4o6002b3867ibaukox2,0,0.361072198275862,0.6560704022988505,0.0453125,0.05625
14,974,ckyw7e9n0002f3867tn40h1u2,0,0.6139508928571429,0.594047619047619,0.034375,0.04375
14,975,ckyw7dzmx00273867fyj9lsnv,0,0.0870535714285714,0.5538690476190475,0.034375,0.0375
14,975,ckyw7e4o6002b3867ibaukox2,0,0.3611260775862069,0.6559985632183908,0.0453125,0.05625
14,975,ckyw7e9n0002f3867tn40h1u2,0,0.6151785714285715,0.5959821428571428,0.034375,0.04375
14,976,ckyw7dzmx00273867fyj9lsnv,0,0.084375,0.5520833333333334,0.034375,0.0375
14,976,ckyw7e4o6002b3867ibaukox2,0,0.3611799568965517,0.6559267241379311,0.0453125,0.05625
14,976,ckyw7e9n0002f3867tn40h1u2,0,0.61640625,0.5979166666666667,0.034375,0.04375
14,977,ckyw7dzmx00273867fyj9lsnv,0,0.0819196428571428,0.5491071428571428,0.034375,0.0374999999999999
14,977,ckyw7e4o6002b3867ibaukox2,0,0.3612338362068965,0.6558548850574712,0.0453125,0.05625
14,977,ckyw7e9n0002f3867tn40h1u2,0,0.6176339285714285,0.5998511904761905,0.034375,0.04375
14,978,ckyw7dzmx00273867fyj9lsnv,0,0.0794642857142857,0.5461309523809524,0.034375,0.0375
14,978,ckyw7e4o6002b3867ibaukox2,0,0.3612877155172413,0.6557830459770115,0.0453125,0.05625
14,978,ckyw7e9n0002f3867tn40h1u2,0,0.6188616071428571,0.6017857142857143,0.034375,0.04375
14,979,ckyw7dzmx00273867fyj9lsnv,0,0.0770089285714285,0.543154761904762,0.034375,0.0375
14,979,ckyw7e4o6002b3867ibaukox2,0,0.3613415948275862,0.6557112068965517,0.0453125,0.05625
14,979,ckyw7e9n0002f3867tn40h1u2,0,0.6200892857142857,0.6037202380952381,0.034375,0.04375
14,97,ckyw6zzlj001r3867thf0fuy7,0,0.24296875,0.81875,0.0265625,0.0458333333333333
14,97,ckyw704kw001v3867kvyjtx6k,0,0.8328125,0.7760416666666666,0.0296875,0.0375
14,97,ckyw708pn001z386779fr849h,0,0.8306423611111111,0.1207175925925925,0.0359375,0.0395833333333333
14,980,ckyw7dzmx00273867fyj9lsnv,0,0.0745535714285714,0.5401785714285714,0.034375,0.0375
14,980,ckyw7e4o6002b3867ibaukox2,0,0.361395474137931,0.6556393678160919,0.0453125,0.05625
14,980,ckyw7e9n0002f3867tn40h1u2,0,0.6213169642857144,0.605654761904762,0.034375,0.04375
14,981,ckyw7dzmx00273867fyj9lsnv,0,0.0720982142857142,0.5372023809523809,0.034375,0.0374999999999999
14,981,ckyw7e4o6002b3867ibaukox2,0,0.3614493534482758,0.6555675287356322,0.0453125,0.05625
14,981,ckyw7e9n0002f3867tn40h1u2,0,0.6225446428571428,0.6075892857142857,0.034375,0.04375
14,982,ckyw7dzmx00273867fyj9lsnv,0,0.0696428571428571,0.5342261904761905,0.034375,0.0375
14,982,ckyw7e4o6002b3867ibaukox2,0,0.3615032327586207,0.6554956896551724,0.0453125,0.05625
14,982,ckyw7e9n0002f3867tn40h1u2,0,0.6237723214285714,0.6095238095238095,0.034375,0.04375
14,983,ckyw7dzmx00273867fyj9lsnv,0,0.0671875,0.53125,0.034375,0.0375
14,983,ckyw7e4o6002b3867ibaukox2,0,0.3615571120689655,0.6554238505747126,0.0453125,0.05625
14,983,ckyw7e9n0002f3867tn40h1u2,0,0.625,0.6114583333333333,0.034375,0.04375
14,984,ckyw7dzmx00273867fyj9lsnv,0,0.0657986111111111,0.5275462962962963,0.034375,0.0375
14,984,ckyw7e4o6002b3867ibaukox2,0,0.3616109913793103,0.6553520114942529,0.0453125,0.05625
14,984,ckyw7e9n0002f3867tn40h1u2,0,0.626953125,0.612890625,0.034375,0.04375
14,985,ckyw7dzmx00273867fyj9lsnv,0,0.0644097222222222,0.5238425925925926,0.034375,0.0375
14,985,ckyw7e4o6002b3867ibaukox2,0,0.3616648706896551,0.6552801724137931,0.0453125,0.05625
14,985,ckyw7e9n0002f3867tn40h1u2,0,0.62890625,0.6143229166666667,0.034375,0.04375
14,986,ckyw7dzmx00273867fyj9lsnv,0,0.0630208333333333,0.5201388888888889,0.034375,0.0375
14,986,ckyw7e4o6002b3867ibaukox2,0,0.36171875,0.6552083333333333,0.0453125,0.05625
14,986,ckyw7e9n0002f3867tn40h1u2,0,0.630859375,0.6157552083333333,0.034375,0.04375
14,987,ckyw7dzmx00273867fyj9lsnv,0,0.0616319444444444,0.5164351851851853,0.034375,0.0375
14,987,ckyw7e4o6002b3867ibaukox2,0,0.3617726293103448,0.6551364942528736,0.0453125,0.05625
14,987,ckyw7e9n0002f3867tn40h1u2,0,0.6328125,0.6171875,0.034375,0.04375
14,988,ckyw7dzmx00273867fyj9lsnv,0,0.0602430555555555,0.5127314814814815,0.034375,0.0375
14,988,ckyw7e4o6002b3867ibaukox2,0,0.3618265086206896,0.6550646551724137,0.0453125,0.05625
14,988,ckyw7e9n0002f3867tn40h1u2,0,0.634765625,0.6186197916666667,0.034375,0.04375
14,989,ckyw7dzmx00273867fyj9lsnv,0,0.0588541666666666,0.5090277777777777,0.0343749999999999,0.0375
14,989,ckyw7e4o6002b3867ibaukox2,0,0.3618803879310345,0.6549928160919539,0.0453125,0.05625
14,989,ckyw7e9n0002f3867tn40h1u2,0,0.63671875,0.6200520833333333,0.034375,0.04375
14,98,ckyw6zzlj001r3867thf0fuy7,0,0.2390625,0.8177083333333334,0.0265625,0.0458333333333333
14,98,ckyw704kw001v3867kvyjtx6k,0,0.8302734375,0.7783854166666667,0.0296875,0.0375
14,98,ckyw708pn001z386779fr849h,0,0.8306809413580247,0.1206918724279835,0.0359375,0.0395833333333333
14,990,ckyw7dzmx00273867fyj9lsnv,0,0.0574652777777777,0.5053240740740741,0.034375,0.0375
14,990,ckyw7e4o6002b3867ibaukox2,0,0.3619342672413793,0.6549209770114943,0.0453125,0.05625
14,990,ckyw7e9n0002f3867tn40h1u2,0,0.638671875,0.621484375,0.034375,0.04375
14,991,ckyw7dzmx00273867fyj9lsnv,0,0.0560763888888888,0.5016203703703703,0.0343749999999999,0.0375
14,991,ckyw7e4o6002b3867ibaukox2,0,0.3619881465517242,0.6548491379310345,0.0453125,0.05625
14,991,ckyw7e9n0002f3867tn40h1u2,0,0.640625,0.6229166666666667,0.034375,0.04375
14,992,ckyw7dzmx00273867fyj9lsnv,0,0.0546875,0.4979166666666667,0.034375,0.0375
14,992,ckyw7e4o6002b3867ibaukox2,0,0.3620420258620689,0.6547772988505748,0.0453125,0.05625
14,992,ckyw7e9n0002f3867tn40h1u2,0,0.642578125,0.6243489583333334,0.034375,0.04375
14,993,ckyw7dzmx00273867fyj9lsnv,0,0.0544642857142857,0.4931547619047619,0.0343749999999999,0.0375
14,993,ckyw7e4o6002b3867ibaukox2,0,0.3620959051724138,0.654705459770115,0.0453125,0.05625
14,993,ckyw7e9n0002f3867tn40h1u2,0,0.64453125,0.62578125,0.034375,0.04375
14,994,ckyw7dzmx00273867fyj9lsnv,0,0.0542410714285714,0.4883928571428571,0.034375,0.0375
14,994,ckyw7e4o6002b3867ibaukox2,0,0.3621497844827586,0.6546336206896551,0.0453125,0.05625
14,994,ckyw7e9n0002f3867tn40h1u2,0,0.646484375,0.6272135416666667,0.034375,0.04375
14,995,ckyw7dzmx00273867fyj9lsnv,0,0.0540178571428571,0.4836309523809524,0.0343749999999999,0.0375
14,995,ckyw7e4o6002b3867ibaukox2,0,0.3622036637931035,0.6545617816091954,0.0453125,0.05625
14,995,ckyw7e9n0002f3867tn40h1u2,0,0.6484375,0.6286458333333333,0.034375,0.04375
14,996,ckyw7dzmx00273867fyj9lsnv,0,0.0537946428571428,0.4788690476190476,0.034375,0.0375
14,996,ckyw7e4o6002b3867ibaukox2,0,0.3622575431034482,0.6544899425287356,0.0453125,0.05625
14,996,ckyw7e9n0002f3867tn40h1u2,0,0.650390625,0.630078125,0.034375,0.04375
14,997,ckyw7dzmx00273867fyj9lsnv,0,0.0535714285714285,0.4741071428571429,0.034375,0.0375
14,997,ckyw7e4o6002b3867ibaukox2,0,0.3623114224137931,0.6544181034482759,0.0453125,0.05625
14,997,ckyw7e9n0002f3867tn40h1u2,0,0.65234375,0.6315104166666666,0.034375,0.04375
14,998,ckyw7dzmx00273867fyj9lsnv,0,0.0533482142857142,0.4693452380952381,0.034375,0.0375
14,998,ckyw7e4o6002b3867ibaukox2,0,0.3623653017241379,0.6543462643678162,0.0453125,0.05625
14,998,ckyw7e9n0002f3867tn40h1u2,0,0.654296875,0.6329427083333333,0.034375,0.04375
14,999,ckyw7dzmx00273867fyj9lsnv,0,0.053125,0.4645833333333333,0.034375,0.0375
14,999,ckyw7e4o6002b3867ibaukox2,0,0.3624191810344827,0.6542744252873564,0.0453125,0.05625
14,999,ckyw7e9n0002f3867tn40h1u2,0,0.65625,0.634375,0.034375,0.04375
14,99,ckyw6zzlj001r3867thf0fuy7,0,0.23515625,0.8166666666666667,0.0265625,0.0458333333333333
14,99,ckyw704kw001v3867kvyjtx6k,0,0.827734375,0.7807291666666667,0.0296875,0.0375
14,99,ckyw708pn001z386779fr849h,0,0.8307195216049383,0.1206661522633744,0.0359375,0.0395833333333333
14,9,ckyw6zzlj001r3867thf0fuy7,0,0.16328125,0.6608333333333333,0.0359375,0.0375
14,9,ckyw704kw001v3867kvyjtx6k,0,0.7315104166666667,0.7372023809523809,0.0296875,0.0375
14,9,ckyw708pn001z386779fr849h,0,0.8279551630434783,0.1247735507246377,0.0359375,0.0395833333333333
