,NA_NA_W0_P0,NA_NA_W0_P2,NA_NA_W0_P3,NA_NA_W0_P4,NA_NA_W1_P2,NA_NA_W1_P3,NA_NA_W1_P4,NA_NA_W2_P2,NA_NA_W2_P3,NA_NA_W2_P4,NA_NA_W3_P1,NA_NA_W3_P2,S0_NA_W0_P0,S0_NA_W0_P1,S0_NA_W0_P2,S0_NA_W0_P3,S0_NA_W0_P4,S0_NA_W1_P0,S0_NA_W1_P1,S0_NA_W1_P2,S0_NA_W1_P3,S0_NA_W1_P4,S0_NA_W2_P0,S0_NA_W2_P1,S0_NA_W2_P2,S0_NA_W2_P3,S0_NA_W2_P4,S0_NA_W3_P0,S0_NA_W3_P1,S0_NA_W3_P2,S0_NA_W3_P3,S0_NA_W3_P4,S0_NA_W4_P0,S0_NA_W4_P1,S0_NA_W4_P2,S1_NA_W0_P0,S1_NA_W0_P1,S1_NA_W0_P2,S1_NA_W0_P3,S1_NA_W0_P4,S1_NA_W1_P0,S1_NA_W1_P1,S1_NA_W1_P2,S1_NA_W1_P3,S1_NA_W1_P4,S1_NA_W2_P0,S1_NA_W2_P1,S1_NA_W2_P2,S1_NA_W2_P3,S1_NA_W2_P4,S1_NA_W3_P0,S1_NA_W3_P1,S1_NA_W3_P2,S1_NA_W3_P3,S1_NA_W3_P4,S1_NA_W4_P0,S1_NA_W4_P1,S1_NA_W4_P2,S2_NA_W0_P0,S2_NA_W0_P1,S2_NA_W0_P2,S2_NA_W0_P3,S2_NA_W0_P4,S2_NA_W1_P0,S2_NA_W1_P1,S2_NA_W1_P2,S2_NA_W1_P3,S2_NA_W1_P4,S2_NA_W2_P0,S2_NA_W2_P1,S2_NA_W2_P2,S2_NA_W2_P3,S2_NA_W2_P4,S2_NA_W3_P0,S2_NA_W3_P1,S2_NA_W3_P2,S2_NA_W3_P3,S2_NA_W3_P4,S2_NA_W4_P0,S2_NA_W4_P1,S2_NA_W4_P2,S2_NA_W4_P3,S3_NA_W0_P0,S3_NA_W0_P1,S3_NA_W0_P2,S3_NA_W0_P3,S3_NA_W0_P4,S3_NA_W1_P0,S3_NA_W1_P1,S3_NA_W1_P2,S3_NA_W1_P3,S3_NA_W1_P4,S3_NA_W2_P0,S3_NA_W2_P1,S3_NA_W2_P2,S3_NA_W2_P3,S3_NA_W2_P4,S3_NA_W3_P0,S3_NA_W3_P1,S3_NA_W3_P2,S3_NA_W3_P3,S3_NA_W3_P4,S3_NA_W4_P0,S3_NA_W4_P1,S3_NA_W4_P2,S3_NA_W4_P3,S4_NA_W0_P1,S4_NA_W0_P2,S4_NA_W0_P3,S4_NA_W0_P4,S4_NA_W1_P1,S4_NA_W1_P2,S4_NA_W1_P3,S4_NA_W1_P4,S4_NA_W2_P0,S4_NA_W2_P1,S4_NA_W2_P2,S4_NA_W2_P3,S4_NA_W2_P4,S4_NA_W3_P0,S4_NA_W3_P1,S4_NA_W3_P2,S4_NA_W3_P3,S4_NA_W3_P4,S4_NA_W4_P0,S4_NA_W4_P1,S4_NA_W4_P2
NA_NA_W0_P0,0.0,0.0,0.0,0.0,0.0,0.0,0.0,0.0,0.0,0.0,0.0,0.0,0.5508474576271186,0.0,0.0,0.0,0.0,0.0,0.0,0.0,0.0,0.0,0.0,0.0,0.0,0.0,0.0,0.0,0.0,0.0,0.0,0.0,0.0,0.0,0.0,0.288135593220339,0.0,0.0,0.0,0.0,0.0,0.0,0.0,0.00847457627118644,0.0,0.0,0.0,0.0,0.0,0.0,0.0,0.0,0.0,0.0,0.0,0.0,0.0,0.0,0.11016949152542373,0.0,0.0,0.0,0.0,0.0,0.0,0.0,0.0,0.0,0.0,0.0,0.0,0.0,0.0,0.0,0.0,0.0,0.0,0.0,0.0,0.0,0.0,0.0,0.0423728813559322,0.0,0.0,0.0,0.0,0.0,0.0,0.0,0.0,0.0,0.0,0.0,0.0,0.0,0.0,0.0,0.0,0.0,0.0,0.0,0.0,0.0,0.0,0.0,0.0,0.0,0.0,0.0,0.0,0.0,0.0,0.0,0.0,0.0,0.0,0.0,0.0,0.0,0.0,0.0,0.0,0.0,0.0,0.0,0.0
NA_NA_W0_P2,0.0,0.0,0.0,0.0,0.0,0.0,0.0,0.0,0.0,0.0,0.0,0.0,0.0,0.0,0.0,0.0,0.0,0.0,0.0,0.0,0.0,0.0,0.0,0.0,0.0,0.0,0.0,0.0,0.0,0.0,0.0,0.0,0.0,0.0,0.0,0.0,0.0,1.0,0.0,0.0,0.0,0.0,0.0,0.0,0.0,0.0,0.0,0.0,0.0,0.0,0.0,0.0,0.0,0.0,0.0,0.0,0.0,0.0,0.0,0.0,0.0,0.0,0.0,0.0,0.0,0.0,0.0,0.0,0.0,0.0,0.0,0.0,0.0,0.0,0.0,0.0,0.0,0.0,0.0,0.0,0.0,0.0,0.0,0.0,0.0,0.0,0.0,0.0,0.0,0.0,0.0,0.0,0.0,0.0,0.0,0.0,0.0,0.0,0.0,0.0,0.0,0.0,0.0,0.0,0.0,0.0,0.0,0.0,0.0,0.0,0.0,0.0,0.0,0.0,0.0,0.0,0.0,0.0,0.0,0.0,0.0,0.0,0.0,0.0,0.0,0.0,0.0
NA_NA_W0_P3,0.0,0.0,0.0,0.0,0.0,0.0,0.0,0.0,0.0,0.0,0.0,0.0,0.01639344262295082,0.0,0.0,0.4426229508196721,0.0,0.0,0.0,0.0,0.08196721311475409,0.0,0.0,0.0,0.0,0.04918032786885246,0.0,0.0,0.0,0.0,0.0,0.0,0.0,0.0,0.0,0.0,0.0,0.0,0.11475409836065574,0.0,0.0,0.0,0.01639344262295082,0.11475409836065574,0.0,0.0,0.0,0.01639344262295082,0.01639344262295082,0.0,0.0,0.0,0.0,0.0,0.0,0.0,0.0,0.0,0.0,0.0,0.01639344262295082,0.01639344262295082,0.0,0.01639344262295082,0.0,0.01639344262295082,0.03278688524590164,0.0,0.0,0.0,0.0,0.01639344262295082,0.0,0.0,0.0,0.0,0.0,0.0,0.0,0.0,0.0,0.0,0.0,0.0,0.0,0.01639344262295082,0.0,0.0,0.0,0.0,0.0,0.0,0.0,0.0,0.0,0.0,0.0,0.0,0.0,0.0,0.0,0.0,0.0,0.0,0.0,0.0,0.0,0.0,0.0,0.0,0.0,0.0,0.0,0.0,0.0,0.0,0.0,0.0,0.0,0.0,0.0,0.0,0.0,0.0,0.0,0.0,0.0
NA_NA_W0_P4,0.0,0.0,0.0,0.0,0.0,0.0,0.0,0.0,0.0,0.0,0.0,0.0,0.005813953488372093,0.0,0.0,0.06395348837209303,0.3081395348837209,0.0,0.0,0.0,0.023255813953488372,0.005813953488372093,0.0,0.0,0.005813953488372093,0.01744186046511628,0.0,0.0,0.0,0.0,0.0,0.0,0.0,0.0,0.0,0.011627906976744186,0.0,0.0,0.0755813953488372,0.26744186046511625,0.0,0.0,0.0,0.029069767441860465,0.005813953488372093,0.0,0.0,0.0,0.0,0.005813953488372093,0.0,0.0,0.0,0.0,0.0,0.0,0.0,0.0,0.0,0.0,0.0,0.023255813953488372,0.08139534883720931,0.0,0.0,0.0,0.005813953488372093,0.005813953488372093,0.0,0.0,0.005813953488372093,0.011627906976744186,0.0,0.0,0.0,0.0,0.0,0.0,0.0,0.0,0.0,0.0,0.0,0.0,0.0,0.011627906976744186,0.023255813953488372,0.0,0.0,0.0,0.0,0.0,0.0,0.0,0.0,0.0,0.0,0.0,0.0,0.0,0.0,0.0,0.0,0.0,0.0,0.0,0.0,0.0,0.005813953488372093,0.0,0.0,0.0,0.0,0.0,0.0,0.0,0.0,0.0,0.0,0.0,0.0,0.0,0.0,0.0,0.0,0.0,0.0
NA_NA_W1_P2,0.0,0.0,0.0,0.0,0.0,0.0,0.0,0.0,0.0,0.0,0.0,0.0,0.0,0.0,0.0,0.0,0.0,0.0,0.0,0.0,0.0,0.0,0.0,0.0,1.0,0.0,0.0,0.0,0.0,0.0,0.0,0.0,0.0,0.0,0.0,0.0,0.0,0.0,0.0,0.0,0.0,0.0,0.0,0.0,0.0,0.0,0.0,0.0,0.0,0.0,0.0,0.0,0.0,0.0,0.0,0.0,0.0,0.0,0.0,0.0,0.0,0.0,0.0,0.0,0.0,0.0,0.0,0.0,0.0,0.0,0.0,0.0,0.0,0.0,0.0,0.0,0.0,0.0,0.0,0.0,0.0,0.0,0.0,0.0,0.0,0.0,0.0,0.0,0.0,0.0,0.0,0.0,0.0,0.0,0.0,0.0,0.0,0.0,0.0,0.0,0.0,0.0,0.0,0.0,0.0,0.0,0.0,0.0,0.0,0.0,0.0,0.0,0.0,0.0,0.0,0.0,0.0,0.0,0.0,0.0,0.0,0.0,0.0,0.0,0.0,0.0,0.0
NA_NA_W1_P3,0.0,0.0,0.0,0.0,0.0,0.0,0.0,0.0,0.0,0.0,0.0,0.0,0.0,0.0,0.0,0.0,0.0,0.0,0.0,0.07692307692307693,0.23076923076923078,0.0,0.0,0.0,0.07692307692307693,0.0,0.0,0.0,0.0,0.0,0.0,0.0,0.0,0.0,0.0,0.0,0.0,0.0,0.0,0.0,0.0,0.0,0.0,0.0,0.0,0.0,0.0,0.23076923076923078,0.15384615384615385,0.0,0.0,0.0,0.0,0.0,0.0,0.0,0.0,0.0,0.0,0.0,0.0,0.0,0.0,0.0,0.0,0.0,0.15384615384615385,0.0,0.0,0.0,0.07692307692307693,0.0,0.0,0.0,0.0,0.0,0.0,0.0,0.0,0.0,0.0,0.0,0.0,0.0,0.0,0.0,0.0,0.0,0.0,0.0,0.0,0.0,0.0,0.0,0.0,0.0,0.0,0.0,0.0,0.0,0.0,0.0,0.0,0.0,0.0,0.0,0.0,0.0,0.0,0.0,0.0,0.0,0.0,0.0,0.0,0.0,0.0,0.0,0.0,0.0,0.0,0.0,0.0,0.0,0.0,0.0,0.0
NA_NA_W1_P4,0.0,0.0,0.0,0.0,0.0,0.0,0.0,0.0,0.0,0.0,0.0,0.0,0.0,0.0,0.0,0.0,0.0,0.0,0.0,0.0,0.0,0.0,0.0,0.0,0.0,0.0,0.0,0.0,0.0,0.0,0.0,0.0,0.0,0.0,0.0,0.0,0.0,0.0,0.0,0.0,0.0,0.0,0.0,0.25,0.25,0.0,0.0,0.0,0.0,0.0,0.0,0.0,0.0,0.0,0.0,0.0,0.0,0.0,0.0,0.0,0.0,0.0,0.0,0.0,0.0,0.0,0.0,0.25,0.0,0.0,0.0,0.0,0.25,0.0,0.0,0.0,0.0,0.0,0.0,0.0,0.0,0.0,0.0,0.0,0.0,0.0,0.0,0.0,0.0,0.0,0.0,0.0,0.0,0.0,0.0,0.0,0.0,0.0,0.0,0.0,0.0,0.0,0.0,0.0,0.0,0.0,0.0,0.0,0.0,0.0,0.0,0.0,0.0,0.0,0.0,0.0,0.0,0.0,0.0,0.0,0.0,0.0,0.0,0.0,0.0,0.0,0.0
NA_NA_W2_P2,0.0,0.0,0.0,0.0,0.0,0.0,0.0,0.0,0.0,0.0,0.0,0.0,0.0,0.0,0.0,0.0,0.0,0.0,0.0,0.0,0.0,0.0,0.0,0.0,0.5,0.0,0.0,0.0,0.5,0.0,0.0,0.0,0.0,0.0,0.0,0.0,0.0,0.0,0.0,0.0,0.0,0.0,0.0,0.0,0.0,0.0,0.0,0.0,0.0,0.0,0.0,0.0,0.0,0.0,0.0,0.0,0.0,0.0,0.0,0.0,0.0,0.0,0.0,0.0,0.0,0.0,0.0,0.0,0.0,0.0,0.0,0.0,0.0,0.0,0.0,0.0,0.0,0.0,0.0,0.0,0.0,0.0,0.0,0.0,0.0,0.0,0.0,0.0,0.0,0.0,0.0,0.0,0.0,0.0,0.0,0.0,0.0,0.0,0.0,0.0,0.0,0.0,0.0,0.0,0.0,0.0,0.0,0.0,0.0,0.0,0.0,0.0,0.0,0.0,0.0,0.0,0.0,0.0,0.0,0.0,0.0,0.0,0.0,0.0,0.0,0.0,0.0
NA_NA_W2_P3,0.0,0.0,0.0,0.0,0.0,0.0,0.0,0.0,0.0,0.0,0.0,0.0,0.0,0.0,0.0,0.0,0.0,0.0,0.0,0.0,0.0,0.0,0.0,0.0,0.0,0.5,0.0,0.0,0.0,0.125,0.0,0.0,0.0,0.0,0.0,0.0,0.0,0.0,0.0,0.0,0.0,0.0,0.0,0.0,0.0,0.0,0.0,0.25,0.0,0.0,0.0,0.0,0.125,0.0,0.0,0.0,0.0,0.0,0.0,0.0,0.0,0.0,0.0,0.0,0.0,0.0,0.0,0.0,0.0,0.0,0.0,0.0,0.0,0.0,0.0,0.0,0.0,0.0,0.0,0.0,0.0,0.0,0.0,0.0,0.0,0.0,0.0,0.0,0.0,0.0,0.0,0.0,0.0,0.0,0.0,0.0,0.0,0.0,0.0,0.0,0.0,0.0,0.0,0.0,0.0,0.0,0.0,0.0,0.0,0.0,0.0,0.0,0.0,0.0,0.0,0.0,0.0,0.0,0.0,0.0,0.0,0.0,0.0,0.0,0.0,0.0,0.0
NA_NA_W2_P4,0.0,0.0,0.0,0.0,0.0,0.0,0.0,0.0,0.0,0.0,0.0,0.0,0.0,0.0,0.0,0.0,0.0,0.0,0.0,0.0,0.0,0.0,0.0,0.0,0.0,0.0,0.0,0.0,0.0,0.0,0.0,0.0,0.0,0.0,0.0,0.0,0.0,0.0,0.0,0.0,0.0,0.0,0.0,0.0,0.0,0.0,0.0,0.0,0.0,0.0,0.0,0.0,0.0,0.0,0.0,0.0,0.0,0.0,0.0,0.0,0.0,0.0,0.0,0.0,0.0,0.0,0.0,0.0,0.0,0.0,0.0,0.0,0.0,0.0,0.0,1.0,0.0,0.0,0.0,0.0,0.0,0.0,0.0,0.0,0.0,0.0,0.0,0.0,0.0,0.0,0.0,0.0,0.0,0.0,0.0,0.0,0.0,0.0,0.0,0.0,0.0,0.0,0.0,0.0,0.0,0.0,0.0,0.0,0.0,0.0,0.0,0.0,0.0,0.0,0.0,0.0,0.0,0.0,0.0,0.0,0.0,0.0,0.0,0.0,0.0,0.0,0.0
NA_NA_W3_P1,0.0,0.0,0.0,0.0,0.0,0.0,0.0,0.0,0.0,0.0,0.0,0.0,0.0,0.0,0.0,0.0,0.0,0.0,0.0,0.0,0.0,0.0,0.0,0.0,0.0,0.0,0.0,0.0,1.0,0.0,0.0,0.0,0.0,0.0,0.0,0.0,0.0,0.0,0.0,0.0,0.0,0.0,0.0,0.0,0.0,0.0,0.0,0.0,0.0,0.0,0.0,0.0,0.0,0.0,0.0,0.0,0.0,0.0,0.0,0.0,0.0,0.0,0.0,0.0,0.0,0.0,0.0,0.0,0.0,0.0,0.0,0.0,0.0,0.0,0.0,0.0,0.0,0.0,0.0,0.0,0.0,0.0,0.0,0.0,0.0,0.0,0.0,0.0,0.0,0.0,0.0,0.0,0.0,0.0,0.0,0.0,0.0,0.0,0.0,0.0,0.0,0.0,0.0,0.0,0.0,0.0,0.0,0.0,0.0,0.0,0.0,0.0,0.0,0.0,0.0,0.0,0.0,0.0,0.0,0.0,0.0,0.0,0.0,0.0,0.0,0.0,0.0
NA_NA_W3_P2,0.0,0.0,0.0,0.0,0.0,0.0,0.0,0.0,0.0,0.0,0.0,0.0,0.0,0.0,0.0,0.0,0.0,0.0,0.0,0.0,0.0,0.0,0.0,0.0,0.0,0.0,0.0,0.0,0.0,1.0,0.0,0.0,0.0,0.0,0.0,0.0,0.0,0.0,0.0,0.0,0.0,0.0,0.0,0.0,0.0,0.0,0.0,0.0,0.0,0.0,0.0,0.0,0.0,0.0,0.0,0.0,0.0,0.0,0.0,0.0,0.0,0.0,0.0,0.0,0.0,0.0,0.0,0.0,0.0,0.0,0.0,0.0,0.0,0.0,0.0,0.0,0.0,0.0,0.0,0.0,0.0,0.0,0.0,0.0,0.0,0.0,0.0,0.0,0.0,0.0,0.0,0.0,0.0,0.0,0.0,0.0,0.0,0.0,0.0,0.0,0.0,0.0,0.0,0.0,0.0,0.0,0.0,0.0,0.0,0.0,0.0,0.0,0.0,0.0,0.0,0.0,0.0,0.0,0.0,0.0,0.0,0.0,0.0,0.0,0.0,0.0,0.0
S0_NA_W0_P0,0.0,0.0,0.0,0.0,0.0,0.0,0.0,0.0,0.0,0.0,0.0,0.0,0.5139949109414759,0.0,0.0,0.0,0.0,0.0,0.0,0.0,0.0,0.0,0.0,0.0,0.0,0.0,0.0,0.0,0.0,0.0,0.0,0.0,0.0,0.0,0.0,0.356234096692112,0.0,0.0,0.0,0.005089058524173028,0.0,0.0,0.0,0.0,0.0,0.0,0.0,0.0,0.0,0.0,0.0,0.0,0.0,0.0,0.0,0.0,0.0,0.0,0.11195928753180662,0.0,0.0,0.0,0.002544529262086514,0.0,0.0,0.0,0.0,0.0,0.0,0.0,0.0,0.0,0.0,0.0,0.0,0.0,0.0,0.0,0.0,0.0,0.0,0.0,0.010178117048346057,0.0,0.0,0.0,0.0,0.0,0.0,0.0,0.0,0.0,0.0,0.0,0.0,0.0,0.0,0.0,0.0,0.0,0.0,0.0,0.0,0.0,0.0,0.0,0.0,0.0,0.0,0.0,0.0,0.0,0.0,0.0,0.0,0.0,0.0,0.0,0.0,0.0,0.0,0.0,0.0,0.0,0.0,0.0,0.0
S0_NA_W0_P1,0.0,0.0,0.0,0.0,0.0,0.0,0.0,0.0,0.0,0.0,0.0,0.0,0.0,0.0,0.0,0.0,0.0,0.0,0.0,0.0,0.0,0.0,0.0,0.0,0.0,0.0,0.0,0.0,0.0,0.0,0.0,0.0,0.0,0.0,0.0,0.0,0.0,0.0,0.0,0.0,0.0,0.0,0.0,0.0,0.0,0.0,0.5,0.0,0.0,0.0,0.0,0.0,0.0,0.0,0.0,0.0,0.0,0.0,0.0,0.0,0.0,0.0,0.0,0.0,0.0,0.0,0.0,0.0,0.0,0.0,0.0,0.0,0.0,0.0,0.0,0.0,0.0,0.0,0.0,0.0,0.0,0.0,0.0,0.0,0.0,0.0,0.0,0.0,0.0,0.0,0.0,0.0,0.0,0.0,0.0,0.0,0.0,0.0,0.0,0.0,0.0,0.0,0.0,0.0,0.0,0.0,0.0,0.0,0.5,0.0,0.0,0.0,0.0,0.0,0.0,0.0,0.0,0.0,0.0,0.0,0.0,0.0,0.0,0.0,0.0,0.0,0.0
S0_NA_W0_P2,0.0,0.0,0.0,0.0,0.0,0.0,0.0,0.0,0.0,0.0,0.0,0.0,0.0,0.0,0.18181818181818182,0.10227272727272728,0.0,0.0,0.011363636363636364,0.045454545454545456,0.0,0.0,0.0,0.011363636363636364,0.07954545454545454,0.0,0.0,0.0,0.0,0.0,0.0,0.0,0.0,0.0,0.0,0.0,0.0,0.07954545454545454,0.07954545454545454,0.011363636363636364,0.0,0.011363636363636364,0.06818181818181818,0.011363636363636364,0.0,0.0,0.0,0.045454545454545456,0.0,0.0,0.0,0.03409090909090909,0.03409090909090909,0.0,0.0,0.0,0.0,0.0,0.0,0.0,0.06818181818181818,0.0,0.0,0.0,0.011363636363636364,0.0,0.0,0.0,0.0,0.022727272727272728,0.011363636363636364,0.0,0.0,0.0,0.0,0.011363636363636364,0.0,0.0,0.0,0.011363636363636364,0.0,0.0,0.0,0.0,0.0,0.011363636363636364,0.0,0.0,0.0,0.0,0.0,0.0,0.0,0.0,0.011363636363636364,0.0,0.0,0.0,0.0,0.0,0.0,0.0,0.0,0.0,0.0,0.0,0.0,0.0,0.0,0.022727272727272728,0.0,0.0,0.0,0.0,0.0,0.0,0.0,0.0,0.0,0.0,0.0,0.011363636363636364,0.0,0.0,0.0,0.0,0.0
S0_NA_W0_P3,0.0,0.0,0.0,0.0,0.0,0.0,0.0,0.0,0.0,0.0,0.0,0.0,0.0021691973969631237,0.0,0.03036876355748373,0.3188720173535792,0.05856832971800434,0.0,0.0,0.02386117136659436,0.04338394793926247,0.0,0.0,0.0,0.02386117136659436,0.008676789587852495,0.0,0.0,0.0021691973969631237,0.0021691973969631237,0.0,0.0,0.0,0.0,0.0,0.006507592190889371,0.0,0.026030368763557483,0.19522776572668113,0.0455531453362256,0.0,0.0,0.019522776572668113,0.03253796095444685,0.0,0.0,0.0,0.019522776572668113,0.010845986984815618,0.0,0.0,0.0021691973969631237,0.010845986984815618,0.0,0.0,0.0,0.0,0.0,0.0,0.0,0.0021691973969631237,0.03470715835140998,0.010845986984815618,0.0,0.0,0.0021691973969631237,0.010845986984815618,0.0,0.0,0.0,0.0021691973969631237,0.006507592190889371,0.0,0.0,0.0,0.006507592190889371,0.0021691973969631237,0.0,0.0,0.0,0.0,0.0,0.0,0.0,0.0,0.004338394793926247,0.004338394793926247,0.0,0.0,0.0,0.0,0.0,0.0,0.0,0.0021691973969631237,0.0021691973969631237,0.0,0.0,0.0,0.0,0.0,0.0,0.0,0.0,0.0,0.0,0.0,0.0,0.004338394793926247,0.013015184381778741,0.0,0.0,0.004338394793926247,0.0,0.0,0.0,0.0021691973969631237,0.0,0.0,0.0,0.0,0.0021691973969631237,0.0,0.0,0.0,0.0,0.0
S0_NA_W0_P4,0.0,0.0,0.0,0.0,0.0,0.0,0.0,0.0,0.0,0.0,0.0,0.0,0.001336898395721925,0.0,0.001336898395721925,0.03609625668449198,0.42245989304812837,0.0,0.0,0.0,0.0213903743315508,0.008021390374331552,0.0,0.0,0.0053475935828877,0.0053475935828877,0.00267379679144385,0.0,0.0,0.0,0.001336898395721925,0.0,0.0,0.0,0.0,0.0,0.0,0.00267379679144385,0.03074866310160428,0.25935828877005346,0.0,0.0,0.001336898395721925,0.01871657754010695,0.013368983957219251,0.0,0.0,0.0,0.009358288770053475,0.00267379679144385,0.0,0.0,0.00267379679144385,0.001336898395721925,0.001336898395721925,0.0,0.0,0.0,0.001336898395721925,0.0,0.0,0.009358288770053475,0.06016042780748663,0.0,0.0,0.0,0.0066844919786096255,0.008021390374331552,0.0,0.0,0.0053475935828877,0.001336898395721925,0.0,0.0,0.0,0.004010695187165776,0.0,0.0,0.0,0.0,0.0,0.0,0.0,0.0,0.0,0.00267379679144385,0.004010695187165776,0.0,0.0,0.0,0.00267379679144385,0.0,0.0,0.0,0.0,0.001336898395721925,0.001336898395721925,0.0,0.0,0.0,0.0,0.0,0.0,0.0,0.0,0.0,0.0,0.0,0.013368983957219251,0.022727272727272728,0.0,0.0,0.001336898395721925,0.001336898395721925,0.0,0.0,0.0,0.0,0.001336898395721925,0.0,0.001336898395721925,0.001336898395721925,0.0,0.0,0.0,0.0,0.0
S0_NA_W1_P0,0.0,0.0,0.0,0.0,0.0,0.0,0.0,0.0,0.0,0.0,0.0,0.0,0.0,0.0,0.0,0.0,0.0,0.0,0.0,0.0,0.0,0.0,0.0,0.0,0.0,0.0,0.0,0.0,0.0,0.0,0.0,0.0,0.0,0.0,0.0,0.0,0.0,0.0,0.0,0.0,0.4,0.0,0.0,0.0,0.0,0.2,0.0,0.0,0.0,0.0,0.0,0.0,0.0,0.0,0.0,0.0,0.0,0.0,0.0,0.0,0.0,0.0,0.0,0.2,0.0,0.0,0.2,0.0,0.0,0.0,0.0,0.0,0.0,0.0,0.0,0.0,0.0,0.0,0.0,0.0,0.0,0.0,0.0,0.0,0.0,0.0,0.0,0.0,0.0,0.0,0.0,0.0,0.0,0.0,0.0,0.0,0.0,0.0,0.0,0.0,0.0,0.0,0.0,0.0,0.0,0.0,0.0,0.0,0.0,0.0,0.0,0.0,0.0,0.0,0.0,0.0,0.0,0.0,0.0,0.0,0.0,0.0,0.0,0.0,0.0,0.0,0.0
S0_NA_W1_P1,0.0,0.0,0.0,0.0,0.0,0.0,0.0,0.0,0.0,0.0,0.0,0.0,0.0,0.09090909090909091,0.09090909090909091,0.0,0.0,0.0,0.09090909090909091,0.0,0.0,0.0,0.0,0.09090909090909091,0.0,0.0,0.0,0.0,0.0,0.0,0.0,0.0,0.0,0.0,0.0,0.0,0.09090909090909091,0.0,0.0,0.0,0.0,0.0,0.0,0.0,0.0,0.0,0.09090909090909091,0.09090909090909091,0.0,0.0,0.0,0.18181818181818182,0.0,0.0,0.0,0.0,0.0,0.0,0.0,0.0,0.0,0.0,0.0,0.0,0.09090909090909091,0.0,0.0,0.0,0.0,0.0,0.0,0.0,0.0,0.0,0.0,0.0,0.0,0.0,0.0,0.0,0.0,0.0,0.0,0.0,0.0,0.0,0.0,0.0,0.0,0.0,0.0,0.0,0.0,0.0,0.0,0.0,0.0,0.0,0.0,0.0,0.0,0.0,0.0,0.0,0.0,0.0,0.0,0.0,0.0,0.09090909090909091,0.0,0.0,0.0,0.0,0.0,0.0,0.0,0.0,0.0,0.0,0.0,0.0,0.0,0.0,0.0,0.0,0.0
S0_NA_W1_P2,0.0,0.0,0.0,0.0,0.0,0.0,0.0,0.0,0.0,0.0,0.0,0.0,0.0,0.0,0.06542056074766354,0.09345794392523364,0.0,0.0,0.0,0.14953271028037382,0.028037383177570093,0.0,0.0,0.009345794392523364,0.12149532710280374,0.0,0.0,0.0,0.028037383177570093,0.009345794392523364,0.0,0.0,0.0,0.0,0.0,0.0,0.0,0.037383177570093455,0.06542056074766354,0.009345794392523364,0.0,0.018691588785046728,0.056074766355140186,0.028037383177570093,0.0,0.0,0.028037383177570093,0.06542056074766354,0.0,0.0,0.0,0.04672897196261682,0.028037383177570093,0.0,0.0,0.0,0.0,0.0,0.009345794392523364,0.0,0.0,0.009345794392523364,0.0,0.0,0.0,0.0,0.009345794392523364,0.0,0.0,0.0,0.009345794392523364,0.009345794392523364,0.0,0.0,0.0,0.009345794392523364,0.0,0.0,0.0,0.0,0.009345794392523364,0.0,0.0,0.0,0.0,0.009345794392523364,0.0,0.0,0.0,0.0,0.0,0.0,0.0,0.0,0.0,0.0,0.0,0.0,0.0,0.0,0.0,0.0,0.0,0.0,0.0,0.0,0.0,0.0,0.009345794392523364,0.028037383177570093,0.0,0.0,0.0,0.0,0.0,0.0,0.0,0.0,0.0,0.0,0.0,0.0,0.0,0.0,0.0,0.0,0.0
S0_NA_W1_P3,0.0,0.0,0.0,0.0,0.0,0.0,0.0,0.0,0.0,0.0,0.0,0.0,0.0,0.0,0.0,0.0635593220338983,0.059322033898305086,0.0,0.0,0.0,0.1864406779661017,0.00847457627118644,0.0,0.0,0.05508474576271186,0.09322033898305085,0.0,0.0,0.0,0.025423728813559324,0.0,0.0,0.0,0.00423728813559322,0.0,0.0,0.0,0.0,0.07203389830508475,0.05508474576271186,0.0,0.0,0.012711864406779662,0.0847457627118644,0.00847457627118644,0.0,0.00423728813559322,0.0423728813559322,0.05508474576271186,0.0,0.0,0.012711864406779662,0.00423728813559322,0.0,0.0,0.0,0.0,0.0,0.0,0.0,0.0,0.0211864406779661,0.012711864406779662,0.0,0.0,0.012711864406779662,0.025423728813559324,0.00423728813559322,0.0,0.0,0.012711864406779662,0.01694915254237288,0.0,0.0,0.0,0.012711864406779662,0.0,0.0,0.0,0.0,0.0,0.0,0.0,0.0,0.0,0.0,0.0,0.0,0.0,0.0,0.0,0.0,0.0,0.0,0.0,0.00423728813559322,0.00423728813559322,0.0,0.0,0.00423728813559322,0.0,0.0,0.0,0.0,0.0,0.0,0.0,0.0,0.0,0.00847457627118644,0.0,0.0,0.00423728813559322,0.00423728813559322,0.0,0.0,0.0,0.0,0.00423728813559322,0.0,0.0,0.0,0.0,0.0,0.0,0.0,0.0
S0_NA_W1_P4,0.0,0.0,0.0,0.0,0.0,0.0,0.0,0.0,0.0,0.0,0.0,0.0,0.0,0.0,0.0,0.0,0.047619047619047616,0.0,0.0,0.0,0.047619047619047616,0.2222222222222222,0.0,0.0,0.0,0.14285714285714285,0.031746031746031744,0.0,0.0,0.015873015873015872,0.0,0.0,0.0,0.0,0.0,0.0,0.0,0.0,0.015873015873015872,0.09523809523809523,0.0,0.0,0.0,0.0,0.09523809523809523,0.0,0.0,0.015873015873015872,0.06349206349206349,0.047619047619047616,0.0,0.0,0.0,0.0,0.0,0.0,0.0,0.0,0.0,0.0,0.0,0.0,0.0,0.0,0.0,0.0,0.0,0.015873015873015872,0.0,0.0,0.015873015873015872,0.031746031746031744,0.0,0.0,0.0,0.0,0.0,0.0,0.0,0.0,0.0,0.0,0.0,0.0,0.0,0.0,0.0,0.0,0.0,0.0,0.0,0.015873015873015872,0.0,0.0,0.0,0.0,0.0,0.0,0.0,0.0,0.015873015873015872,0.0,0.0,0.0,0.0,0.0,0.0,0.0,0.0,0.015873015873015872,0.0,0.0,0.0,0.0,0.0,0.0,0.0,0.0,0.031746031746031744,0.0,0.0,0.0,0.015873015873015872,0.0,0.0,0.0,0.0
S0_NA_W2_P0,0.0,0.0,0.0,0.0,0.0,0.0,0.0,0.0,0.0,0.0,0.0,0.0,0.0,0.0,0.0,0.0,0.0,0.0,0.0,0.0,0.0,0.0,0.3333333333333333,0.0,0.0,0.0,0.0,0.0,0.0,0.0,0.0,0.0,0.0,0.0,0.0,0.0,0.0,0.0,0.0,0.0,0.0,0.0,0.0,0.0,0.0,0.3333333333333333,0.0,0.0,0.0,0.0,0.3333333333333333,0.0,0.0,0.0,0.0,0.0,0.0,0.0,0.0,0.0,0.0,0.0,0.0,0.0,0.0,0.0,0.0,0.0,0.0,0.0,0.0,0.0,0.0,0.0,0.0,0.0,0.0,0.0,0.0,0.0,0.0,0.0,0.0,0.0,0.0,0.0,0.0,0.0,0.0,0.0,0.0,0.0,0.0,0.0,0.0,0.0,0.0,0.0,0.0,0.0,0.0,0.0,0.0,0.0,0.0,0.0,0.0,0.0,0.0,0.0,0.0,0.0,0.0,0.0,0.0,0.0,0.0,0.0,0.0,0.0,0.0,0.0,0.0,0.0,0.0,0.0,0.0
S0_NA_W2_P1,0.0,0.0,0.0,0.0,0.0,0.0,0.0,0.0,0.0,0.0,0.0,0.0,0.0,0.0,0.0,0.0,0.0,0.0,0.03278688524590164,0.03278688524590164,0.0,0.0,0.0,0.2459016393442623,0.03278688524590164,0.0,0.0,0.0,0.04918032786885246,0.0,0.0,0.0,0.0,0.0,0.0,0.0,0.0,0.04918032786885246,0.0,0.0,0.0,0.0,0.0,0.0,0.0,0.01639344262295082,0.14754098360655737,0.04918032786885246,0.0,0.0,0.0,0.09836065573770492,0.03278688524590164,0.0,0.0,0.01639344262295082,0.0,0.0,0.0,0.0,0.01639344262295082,0.0,0.0,0.0,0.0,0.0,0.0,0.0,0.0,0.03278688524590164,0.0,0.0,0.0,0.0,0.03278688524590164,0.0,0.0,0.0,0.01639344262295082,0.0,0.0,0.0,0.0,0.0,0.0,0.0,0.0,0.0,0.01639344262295082,0.0,0.0,0.0,0.0,0.0,0.0,0.0,0.0,0.0,0.03278688524590164,0.03278688524590164,0.0,0.0,0.0,0.0,0.0,0.0,0.0,0.0,0.0,0.0,0.0,0.0,0.0,0.0,0.0,0.0,0.0,0.0,0.0,0.0,0.0,0.0,0.0,0.0,0.01639344262295082,0.0,0.0
S0_NA_W2_P2,0.0,0.0,0.0,0.0,0.0,0.0,0.0,0.0,0.0,0.0,0.0,0.0,0.0,0.0,0.011428571428571429,0.017142857142857144,0.008571428571428572,0.0,0.0,0.045714285714285714,0.025714285714285714,0.0,0.0,0.014285714285714285,0.17142857142857143,0.02857142857142857,0.0,0.0,0.05142857142857143,0.1,0.0,0.0,0.0,0.002857142857142857,0.0,0.005714285714285714,0.0,0.008571428571428572,0.037142857142857144,0.008571428571428572,0.0,0.0,0.02,0.025714285714285714,0.0,0.0,0.005714285714285714,0.12571428571428572,0.022857142857142857,0.0,0.0,0.025714285714285714,0.08857142857142856,0.0,0.0,0.0,0.002857142857142857,0.0,0.0,0.0,0.005714285714285714,0.008571428571428572,0.005714285714285714,0.0,0.0,0.005714285714285714,0.017142857142857144,0.0,0.002857142857142857,0.0,0.017142857142857144,0.008571428571428572,0.0,0.0,0.005714285714285714,0.008571428571428572,0.0,0.0,0.0,0.002857142857142857,0.0,0.0,0.0,0.0,0.0,0.0,0.0,0.0,0.0,0.002857142857142857,0.005714285714285714,0.0,0.0,0.0,0.005714285714285714,0.005714285714285714,0.002857142857142857,0.0,0.005714285714285714,0.008571428571428572,0.0,0.0,0.0,0.0,0.0,0.0,0.0,0.002857142857142857,0.0,0.005714285714285714,0.0,0.0,0.0,0.002857142857142857,0.0,0.0,0.002857142857142857,0.0,0.0,0.0,0.0,0.002857142857142857,0.0,0.0,0.0,0.002857142857142857,0.0
S0_NA_W2_P3,0.0,0.0,0.0,0.0,0.0,0.0,0.0,0.0,0.0,0.0,0.0,0.0,0.0,0.0,0.0,0.0391304347826087,0.017391304347826087,0.0,0.0,0.0,0.06086956521739131,0.02608695652173913,0.0,0.0,0.06521739130434782,0.1826086956521739,0.0,0.0,0.004347826086956522,0.07391304347826087,0.004347826086956522,0.0,0.0,0.0,0.0,0.0,0.0,0.0,0.02608695652173913,0.030434782608695653,0.0,0.0,0.008695652173913044,0.04782608695652174,0.02608695652173913,0.0,0.0,0.034782608695652174,0.08695652173913043,0.004347826086956522,0.0,0.004347826086956522,0.043478260869565216,0.008695652173913044,0.0,0.0,0.017391304347826087,0.0,0.0,0.0,0.0,0.0,0.017391304347826087,0.0,0.0,0.004347826086956522,0.021739130434782608,0.0,0.004347826086956522,0.0,0.013043478260869565,0.034782608695652174,0.0,0.0,0.0,0.013043478260869565,0.0,0.0,0.004347826086956522,0.0,0.0,0.0,0.0,0.0,0.0,0.004347826086956522,0.008695652173913044,0.0,0.0,0.0,0.0,0.0,0.0,0.0,0.004347826086956522,0.004347826086956522,0.0,0.0,0.013043478260869565,0.008695652173913044,0.004347826086956522,0.0,0.0,0.0,0.0,0.0,0.0,0.0,0.004347826086956522,0.008695652173913044,0.0,0.0,0.0,0.0,0.0,0.0,0.004347826086956522,0.0,0.0,0.0,0.0,0.0,0.0,0.0,0.008695652173913044,0.0,0.0
S0_NA_W2_P4,0.0,0.0,0.0,0.0,0.0,0.0,0.0,0.0,0.0,0.0,0.0,0.0,0.0,0.0,0.0,0.0,0.0,0.0,0.0,0.0,0.0,0.1,0.0,0.0,0.0,0.15,0.3,0.0,0.0,0.0,0.0,0.0,0.0,0.0,0.0,0.0,0.0,0.0,0.0,0.05,0.0,0.0,0.0,0.0,0.0,0.0,0.0,0.0,0.05,0.05,0.0,0.0,0.0,0.05,0.0,0.0,0.0,0.0,0.0,0.0,0.0,0.0,0.0,0.0,0.0,0.0,0.0,0.0,0.0,0.0,0.0,0.0,0.15,0.0,0.0,0.0,0.0,0.0,0.0,0.0,0.0,0.0,0.0,0.0,0.0,0.0,0.0,0.0,0.0,0.0,0.0,0.0,0.0,0.0,0.0,0.0,0.0,0.0,0.0,0.0,0.0,0.0,0.0,0.0,0.0,0.0,0.0,0.05,0.0,0.0,0.0,0.0,0.0,0.05,0.0,0.0,0.0,0.0,0.0,0.0,0.0,0.0,0.0,0.0,0.0,0.0,0.0
S0_NA_W3_P0,0.0,0.0,0.0,0.0,0.0,0.0,0.0,0.0,0.0,0.0,0.0,0.0,0.0,0.0,0.0,0.0,0.0,0.0,0.0,0.0,0.0,0.0,0.0,0.0,0.0,0.0,0.0,0.07142857142857142,0.07142857142857142,0.0,0.0,0.0,0.07142857142857142,0.0,0.0,0.0,0.0,0.0,0.0,0.0,0.0,0.0,0.0,0.0,0.0,0.0,0.0,0.07142857142857142,0.0,0.0,0.07142857142857142,0.0,0.0,0.0,0.0,0.14285714285714285,0.0,0.0,0.0,0.0,0.0,0.0,0.0,0.0,0.0,0.0,0.0,0.0,0.0,0.0,0.0,0.0,0.0,0.14285714285714285,0.0,0.0,0.0,0.0,0.14285714285714285,0.0,0.0,0.0,0.0,0.0,0.0,0.0,0.0,0.0,0.0,0.0,0.0,0.0,0.0,0.0,0.0,0.0,0.0,0.14285714285714285,0.0,0.0,0.0,0.0,0.0,0.0,0.0,0.0,0.0,0.0,0.0,0.07142857142857142,0.0,0.0,0.0,0.0,0.0,0.0,0.0,0.0,0.0,0.0,0.0,0.0,0.0,0.0,0.0,0.0,0.0
S0_NA_W3_P1,0.0,0.0,0.0,0.0,0.0,0.0,0.0,0.0,0.0,0.0,0.0,0.0,0.0,0.0,0.004484304932735426,0.002242152466367713,0.0,0.0,0.0,0.004484304932735426,0.002242152466367713,0.0,0.0,0.02242152466367713,0.02466367713004484,0.004484304932735426,0.0,0.002242152466367713,0.30269058295964124,0.05605381165919283,0.0,0.0,0.013452914798206279,0.08968609865470852,0.0,0.0,0.0,0.006726457399103139,0.004484304932735426,0.0,0.0,0.0,0.0,0.008968609865470852,0.0,0.0,0.006726457399103139,0.02466367713004484,0.004484304932735426,0.0,0.011210762331838564,0.1412556053811659,0.03811659192825112,0.0,0.0,0.01569506726457399,0.042600896860986545,0.002242152466367713,0.0,0.0,0.002242152466367713,0.0,0.0,0.0,0.0,0.0,0.0,0.0,0.0,0.002242152466367713,0.006726457399103139,0.004484304932735426,0.0,0.0,0.053811659192825115,0.02242152466367713,0.0,0.0,0.004484304932735426,0.008968609865470852,0.0,0.0,0.0,0.0,0.002242152466367713,0.0,0.002242152466367713,0.0,0.002242152466367713,0.0,0.0,0.0,0.0,0.0,0.006726457399103139,0.002242152466367713,0.0,0.0,0.006726457399103139,0.004484304932735426,0.0,0.0,0.0,0.002242152466367713,0.0,0.0,0.0,0.0,0.004484304932735426,0.008968609865470852,0.0,0.002242152466367713,0.002242152466367713,0.0,0.0,0.0,0.0,0.002242152466367713,0.0,0.0,0.002242152466367713,0.0,0.0,0.0,0.004484304932735426,0.002242152466367713,0.0
S0_NA_W3_P2,0.0,0.0,0.0,0.0,0.0,0.0,0.0,0.0,0.0,0.0,0.0,0.0,0.0,0.0,0.0028735632183908046,0.008620689655172414,0.0,0.0,0.0,0.011494252873563218,0.017241379310344827,0.0,0.0,0.0,0.09482758620689655,0.031609195402298854,0.0,0.0,0.07758620689655173,0.22126436781609196,0.005747126436781609,0.0,0.0,0.028735632183908046,0.0,0.0028735632183908046,0.0,0.0028735632183908046,0.008620689655172414,0.008620689655172414,0.0,0.0,0.0,0.020114942528735632,0.0,0.005747126436781609,0.0,0.0603448275862069,0.031609195402298854,0.0,0.0028735632183908046,0.031609195402298854,0.13505747126436782,0.0028735632183908046,0.0,0.0,0.014367816091954023,0.0028735632183908046,0.0,0.0,0.0028735632183908046,0.005747126436781609,0.005747126436781609,0.0,0.0,0.0,0.008620689655172414,0.0,0.0028735632183908046,0.0028735632183908046,0.017241379310344827,0.014367816091954023,0.0,0.0,0.0028735632183908046,0.040229885057471264,0.0028735632183908046,0.0,0.0,0.005747126436781609,0.0,0.0,0.0,0.0,0.0,0.005747126436781609,0.0028735632183908046,0.0,0.0,0.0,0.0,0.0,0.0,0.0,0.0028735632183908046,0.005747126436781609,0.0028735632183908046,0.0,0.005747126436781609,0.0028735632183908046,0.005747126436781609,0.0,0.0,0.0,0.0,0.0,0.0,0.0,0.011494252873563218,0.005747126436781609,0.0,0.0,0.0028735632183908046,0.0,0.0,0.0,0.0,0.0,0.0,0.0,0.0,0.0028735632183908046,0.0,0.0,0.0,0.0,0.0
S0_NA_W3_P3,0.0,0.0,0.0,0.0,0.0,0.0,0.0,0.0,0.0,0.0,0.0,0.0,0.0,0.0,0.0,0.0,0.0,0.0,0.0,0.0,0.038461538461538464,0.0,0.0,0.0,0.0,0.0,0.0,0.0,0.0,0.038461538461538464,0.11538461538461539,0.0,0.0,0.0,0.0,0.0,0.0,0.0,0.0,0.0,0.0,0.0,0.0,0.038461538461538464,0.038461538461538464,0.0,0.0,0.0,0.0,0.07692307692307693,0.0,0.038461538461538464,0.0,0.038461538461538464,0.0,0.0,0.038461538461538464,0.0,0.0,0.0,0.0,0.038461538461538464,0.038461538461538464,0.0,0.0,0.0,0.038461538461538464,0.0,0.0,0.0,0.0,0.11538461538461539,0.038461538461538464,0.0,0.0,0.038461538461538464,0.11538461538461539,0.0,0.0,0.0,0.0,0.0,0.0,0.0,0.0,0.0,0.038461538461538464,0.0,0.0,0.0,0.0,0.0,0.0,0.0,0.0,0.0,0.038461538461538464,0.0,0.0,0.0,0.0,0.038461538461538464,0.0,0.0,0.0,0.0,0.0,0.0,0.0,0.0,0.0,0.0,0.0,0.0,0.0,0.0,0.0,0.0,0.0,0.0,0.0,0.0,0.0,0.0,0.0,0.0,0.0
S0_NA_W3_P4,0.0,0.0,0.0,0.0,0.0,0.0,0.0,0.0,0.0,0.0,0.0,0.0,0.0,0.0,0.0,0.0,0.0,0.0,0.0,0.0,0.0,0.0,0.0,0.0,0.0,0.0,0.0,0.0,0.0,0.0,0.0,0.0,0.0,0.0,0.0,0.0,0.0,0.0,0.0,0.0,0.0,0.0,0.0,0.0,0.0,0.0,0.0,0.0,0.0,1.0,0.0,0.0,0.0,0.0,0.0,0.0,0.0,0.0,0.0,0.0,0.0,0.0,0.0,0.0,0.0,0.0,0.0,0.0,0.0,0.0,0.0,0.0,0.0,0.0,0.0,0.0,0.0,0.0,0.0,0.0,0.0,0.0,0.0,0.0,0.0,0.0,0.0,0.0,0.0,0.0,0.0,0.0,0.0,0.0,0.0,0.0,0.0,0.0,0.0,0.0,0.0,0.0,0.0,0.0,0.0,0.0,0.0,0.0,0.0,0.0,0.0,0.0,0.0,0.0,0.0,0.0,0.0,0.0,0.0,0.0,0.0,0.0,0.0,0.0,0.0,0.0,0.0
S0_NA_W4_P0,0.0,0.0,0.0,0.0,0.0,0.0,0.0,0.0,0.0,0.0,0.0,0.0,0.0,0.0,0.0,0.0,0.0,0.0,0.0022935779816513763,0.0022935779816513763,0.0,0.0,0.0,0.0,0.0022935779816513763,0.0,0.0,0.0022935779816513763,0.016055045871559634,0.0022935779816513763,0.0,0.0,0.268348623853211,0.05504587155963303,0.0,0.0,0.0,0.0022935779816513763,0.0,0.0,0.0,0.0,0.0045871559633027525,0.0,0.0,0.0,0.0,0.0,0.0,0.0,0.0022935779816513763,0.016055045871559634,0.0022935779816513763,0.0,0.0,0.2706422018348624,0.05504587155963303,0.0,0.0,0.0,0.0,0.0,0.0,0.0,0.0022935779816513763,0.0022935779816513763,0.0,0.0,0.0,0.0,0.0022935779816513763,0.0,0.0,0.0022935779816513763,0.006880733944954129,0.0,0.0,0.0,0.14908256880733944,0.027522935779816515,0.0,0.0,0.0,0.0022935779816513763,0.0022935779816513763,0.0,0.0045871559633027525,0.0,0.0045871559633027525,0.0,0.0,0.0,0.0,0.0,0.0,0.0,0.0,0.0022935779816513763,0.006880733944954129,0.0022935779816513763,0.0,0.0,0.04357798165137615,0.0022935779816513763,0.0,0.0,0.0,0.0,0.0,0.0045871559633027525,0.0,0.0,0.0022935779816513763,0.0,0.0,0.0,0.0022935779816513763,0.0022935779816513763,0.0,0.0,0.0022935779816513763,0.0,0.0,0.0,0.009174311926605505,0.009174311926605505,0.0
S0_NA_W4_P1,0.0,0.0,0.0,0.0,0.0,0.0,0.0,0.0,0.0,0.0,0.0,0.0,0.0,0.0,0.0,0.0,0.0,0.0,0.0,0.0,0.0,0.0,0.0,0.0,0.0031645569620253164,0.0031645569620253164,0.0,0.0,0.09177215189873418,0.03481012658227848,0.0,0.0,0.060126582278481014,0.25,0.0,0.0,0.0,0.0031645569620253164,0.0,0.0,0.0,0.0,0.0,0.0,0.0,0.0,0.0,0.006329113924050633,0.0031645569620253164,0.0,0.0,0.08860759493670886,0.0379746835443038,0.0,0.0,0.056962025316455694,0.17088607594936708,0.0,0.0,0.0,0.0,0.0,0.0,0.0,0.0,0.0031645569620253164,0.0,0.0,0.0,0.0,0.0031645569620253164,0.0031645569620253164,0.0,0.0,0.04113924050632911,0.015822784810126583,0.0,0.0,0.015822784810126583,0.04746835443037975,0.0031645569620253164,0.0,0.0,0.0,0.0,0.0,0.0,0.0,0.0,0.0,0.0,0.0,0.0,0.0031645569620253164,0.0031645569620253164,0.0,0.0,0.0,0.012658227848101266,0.0031645569620253164,0.0,0.0,0.0031645569620253164,0.012658227848101266,0.0,0.0,0.0,0.0,0.0,0.006329113924050633,0.0,0.0,0.0,0.0031645569620253164,0.0,0.0,0.0031645569620253164,0.0,0.0,0.0,0.0031645569620253164,0.0031645569620253164,0.0,0.0,0.0,0.0,0.0
S0_NA_W4_P2,0.0,0.0,0.0,0.0,0.0,0.0,0.0,0.0,0.0,0.0,0.0,0.0,0.0,0.0,0.0,0.0,0.0,0.0,0.0,0.0,0.0,0.0,0.0,0.0,0.0,0.0,0.0,0.0,0.0,0.0,0.0,0.0,0.0,0.0,0.0,0.0,0.0,0.0,0.0,0.0,0.0,0.0,0.0,0.0,0.0,0.0,0.0,0.0,0.0,0.0,0.0,0.0,0.0,0.0,0.0,0.0,0.0,0.0,0.0,0.0,0.0,0.0,0.0,0.0,0.0,0.0,0.0,0.0,0.0,0.0,0.0,0.0,0.0,0.0,0.0,0.0,0.0,1.0,0.0,0.0,0.0,0.0,0.0,0.0,0.0,0.0,0.0,0.0,0.0,0.0,0.0,0.0,0.0,0.0,0.0,0.0,0.0,0.0,0.0,0.0,0.0,0.0,0.0,0.0,0.0,0.0,0.0,0.0,0.0,0.0,0.0,0.0,0.0,0.0,0.0,0.0,0.0,0.0,0.0,0.0,0.0,0.0,0.0,0.0,0.0,0.0,0.0
S1_NA_W0_P0,0.0,0.0,0.0,0.0,0.0,0.0,0.0,0.0,0.0,0.0,0.0,0.0,0.25813953488372093,0.0,0.0,0.0069767441860465115,0.0,0.002325581395348837,0.0,0.0,0.0,0.0,0.0,0.0,0.0,0.0,0.0,0.0,0.0,0.0,0.0,0.0,0.0,0.0,0.0,0.1883720930232558,0.0,0.0,0.0,0.002325581395348837,0.0,0.0,0.0,0.0,0.0,0.0,0.0,0.0,0.002325581395348837,0.0,0.0,0.0,0.0,0.0,0.0,0.0,0.0,0.0,0.42093023255813955,0.0,0.0,0.002325581395348837,0.009302325581395349,0.004651162790697674,0.0,0.0,0.002325581395348837,0.0,0.0,0.0,0.002325581395348837,0.0,0.0,0.002325581395348837,0.0,0.002325581395348837,0.0,0.0,0.0,0.0,0.0,0.0,0.09302325581395349,0.0,0.0,0.0,0.0,0.0,0.0,0.0,0.0,0.0,0.0,0.0,0.0,0.0,0.0,0.0,0.0,0.0,0.0,0.0,0.0,0.0,0.0,0.0,0.0,0.0,0.0,0.0,0.0,0.0,0.0,0.0,0.0,0.0,0.0,0.0,0.0,0.0,0.0,0.0,0.0,0.0,0.0,0.0,0.0
S1_NA_W0_P1,0.0,0.0,0.0,0.0,0.0,0.0,0.0,0.0,0.0,0.0,0.0,0.0,0.0,0.0,0.0,0.0,0.0,0.0,0.0,0.0,0.0,0.0,0.0,0.0,0.0,0.0,0.0,0.0,0.0,0.0,0.0,0.0,0.0,0.0,0.0,0.0,0.0,0.0,0.0,0.0,0.0,0.25,0.0,0.0,0.0,0.0,0.0,0.0,0.0,0.0,0.0,0.0,0.0,0.0,0.0,0.0,0.0,0.0,0.0,0.0,0.0,0.0,0.0,0.0,0.5,0.0,0.0,0.0,0.0,0.25,0.0,0.0,0.0,0.0,0.0,0.0,0.0,0.0,0.0,0.0,0.0,0.0,0.0,0.0,0.0,0.0,0.0,0.0,0.0,0.0,0.0,0.0,0.0,0.0,0.0,0.0,0.0,0.0,0.0,0.0,0.0,0.0,0.0,0.0,0.0,0.0,0.0,0.0,0.0,0.0,0.0,0.0,0.0,0.0,0.0,0.0,0.0,0.0,0.0,0.0,0.0,0.0,0.0,0.0,0.0,0.0,0.0
S1_NA_W0_P2,0.0,0.0,0.0,0.0,0.0,0.0,0.0,0.0,0.0,0.0,0.0,0.0,0.0,0.0,0.13,0.05,0.01,0.0,0.01,0.05,0.0,0.0,0.0,0.01,0.02,0.0,0.0,0.0,0.0,0.0,0.0,0.0,0.0,0.0,0.0,0.0,0.0,0.11,0.06,0.0,0.0,0.0,0.01,0.01,0.0,0.0,0.01,0.0,0.0,0.0,0.0,0.01,0.0,0.0,0.0,0.0,0.01,0.0,0.0,0.02,0.12,0.05,0.0,0.0,0.01,0.02,0.0,0.0,0.0,0.01,0.05,0.0,0.0,0.0,0.03,0.01,0.0,0.0,0.0,0.0,0.0,0.0,0.0,0.01,0.07,0.0,0.01,0.0,0.0,0.0,0.0,0.0,0.0,0.01,0.01,0.0,0.0,0.0,0.0,0.0,0.0,0.0,0.01,0.0,0.0,0.0,0.0,0.0,0.01,0.04,0.0,0.0,0.0,0.0,0.0,0.0,0.0,0.0,0.0,0.0,0.0,0.0,0.0,0.01,0.0,0.0,0.0
S1_NA_W0_P3,0.0,0.0,0.0,0.0,0.0,0.0,0.0,0.0,0.0,0.0,0.0,0.0,0.0,0.0,0.002583979328165375,0.21705426356589147,0.028423772609819122,0.0,0.0,0.007751937984496124,0.03359173126614987,0.0,0.0,0.0,0.002583979328165375,0.0,0.0,0.0,0.0,0.0,0.0,0.0,0.0,0.0,0.0,0.002583979328165375,0.0,0.002583979328165375,0.10335917312661498,0.03359173126614987,0.0,0.0,0.007751937984496124,0.028423772609819122,0.0,0.0,0.0,0.0103359173126615,0.00516795865633075,0.0,0.0,0.0,0.012919896640826873,0.0,0.0,0.0,0.0,0.0,0.0,0.0,0.01808785529715762,0.2041343669250646,0.059431524547803614,0.0,0.0,0.023255813953488372,0.04392764857881137,0.0,0.0,0.002583979328165375,0.031007751937984496,0.023255813953488372,0.0,0.0,0.002583979328165375,0.007751937984496124,0.0,0.0,0.0,0.0,0.0,0.0,0.0,0.0,0.002583979328165375,0.015503875968992248,0.01808785529715762,0.0,0.0,0.0,0.00516795865633075,0.002583979328165375,0.0,0.0,0.00516795865633075,0.0,0.002583979328165375,0.0,0.002583979328165375,0.0,0.0,0.0,0.0,0.0,0.0,0.0,0.0,0.0,0.0,0.020671834625323,0.0,0.0,0.002583979328165375,0.002583979328165375,0.0,0.0,0.0,0.0,0.0,0.0,0.002583979328165375,0.002583979328165375,0.0,0.0,0.0,0.0,0.0
S1_NA_W0_P4,0.0,0.0,0.0,0.0,0.0,0.0,0.0,0.0,0.0,0.0,0.0,0.0,0.004021447721179625,0.0,0.0,0.010723860589812333,0.257372654155496,0.0,0.0,0.0,0.010723860589812333,0.006702412868632708,0.0,0.0,0.0,0.002680965147453083,0.0,0.0,0.0,0.0,0.0,0.0,0.0,0.0,0.0,0.0013404825737265416,0.0,0.0,0.01742627345844504,0.13270777479892762,0.0,0.0,0.0,0.006702412868632708,0.004021447721179625,0.0,0.0,0.0,0.00804289544235925,0.002680965147453083,0.0,0.0,0.002680965147453083,0.0,0.0,0.0,0.0,0.0,0.0,0.0,0.0013404825737265416,0.04289544235924933,0.26943699731903487,0.0,0.0,0.0013404825737265416,0.02680965147453083,0.010723860589812333,0.0,0.0,0.00804289544235925,0.014745308310991957,0.002680965147453083,0.0,0.0013404825737265416,0.004021447721179625,0.0013404825737265416,0.002680965147453083,0.0,0.0,0.0,0.0,0.0,0.0,0.0,0.00804289544235925,0.058981233243967826,0.0,0.0,0.0,0.00938337801608579,0.00938337801608579,0.0,0.0,0.002680965147453083,0.005361930294906166,0.0,0.0,0.0,0.0013404825737265416,0.002680965147453083,0.0,0.0,0.0013404825737265416,0.0,0.0,0.0,0.0013404825737265416,0.013404825737265416,0.022788203753351208,0.0,0.0,0.0013404825737265416,0.0013404825737265416,0.0,0.0,0.0,0.0013404825737265416,0.0013404825737265416,0.0,0.0,0.0,0.002680965147453083,0.0,0.0,0.0,0.0
S1_NA_W1_P0,0.0,0.0,0.0,0.0,0.0,0.0,0.0,0.0,0.0,0.0,0.0,0.0,0.0,0.0,0.0,0.0,0.25,0.25,0.0,0.0,0.0,0.0,0.0,0.0,0.0,0.0,0.0,0.0,0.0,0.0,0.0,0.0,0.0,0.0,0.0,0.0,0.0,0.0,0.0,0.0,0.0,0.0,0.0,0.0,0.0,0.0,0.0,0.0,0.0,0.0,0.0,0.0,0.0,0.0,0.0,0.0,0.0,0.0,0.0,0.0,0.0,0.0,0.0,0.25,0.0,0.25,0.0,0.0,0.0,0.0,0.0,0.0,0.0,0.0,0.0,0.0,0.0,0.0,0.0,0.0,0.0,0.0,0.0,0.0,0.0,0.0,0.0,0.0,0.0,0.0,0.0,0.0,0.0,0.0,0.0,0.0,0.0,0.0,0.0,0.0,0.0,0.0,0.0,0.0,0.0,0.0,0.0,0.0,0.0,0.0,0.0,0.0,0.0,0.0,0.0,0.0,0.0,0.0,0.0,0.0,0.0,0.0,0.0,0.0,0.0,0.0,0.0
S1_NA_W1_P1,0.0,0.0,0.0,0.0,0.0,0.0,0.0,0.0,0.0,0.0,0.0,0.0,0.0,0.0,0.1111111111111111,0.0,0.0,0.0,0.1111111111111111,0.2222222222222222,0.0,0.0,0.0,0.0,0.0,0.0,0.0,0.0,0.0,0.0,0.0,0.0,0.0,0.0,0.0,0.0,0.0,0.2222222222222222,0.0,0.0,0.0,0.1111111111111111,0.0,0.0,0.0,0.0,0.0,0.0,0.0,0.0,0.0,0.0,0.0,0.0,0.0,0.0,0.0,0.0,0.0,0.0,0.1111111111111111,0.0,0.0,0.0,0.0,0.0,0.0,0.0,0.0,0.0,0.0,0.0,0.0,0.0,0.0,0.0,0.0,0.0,0.0,0.0,0.0,0.0,0.0,0.0,0.0,0.0,0.0,0.0,0.1111111111111111,0.0,0.0,0.0,0.0,0.0,0.0,0.0,0.0,0.0,0.0,0.0,0.0,0.0,0.0,0.0,0.0,0.0,0.0,0.0,0.0,0.0,0.0,0.0,0.0,0.0,0.0,0.0,0.0,0.0,0.0,0.0,0.0,0.0,0.0,0.0,0.0,0.0,0.0
S1_NA_W1_P2,0.0,0.0,0.0,0.0,0.0,0.0,0.0,0.0,0.0,0.0,0.0,0.0,0.0,0.0,0.05063291139240506,0.0379746835443038,0.0,0.0,0.0,0.16455696202531644,0.0,0.0,0.0,0.0,0.10126582278481013,0.0,0.0,0.0,0.0,0.012658227848101266,0.0,0.0,0.0,0.0,0.0,0.0,0.0,0.08860759493670886,0.02531645569620253,0.0,0.0,0.0,0.12658227848101267,0.012658227848101266,0.0,0.0,0.0,0.05063291139240506,0.0,0.0,0.0,0.012658227848101266,0.0,0.0,0.0,0.0,0.0,0.0,0.0,0.0,0.012658227848101266,0.05063291139240506,0.02531645569620253,0.0,0.0,0.05063291139240506,0.02531645569620253,0.0,0.0,0.012658227848101266,0.06329113924050633,0.0,0.0,0.0,0.012658227848101266,0.012658227848101266,0.0,0.0,0.0,0.0,0.0,0.0,0.0,0.0,0.0,0.012658227848101266,0.0,0.0,0.0,0.012658227848101266,0.0,0.0,0.0,0.0,0.012658227848101266,0.0,0.0,0.0,0.0,0.0,0.0,0.0,0.0,0.0,0.0,0.0,0.0,0.0,0.0,0.0,0.0,0.0,0.0,0.0,0.0,0.0,0.0,0.0,0.0,0.0,0.0,0.0,0.0,0.0,0.0,0.012658227848101266,0.0
S1_NA_W1_P3,0.0,0.0,0.0,0.0,0.0,0.0,0.0,0.0,0.0,0.0,0.0,0.0,0.0,0.0,0.003861003861003861,0.023166023166023165,0.007722007722007722,0.0,0.0,0.003861003861003861,0.11196911196911197,0.003861003861003861,0.0,0.0,0.02702702702702703,0.05019305019305019,0.0,0.0,0.003861003861003861,0.007722007722007722,0.0,0.0,0.0,0.0,0.0,0.0,0.0,0.0,0.007722007722007722,0.015444015444015444,0.0,0.0,0.007722007722007722,0.06177606177606178,0.0,0.0,0.0,0.03474903474903475,0.023166023166023165,0.0,0.0,0.003861003861003861,0.011583011583011582,0.0,0.0,0.0,0.0,0.0,0.003861003861003861,0.0,0.003861003861003861,0.08494208494208494,0.06563706563706563,0.0,0.0,0.0,0.1274131274131274,0.0,0.0,0.0,0.0694980694980695,0.05791505791505792,0.0,0.0,0.015444015444015444,0.04247104247104247,0.003861003861003861,0.0,0.0,0.003861003861003861,0.0,0.0,0.0,0.0,0.0,0.019305019305019305,0.019305019305019305,0.0,0.0,0.0,0.019305019305019305,0.007722007722007722,0.0,0.0,0.007722007722007722,0.011583011583011582,0.0,0.0,0.0,0.003861003861003861,0.0,0.0,0.0,0.003861003861003861,0.0,0.0,0.0,0.0,0.003861003861003861,0.007722007722007722,0.0,0.0,0.0,0.0,0.0,0.0,0.0,0.003861003861003861,0.0,0.0,0.0,0.0,0.003861003861003861,0.0,0.0,0.0,0.0
S1_NA_W1_P4,0.0,0.0,0.0,0.0,0.0,0.0,0.0,0.0,0.0,0.0,0.0,0.0,0.0,0.0,0.0,0.0,0.06779661016949153,0.0,0.0,0.0,0.03389830508474576,0.05084745762711865,0.0,0.0,0.01694915254237288,0.05084745762711865,0.0,0.0,0.0,0.0,0.0,0.0,0.0,0.0,0.0,0.0,0.0,0.0,0.0,0.03389830508474576,0.0,0.0,0.0,0.01694915254237288,0.05084745762711865,0.0,0.0,0.0,0.0847457627118644,0.01694915254237288,0.0,0.0,0.0,0.0,0.0,0.0,0.0,0.0,0.0,0.0,0.0,0.0,0.06779661016949153,0.0,0.0,0.0,0.0847457627118644,0.11864406779661017,0.0,0.0,0.0,0.11864406779661017,0.0,0.0,0.0,0.03389830508474576,0.01694915254237288,0.0,0.0,0.0,0.0,0.0,0.0,0.0,0.0,0.0,0.0,0.0,0.0,0.0,0.01694915254237288,0.03389830508474576,0.0,0.0,0.0,0.01694915254237288,0.01694915254237288,0.0,0.0,0.0,0.0,0.0,0.0,0.0,0.0,0.0,0.0,0.0,0.03389830508474576,0.0,0.0,0.0,0.0,0.0,0.0,0.0,0.01694915254237288,0.0,0.0,0.0,0.0,0.0,0.0,0.0,0.0,0.0,0.0
S1_NA_W2_P0,0.0,0.0,0.0,0.0,0.0,0.0,0.0,0.0,0.0,0.0,0.0,0.0,0.0,0.0,0.0,0.0,0.0,0.08333333333333333,0.0,0.0,0.0,0.0,0.08333333333333333,0.0,0.0,0.0,0.0,0.0,0.0,0.0,0.0,0.0,0.0,0.0,0.0,0.0,0.0,0.0,0.0,0.0,0.0,0.0,0.0,0.0,0.0,0.08333333333333333,0.0,0.0,0.0,0.0,0.08333333333333333,0.0,0.0,0.0,0.0,0.0,0.0,0.0,0.08333333333333333,0.0,0.0,0.0,0.0,0.08333333333333333,0.0,0.0,0.0,0.0,0.3333333333333333,0.08333333333333333,0.0,0.0,0.0,0.08333333333333333,0.0,0.0,0.0,0.0,0.0,0.0,0.0,0.0,0.0,0.0,0.0,0.0,0.0,0.0,0.0,0.0,0.0,0.0,0.0,0.0,0.0,0.0,0.0,0.0,0.0,0.0,0.0,0.0,0.0,0.0,0.0,0.0,0.0,0.0,0.0,0.0,0.0,0.0,0.0,0.0,0.0,0.0,0.0,0.0,0.0,0.0,0.0,0.0,0.0,0.0,0.0,0.0,0.0
S1_NA_W2_P1,0.0,0.0,0.0,0.0,0.0,0.0,0.0,0.0,0.0,0.0,0.0,0.0,0.0,0.0,0.0,0.0,0.0,0.0,0.015625,0.046875,0.0,0.0,0.0,0.140625,0.0,0.0,0.0,0.0,0.046875,0.0,0.0,0.0,0.0,0.0,0.0,0.0,0.0,0.0,0.0,0.0,0.0,0.015625,0.03125,0.0,0.0,0.0,0.046875,0.015625,0.0,0.0,0.0,0.03125,0.0,0.0,0.0,0.0,0.0,0.0,0.0,0.015625,0.015625,0.0,0.0,0.0,0.015625,0.046875,0.0,0.0,0.0,0.140625,0.046875,0.0,0.0,0.03125,0.09375,0.0,0.0,0.0,0.03125,0.015625,0.0,0.0,0.0,0.0,0.0,0.0,0.0,0.0,0.0,0.0,0.0,0.0,0.0,0.046875,0.0,0.0,0.0,0.0,0.046875,0.015625,0.0,0.0,0.0,0.0,0.0,0.0,0.0,0.0,0.015625,0.03125,0.0,0.0,0.0,0.0,0.0,0.0,0.0,0.0,0.0,0.0,0.0,0.0,0.0,0.0,0.0,0.0,0.0
S1_NA_W2_P2,0.0,0.0,0.0,0.0,0.0,0.0,0.0,0.0,0.0,0.0,0.0,0.0,0.0,0.0,0.005698005698005698,0.002849002849002849,0.0,0.0,0.0,0.017094017094017096,0.008547008547008548,0.0,0.0,0.002849002849002849,0.18803418803418803,0.022792022792022793,0.0,0.0,0.014245014245014245,0.05698005698005698,0.0,0.0,0.0,0.0,0.0,0.0,0.0,0.002849002849002849,0.005698005698005698,0.002849002849002849,0.0,0.0,0.011396011396011397,0.019943019943019943,0.0,0.0,0.005698005698005698,0.06837606837606838,0.011396011396011397,0.0,0.0,0.008547008547008548,0.022792022792022793,0.0,0.0,0.0,0.005698005698005698,0.0,0.0,0.0,0.008547008547008548,0.037037037037037035,0.005698005698005698,0.0,0.0,0.017094017094017096,0.05982905982905983,0.0,0.0,0.005698005698005698,0.12535612535612536,0.04843304843304843,0.0,0.0,0.05128205128205128,0.042735042735042736,0.002849002849002849,0.0,0.0,0.002849002849002849,0.0,0.0,0.0,0.0,0.002849002849002849,0.011396011396011397,0.002849002849002849,0.0,0.0,0.008547008547008548,0.005698005698005698,0.0,0.0,0.008547008547008548,0.017094017094017096,0.002849002849002849,0.0,0.0,0.002849002849002849,0.019943019943019943,0.002849002849002849,0.0,0.0,0.0,0.0,0.0,0.0,0.0,0.0,0.011396011396011397,0.0,0.0,0.002849002849002849,0.002849002849002849,0.0,0.0,0.0,0.002849002849002849,0.0,0.0,0.0,0.002849002849002849,0.0,0.0,0.0,0.0,0.0
S1_NA_W2_P3,0.0,0.0,0.0,0.0,0.0,0.0,0.0,0.0,0.0,0.0,0.0,0.0,0.0,0.0,0.0,0.0,0.0,0.0,0.0,0.0,0.02575107296137339,0.004291845493562232,0.0,0.0,0.02145922746781116,0.11587982832618025,0.004291845493562232,0.0,0.004291845493562232,0.04721030042918455,0.012875536480686695,0.0,0.0,0.0,0.0,0.0,0.0,0.0,0.012875536480686695,0.012875536480686695,0.0,0.0,0.0,0.004291845493562232,0.008583690987124463,0.0,0.0,0.02145922746781116,0.02575107296137339,0.004291845493562232,0.0,0.008583690987124463,0.02145922746781116,0.0,0.0,0.0,0.004291845493562232,0.0,0.0,0.0,0.0,0.05150214592274678,0.055793991416309016,0.0,0.0,0.004291845493562232,0.08583690987124463,0.008583690987124463,0.0,0.0,0.05150214592274678,0.11158798283261803,0.02145922746781116,0.0,0.02145922746781116,0.04291845493562232,0.008583690987124463,0.0,0.0,0.0,0.0,0.0,0.0,0.0,0.0,0.012875536480686695,0.012875536480686695,0.004291845493562232,0.0,0.0,0.017167381974248927,0.004291845493562232,0.0,0.0,0.02145922746781116,0.060085836909871244,0.0,0.0,0.0,0.012875536480686695,0.004291845493562232,0.0,0.0,0.0,0.0,0.0,0.0,0.0,0.008583690987124463,0.004291845493562232,0.0,0.0,0.0,0.0,0.0,0.0,0.004291845493562232,0.0,0.004291845493562232,0.0,0.0,0.004291845493562232,0.0,0.0,0.0,0.0,0.0
S1_NA_W2_P4,0.0,0.0,0.0,0.0,0.0,0.0,0.0,0.0,0.0,0.0,0.0,0.0,0.0,0.0,0.0,0.0,0.0,0.0,0.0,0.0,0.0,0.058823529411764705,0.0,0.0,0.0,0.08823529411764706,0.0,0.0,0.0,0.0,0.0,0.0,0.0,0.0,0.0,0.0,0.0,0.0,0.0,0.0,0.0,0.0,0.0,0.0,0.0,0.0,0.0,0.0,0.11764705882352941,0.0,0.0,0.0,0.0,0.029411764705882353,0.0,0.0,0.0,0.0,0.0,0.0,0.0,0.029411764705882353,0.08823529411764706,0.0,0.0,0.0,0.0,0.11764705882352941,0.0,0.0,0.0,0.08823529411764706,0.058823529411764705,0.0,0.0,0.058823529411764705,0.058823529411764705,0.029411764705882353,0.0,0.0,0.0,0.0,0.0,0.0,0.0,0.0,0.029411764705882353,0.0,0.0,0.0,0.0,0.029411764705882353,0.0,0.0,0.058823529411764705,0.0,0.0,0.0,0.0,0.029411764705882353,0.0,0.0,0.0,0.0,0.0,0.0,0.0,0.0,0.029411764705882353,0.0,0.0,0.0,0.0,0.0,0.0,0.0,0.0,0.0,0.0,0.0,0.0,0.0,0.0,0.0,0.0,0.0,0.0
S1_NA_W3_P0,0.0,0.0,0.0,0.0,0.0,0.0,0.0,0.0,0.0,0.0,0.0,0.0,0.0,0.0,0.0,0.0,0.0,0.0,0.0,0.0,0.0,0.0,0.0,0.0,0.0,0.0,0.0,0.037037037037037035,0.07407407407407407,0.037037037037037035,0.0,0.0,0.037037037037037035,0.0,0.0,0.0,0.0,0.0,0.0,0.0,0.0,0.0,0.0,0.0,0.0,0.0,0.0,0.0,0.0,0.0,0.037037037037037035,0.07407407407407407,0.0,0.0,0.0,0.07407407407407407,0.0,0.0,0.0,0.0,0.0,0.0,0.0,0.0,0.0,0.0,0.0,0.0,0.037037037037037035,0.0,0.0,0.037037037037037035,0.0,0.14814814814814814,0.07407407407407407,0.0,0.0,0.0,0.07407407407407407,0.0,0.0,0.0,0.0,0.0,0.037037037037037035,0.0,0.0,0.0,0.0,0.0,0.0,0.0,0.0,0.037037037037037035,0.037037037037037035,0.0,0.0,0.037037037037037035,0.0,0.0,0.0,0.0,0.037037037037037035,0.0,0.0,0.0,0.0,0.0,0.0,0.037037037037037035,0.0,0.0,0.0,0.0,0.0,0.0,0.0,0.0,0.0,0.0,0.0,0.0,0.0,0.0,0.0,0.037037037037037035,0.0
S1_NA_W3_P1,0.0,0.0,0.0,0.0,0.0,0.0,0.0,0.0,0.0,0.0,0.0,0.0,0.0,0.0,0.002570694087403599,0.0,0.0,0.0,0.0,0.0,0.0,0.0,0.0,0.007712082262210797,0.02056555269922879,0.0,0.0,0.002570694087403599,0.1953727506426735,0.015424164524421594,0.0,0.0,0.0,0.04627249357326478,0.0,0.0,0.0,0.0,0.0,0.0,0.0,0.002570694087403599,0.0,0.0,0.0,0.0,0.005141388174807198,0.010282776349614395,0.0,0.0,0.002570694087403599,0.10025706940874037,0.015424164524421594,0.0,0.0,0.010282776349614395,0.030848329048843187,0.0,0.0,0.002570694087403599,0.010282776349614395,0.002570694087403599,0.0,0.0,0.0,0.002570694087403599,0.007712082262210797,0.0,0.0,0.007712082262210797,0.033419023136246784,0.005141388174807198,0.0,0.0,0.16709511568123395,0.07712082262210797,0.0,0.0,0.028277634961439587,0.08483290488431877,0.0,0.0,0.0,0.0,0.0,0.0,0.002570694087403599,0.0,0.0,0.0,0.0,0.0,0.0,0.0,0.007712082262210797,0.0,0.0,0.0,0.033419023136246784,0.017994858611825194,0.0,0.0,0.012853470437017995,0.007712082262210797,0.0,0.0,0.0,0.0,0.010282776349614395,0.005141388174807198,0.0,0.0,0.0,0.0,0.0,0.0,0.0,0.002570694087403599,0.0,0.0,0.0,0.002570694087403599,0.0,0.0,0.0,0.0,0.0
S1_NA_W3_P2,0.0,0.0,0.0,0.0,0.0,0.0,0.0,0.0,0.0,0.0,0.0,0.0,0.0,0.0,0.0,0.0028011204481792717,0.0,0.0,0.0,0.0028011204481792717,0.0028011204481792717,0.0,0.0,0.0,0.0392156862745098,0.014005602240896359,0.0,0.0,0.06162464985994398,0.1484593837535014,0.0056022408963585435,0.0,0.0,0.011204481792717087,0.0,0.0,0.0,0.0,0.0,0.0,0.0,0.0,0.0056022408963585435,0.0,0.0,0.0,0.0,0.0392156862745098,0.0028011204481792717,0.0,0.0,0.05042016806722689,0.05322128851540616,0.0,0.0,0.0028011204481792717,0.008403361344537815,0.0,0.0,0.0,0.0028011204481792717,0.008403361344537815,0.0,0.0,0.0,0.008403361344537815,0.0196078431372549,0.0028011204481792717,0.0,0.0056022408963585435,0.0784313725490196,0.028011204481792718,0.0056022408963585435,0.0028011204481792717,0.05322128851540616,0.1876750700280112,0.01680672268907563,0.0,0.0056022408963585435,0.03081232492997199,0.0028011204481792717,0.0,0.0,0.0,0.0,0.0,0.0,0.0,0.0,0.0028011204481792717,0.0056022408963585435,0.0,0.0,0.0,0.01680672268907563,0.011204481792717087,0.0028011204481792717,0.0,0.0028011204481792717,0.036414565826330535,0.0,0.0,0.0,0.0,0.0,0.0,0.0,0.0,0.0028011204481792717,0.0056022408963585435,0.0,0.0028011204481792717,0.0,0.0,0.0,0.0,0.0,0.0,0.0,0.0,0.0,0.0,0.0,0.0,0.0,0.0,0.0
S1_NA_W3_P3,0.0,0.0,0.0,0.0,0.0,0.0,0.0,0.0,0.0,0.0,0.0,0.0,0.0,0.0,0.0,0.0,0.0,0.0,0.0,0.0,0.0,0.0,0.0,0.0,0.0,0.04,0.0,0.0,0.0,0.04,0.0,0.0,0.0,0.0,0.0,0.0,0.0,0.0,0.04,0.0,0.0,0.0,0.0,0.0,0.0,0.0,0.0,0.0,0.0,0.0,0.0,0.0,0.0,0.0,0.0,0.0,0.04,0.0,0.0,0.0,0.0,0.0,0.04,0.0,0.0,0.0,0.04,0.0,0.0,0.0,0.04,0.0,0.04,0.0,0.0,0.28,0.08,0.0,0.0,0.0,0.0,0.0,0.0,0.0,0.0,0.04,0.0,0.0,0.0,0.0,0.0,0.0,0.0,0.0,0.0,0.16,0.0,0.0,0.0,0.0,0.04,0.0,0.0,0.0,0.0,0.0,0.0,0.0,0.04,0.04,0.0,0.0,0.0,0.0,0.0,0.0,0.0,0.0,0.0,0.0,0.0,0.0,0.0,0.0,0.0,0.0,0.0
S1_NA_W3_P4,0.0,0.0,0.0,0.0,0.0,0.0,0.0,0.0,0.0,0.0,0.0,0.0,0.0,0.0,0.0,0.0,0.0,0.0,0.0,0.0,0.0,0.0,0.0,0.0,0.0,0.0,0.0,0.0,0.0,0.0,0.0,0.4,0.0,0.0,0.0,0.0,0.0,0.0,0.0,0.0,0.0,0.0,0.0,0.0,0.0,0.0,0.0,0.0,0.0,0.0,0.0,0.0,0.0,0.2,0.0,0.0,0.0,0.0,0.0,0.0,0.0,0.0,0.0,0.0,0.0,0.0,0.0,0.0,0.0,0.0,0.0,0.0,0.0,0.0,0.0,0.0,0.0,0.0,0.0,0.0,0.0,0.0,0.0,0.0,0.0,0.0,0.0,0.0,0.0,0.0,0.0,0.0,0.0,0.0,0.0,0.0,0.0,0.0,0.0,0.0,0.4,0.0,0.0,0.0,0.0,0.0,0.0,0.0,0.0,0.0,0.0,0.0,0.0,0.0,0.0,0.0,0.0,0.0,0.0,0.0,0.0,0.0,0.0,0.0,0.0,0.0,0.0
S1_NA_W4_P0,0.0,0.0,0.0,0.0,0.0,0.0,0.0,0.0,0.0,0.0,0.0,0.0,0.0,0.0,0.0,0.0,0.0,0.0,0.0,0.0,0.0,0.0,0.0,0.002079002079002079,0.0,0.0,0.0,0.002079002079002079,0.006237006237006237,0.0,0.0,0.0,0.2993762993762994,0.012474012474012475,0.0,0.0,0.0,0.002079002079002079,0.0,0.0,0.0,0.0,0.0,0.0,0.0,0.0,0.0,0.0,0.0,0.0,0.006237006237006237,0.0,0.0,0.0,0.0,0.09563409563409564,0.008316008316008316,0.0,0.0,0.0,0.0,0.0,0.0,0.0,0.0,0.0,0.0,0.0,0.0,0.0,0.002079002079002079,0.0,0.0,0.006237006237006237,0.010395010395010396,0.002079002079002079,0.0,0.0,0.38461538461538464,0.062370062370062374,0.0,0.0,0.0,0.0,0.0,0.0,0.002079002079002079,0.0,0.0,0.0,0.0,0.0,0.0,0.0,0.002079002079002079,0.0,0.0,0.0,0.004158004158004158,0.0,0.0,0.0,0.058212058212058215,0.016632016632016633,0.0,0.0,0.0,0.002079002079002079,0.0,0.004158004158004158,0.0,0.0,0.0,0.0,0.0,0.0,0.0,0.002079002079002079,0.0,0.006237006237006237,0.0,0.0,0.0,0.0,0.0,0.0,0.0
S1_NA_W4_P1,0.0,0.0,0.0,0.0,0.0,0.0,0.0,0.0,0.0,0.0,0.0,0.0,0.0,0.0,0.0,0.0,0.0,0.0,0.0,0.0,0.0,0.0,0.0,0.0,0.0,0.0,0.0,0.0,0.05362776025236593,0.006309148264984227,0.0,0.0,0.0473186119873817,0.20189274447949526,0.0,0.0,0.0,0.0,0.0,0.0,0.0,0.0,0.0,0.0,0.0,0.0,0.0,0.0,0.0,0.0,0.0,0.025236593059936908,0.006309148264984227,0.0,0.0,0.03785488958990536,0.10410094637223975,0.0031545741324921135,0.0,0.0,0.0,0.0,0.0,0.0,0.0,0.0,0.0,0.0,0.0,0.0,0.0,0.0,0.0,0.0,0.08832807570977919,0.022082018927444796,0.0,0.0,0.0914826498422713,0.2302839116719243,0.0,0.0,0.0031545741324921135,0.0,0.0,0.0,0.0,0.0,0.0,0.0,0.0,0.0031545741324921135,0.0,0.0,0.0,0.0,0.0,0.0,0.012618296529968454,0.0,0.0,0.0,0.015772870662460567,0.028391167192429023,0.0,0.0,0.0,0.0031545741324921135,0.0031545741324921135,0.0031545741324921135,0.0,0.0031545741324921135,0.0,0.0,0.0,0.0,0.0,0.0,0.0,0.0,0.0,0.0031545741324921135,0.0,0.0031545741324921135,0.0,0.0,0.0
S1_NA_W4_P2,0.0,0.0,0.0,0.0,0.0,0.0,0.0,0.0,0.0,0.0,0.0,0.0,0.0,0.0,0.0,0.0,0.0,0.0,0.0,0.0,0.0,0.0,0.0,0.0,0.0,0.0,0.0,0.0,0.0,0.0,0.0,0.0,0.0,0.0,0.0,0.0,0.0,0.0,0.0,0.0,0.0,0.0,0.0,0.0,0.0,0.0,0.0,0.0,0.0,0.0,0.0,0.0,0.0,0.0,0.0,0.0,0.0,0.16666666666666666,0.0,0.0,0.0,0.0,0.0,0.0,0.0,0.0,0.0,0.0,0.0,0.0,0.0,0.16666666666666666,0.0,0.0,0.16666666666666666,0.3333333333333333,0.0,0.0,0.0,0.16666666666666666,0.0,0.0,0.0,0.0,0.0,0.0,0.0,0.0,0.0,0.0,0.0,0.0,0.0,0.0,0.0,0.0,0.0,0.0,0.0,0.0,0.0,0.0,0.0,0.0,0.0,0.0,0.0,0.0,0.0,0.0,0.0,0.0,0.0,0.0,0.0,0.0,0.0,0.0,0.0,0.0,0.0,0.0,0.0,0.0,0.0,0.0,0.0
S2_NA_W0_P0,0.0,0.0,0.0,0.0,0.0,0.0,0.0,0.0,0.0,0.0,0.0,0.0,0.10714285714285714,0.0,0.0,0.0,0.002551020408163265,0.0,0.0,0.002551020408163265,0.0,0.0,0.0,0.0,0.002551020408163265,0.0,0.0,0.0,0.0,0.0,0.0,0.0,0.0,0.0,0.0,0.36989795918367346,0.0,0.0,0.0,0.0,0.0,0.0,0.0,0.0,0.0,0.0,0.0,0.0,0.0,0.0,0.0,0.0,0.0,0.0,0.0,0.0,0.0,0.0,0.18112244897959184,0.0,0.0,0.0,0.007653061224489796,0.007653061224489796,0.0,0.0,0.0,0.0,0.0,0.0,0.0,0.0,0.0,0.0,0.0,0.0,0.0,0.0,0.0,0.0,0.0,0.0,0.30357142857142855,0.0,0.0,0.002551020408163265,0.007653061224489796,0.0,0.0,0.0,0.0,0.0,0.00510204081632653,0.0,0.0,0.0,0.0,0.0,0.0,0.0,0.0,0.0,0.0,0.0,0.0,0.0,0.0,0.0,0.0,0.0,0.0,0.0,0.0,0.0,0.0,0.0,0.0,0.0,0.0,0.0,0.0,0.0,0.0,0.0,0.0,0.0,0.0
S2_NA_W0_P1,0.0,0.0,0.0,0.0,0.0,0.0,0.0,0.0,0.0,0.0,0.0,0.0,0.0,0.0,0.0,0.0,0.0,0.0,0.0,0.0,0.0,0.0,0.0,0.0,0.0,0.0,0.0,0.0,0.0,0.0,0.0,0.0,0.0,0.0,0.0,0.0,0.2,0.1,0.0,0.0,0.0,0.0,0.0,0.0,0.0,0.0,0.0,0.0,0.0,0.0,0.0,0.0,0.0,0.0,0.0,0.0,0.0,0.0,0.0,0.0,0.1,0.0,0.0,0.0,0.0,0.0,0.0,0.0,0.0,0.0,0.0,0.0,0.0,0.0,0.0,0.0,0.0,0.0,0.0,0.0,0.0,0.0,0.0,0.1,0.1,0.2,0.0,0.0,0.1,0.0,0.0,0.0,0.0,0.0,0.0,0.0,0.0,0.0,0.0,0.0,0.0,0.0,0.0,0.0,0.0,0.0,0.0,0.0,0.0,0.1,0.0,0.0,0.0,0.0,0.0,0.0,0.0,0.0,0.0,0.0,0.0,0.0,0.0,0.0,0.0,0.0,0.0
S2_NA_W0_P2,0.0,0.0,0.0,0.0,0.0,0.0,0.0,0.0,0.0,0.0,0.0,0.0,0.0,0.010101010101010102,0.0707070707070707,0.0707070707070707,0.0,0.0,0.0,0.0,0.0,0.0,0.0,0.0,0.0,0.0,0.0,0.0,0.0,0.0,0.0,0.0,0.0,0.0,0.0,0.0,0.0,0.21212121212121213,0.08080808080808081,0.010101010101010102,0.0,0.0,0.010101010101010102,0.0,0.0,0.0,0.0,0.020202020202020204,0.0,0.0,0.0,0.0,0.0,0.0,0.0,0.0,0.010101010101010102,0.0,0.0,0.0,0.1111111111111111,0.04040404040404041,0.0,0.0,0.0,0.020202020202020204,0.0,0.0,0.0,0.0,0.010101010101010102,0.0,0.0,0.0,0.0,0.0,0.0,0.0,0.0,0.0,0.0,0.0,0.0,0.0,0.09090909090909091,0.050505050505050504,0.0,0.0,0.0,0.020202020202020204,0.0,0.0,0.0,0.020202020202020204,0.030303030303030304,0.0,0.0,0.0,0.030303030303030304,0.010101010101010102,0.0,0.0,0.0,0.0,0.0,0.0,0.0,0.010101010101010102,0.010101010101010102,0.030303030303030304,0.0,0.0,0.010101010101010102,0.0,0.0,0.0,0.0,0.0,0.0,0.0,0.0,0.010101010101010102,0.0,0.0,0.0,0.0,0.0
S2_NA_W0_P3,0.0,0.0,0.0,0.0,0.0,0.0,0.0,0.0,0.0,0.0,0.0,0.0,0.0,0.0,0.0030303030303030303,0.09696969696969697,0.012121212121212121,0.0,0.0,0.0030303030303030303,0.015151515151515152,0.0,0.0,0.0,0.0030303030303030303,0.0030303030303030303,0.0,0.0,0.0,0.0,0.0,0.0,0.0,0.0,0.0,0.0,0.0,0.006060606060606061,0.1696969696969697,0.06666666666666667,0.0,0.0,0.006060606060606061,0.024242424242424242,0.0,0.0,0.0,0.01818181818181818,0.0030303030303030303,0.0,0.0,0.0,0.0030303030303030303,0.0030303030303030303,0.0,0.0,0.0,0.0,0.0030303030303030303,0.0,0.0030303030303030303,0.09090909090909091,0.051515151515151514,0.0,0.0,0.00909090909090909,0.024242424242424242,0.0,0.0,0.0,0.012121212121212121,0.00909090909090909,0.0,0.0,0.0,0.0030303030303030303,0.0,0.0,0.0,0.0,0.0,0.0,0.0030303030303030303,0.0,0.00909090909090909,0.09696969696969697,0.06060606060606061,0.0030303030303030303,0.0,0.015151515151515152,0.05757575757575758,0.0,0.0030303030303030303,0.0,0.045454545454545456,0.012121212121212121,0.0030303030303030303,0.0,0.0,0.01818181818181818,0.0,0.0,0.0,0.0,0.0,0.0,0.0,0.0,0.006060606060606061,0.012121212121212121,0.0,0.0,0.006060606060606061,0.0,0.0,0.0,0.0030303030303030303,0.0,0.0030303030303030303,0.0,0.0,0.0,0.0,0.0,0.0,0.0,0.0
S2_NA_W0_P4,0.0,0.0,0.0,0.0,0.0,0.0,0.0,0.0,0.0,0.0,0.0,0.0,0.0017452006980802793,0.0,0.0,0.0017452006980802793,0.11867364746945899,0.0,0.0,0.0,0.0,0.0034904013961605585,0.0,0.0,0.0,0.0,0.0,0.0,0.0,0.0,0.0,0.0,0.0,0.0,0.0,0.005235602094240838,0.0,0.0,0.012216404886561954,0.30017452006980805,0.0,0.0,0.0,0.008726003490401396,0.006980802792321117,0.0,0.0,0.0,0.005235602094240838,0.0,0.0,0.0,0.0,0.0,0.0,0.0,0.0,0.0,0.0,0.0,0.0,0.015706806282722512,0.1256544502617801,0.0,0.0,0.0,0.013961605584642234,0.006980802792321117,0.0,0.0,0.0017452006980802793,0.008726003490401396,0.0,0.0,0.0017452006980802793,0.0,0.0,0.0,0.0,0.0,0.0,0.0,0.0017452006980802793,0.0,0.0,0.034904013961605584,0.2111692844677138,0.0,0.0,0.0017452006980802793,0.02443280977312391,0.005235602094240838,0.0017452006980802793,0.0,0.008726003490401396,0.02443280977312391,0.005235602094240838,0.0,0.0017452006980802793,0.006980802792321117,0.0,0.0,0.0017452006980802793,0.0,0.0,0.0,0.0,0.0,0.012216404886561954,0.012216404886561954,0.0,0.0,0.0017452006980802793,0.0017452006980802793,0.0,0.0,0.0,0.0034904013961605585,0.0,0.0,0.0,0.0,0.0,0.0,0.0,0.0,0.0
S2_NA_W1_P0,0.0,0.0,0.0,0.0,0.0,0.0,0.0,0.0,0.0,0.0,0.0,0.0,0.0,0.0,0.0,0.0,0.0,0.06666666666666667,0.0,0.0,0.0,0.0,0.0,0.0,0.0,0.0,0.0,0.0,0.0,0.0,0.0,0.0,0.0,0.0,0.0,0.0,0.0,0.0,0.06666666666666667,0.0,0.06666666666666667,0.0,0.0,0.06666666666666667,0.0,0.06666666666666667,0.0,0.06666666666666667,0.0,0.0,0.0,0.06666666666666667,0.0,0.0,0.0,0.0,0.0,0.0,0.13333333333333333,0.0,0.0,0.0,0.0,0.06666666666666667,0.0,0.0,0.0,0.0,0.0,0.0,0.0,0.0,0.0,0.0,0.0,0.0,0.0,0.0,0.0,0.0,0.0,0.0,0.13333333333333333,0.0,0.0,0.0,0.0,0.2,0.0,0.0,0.0,0.0,0.0,0.0,0.0,0.0,0.0,0.0,0.0,0.0,0.0,0.0,0.0,0.0,0.0,0.0,0.0,0.0,0.0,0.0,0.0,0.0,0.0,0.0,0.0,0.0,0.0,0.0,0.0,0.0,0.0,0.0,0.0,0.0,0.0,0.0,0.0
S2_NA_W1_P1,0.0,0.0,0.0,0.0,0.0,0.0,0.0,0.0,0.0,0.0,0.0,0.0,0.0,0.0,0.05555555555555555,0.0,0.0,0.0,0.1111111111111111,0.05555555555555555,0.0,0.0,0.0,0.0,0.0,0.0,0.0,0.0,0.0,0.0,0.0,0.0,0.0,0.0,0.0,0.0,0.0,0.05555555555555555,0.0,0.0,0.0,0.0,0.0,0.0,0.0,0.0,0.0,0.0,0.0,0.0,0.0,0.0,0.0,0.0,0.0,0.0,0.0,0.0,0.0,0.0,0.16666666666666666,0.0,0.0,0.0,0.0,0.05555555555555555,0.0,0.0,0.0,0.0,0.0,0.0,0.0,0.0,0.0,0.0,0.0,0.0,0.0,0.0,0.0,0.0,0.0,0.0,0.1111111111111111,0.0,0.0,0.0,0.05555555555555555,0.1111111111111111,0.0,0.0,0.0,0.16666666666666666,0.05555555555555555,0.0,0.0,0.0,0.0,0.0,0.0,0.0,0.0,0.0,0.0,0.0,0.0,0.0,0.0,0.0,0.0,0.0,0.0,0.0,0.0,0.0,0.0,0.0,0.0,0.0,0.0,0.0,0.0,0.0,0.0,0.0,0.0
S2_NA_W1_P2,0.0,0.0,0.0,0.0,0.0,0.0,0.0,0.0,0.0,0.0,0.0,0.0,0.0,0.0,0.02666666666666667,0.0,0.0,0.0,0.0,0.04,0.0,0.0,0.0,0.0,0.05333333333333334,0.013333333333333334,0.0,0.0,0.0,0.0,0.0,0.0,0.0,0.0,0.0,0.0,0.0,0.02666666666666667,0.04,0.0,0.0,0.0,0.013333333333333334,0.013333333333333334,0.0,0.0,0.0,0.16,0.0,0.0,0.0,0.0,0.0,0.0,0.0,0.0,0.0,0.0,0.0,0.0,0.0,0.05333333333333334,0.0,0.013333333333333334,0.0,0.05333333333333334,0.04,0.0,0.0,0.02666666666666667,0.06666666666666667,0.0,0.0,0.0,0.0,0.02666666666666667,0.0,0.0,0.0,0.0,0.0,0.0,0.0,0.0,0.013333333333333334,0.05333333333333334,0.0,0.0,0.0,0.05333333333333334,0.013333333333333334,0.0,0.0,0.0,0.13333333333333333,0.0,0.0,0.0,0.04,0.013333333333333334,0.0,0.0,0.0,0.0,0.0,0.0,0.0,0.0,0.0,0.0,0.0,0.0,0.0,0.0,0.0,0.0,0.0,0.0,0.0,0.0,0.0,0.0,0.0,0.0,0.013333333333333334,0.0,0.0
S2_NA_W1_P3,0.0,0.0,0.0,0.0,0.0,0.0,0.0,0.0,0.0,0.0,0.0,0.0,0.0,0.0,0.0,0.007722007722007722,0.003861003861003861,0.003861003861003861,0.0,0.003861003861003861,0.05405405405405406,0.007722007722007722,0.0,0.0,0.011583011583011582,0.011583011583011582,0.0,0.0,0.0,0.003861003861003861,0.0,0.0,0.0,0.0,0.0,0.0,0.0,0.0,0.04247104247104247,0.03474903474903475,0.0,0.0,0.003861003861003861,0.14285714285714285,0.011583011583011582,0.0,0.0,0.02702702702702703,0.05019305019305019,0.003861003861003861,0.0,0.0,0.011583011583011582,0.0,0.0,0.0,0.0,0.0,0.003861003861003861,0.0,0.0,0.03088803088803089,0.015444015444015444,0.003861003861003861,0.0,0.007722007722007722,0.04633204633204633,0.0,0.0,0.0,0.03474903474903475,0.019305019305019305,0.0,0.0,0.0,0.03861003861003861,0.003861003861003861,0.0,0.0,0.0,0.0,0.0,0.0,0.0,0.0,0.04247104247104247,0.05019305019305019,0.0,0.0,0.007722007722007722,0.05791505791505792,0.007722007722007722,0.003861003861003861,0.0,0.04247104247104247,0.04247104247104247,0.0,0.0,0.023166023166023165,0.05405405405405406,0.003861003861003861,0.0,0.0,0.0,0.0,0.0,0.0,0.0,0.003861003861003861,0.019305019305019305,0.0,0.0,0.0,0.0,0.0,0.0,0.0,0.0,0.0,0.0,0.0,0.0,0.0,0.0,0.0,0.0,0.0
S2_NA_W1_P4,0.0,0.0,0.0,0.0,0.0,0.0,0.0,0.0,0.0,0.0,0.0,0.0,0.0,0.0,0.0,0.0,0.01639344262295082,0.0,0.0,0.0,0.04918032786885246,0.04918032786885246,0.0,0.0,0.0,0.03278688524590164,0.0,0.0,0.0,0.0,0.0,0.0,0.0,0.0,0.0,0.0,0.0,0.0,0.01639344262295082,0.03278688524590164,0.0,0.0,0.0,0.01639344262295082,0.08196721311475409,0.0,0.0,0.03278688524590164,0.01639344262295082,0.03278688524590164,0.0,0.0,0.0,0.0,0.0,0.0,0.0,0.0,0.0,0.0,0.0,0.0,0.08196721311475409,0.0,0.0,0.0,0.0,0.04918032786885246,0.0,0.0,0.0,0.01639344262295082,0.0,0.0,0.0,0.0,0.0,0.01639344262295082,0.0,0.0,0.0,0.0,0.01639344262295082,0.0,0.0,0.0,0.13114754098360656,0.0,0.0,0.0,0.03278688524590164,0.08196721311475409,0.0,0.0,0.0,0.01639344262295082,0.04918032786885246,0.0,0.01639344262295082,0.0,0.03278688524590164,0.0,0.0,0.0,0.0,0.0,0.0,0.0,0.01639344262295082,0.04918032786885246,0.0,0.0,0.0,0.0,0.0,0.0,0.01639344262295082,0.0,0.0,0.0,0.0,0.0,0.0,0.0,0.0,0.0,0.0
S2_NA_W2_P0,0.0,0.0,0.0,0.0,0.0,0.0,0.0,0.0,0.0,0.0,0.0,0.0,0.0,0.0,0.0,0.0,0.0,0.0,0.0,0.0,0.0,0.0,0.0,0.0,0.05555555555555555,0.05555555555555555,0.0,0.0,0.0,0.05555555555555555,0.0,0.0,0.0,0.0,0.0,0.0,0.0,0.0,0.0,0.0,0.05555555555555555,0.0,0.0,0.0,0.0,0.1111111111111111,0.0,0.05555555555555555,0.0,0.0,0.0,0.0,0.0,0.0,0.0,0.0,0.0,0.0,0.0,0.0,0.0,0.0,0.0,0.05555555555555555,0.0,0.0,0.05555555555555555,0.0,0.1111111111111111,0.0,0.0,0.0,0.0,0.0,0.0,0.0,0.0,0.0,0.0,0.0,0.0,0.0,0.0,0.0,0.0,0.05555555555555555,0.0,0.0,0.0,0.05555555555555555,0.0,0.0,0.16666666666666666,0.0,0.0,0.0,0.0,0.05555555555555555,0.0,0.05555555555555555,0.0,0.0,0.0,0.0,0.0,0.0,0.0,0.0,0.0,0.0,0.0,0.0,0.0,0.0,0.0,0.0,0.0,0.0,0.0,0.0,0.0,0.0,0.0,0.0,0.0,0.0,0.0
S2_NA_W2_P1,0.0,0.0,0.0,0.0,0.0,0.0,0.0,0.0,0.0,0.0,0.0,0.0,0.0,0.0,0.0,0.0,0.0,0.0,0.013513513513513514,0.013513513513513514,0.0,0.0,0.0,0.08108108108108109,0.013513513513513514,0.0,0.0,0.0,0.02702702702702703,0.0,0.0,0.0,0.0,0.0,0.0,0.0,0.0,0.013513513513513514,0.0,0.0,0.0,0.0,0.013513513513513514,0.0,0.0,0.0,0.08108108108108109,0.04054054054054054,0.0,0.0,0.0,0.0,0.0,0.0,0.0,0.0,0.0,0.0,0.0,0.013513513513513514,0.013513513513513514,0.0,0.0,0.0,0.0,0.0,0.0,0.0,0.0,0.0945945945945946,0.0,0.0,0.0,0.0,0.02702702702702703,0.0,0.0,0.0,0.0,0.0,0.0,0.0,0.0,0.0,0.02702702702702703,0.0,0.0,0.0,0.0,0.08108108108108109,0.0,0.0,0.0,0.1891891891891892,0.02702702702702703,0.0,0.0,0.04054054054054054,0.10810810810810811,0.013513513513513514,0.0,0.0,0.013513513513513514,0.0,0.0,0.0,0.0,0.0,0.0,0.04054054054054054,0.0,0.013513513513513514,0.0,0.0,0.0,0.0,0.0,0.0,0.0,0.0,0.0,0.0,0.0,0.0,0.0,0.0,0.0
S2_NA_W2_P2,0.0,0.0,0.0,0.0,0.0,0.0,0.0,0.0,0.0,0.0,0.0,0.0,0.0,0.0,0.006097560975609756,0.003048780487804878,0.0,0.0,0.0,0.012195121951219513,0.003048780487804878,0.0,0.0,0.0,0.06097560975609756,0.009146341463414634,0.0,0.0,0.006097560975609756,0.027439024390243903,0.0,0.0,0.0,0.0,0.0,0.0,0.0,0.009146341463414634,0.009146341463414634,0.003048780487804878,0.0,0.0,0.009146341463414634,0.03048780487804878,0.0,0.003048780487804878,0.012195121951219513,0.15853658536585366,0.027439024390243903,0.0,0.0,0.012195121951219513,0.057926829268292686,0.003048780487804878,0.0,0.0,0.0,0.0,0.0,0.0,0.006097560975609756,0.009146341463414634,0.006097560975609756,0.0,0.0,0.006097560975609756,0.006097560975609756,0.003048780487804878,0.003048780487804878,0.003048780487804878,0.04573170731707317,0.018292682926829267,0.0,0.0,0.024390243902439025,0.051829268292682924,0.0,0.0,0.0,0.0,0.0,0.0,0.0,0.0,0.006097560975609756,0.021341463414634148,0.006097560975609756,0.0,0.0,0.009146341463414634,0.03048780487804878,0.003048780487804878,0.003048780487804878,0.009146341463414634,0.09451219512195122,0.021341463414634148,0.0,0.0,0.06097560975609756,0.042682926829268296,0.003048780487804878,0.0,0.0,0.01524390243902439,0.0,0.0,0.0,0.006097560975609756,0.0,0.018292682926829267,0.0,0.0,0.0,0.0,0.0,0.0,0.003048780487804878,0.0,0.0,0.0,0.0,0.0,0.0,0.0,0.0,0.0,0.0
S2_NA_W2_P3,0.0,0.0,0.0,0.0,0.0,0.0,0.0,0.0,0.0,0.0,0.0,0.0,0.0,0.0,0.0,0.0,0.008130081300813009,0.0,0.0,0.0,0.02032520325203252,0.008130081300813009,0.0040650406504065045,0.0,0.016260162601626018,0.07723577235772358,0.0,0.0,0.0,0.0040650406504065045,0.012195121951219513,0.0,0.0,0.0,0.0,0.0,0.0,0.0,0.0040650406504065045,0.0040650406504065045,0.0,0.0,0.0040650406504065045,0.04065040650406504,0.008130081300813009,0.0,0.0,0.056910569105691054,0.15853658536585366,0.0040650406504065045,0.0,0.0,0.036585365853658534,0.0,0.0,0.0,0.0,0.0,0.0,0.0,0.0,0.0040650406504065045,0.016260162601626018,0.0,0.0,0.0,0.024390243902439025,0.008130081300813009,0.0,0.0,0.024390243902439025,0.04878048780487805,0.0040650406504065045,0.0,0.0040650406504065045,0.032520325203252036,0.0040650406504065045,0.0,0.0,0.0,0.0,0.0,0.0,0.0,0.0,0.008130081300813009,0.032520325203252036,0.0,0.0,0.0040650406504065045,0.032520325203252036,0.024390243902439025,0.0,0.0,0.044715447154471545,0.08943089430894309,0.008130081300813009,0.0,0.016260162601626018,0.06097560975609756,0.0040650406504065045,0.0,0.0,0.0040650406504065045,0.0040650406504065045,0.0,0.0,0.0,0.0,0.008130081300813009,0.0,0.0,0.0,0.0040650406504065045,0.0,0.0,0.0040650406504065045,0.0,0.0,0.0040650406504065045,0.0,0.0,0.0,0.0,0.008130081300813009,0.0,0.0
S2_NA_W2_P4,0.0,0.0,0.0,0.0,0.0,0.0,0.0,0.0,0.0,0.0,0.0,0.0,0.0,0.0,0.0,0.0,0.06451612903225806,0.0,0.0,0.0,0.0,0.06451612903225806,0.0,0.0,0.0,0.0,0.06451612903225806,0.0,0.0,0.0,0.0,0.0,0.0,0.0,0.0,0.0,0.0,0.0,0.0,0.06451612903225806,0.0,0.0,0.0,0.0,0.0,0.0,0.0,0.0,0.0,0.12903225806451613,0.0,0.0,0.0,0.0,0.0,0.0,0.0,0.0,0.0,0.0,0.0,0.0,0.0,0.0,0.0,0.0,0.0,0.03225806451612903,0.0,0.0,0.03225806451612903,0.03225806451612903,0.0,0.0,0.0,0.0,0.03225806451612903,0.0,0.0,0.0,0.0,0.0,0.0,0.0,0.0,0.0,0.03225806451612903,0.0,0.0,0.0,0.0,0.0,0.0,0.0,0.0,0.16129032258064516,0.03225806451612903,0.0,0.0,0.03225806451612903,0.03225806451612903,0.0,0.0,0.0,0.0,0.0,0.0,0.0,0.03225806451612903,0.06451612903225806,0.0,0.0,0.06451612903225806,0.0,0.0,0.0,0.0,0.0,0.0,0.0,0.03225806451612903,0.0,0.0,0.0,0.0,0.0,0.0
S2_NA_W3_P0,0.0,0.0,0.0,0.0,0.0,0.0,0.0,0.0,0.0,0.0,0.0,0.0,0.0,0.0,0.0,0.0,0.0,0.0,0.0,0.0,0.0,0.0,0.0,0.022222222222222223,0.0,0.0,0.0,0.044444444444444446,0.044444444444444446,0.0,0.0,0.0,0.0,0.0,0.0,0.0,0.0,0.0,0.0,0.0,0.0,0.0,0.0,0.0,0.0,0.0,0.022222222222222223,0.0,0.0,0.0,0.022222222222222223,0.0,0.022222222222222223,0.0,0.0,0.022222222222222223,0.022222222222222223,0.0,0.0,0.0,0.0,0.0,0.0,0.0,0.0,0.0,0.0,0.0,0.0,0.0,0.0,0.0,0.0,0.044444444444444446,0.022222222222222223,0.0,0.0,0.0,0.022222222222222223,0.022222222222222223,0.0,0.0,0.022222222222222223,0.0,0.0,0.0,0.0,0.0,0.044444444444444446,0.0,0.0,0.0,0.0,0.022222222222222223,0.0,0.0,0.0,0.3333333333333333,0.044444444444444446,0.0,0.0,0.0,0.13333333333333333,0.0,0.0,0.0,0.0,0.0,0.022222222222222223,0.022222222222222223,0.0,0.0,0.0,0.0,0.0,0.0,0.0,0.0,0.0,0.0,0.022222222222222223,0.0,0.0,0.0,0.0,0.0,0.0
S2_NA_W3_P1,0.0,0.0,0.0,0.0,0.0,0.0,0.0,0.0,0.0,0.0,0.0,0.0,0.0,0.0,0.0,0.0,0.0,0.0,0.0,0.0,0.0,0.0,0.0,0.0,0.004830917874396135,0.0,0.0,0.0,0.09178743961352658,0.007246376811594203,0.0,0.0,0.004830917874396135,0.016908212560386472,0.0,0.0,0.0,0.0024154589371980675,0.0,0.0,0.0,0.0,0.0024154589371980675,0.0,0.0,0.0,0.021739130434782608,0.007246376811594203,0.0,0.0,0.0,0.18115942028985507,0.03140096618357488,0.0,0.0,0.0024154589371980675,0.05314009661835749,0.0,0.0,0.0,0.007246376811594203,0.004830917874396135,0.0024154589371980675,0.0,0.0,0.0,0.0,0.0,0.0,0.0,0.007246376811594203,0.0024154589371980675,0.0,0.0,0.08695652173913043,0.026570048309178744,0.0,0.0,0.00966183574879227,0.033816425120772944,0.0,0.0,0.0,0.0,0.012077294685990338,0.0,0.004830917874396135,0.0,0.0,0.0,0.0024154589371980675,0.0,0.0,0.03140096618357488,0.014492753623188406,0.004830917874396135,0.0,0.0024154589371980675,0.15217391304347827,0.026570048309178744,0.0024154589371980675,0.0,0.036231884057971016,0.07246376811594203,0.0,0.0,0.0,0.0,0.0,0.00966183574879227,0.0,0.0,0.0024154589371980675,0.0024154589371980675,0.0,0.0,0.0,0.0,0.0,0.0024154589371980675,0.004830917874396135,0.0,0.0,0.0,0.004830917874396135,0.0024154589371980675,0.0
S2_NA_W3_P2,0.0,0.0,0.0,0.0,0.0,0.0,0.0,0.0,0.0,0.0,0.0,0.0,0.0,0.0,0.0025,0.0,0.0,0.0,0.0,0.0,0.0,0.0,0.0,0.0,0.0125,0.0025,0.0,0.0,0.0175,0.085,0.0025,0.0,0.0,0.0025,0.0025,0.0,0.0,0.0,0.0,0.0025,0.0,0.0,0.0,0.005,0.0,0.0,0.0,0.0325,0.01,0.0025,0.0025,0.085,0.1975,0.005,0.0,0.0,0.0125,0.0025,0.0,0.0,0.0025,0.0,0.0,0.0,0.0,0.0,0.0,0.0,0.0,0.0,0.025,0.0075,0.0025,0.0,0.0425,0.0475,0.0025,0.0,0.0025,0.02,0.005,0.0,0.0,0.0,0.0,0.0075,0.0075,0.0,0.0,0.0025,0.01,0.005,0.0,0.0,0.015,0.015,0.0,0.0,0.085,0.14,0.01,0.0025,0.0025,0.0325,0.0025,0.0,0.0,0.0,0.01,0.0075,0.0,0.0,0.0025,0.0,0.0,0.0,0.0,0.0,0.0,0.0,0.0,0.0,0.0,0.0,0.0,0.0,0.0
S2_NA_W3_P3,0.0,0.0,0.0,0.0,0.0,0.0,0.0,0.0,0.0,0.0,0.0,0.0,0.0,0.0,0.0,0.0,0.0,0.0,0.0,0.0,0.0,0.0,0.0,0.0,0.0,0.022727272727272728,0.022727272727272728,0.0,0.0,0.06818181818181818,0.13636363636363635,0.0,0.0,0.0,0.0,0.0,0.0,0.0,0.0,0.0,0.0,0.0,0.0,0.0,0.0,0.0,0.0,0.022727272727272728,0.0,0.022727272727272728,0.0,0.0,0.06818181818181818,0.13636363636363635,0.022727272727272728,0.0,0.0,0.0,0.0,0.0,0.0,0.0,0.0,0.0,0.0,0.0,0.0,0.045454545454545456,0.0,0.0,0.045454545454545456,0.0,0.0,0.0,0.0,0.045454545454545456,0.045454545454545456,0.0,0.0,0.0,0.0,0.0,0.0,0.0,0.0,0.0,0.022727272727272728,0.0,0.0,0.0,0.0,0.0,0.0,0.0,0.0,0.0,0.0,0.0,0.0,0.13636363636363635,0.06818181818181818,0.022727272727272728,0.0,0.0,0.0,0.0,0.0,0.0,0.022727272727272728,0.0,0.0,0.0,0.0,0.022727272727272728,0.0,0.0,0.0,0.0,0.0,0.0,0.0,0.0,0.0,0.0,0.0,0.0,0.0
S2_NA_W3_P4,0.0,0.0,0.0,0.0,0.0,0.0,0.0,0.0,0.0,0.0,0.0,0.0,0.0,0.0,0.0,0.0,0.0,0.0,0.0,0.0,0.0,0.0,0.0,0.0,0.0,0.0,0.0,0.0,0.0,0.0,0.2,0.0,0.0,0.0,0.0,0.0,0.0,0.0,0.0,0.0,0.0,0.0,0.0,0.0,0.0,0.0,0.0,0.0,0.0,0.0,0.0,0.0,0.0,0.0,0.0,0.0,0.0,0.0,0.0,0.0,0.0,0.0,0.0,0.0,0.0,0.0,0.0,0.0,0.0,0.0,0.0,0.0,0.0,0.0,0.0,0.0,0.0,0.0,0.0,0.0,0.0,0.0,0.0,0.0,0.0,0.0,0.2,0.0,0.0,0.0,0.0,0.0,0.0,0.0,0.0,0.2,0.2,0.0,0.0,0.0,0.0,0.0,0.0,0.2,0.0,0.0,0.0,0.0,0.0,0.0,0.0,0.0,0.0,0.0,0.0,0.0,0.0,0.0,0.0,0.0,0.0,0.0,0.0,0.0,0.0,0.0,0.0
S2_NA_W4_P0,0.0,0.0,0.0,0.0,0.0,0.0,0.0,0.0,0.0,0.0,0.0,0.0,0.0,0.0,0.0,0.0,0.0,0.0,0.0,0.0,0.0,0.0,0.0,0.0,0.0,0.0,0.0,0.00505902192242833,0.0016863406408094434,0.0,0.0,0.0,0.14839797639123103,0.006745362563237774,0.0,0.0,0.0,0.0,0.0,0.0,0.0,0.0,0.0,0.0,0.0,0.0,0.0016863406408094434,0.0,0.0,0.0,0.0016863406408094434,0.006745362563237774,0.0,0.0,0.0,0.3288364249578415,0.016863406408094434,0.0,0.0,0.0,0.0,0.0,0.0,0.0,0.0,0.0,0.0,0.0,0.0,0.0,0.0,0.0,0.0,0.00505902192242833,0.006745362563237774,0.0,0.0,0.0,0.17200674536256325,0.008431703204047217,0.0,0.0,0.0,0.0,0.0,0.0,0.0,0.0,0.0016863406408094434,0.0,0.00505902192242833,0.0,0.0,0.003372681281618887,0.003372681281618887,0.0,0.0,0.01011804384485666,0.003372681281618887,0.003372681281618887,0.0,0.0,0.21416526138279932,0.03035413153456998,0.0,0.0,0.0,0.0,0.003372681281618887,0.003372681281618887,0.0,0.0016863406408094434,0.0016863406408094434,0.0,0.0,0.0,0.003372681281618887,0.0,0.0,0.0,0.0,0.0,0.0,0.0,0.0,0.0016863406408094434,0.0
S2_NA_W4_P1,0.0,0.0,0.0,0.0,0.0,0.0,0.0,0.0,0.0,0.0,0.0,0.0,0.0,0.0,0.0,0.0,0.0,0.0,0.0,0.0,0.0,0.0,0.0,0.0028653295128939827,0.0,0.0,0.0,0.0,0.008595988538681949,0.0,0.0,0.0,0.034383954154727794,0.12034383954154727,0.0,0.0,0.0,0.0,0.0,0.0,0.0,0.0,0.0,0.0,0.0,0.0,0.0,0.008595988538681949,0.0,0.0,0.0,0.011461318051575931,0.0028653295128939827,0.0028653295128939827,0.0,0.07163323782234957,0.20057306590257878,0.0,0.0,0.0,0.0057306590257879654,0.0,0.0057306590257879654,0.0,0.0,0.0,0.0,0.0,0.0,0.0,0.0,0.0,0.0028653295128939827,0.0,0.022922636103151862,0.0028653295128939827,0.0,0.0,0.04871060171919771,0.07736389684813753,0.0,0.0,0.0,0.0,0.0,0.0028653295128939827,0.0057306590257879654,0.0,0.0,0.0,0.0028653295128939827,0.0,0.0,0.0028653295128939827,0.0028653295128939827,0.0,0.0,0.0,0.04297994269340974,0.02005730659025788,0.0,0.0,0.1174785100286533,0.14326647564469913,0.0,0.0,0.0,0.0,0.011461318051575931,0.0057306590257879654,0.0,0.0,0.0028653295128939827,0.0,0.0,0.0,0.0,0.0028653295128939827,0.0,0.0,0.0,0.0,0.0,0.0028653295128939827,0.0,0.0028653295128939827,0.0
S2_NA_W4_P2,0.0,0.0,0.0,0.0,0.0,0.0,0.0,0.0,0.0,0.0,0.0,0.0,0.0,0.0,0.0,0.0,0.0,0.0,0.0,0.0,0.0,0.0,0.0,0.0,0.0,0.0,0.0,0.0,0.0,0.0,0.0,0.0,0.0,0.0,0.0,0.0,0.0,0.0,0.0,0.0,0.0,0.0,0.0,0.0,0.0,0.0,0.0,0.0,0.0,0.0,0.0,0.0,0.0,0.0,0.0,0.0,0.14285714285714285,0.14285714285714285,0.0,0.0,0.0,0.0,0.14285714285714285,0.0,0.0,0.0,0.0,0.0,0.0,0.0,0.0,0.0,0.0,0.0,0.14285714285714285,0.0,0.0,0.0,0.0,0.14285714285714285,0.0,0.0,0.0,0.0,0.0,0.0,0.0,0.0,0.0,0.0,0.0,0.0,0.0,0.0,0.0,0.0,0.0,0.0,0.0,0.0,0.0,0.0,0.0,0.0,0.14285714285714285,0.0,0.0,0.0,0.0,0.14285714285714285,0.0,0.0,0.0,0.0,0.0,0.0,0.0,0.0,0.0,0.0,0.0,0.0,0.0,0.0,0.0,0.0,0.0
S2_NA_W4_P3,0.0,0.0,0.0,0.0,0.0,0.0,0.0,0.0,0.0,0.0,0.0,0.0,0.0,0.0,0.0,0.0,0.0,0.0,0.0,0.0,0.0,0.0,0.0,0.0,0.0,0.0,0.0,0.0,0.0,0.0,0.0,0.0,0.0,0.0,0.0,0.0,0.0,0.0,0.0,0.0,0.0,0.0,0.0,0.0,0.0,0.0,0.0,0.0,0.0,0.0,0.0,0.0,0.0,0.0,0.0,0.0,0.0,0.0,0.0,0.0,0.0,0.0,0.0,0.0,0.0,0.0,0.0,0.0,0.0,0.0,0.0,0.0,0.0,0.0,0.0,0.0,0.0,0.0,0.0,0.0,0.0,0.0,0.0,0.0,0.0,0.0,0.0,0.0,0.0,0.0,0.0,0.0,0.0,0.0,0.0,0.0,0.0,0.0,0.0,0.0,0.0,0.0,0.0,0.0,0.0,0.0,0.0,0.0,1.0,0.0,0.0,0.0,0.0,0.0,0.0,0.0,0.0,0.0,0.0,0.0,0.0,0.0,0.0,0.0,0.0,0.0,0.0
S3_NA_W0_P0,0.0,0.0,0.0,0.0,0.0,0.0,0.0,0.0,0.0,0.0,0.0,0.0,0.02197802197802198,0.0,0.0,0.0,0.0,0.0,0.0,0.0,0.0,0.0,0.0,0.0,0.0,0.0,0.0,0.0,0.0,0.0,0.0,0.0,0.0,0.0,0.0,0.18681318681318682,0.0,0.0,0.0,0.0,0.0,0.0,0.0,0.0,0.0,0.0,0.0,0.0,0.0,0.0,0.0,0.0,0.0,0.0,0.0,0.0,0.0,0.0,0.34798534798534797,0.0,0.0,0.003663003663003663,0.003663003663003663,0.0,0.0,0.0,0.0,0.0,0.0,0.0,0.0,0.0,0.0,0.0,0.0,0.0,0.0,0.0,0.0,0.0,0.0,0.0,0.4065934065934066,0.0,0.0,0.0,0.003663003663003663,0.003663003663003663,0.0,0.0,0.0,0.007326007326007326,0.0,0.0,0.0,0.0,0.0,0.0,0.0,0.0,0.0,0.0,0.014652014652014652,0.0,0.0,0.0,0.0,0.0,0.0,0.0,0.0,0.0,0.0,0.0,0.0,0.0,0.0,0.0,0.0,0.0,0.0,0.0,0.0,0.0,0.0,0.0,0.0
S3_NA_W0_P1,0.0,0.0,0.0,0.0,0.0,0.0,0.0,0.0,0.0,0.0,0.0,0.0,0.0,0.0,0.0,0.0,0.0,0.0,0.0,0.0,0.0,0.0,0.0,0.0,0.0,0.0,0.0,0.0,0.0,0.0,0.0,0.0,0.0,0.0,0.0,0.0,0.06666666666666667,0.0,0.0,0.0,0.0,0.0,0.0,0.0,0.0,0.0,0.0,0.0,0.0,0.0,0.0,0.0,0.0,0.0,0.0,0.0,0.0,0.0,0.0,0.13333333333333333,0.13333333333333333,0.0,0.0,0.0,0.06666666666666667,0.0,0.0,0.0,0.0,0.0,0.0,0.0,0.0,0.0,0.0,0.0,0.0,0.0,0.0,0.0,0.0,0.0,0.0,0.06666666666666667,0.13333333333333333,0.0,0.0,0.0,0.13333333333333333,0.0,0.0,0.0,0.0,0.06666666666666667,0.0,0.0,0.0,0.0,0.06666666666666667,0.0,0.0,0.0,0.0,0.0,0.0,0.0,0.0,0.06666666666666667,0.0,0.0,0.0,0.0,0.0,0.0,0.0,0.0,0.0,0.06666666666666667,0.0,0.0,0.0,0.0,0.0,0.0,0.0,0.0,0.0
S3_NA_W0_P2,0.0,0.0,0.0,0.0,0.0,0.0,0.0,0.0,0.0,0.0,0.0,0.0,0.0,0.0,0.0,0.014492753623188406,0.0,0.0,0.0,0.0,0.0,0.0,0.0,0.0,0.0,0.0,0.0,0.0,0.0,0.0,0.0,0.0,0.0,0.0,0.0,0.0,0.0,0.07246376811594203,0.014492753623188406,0.0,0.0,0.0,0.0,0.0,0.0,0.0,0.0,0.014492753623188406,0.0,0.0,0.0,0.0,0.0,0.0,0.0,0.0,0.0,0.0,0.0,0.0,0.18840579710144928,0.08695652173913043,0.014492753623188406,0.0,0.0,0.0,0.0,0.0,0.0,0.0,0.0,0.0,0.0,0.0,0.0,0.0,0.0,0.0,0.0,0.0,0.0,0.0,0.0,0.028985507246376812,0.17391304347826086,0.10144927536231885,0.028985507246376812,0.0,0.0,0.07246376811594203,0.0,0.0,0.0,0.0,0.014492753623188406,0.0,0.0,0.0,0.0,0.014492753623188406,0.0,0.0,0.0,0.0,0.0,0.0,0.0,0.014492753623188406,0.028985507246376812,0.08695652173913043,0.0,0.0,0.0,0.0,0.0,0.0,0.014492753623188406,0.014492753623188406,0.0,0.0,0.0,0.0,0.0,0.0,0.0,0.0,0.0
S3_NA_W0_P3,0.0,0.0,0.0,0.0,0.0,0.0,0.0,0.0,0.0,0.0,0.0,0.0,0.0,0.0,0.0,0.05429864253393665,0.0,0.0,0.0,0.0,0.004524886877828055,0.0,0.0,0.0,0.0,0.0,0.0,0.0,0.0,0.0,0.0,0.0,0.0,0.0,0.0,0.0,0.0,0.0,0.1085972850678733,0.04072398190045249,0.0,0.0,0.0,0.03619909502262444,0.0,0.0,0.0,0.00904977375565611,0.004524886877828055,0.0,0.0,0.0,0.0,0.0,0.0,0.0,0.0,0.0,0.0,0.0,0.00904977375565611,0.12217194570135746,0.01809954751131222,0.0,0.0,0.0,0.06334841628959276,0.0,0.0,0.0,0.00904977375565611,0.01809954751131222,0.0,0.0,0.0,0.0,0.0,0.0,0.0,0.0,0.0,0.0,0.0,0.0,0.01809954751131222,0.08597285067873303,0.058823529411764705,0.0,0.0,0.00904977375565611,0.04524886877828054,0.0,0.004524886877828055,0.0,0.03619909502262444,0.01809954751131222,0.0,0.0,0.01809954751131222,0.027149321266968326,0.0,0.0,0.03167420814479638,0.03167420814479638,0.0,0.0,0.0,0.0,0.02262443438914027,0.03167420814479638,0.0,0.00904977375565611,0.004524886877828055,0.0,0.0,0.0,0.00904977375565611,0.004524886877828055,0.0,0.0,0.00904977375565611,0.00904977375565611,0.0,0.0,0.013574660633484163,0.004524886877828055,0.0
S3_NA_W0_P4,0.0,0.0,0.0,0.0,0.0,0.0,0.0,0.0,0.0,0.0,0.0,0.0,0.0,0.0,0.0,0.001941747572815534,0.021359223300970873,0.0,0.0,0.0,0.0,0.001941747572815534,0.0,0.0,0.0,0.0,0.001941747572815534,0.0,0.0,0.0,0.0,0.0,0.0,0.0,0.0,0.0,0.0,0.0,0.005825242718446602,0.141747572815534,0.0,0.0,0.0,0.007766990291262136,0.001941747572815534,0.0,0.0,0.0,0.001941747572815534,0.0,0.0,0.0,0.0,0.0,0.0,0.0,0.0,0.0,0.003883495145631068,0.0,0.0,0.015533980582524271,0.19223300970873786,0.0,0.0,0.0,0.011650485436893204,0.009708737864077669,0.0,0.0,0.001941747572815534,0.005825242718446602,0.0,0.0,0.003883495145631068,0.0,0.0,0.0,0.0,0.005825242718446602,0.0,0.0,0.003883495145631068,0.0,0.0,0.017475728155339806,0.2407766990291262,0.0,0.0,0.011650485436893204,0.03495145631067961,0.013592233009708738,0.0,0.0,0.019417475728155338,0.019417475728155338,0.015533980582524271,0.0,0.005825242718446602,0.005825242718446602,0.007766990291262136,0.0,0.027184466019417475,0.013592233009708738,0.0,0.0,0.0,0.0,0.021359223300970873,0.03300970873786408,0.0,0.0,0.009708737864077669,0.001941747572815534,0.001941747572815534,0.0,0.017475728155339806,0.017475728155339806,0.001941747572815534,0.0,0.0,0.013592233009708738,0.0,0.0,0.001941747572815534,0.005825242718446602,0.0
S3_NA_W1_P0,0.0,0.0,0.0,0.0,0.0,0.0,0.0,0.0,0.0,0.0,0.0,0.0,0.0,0.0,0.0,0.0,0.0,0.0,0.0,0.0,0.0,0.0,0.0,0.0,0.0,0.0,0.0,0.0,0.0,0.0,0.0,0.0,0.0,0.0,0.0,0.0,0.0,0.0,0.0,0.0,0.0,0.0,0.0,0.0,0.0,0.0,0.0,0.0,0.06666666666666667,0.0,0.0,0.0,0.0,0.0,0.0,0.0,0.0,0.0,0.0,0.0,0.0,0.0,0.0,0.13333333333333333,0.0,0.0,0.0,0.0,0.13333333333333333,0.0,0.0,0.06666666666666667,0.0,0.0,0.0,0.0,0.0,0.0,0.0,0.0,0.0,0.0,0.0,0.0,0.0,0.0,0.0,0.4666666666666667,0.0,0.0,0.0,0.0,0.06666666666666667,0.0,0.0,0.0,0.0,0.0,0.0,0.0,0.0,0.0,0.0,0.0,0.0,0.0,0.0,0.0,0.0,0.0,0.0,0.06666666666666667,0.0,0.0,0.0,0.0,0.0,0.0,0.0,0.0,0.0,0.0,0.0,0.0,0.0,0.0,0.0
S3_NA_W1_P1,0.0,0.0,0.0,0.0,0.0,0.0,0.0,0.0,0.0,0.0,0.0,0.0,0.0,0.0,0.0,0.0,0.0,0.0,0.0,0.0,0.0,0.0,0.0,0.0,0.0,0.0,0.0,0.0,0.0,0.0,0.0,0.0,0.0,0.0,0.0,0.0,0.0,0.03125,0.0,0.0,0.0,0.0625,0.0,0.0,0.0,0.0,0.03125,0.0,0.0,0.0,0.0,0.03125,0.0,0.0,0.0,0.0,0.0,0.0,0.0,0.03125,0.125,0.0,0.0,0.0,0.0625,0.03125,0.0,0.0,0.0,0.03125,0.0,0.0,0.0,0.0,0.0,0.0,0.0,0.0,0.0,0.0,0.0,0.0,0.0,0.125,0.0,0.0,0.0,0.0,0.15625,0.0625,0.0,0.0,0.0,0.09375,0.0,0.0,0.0,0.0,0.0,0.0,0.0,0.0,0.0,0.0,0.0,0.0,0.03125,0.0,0.0,0.0,0.0,0.0,0.0,0.0,0.0,0.0625,0.0,0.0,0.0,0.0,0.03125,0.0,0.0,0.0,0.0,0.0,0.0
S3_NA_W1_P2,0.0,0.0,0.0,0.0,0.0,0.0,0.0,0.0,0.0,0.0,0.0,0.0,0.0,0.0,0.0,0.0,0.0,0.0,0.0,0.010526315789473684,0.0,0.0,0.0,0.0,0.010526315789473684,0.0,0.0,0.0,0.0,0.0,0.0,0.0,0.0,0.0,0.0,0.0,0.0,0.021052631578947368,0.010526315789473684,0.0,0.0,0.0,0.021052631578947368,0.010526315789473684,0.0,0.0,0.0,0.031578947368421054,0.0,0.0,0.0,0.0,0.0,0.0,0.0,0.0,0.0,0.0,0.0,0.0,0.05263157894736842,0.021052631578947368,0.0,0.0,0.031578947368421054,0.08421052631578947,0.021052631578947368,0.0,0.0,0.010526315789473684,0.031578947368421054,0.010526315789473684,0.0,0.0,0.0,0.0,0.0,0.0,0.0,0.0,0.0,0.0,0.0,0.0,0.06315789473684211,0.08421052631578947,0.05263157894736842,0.0,0.010526315789473684,0.09473684210526316,0.021052631578947368,0.0,0.010526315789473684,0.05263157894736842,0.07368421052631578,0.0,0.0,0.0,0.042105263157894736,0.0,0.0,0.0,0.010526315789473684,0.0,0.0,0.0,0.010526315789473684,0.0,0.031578947368421054,0.031578947368421054,0.0,0.010526315789473684,0.010526315789473684,0.0,0.0,0.0,0.0,0.0,0.0,0.0,0.010526315789473684,0.0,0.0,0.0,0.0,0.0,0.0
S3_NA_W1_P3,0.0,0.0,0.0,0.0,0.0,0.0,0.0,0.0,0.0,0.0,0.0,0.0,0.0,0.0,0.0,0.009569377990430622,0.004784688995215311,0.0,0.0,0.0,0.009569377990430622,0.0,0.0,0.0,0.004784688995215311,0.009569377990430622,0.0,0.0,0.0,0.0,0.0,0.0,0.0,0.0,0.0,0.0,0.0,0.0,0.0,0.014354066985645933,0.0,0.0,0.0,0.03349282296650718,0.0,0.0,0.0,0.014354066985645933,0.06698564593301436,0.0,0.0,0.0,0.0,0.0,0.0,0.0,0.0,0.0,0.0,0.0,0.0,0.023923444976076555,0.028708133971291867,0.0,0.0,0.0,0.08133971291866028,0.009569377990430622,0.0,0.0,0.03349282296650718,0.07655502392344497,0.0,0.0,0.004784688995215311,0.014354066985645933,0.0,0.0,0.004784688995215311,0.0,0.0,0.0,0.0,0.0,0.004784688995215311,0.0430622009569378,0.06698564593301436,0.0,0.0,0.009569377990430622,0.07177033492822966,0.014354066985645933,0.0,0.0,0.0430622009569378,0.05263157894736842,0.0,0.0,0.014354066985645933,0.03349282296650718,0.0,0.0,0.06220095693779904,0.028708133971291867,0.0,0.0,0.0,0.0,0.014354066985645933,0.06220095693779904,0.0,0.0,0.004784688995215311,0.0,0.0,0.0,0.0,0.004784688995215311,0.0,0.0,0.009569377990430622,0.004784688995215311,0.0,0.0,0.004784688995215311,0.004784688995215311,0.0
S3_NA_W1_P4,0.0,0.0,0.0,0.0,0.0,0.0,0.0,0.0,0.0,0.0,0.0,0.0,0.0,0.0,0.0,0.0,0.0,0.0,0.0,0.0,0.0,0.0,0.0,0.0,0.0,0.0,0.0,0.0,0.0,0.0,0.0,0.0,0.0,0.0,0.0,0.0,0.0,0.0,0.0,0.04878048780487805,0.0,0.0,0.0,0.024390243902439025,0.04878048780487805,0.0,0.0,0.0,0.024390243902439025,0.024390243902439025,0.0,0.0,0.0,0.0,0.0,0.0,0.0,0.0,0.0,0.0,0.0,0.0,0.06097560975609756,0.0,0.0,0.0,0.012195121951219513,0.036585365853658534,0.0,0.0,0.0,0.036585365853658534,0.012195121951219513,0.0,0.0,0.0,0.012195121951219513,0.0,0.0,0.0,0.0,0.0,0.0,0.0,0.0,0.012195121951219513,0.15853658536585366,0.0,0.0,0.0,0.036585365853658534,0.10975609756097561,0.0,0.0,0.012195121951219513,0.036585365853658534,0.036585365853658534,0.0,0.036585365853658534,0.0,0.036585365853658534,0.0,0.036585365853658534,0.036585365853658534,0.0,0.0,0.0,0.0,0.012195121951219513,0.04878048780487805,0.0,0.0,0.0,0.0,0.0,0.0,0.012195121951219513,0.0,0.0,0.0,0.0,0.0,0.0,0.012195121951219513,0.012195121951219513,0.012195121951219513,0.0
S3_NA_W2_P0,0.0,0.0,0.0,0.0,0.0,0.0,0.0,0.0,0.0,0.0,0.0,0.0,0.0,0.0,0.0,0.0,0.0,0.0,0.0,0.0,0.0,0.0,0.0,0.037037037037037035,0.0,0.0,0.0,0.0,0.037037037037037035,0.0,0.0,0.0,0.0,0.0,0.0,0.0,0.0,0.0,0.0,0.0,0.0,0.0,0.0,0.0,0.0,0.037037037037037035,0.0,0.0,0.0,0.0,0.0,0.0,0.0,0.0,0.0,0.0,0.0,0.0,0.0,0.0,0.037037037037037035,0.0,0.0,0.0,0.0,0.0,0.0,0.0,0.14814814814814814,0.0,0.07407407407407407,0.0,0.0,0.037037037037037035,0.0,0.0,0.0,0.0,0.0,0.0,0.0,0.0,0.0,0.0,0.0,0.0,0.0,0.07407407407407407,0.0,0.0,0.0,0.0,0.25925925925925924,0.07407407407407407,0.037037037037037035,0.0,0.0,0.037037037037037035,0.0,0.0,0.0,0.0,0.0,0.0,0.0,0.0,0.0,0.0,0.07407407407407407,0.0,0.0,0.0,0.0,0.0,0.037037037037037035,0.0,0.0,0.0,0.0,0.0,0.0,0.0,0.0,0.0,0.0,0.0,0.0
S3_NA_W2_P1,0.0,0.0,0.0,0.0,0.0,0.0,0.0,0.0,0.0,0.0,0.0,0.0,0.0,0.0,0.0,0.0,0.0,0.0,0.015503875968992248,0.0,0.0,0.0,0.0,0.007751937984496124,0.0,0.0,0.0,0.0,0.0,0.0,0.0,0.0,0.0,0.0,0.0,0.0,0.0,0.0,0.0,0.0,0.0,0.0,0.0,0.0,0.0,0.0,0.046511627906976744,0.0,0.0,0.0,0.0,0.0,0.0,0.0,0.0,0.0,0.0,0.0,0.0,0.007751937984496124,0.007751937984496124,0.007751937984496124,0.0,0.0,0.031007751937984496,0.015503875968992248,0.0,0.0,0.0,0.16279069767441862,0.023255813953488372,0.0,0.0,0.0,0.031007751937984496,0.0,0.0,0.0,0.0,0.0,0.0,0.0,0.0,0.007751937984496124,0.015503875968992248,0.0,0.0,0.0,0.06976744186046512,0.046511627906976744,0.0,0.0,0.0,0.24806201550387597,0.06201550387596899,0.0,0.0,0.007751937984496124,0.10852713178294573,0.0,0.0,0.0,0.0,0.0,0.0,0.0,0.0,0.007751937984496124,0.015503875968992248,0.015503875968992248,0.0,0.0,0.0,0.0,0.0,0.0,0.007751937984496124,0.0,0.0,0.007751937984496124,0.007751937984496124,0.015503875968992248,0.0,0.0,0.0,0.0,0.0
S3_NA_W2_P2,0.0,0.0,0.0,0.0,0.0,0.0,0.0,0.0,0.0,0.0,0.0,0.0,0.0,0.0,0.0,0.0,0.0,0.0,0.0,0.0029154518950437317,0.0,0.0,0.0,0.0,0.01749271137026239,0.0058309037900874635,0.0,0.0,0.0058309037900874635,0.0,0.0,0.0,0.0,0.0,0.0,0.0,0.0,0.0,0.0,0.0,0.0,0.0,0.0029154518950437317,0.0,0.0,0.0,0.0029154518950437317,0.043731778425655975,0.0029154518950437317,0.0,0.0,0.0,0.01749271137026239,0.0,0.0,0.0,0.0,0.0,0.0,0.0,0.0,0.023323615160349854,0.0029154518950437317,0.0,0.0,0.008746355685131196,0.0,0.0029154518950437317,0.0,0.0058309037900874635,0.12244897959183673,0.008746355685131196,0.0,0.0,0.014577259475218658,0.04956268221574344,0.0,0.0,0.0,0.0,0.0,0.0,0.0029154518950437317,0.0029154518950437317,0.0058309037900874635,0.02040816326530612,0.02040816326530612,0.0,0.0029154518950437317,0.06705539358600583,0.023323615160349854,0.0058309037900874635,0.0,0.0058309037900874635,0.20408163265306123,0.023323615160349854,0.0029154518950437317,0.0029154518950437317,0.043731778425655975,0.06705539358600583,0.0,0.0,0.01749271137026239,0.026239067055393587,0.0,0.0,0.0,0.0,0.014577259475218658,0.037900874635568516,0.0,0.0029154518950437317,0.0029154518950437317,0.0058309037900874635,0.0,0.0058309037900874635,0.008746355685131196,0.0029154518950437317,0.0,0.0058309037900874635,0.008746355685131196,0.0029154518950437317,0.0,0.0,0.011661807580174927,0.0029154518950437317,0.0
S3_NA_W2_P3,0.0,0.0,0.0,0.0,0.0,0.0,0.0,0.0,0.0,0.0,0.0,0.0,0.0,0.0,0.0,0.0,0.0,0.0,0.0,0.0,0.004366812227074236,0.0,0.0,0.0,0.008733624454148471,0.03056768558951965,0.0,0.0,0.0,0.0,0.004366812227074236,0.0,0.0,0.0,0.0,0.0,0.0,0.0,0.0,0.008733624454148471,0.0,0.0,0.0,0.008733624454148471,0.004366812227074236,0.0,0.0,0.017467248908296942,0.09170305676855896,0.008733624454148471,0.0,0.0,0.026200873362445413,0.004366812227074236,0.0,0.0,0.0,0.0,0.0,0.0,0.0,0.0,0.0,0.0,0.0,0.0,0.017467248908296942,0.004366812227074236,0.0,0.0,0.017467248908296942,0.10480349344978165,0.004366812227074236,0.0,0.0,0.05240174672489083,0.008733624454148471,0.0,0.0,0.0,0.0,0.0,0.0,0.0,0.004366812227074236,0.021834061135371178,0.021834061135371178,0.0,0.0,0.0,0.048034934497816595,0.013100436681222707,0.0,0.0,0.03056768558951965,0.14410480349344978,0.008733624454148471,0.0,0.048034934497816595,0.07423580786026202,0.021834061135371178,0.0,0.017467248908296942,0.03056768558951965,0.004366812227074236,0.0,0.0,0.0,0.008733624454148471,0.026200873362445413,0.0,0.0,0.008733624454148471,0.0,0.0,0.0,0.013100436681222707,0.004366812227074236,0.0,0.0,0.008733624454148471,0.008733624454148471,0.0,0.0,0.0,0.004366812227074236,0.0
S3_NA_W2_P4,0.0,0.0,0.0,0.0,0.0,0.0,0.0,0.0,0.0,0.0,0.0,0.0,0.0,0.0,0.0,0.0,0.0,0.0,0.0,0.0,0.0,0.0,0.0,0.0,0.0,0.0,0.020833333333333332,0.0,0.0,0.0,0.0,0.0,0.0,0.0,0.0,0.0,0.0,0.0,0.0,0.0,0.0,0.0,0.0,0.020833333333333332,0.0,0.0,0.0,0.0,0.08333333333333333,0.041666666666666664,0.0,0.0,0.0,0.0,0.0,0.0,0.0,0.0,0.0,0.0,0.0,0.0,0.020833333333333332,0.0,0.0,0.0,0.0,0.020833333333333332,0.0,0.0,0.0,0.041666666666666664,0.0625,0.0,0.0,0.041666666666666664,0.020833333333333332,0.0,0.0,0.0,0.0,0.0,0.0,0.0,0.0,0.0,0.10416666666666667,0.0,0.0,0.0,0.0,0.020833333333333332,0.0,0.0,0.020833333333333332,0.020833333333333332,0.10416666666666667,0.0,0.0,0.10416666666666667,0.020833333333333332,0.0,0.020833333333333332,0.0,0.0,0.0,0.0,0.0,0.020833333333333332,0.08333333333333333,0.0,0.0,0.020833333333333332,0.0,0.0,0.0,0.041666666666666664,0.041666666666666664,0.0,0.0,0.0,0.0,0.0,0.0,0.0,0.0,0.0
S3_NA_W3_P0,0.0,0.0,0.0,0.0,0.0,0.0,0.0,0.0,0.0,0.0,0.0,0.0,0.0,0.0,0.0,0.0,0.0,0.0,0.0,0.0,0.0,0.0,0.0,0.0,0.0,0.0,0.0,0.01818181818181818,0.0,0.0,0.0,0.0,0.0,0.0,0.0,0.0,0.0,0.0,0.0,0.0,0.0,0.0,0.0,0.0,0.0,0.00909090909090909,0.0,0.0,0.0,0.0,0.02727272727272727,0.0,0.0,0.0,0.0,0.0,0.0,0.0,0.0,0.00909090909090909,0.0,0.0,0.0,0.0,0.0,0.0,0.0,0.0,0.00909090909090909,0.0,0.0,0.0,0.0,0.16363636363636364,0.01818181818181818,0.0,0.0,0.0,0.00909090909090909,0.0,0.0,0.0,0.0,0.0,0.0,0.0,0.0,0.0,0.0,0.00909090909090909,0.0,0.0,0.02727272727272727,0.08181818181818182,0.0,0.0,0.0,0.3090909090909091,0.16363636363636364,0.00909090909090909,0.0,0.0,0.1,0.0,0.0,0.0,0.0,0.0,0.0,0.0,0.0,0.0,0.0,0.0,0.0,0.00909090909090909,0.00909090909090909,0.0,0.0,0.00909090909090909,0.00909090909090909,0.0,0.0,0.0,0.0,0.0,0.0
S3_NA_W3_P1,0.0,0.0,0.0,0.0,0.0,0.0,0.0,0.0,0.0,0.0,0.0,0.0,0.0,0.0,0.0016611295681063123,0.0,0.0,0.0,0.0,0.0,0.0,0.0,0.0,0.0033222591362126247,0.0016611295681063123,0.0,0.0,0.0,0.02159468438538206,0.0,0.0,0.0,0.0,0.0016611295681063123,0.0,0.0,0.0,0.0,0.0,0.0,0.0,0.0,0.0033222591362126247,0.0,0.0,0.0,0.0049833887043189366,0.0,0.0,0.0,0.0,0.03820598006644518,0.013289036544850499,0.0,0.0,0.0,0.011627906976744186,0.0,0.0,0.0,0.0,0.0,0.0,0.0,0.0,0.0,0.0,0.0,0.0,0.014950166112956811,0.014950166112956811,0.0,0.0,0.0049833887043189366,0.11627906976744186,0.014950166112956811,0.0,0.0,0.0049833887043189366,0.03986710963455149,0.0,0.0,0.0,0.0033222591362126247,0.0033222591362126247,0.006644518272425249,0.006644518272425249,0.0,0.0033222591362126247,0.0033222591362126247,0.0016611295681063123,0.0033222591362126247,0.0,0.03820598006644518,0.036544850498338874,0.016611295681063124,0.0016611295681063123,0.019933554817275746,0.2724252491694352,0.04817275747508306,0.0,0.0016611295681063123,0.018272425249169437,0.0664451827242525,0.0,0.0,0.0,0.0033222591362126247,0.008305647840531562,0.009966777408637873,0.0,0.0016611295681063123,0.0016611295681063123,0.0,0.0,0.014950166112956811,0.013289036544850499,0.0033222591362126247,0.0016611295681063123,0.006644518272425249,0.046511627906976744,0.009966777408637873,0.0016611295681063123,0.0,0.0049833887043189366,0.008305647840531562,0.0
S3_NA_W3_P2,0.0,0.0,0.0,0.0,0.0,0.0,0.0,0.0,0.0,0.0,0.0,0.0,0.0,0.0,0.0,0.0,0.0,0.0,0.0,0.0,0.0,0.0,0.0,0.0,0.005050505050505051,0.0025252525252525255,0.0,0.0,0.005050505050505051,0.020202020202020204,0.0,0.0,0.0,0.0025252525252525255,0.0,0.0,0.0,0.0,0.0,0.0,0.0,0.0,0.0,0.0025252525252525255,0.0,0.0,0.0025252525252525255,0.005050505050505051,0.005050505050505051,0.0,0.0,0.025252525252525252,0.047979797979797977,0.0025252525252525255,0.0,0.0,0.010101010101010102,0.0,0.0,0.0,0.0,0.005050505050505051,0.0025252525252525255,0.0,0.0,0.007575757575757576,0.005050505050505051,0.0,0.0,0.0025252525252525255,0.03282828282828283,0.012626262626262626,0.0,0.0025252525252525255,0.05555555555555555,0.14898989898989898,0.005050505050505051,0.0,0.0,0.027777777777777776,0.0,0.0,0.0025252525252525255,0.0,0.0,0.005050505050505051,0.007575757575757576,0.0,0.0,0.0,0.022727272727272728,0.010101010101010102,0.005050505050505051,0.007575757575757576,0.047979797979797977,0.03282828282828283,0.005050505050505051,0.005050505050505051,0.08333333333333333,0.1691919191919192,0.007575757575757576,0.0,0.007575757575757576,0.03282828282828283,0.007575757575757576,0.0,0.0,0.0,0.010101010101010102,0.020202020202020204,0.0,0.0,0.005050505050505051,0.0,0.0,0.010101010101010102,0.0025252525252525255,0.0025252525252525255,0.0,0.0025252525252525255,0.017676767676767676,0.005050505050505051,0.005050505050505051,0.0,0.010101010101010102,0.005050505050505051,0.0
S3_NA_W3_P3,0.0,0.0,0.0,0.0,0.0,0.0,0.0,0.0,0.0,0.0,0.0,0.0,0.0,0.0,0.0,0.0,0.0,0.0,0.0,0.0,0.0,0.0,0.0,0.0,0.0,0.0,0.0,0.0,0.0,0.0,0.04081632653061224,0.0,0.0,0.0,0.0,0.0,0.0,0.0,0.0,0.0,0.0,0.0,0.0,0.0,0.0,0.0,0.0,0.0,0.02040816326530612,0.0,0.0,0.02040816326530612,0.0,0.061224489795918366,0.02040816326530612,0.0,0.0,0.0,0.0,0.0,0.0,0.0,0.0,0.0,0.0,0.0,0.02040816326530612,0.0,0.0,0.0,0.0,0.061224489795918366,0.0,0.0,0.0,0.08163265306122448,0.14285714285714285,0.0,0.0,0.0,0.02040816326530612,0.0,0.0,0.0,0.0,0.0,0.0,0.0,0.0,0.0,0.0,0.04081632653061224,0.0,0.0,0.02040816326530612,0.02040816326530612,0.04081632653061224,0.0,0.061224489795918366,0.14285714285714285,0.061224489795918366,0.0,0.0,0.02040816326530612,0.0,0.02040816326530612,0.0,0.0,0.0,0.0,0.0,0.0,0.0,0.0,0.0,0.0,0.061224489795918366,0.0,0.0,0.0,0.0,0.02040816326530612,0.0,0.0,0.0,0.0,0.0
S3_NA_W3_P4,0.0,0.0,0.0,0.0,0.0,0.0,0.0,0.0,0.0,0.0,0.0,0.0,0.0,0.0,0.0,0.0,0.0,0.0,0.0,0.0,0.0,0.0,0.0,0.0,0.0,0.0,0.0,0.0,0.0,0.0,0.0,0.0,0.0,0.0,0.0,0.0,0.0,0.0,0.0,0.0,0.0,0.0,0.0,0.0,0.0,0.0,0.0,0.0,0.0,0.25,0.0,0.0,0.0,0.0,0.25,0.0,0.0,0.0,0.0,0.0,0.0,0.0,0.0,0.0,0.0,0.0,0.0,0.0,0.0,0.0,0.0,0.0,0.25,0.0,0.0,0.0,0.0,0.0,0.0,0.0,0.0,0.0,0.0,0.0,0.0,0.0,0.25,0.0,0.0,0.0,0.0,0.0,0.0,0.0,0.0,0.0,0.0,0.0,0.0,0.0,0.0,0.0,0.0,0.0,0.0,0.0,0.0,0.0,0.0,0.0,0.0,0.0,0.0,0.0,0.0,0.0,0.0,0.0,0.0,0.0,0.0,0.0,0.0,0.0,0.0,0.0,0.0
S3_NA_W4_P0,0.0,0.0,0.0,0.0,0.0,0.0,0.0,0.0,0.0,0.0,0.0,0.0,0.0,0.0,0.0,0.0,0.0,0.0,0.0,0.0,0.0,0.0,0.0,0.0,0.0,0.0,0.0,0.0,0.0,0.0,0.0,0.0,0.03984819734345351,0.0018975332068311196,0.0,0.0,0.0,0.0,0.0,0.0,0.0,0.0,0.0,0.0,0.0,0.0,0.0,0.0,0.0,0.0,0.009487666034155597,0.003795066413662239,0.0,0.0018975332068311196,0.0,0.06261859582542695,0.015180265654648957,0.0,0.0018975332068311196,0.0,0.0,0.0,0.0,0.0,0.0018975332068311196,0.0018975332068311196,0.0,0.0,0.0,0.0018975332068311196,0.0,0.0,0.0,0.0056925996204933585,0.013282732447817837,0.0,0.0018975332068311196,0.0,0.23529411764705882,0.020872865275142316,0.0,0.0,0.0056925996204933585,0.0018975332068311196,0.0018975332068311196,0.015180265654648957,0.020872865275142316,0.0,0.0,0.0,0.020872865275142316,0.003795066413662239,0.0018975332068311196,0.0018975332068311196,0.013282732447817837,0.007590132827324478,0.0018975332068311196,0.036053130929791274,0.04554079696394687,0.009487666034155597,0.0,0.0,0.25426944971537,0.06261859582542695,0.0056925996204933585,0.0,0.0,0.0018975332068311196,0.013282732447817837,0.011385199240986717,0.0,0.0,0.0018975332068311196,0.0018975332068311196,0.0,0.0018975332068311196,0.0056925996204933585,0.0,0.0018975332068311196,0.003795066413662239,0.009487666034155597,0.003795066413662239,0.0,0.0,0.009487666034155597,0.003795066413662239,0.0
S3_NA_W4_P1,0.0,0.0,0.0,0.0,0.0,0.0,0.0,0.0,0.0,0.0,0.0,0.0,0.0,0.0,0.0,0.0,0.0,0.0,0.0,0.0,0.0,0.0,0.0,0.0,0.0,0.0,0.0,0.0,0.0084985835694051,0.0,0.0,0.0,0.0,0.0169971671388102,0.0,0.0,0.0,0.0,0.0,0.0,0.0,0.0028328611898017,0.0,0.0,0.0,0.0,0.0,0.0,0.0,0.0,0.0,0.0113314447592068,0.0028328611898017,0.0,0.0,0.025495750708215296,0.0453257790368272,0.0,0.0,0.0,0.0028328611898017,0.0,0.0,0.0,0.0028328611898017,0.0,0.0,0.0,0.0,0.0,0.0,0.0,0.0028328611898017,0.0,0.028328611898016998,0.014164305949008499,0.0,0.0,0.059490084985835696,0.13314447592067988,0.0,0.0,0.0,0.0,0.0,0.0056657223796034,0.014164305949008499,0.0,0.0028328611898017,0.0028328611898017,0.0084985835694051,0.0084985835694051,0.0,0.0028328611898017,0.0169971671388102,0.014164305949008499,0.0,0.0,0.1558073654390935,0.039660056657223795,0.0084985835694051,0.0,0.1048158640226629,0.17280453257790368,0.0028328611898017,0.0,0.0,0.0028328611898017,0.0056657223796034,0.0113314447592068,0.0,0.0,0.0056657223796034,0.0028328611898017,0.0,0.0056657223796034,0.0,0.0,0.0028328611898017,0.0,0.0169971671388102,0.0056657223796034,0.0,0.0,0.0084985835694051,0.0113314447592068,0.0028328611898017
S3_NA_W4_P2,0.0,0.0,0.0,0.0,0.0,0.0,0.0,0.0,0.0,0.0,0.0,0.0,0.0,0.0,0.0,0.0,0.0,0.0,0.0,0.0,0.0,0.0,0.0,0.0,0.0,0.0,0.0,0.0,0.0,0.0,0.0,0.0,0.0,0.0,0.0,0.0,0.0,0.0,0.0,0.0,0.0,0.0,0.0,0.0,0.0,0.0,0.0,0.0,0.0,0.0,0.0,0.0,0.0,0.08333333333333333,0.0,0.0,0.0,0.0,0.0,0.0,0.0,0.0,0.0,0.0,0.0,0.0,0.0,0.0,0.0,0.0,0.0,0.0,0.0,0.0,0.0,0.0,0.0,0.0,0.0,0.16666666666666666,0.08333333333333333,0.0,0.0,0.0,0.0,0.0,0.0,0.0,0.0,0.0,0.0,0.0,0.0,0.0,0.16666666666666666,0.0,0.0,0.0,0.0,0.08333333333333333,0.0,0.0,0.25,0.08333333333333333,0.0,0.0,0.0,0.0,0.08333333333333333,0.0,0.0,0.0,0.0,0.0,0.0,0.0,0.0,0.0,0.0,0.0,0.0,0.0,0.0,0.0,0.0,0.0,0.0
S3_NA_W4_P3,0.0,0.0,0.0,0.0,0.0,0.0,0.0,0.0,0.0,0.0,0.0,0.0,0.0,0.0,0.0,0.0,0.0,0.0,0.0,0.0,0.0,0.0,0.0,0.0,0.0,0.0,0.0,0.0,0.0,0.0,0.0,0.0,0.0,0.0,0.0,0.0,0.0,0.0,0.0,0.0,0.0,0.0,0.0,0.0,0.0,0.0,0.0,0.0,0.0,0.0,0.0,0.0,0.0,0.0,0.0,0.0,0.0,0.0,0.0,0.0,0.0,0.0,0.0,0.0,0.0,0.0,0.0,0.0,0.0,0.0,0.0,0.0,0.0,0.0,0.0,0.0,0.0,0.0,0.0,0.0,0.0,1.0,0.0,0.0,0.0,0.0,0.0,0.0,0.0,0.0,0.0,0.0,0.0,0.0,0.0,0.0,0.0,0.0,0.0,0.0,0.0,0.0,0.0,0.0,0.0,0.0,0.0,0.0,0.0,0.0,0.0,0.0,0.0,0.0,0.0,0.0,0.0,0.0,0.0,0.0,0.0,0.0,0.0,0.0,0.0,0.0,0.0
S4_NA_W0_P1,0.0,0.0,0.0,0.0,0.0,0.0,0.0,0.0,0.0,0.0,0.0,0.0,0.0,0.0,0.0,0.0,0.0,0.0,0.0,0.0,0.0,0.0,0.0,0.0,0.0,0.0,0.0,0.0,0.0,0.0,0.0,0.0,0.0,0.0,0.0,0.0,0.0,0.0,0.0,0.0,0.0,0.0,0.0,0.0,0.0,0.0,0.0,0.0,0.0,0.0,0.0,0.0,0.0,0.0,0.0,0.0,0.0,0.0,0.0,0.0,0.0,0.0,0.0,0.0,0.0,0.0,0.0,0.0,0.0,0.0,0.0,0.0,0.0,0.0,0.0,0.0,0.0,0.0,0.0,0.0,0.0,0.0,0.0,0.0,0.07142857142857142,0.0,0.0,0.0,0.0,0.0,0.0,0.0,0.0,0.0,0.0,0.0,0.0,0.0,0.0,0.07142857142857142,0.0,0.0,0.0,0.0,0.0,0.0,0.0,0.0,0.0,0.07142857142857142,0.0,0.07142857142857142,0.0,0.0,0.0,0.0,0.0,0.0,0.0,0.0,0.42857142857142855,0.0,0.0,0.0,0.07142857142857142,0.21428571428571427,0.0
S4_NA_W0_P2,0.0,0.0,0.0,0.0,0.0,0.0,0.0,0.0,0.0,0.0,0.0,0.0,0.0,0.0,0.05434782608695652,0.0,0.0,0.0,0.0,0.010869565217391304,0.0,0.0,0.0,0.0,0.0,0.0,0.0,0.0,0.0,0.0,0.0,0.0,0.0,0.0,0.0,0.0,0.0,0.010869565217391304,0.010869565217391304,0.0,0.0,0.0,0.0,0.0,0.0,0.0,0.0,0.0,0.0,0.0,0.0,0.0,0.0,0.0,0.0,0.0,0.0,0.0,0.0,0.0,0.0,0.0,0.0,0.0,0.0,0.0,0.0,0.0,0.0,0.0,0.0,0.0,0.0,0.0,0.0,0.0,0.0,0.0,0.0,0.0,0.0,0.0,0.0,0.0,0.0,0.0,0.0,0.0,0.0,0.0,0.0,0.0,0.0,0.0,0.03260869565217391,0.0,0.0,0.0,0.0,0.0,0.0,0.0,0.0,0.0,0.0,0.0,0.0,0.03260869565217391,0.03260869565217391,0.07608695652173914,0.0,0.08695652173913043,0.0,0.021739130434782608,0.010869565217391304,0.0,0.05434782608695652,0.043478260869565216,0.010869565217391304,0.0,0.05434782608695652,0.06521739130434782,0.010869565217391304,0.0,0.25,0.13043478260869565,0.0
S4_NA_W0_P3,0.0,0.0,0.0,0.0,0.0,0.0,0.0,0.0,0.0,0.0,0.0,0.0,0.0,0.0,0.002347417840375587,0.06338028169014084,0.0,0.0,0.0,0.002347417840375587,0.01643192488262911,0.0,0.0,0.0,0.0,0.0,0.0,0.0,0.0,0.0,0.0,0.0,0.0,0.0,0.0,0.0,0.0,0.002347417840375587,0.028169014084507043,0.002347417840375587,0.0,0.0,0.002347417840375587,0.011737089201877934,0.0,0.0,0.0,0.002347417840375587,0.0,0.0,0.0,0.0,0.0,0.0,0.0,0.0,0.0,0.0,0.0,0.0,0.002347417840375587,0.011737089201877934,0.007042253521126761,0.0,0.0,0.004694835680751174,0.007042253521126761,0.0,0.0,0.0,0.007042253521126761,0.004694835680751174,0.0,0.0,0.0,0.0,0.0,0.0,0.0,0.0,0.0,0.0,0.002347417840375587,0.0,0.0,0.007042253521126761,0.002347417840375587,0.0,0.0,0.0,0.002347417840375587,0.0,0.0,0.0,0.002347417840375587,0.004694835680751174,0.0,0.0,0.0,0.002347417840375587,0.0,0.0,0.0,0.007042253521126761,0.0,0.0,0.0,0.0,0.06103286384976526,0.12206572769953052,0.004694835680751174,0.014084507042253521,0.035211267605633804,0.018779342723004695,0.0,0.02112676056338028,0.06807511737089202,0.023474178403755867,0.02112676056338028,0.002347417840375587,0.12206572769953052,0.07981220657276995,0.014084507042253521,0.0,0.09859154929577464,0.08215962441314555,0.002347417840375587
S4_NA_W0_P4,0.0,0.0,0.0,0.0,0.0,0.0,0.0,0.0,0.0,0.0,0.0,0.0,0.0,0.0,0.0,0.013221153846153846,0.0673076923076923,0.0,0.0,0.0,0.004807692307692308,0.006009615384615385,0.0,0.0,0.0,0.002403846153846154,0.001201923076923077,0.0,0.0,0.0,0.0,0.0,0.0,0.0,0.0,0.0,0.0,0.0,0.009615384615384616,0.055288461538461536,0.0,0.0,0.0,0.008413461538461538,0.003605769230769231,0.0,0.0,0.001201923076923077,0.002403846153846154,0.0,0.0,0.0,0.0,0.0,0.0,0.0,0.0,0.0,0.0,0.0,0.0,0.002403846153846154,0.014423076923076924,0.0,0.0,0.001201923076923077,0.002403846153846154,0.001201923076923077,0.0,0.0,0.001201923076923077,0.001201923076923077,0.0,0.0,0.0,0.0,0.001201923076923077,0.0,0.0,0.0,0.0,0.0,0.0,0.0,0.0,0.004807692307692308,0.016826923076923076,0.0,0.0,0.0,0.004807692307692308,0.0,0.0,0.0,0.003605769230769231,0.001201923076923077,0.001201923076923077,0.0,0.006009615384615385,0.003605769230769231,0.001201923076923077,0.0,0.002403846153846154,0.0,0.0,0.0,0.001201923076923077,0.01201923076923077,0.055288461538461536,0.13581730769230768,0.001201923076923077,0.016826923076923076,0.04326923076923077,0.03365384615384615,0.0,0.021634615384615384,0.08533653846153846,0.04807692307692308,0.01201923076923077,0.013221153846153846,0.07932692307692307,0.04927884615384615,0.0,0.001201923076923077,0.09134615384615384,0.051682692307692304,0.001201923076923077
S4_NA_W1_P1,0.0,0.0,0.0,0.0,0.0,0.0,0.0,0.0,0.0,0.0,0.0,0.0,0.0,0.0,0.0,0.0,0.0,0.0,0.0,0.0,0.0,0.0,0.0,0.0,0.0,0.0,0.0,0.0,0.0,0.0,0.0,0.0,0.0,0.0,0.0,0.0,0.0,0.0,0.0,0.0,0.0,0.0,0.0,0.0,0.0,0.0,0.0,0.0,0.0,0.0,0.0,0.0,0.0,0.0,0.0,0.0,0.0,0.0,0.0,0.0,0.0,0.0,0.0,0.0,0.0,0.0,0.0,0.0,0.0,0.0,0.0,0.0,0.0,0.0,0.0,0.0,0.0,0.0,0.0,0.0,0.0,0.0,0.0,0.0,0.047619047619047616,0.0,0.0,0.0,0.0,0.0,0.0,0.0,0.0,0.0,0.0,0.0,0.0,0.0,0.0,0.0,0.0,0.0,0.0,0.0,0.0,0.0,0.0,0.0,0.09523809523809523,0.09523809523809523,0.0,0.0,0.0,0.0,0.047619047619047616,0.0,0.0,0.0,0.0,0.047619047619047616,0.047619047619047616,0.047619047619047616,0.0,0.0,0.09523809523809523,0.47619047619047616,0.0
S4_NA_W1_P2,0.0,0.0,0.0,0.0,0.0,0.0,0.0,0.0,0.0,0.0,0.0,0.0,0.0,0.0,0.011764705882352941,0.0,0.0,0.0,0.0,0.0,0.0,0.0,0.0,0.0,0.011764705882352941,0.0,0.0,0.0,0.0,0.0,0.0,0.0,0.0,0.0,0.0,0.0,0.0,0.0,0.0,0.0,0.0,0.0,0.023529411764705882,0.011764705882352941,0.0,0.0,0.0,0.0,0.0,0.0,0.0,0.0,0.0,0.0,0.0,0.0,0.0,0.0,0.0,0.0,0.0,0.0,0.0,0.0,0.0,0.0,0.0,0.0,0.0,0.011764705882352941,0.0,0.0,0.0,0.0,0.0,0.0,0.0,0.0,0.0,0.0,0.0,0.0,0.0,0.0,0.0,0.0,0.011764705882352941,0.0,0.0,0.03529411764705882,0.0,0.011764705882352941,0.0,0.0,0.0,0.0,0.0,0.0,0.011764705882352941,0.0,0.0,0.0,0.0,0.0,0.0,0.0,0.0,0.058823529411764705,0.058823529411764705,0.15294117647058825,0.0,0.0,0.023529411764705882,0.0,0.0,0.023529411764705882,0.047058823529411764,0.011764705882352941,0.011764705882352941,0.0,0.10588235294117647,0.09411764705882353,0.0,0.0,0.21176470588235294,0.047058823529411764,0.011764705882352941
S4_NA_W1_P3,0.0,0.0,0.0,0.0,0.0,0.0,0.0,0.0,0.0,0.0,0.0,0.0,0.0,0.0,0.0,0.004098360655737705,0.0,0.0,0.0,0.0,0.01639344262295082,0.0,0.0,0.0,0.00819672131147541,0.004098360655737705,0.0,0.0,0.0,0.0,0.0,0.0,0.0,0.0,0.0,0.0,0.0,0.0,0.0,0.004098360655737705,0.0,0.0,0.0,0.020491803278688523,0.0,0.0,0.0,0.00819672131147541,0.0,0.0,0.0,0.0,0.004098360655737705,0.0,0.0,0.0,0.0,0.0,0.0,0.0,0.0,0.0,0.0,0.0,0.0,0.0,0.004098360655737705,0.0,0.0,0.0,0.0,0.0,0.0,0.0,0.0,0.004098360655737705,0.0,0.0,0.004098360655737705,0.0,0.0,0.0,0.0,0.0,0.0,0.00819672131147541,0.012295081967213115,0.0,0.0,0.0,0.004098360655737705,0.004098360655737705,0.0,0.0,0.004098360655737705,0.0,0.0,0.0,0.0,0.0,0.0,0.0,0.004098360655737705,0.0,0.0,0.0,0.0,0.020491803278688523,0.05327868852459016,0.15163934426229508,0.00819672131147541,0.004098360655737705,0.08196721311475409,0.01639344262295082,0.0,0.00819672131147541,0.08196721311475409,0.028688524590163935,0.004098360655737705,0.00819672131147541,0.1598360655737705,0.04918032786885246,0.012295081967213115,0.0,0.10245901639344263,0.09016393442622951,0.0
S4_NA_W1_P4,0.0,0.0,0.0,0.0,0.0,0.0,0.0,0.0,0.0,0.0,0.0,0.0,0.0,0.0,0.0,0.0,0.008928571428571428,0.0,0.0,0.0,0.0,0.03571428571428571,0.0,0.0,0.0,0.008928571428571428,0.0,0.0,0.0,0.0,0.0,0.0,0.0,0.0,0.0,0.0,0.0,0.0,0.0,0.0,0.0,0.0,0.0,0.0,0.008928571428571428,0.0,0.0,0.0,0.0,0.0,0.0,0.0,0.0,0.0,0.0,0.0,0.0,0.0,0.0,0.0,0.0,0.0,0.008928571428571428,0.0,0.0,0.0,0.0,0.026785714285714284,0.0,0.0,0.0,0.008928571428571428,0.0,0.0,0.0,0.0,0.0,0.0,0.0,0.0,0.0,0.0,0.0,0.0,0.0,0.0,0.03571428571428571,0.0,0.0,0.0,0.008928571428571428,0.026785714285714284,0.0,0.0,0.008928571428571428,0.0,0.0,0.0,0.0,0.0,0.0,0.0,0.008928571428571428,0.0,0.0,0.0,0.0,0.008928571428571428,0.0625,0.20535714285714285,0.0,0.008928571428571428,0.07142857142857142,0.03571428571428571,0.0,0.0,0.0625,0.0625,0.017857142857142856,0.017857142857142856,0.08928571428571429,0.03571428571428571,0.0,0.0,0.08928571428571429,0.03571428571428571,0.0
S4_NA_W2_P0,0.0,0.0,0.0,0.0,0.0,0.0,0.0,0.0,0.0,0.0,0.0,0.0,0.0,0.0,0.0,0.0,0.0,0.0,0.0,0.0,0.0,0.0,0.0,0.0,0.0,0.0,0.0,0.0,0.0,0.0,0.0,0.0,0.0,0.0,0.0,0.0,0.0,0.0,0.0,0.0,0.0,0.0,0.0,0.0,0.0,0.0,0.0,0.0,0.0,0.0,0.0,0.0,0.0,0.0,0.0,0.0,0.0,0.0,0.0,0.0,0.0,0.0,0.0,0.0,0.0,0.0,0.0,0.0,0.0,0.0,0.0,0.0,0.0,0.0,0.0,0.0,0.0,0.0,0.0,0.0,0.0,0.0,0.0,0.0,0.0,0.0,0.0,0.0,0.0,0.0,0.0,0.0,0.3333333333333333,0.0,0.0,0.0,0.0,0.0,0.0,0.0,0.0,0.0,0.0,0.0,0.0,0.0,0.0,0.0,0.0,0.0,0.0,0.0,0.0,0.0,0.0,0.0,0.3333333333333333,0.0,0.0,0.0,0.16666666666666666,0.16666666666666666,0.0,0.0,0.0,0.0,0.0
S4_NA_W2_P1,0.0,0.0,0.0,0.0,0.0,0.0,0.0,0.0,0.0,0.0,0.0,0.0,0.0,0.0,0.0,0.0,0.0,0.0,0.0,0.0,0.0,0.0,0.0,0.006993006993006993,0.0,0.0,0.0,0.0,0.0,0.0,0.0,0.0,0.0,0.0,0.0,0.0,0.0,0.0,0.0,0.0,0.0,0.0,0.0,0.0,0.0,0.0,0.006993006993006993,0.0,0.0,0.0,0.0,0.0,0.0,0.0,0.0,0.0,0.0,0.0,0.0,0.0,0.006993006993006993,0.0,0.0,0.0,0.0,0.0,0.0,0.0,0.0,0.0,0.0,0.0,0.0,0.0,0.0,0.0,0.0,0.0,0.0,0.0,0.0,0.0,0.0,0.0,0.0,0.0,0.0,0.0,0.0,0.006993006993006993,0.0,0.0,0.0,0.02097902097902098,0.013986013986013986,0.0,0.0,0.0,0.02097902097902098,0.013986013986013986,0.0,0.0,0.013986013986013986,0.0,0.0,0.0,0.0,0.006993006993006993,0.11888111888111888,0.14685314685314685,0.006993006993006993,0.027972027972027972,0.02097902097902098,0.006993006993006993,0.0,0.013986013986013986,0.04895104895104895,0.04195804195804196,0.006993006993006993,0.02097902097902098,0.0979020979020979,0.07692307692307693,0.0,0.0,0.11188811188811189,0.13286713286713286,0.0
S4_NA_W2_P2,0.0,0.0,0.0,0.0,0.0,0.0,0.0,0.0,0.0,0.0,0.0,0.0,0.0,0.0,0.0,0.0,0.0,0.0,0.0,0.0,0.0,0.0,0.0,0.0,0.005376344086021506,0.0,0.0,0.0,0.0,0.005376344086021506,0.0,0.0,0.0,0.0,0.0,0.0,0.0,0.0,0.0,0.0,0.0,0.0,0.0,0.0,0.0,0.0,0.002688172043010753,0.002688172043010753,0.0,0.0,0.0,0.002688172043010753,0.0,0.0,0.0,0.0,0.0,0.0,0.0,0.0,0.0,0.0,0.0,0.0,0.0,0.0,0.0,0.0,0.0,0.002688172043010753,0.0,0.0,0.0,0.0,0.008064516129032258,0.0,0.0,0.0,0.0,0.0,0.0,0.0,0.0,0.0,0.0,0.002688172043010753,0.0,0.0,0.0,0.002688172043010753,0.002688172043010753,0.0,0.002688172043010753,0.005376344086021506,0.010752688172043012,0.010752688172043012,0.0,0.002688172043010753,0.026881720430107527,0.002688172043010753,0.002688172043010753,0.0,0.002688172043010753,0.008064516129032258,0.0,0.0,0.005376344086021506,0.010752688172043012,0.08870967741935484,0.1827956989247312,0.002688172043010753,0.008064516129032258,0.06720430107526881,0.013440860215053764,0.0,0.016129032258064516,0.05913978494623656,0.07795698924731183,0.016129032258064516,0.021505376344086023,0.07795698924731183,0.06720430107526881,0.005376344086021506,0.002688172043010753,0.08602150537634409,0.07526881720430108,0.002688172043010753
S4_NA_W2_P3,0.0,0.0,0.0,0.0,0.0,0.0,0.0,0.0,0.0,0.0,0.0,0.0,0.0,0.0,0.0,0.0,0.0,0.0,0.0,0.0,0.0,0.0,0.0,0.0,0.011406844106463879,0.0038022813688212928,0.0,0.0,0.0,0.0038022813688212928,0.0,0.0,0.0,0.0,0.0,0.0,0.0,0.0,0.0,0.0,0.0,0.0,0.0,0.0,0.0,0.0,0.0,0.0076045627376425855,0.015209125475285171,0.0,0.0,0.0038022813688212928,0.0038022813688212928,0.0,0.0,0.0,0.0,0.0,0.0,0.0,0.0,0.0,0.0038022813688212928,0.0,0.0,0.0,0.0038022813688212928,0.0,0.0,0.0,0.0,0.0038022813688212928,0.0,0.0,0.0,0.0038022813688212928,0.0038022813688212928,0.0,0.0,0.0,0.0,0.0,0.0,0.0,0.0,0.0038022813688212928,0.019011406844106463,0.0,0.0,0.0,0.011406844106463879,0.0,0.0,0.0,0.0038022813688212928,0.022813688212927757,0.0038022813688212928,0.0,0.0076045627376425855,0.011406844106463879,0.0,0.0,0.0,0.0038022813688212928,0.0,0.0,0.0,0.015209125475285171,0.060836501901140684,0.155893536121673,0.0038022813688212928,0.015209125475285171,0.019011406844106463,0.015209125475285171,0.0,0.026615969581749048,0.09885931558935361,0.03802281368821293,0.011406844106463879,0.015209125475285171,0.19011406844106463,0.030418250950570342,0.011406844106463879,0.0076045627376425855,0.07604562737642585,0.053231939163498096,0.0
S4_NA_W2_P4,0.0,0.0,0.0,0.0,0.0,0.0,0.0,0.0,0.0,0.0,0.0,0.0,0.0,0.0,0.0,0.0,0.0,0.0,0.0,0.0,0.0,0.0,0.0,0.0,0.0,0.0,0.057971014492753624,0.0,0.0,0.0,0.0,0.0,0.0,0.0,0.0,0.0,0.0,0.0,0.0,0.014492753623188406,0.0,0.0,0.0,0.0,0.0,0.0,0.0,0.0,0.0,0.014492753623188406,0.0,0.0,0.0,0.0,0.0,0.0,0.0,0.0,0.0,0.0,0.0,0.0,0.014492753623188406,0.0,0.0,0.0,0.0,0.0,0.0,0.0,0.0,0.0,0.043478260869565216,0.0,0.0,0.0,0.0,0.014492753623188406,0.0,0.0,0.0,0.0,0.0,0.0,0.0,0.0,0.028985507246376812,0.0,0.0,0.0,0.0,0.0,0.0,0.0,0.014492753623188406,0.0,0.014492753623188406,0.0,0.0,0.014492753623188406,0.0,0.0,0.014492753623188406,0.0,0.0,0.0,0.0,0.0,0.08695652173913043,0.043478260869565216,0.0,0.0,0.043478260869565216,0.057971014492753624,0.0,0.0,0.043478260869565216,0.057971014492753624,0.0,0.0,0.17391304347826086,0.057971014492753624,0.014492753623188406,0.0,0.028985507246376812,0.14492753623188406,0.0
S4_NA_W3_P0,0.0,0.0,0.0,0.0,0.0,0.0,0.0,0.0,0.0,0.0,0.0,0.0,0.0,0.0,0.0,0.0,0.0,0.0,0.0,0.0,0.0,0.0,0.0,0.0,0.0,0.0,0.0,0.011764705882352941,0.0,0.0,0.0,0.0,0.0,0.0,0.0,0.0,0.0,0.0,0.0,0.0,0.0,0.0,0.0,0.0,0.0,0.0,0.0,0.0,0.0,0.0,0.0,0.0,0.0,0.0,0.0,0.0,0.0,0.0,0.0,0.0,0.0,0.0,0.0,0.0,0.0,0.0,0.0,0.0,0.0,0.0,0.0,0.0,0.0,0.0,0.0,0.0,0.0,0.0,0.011764705882352941,0.0,0.0,0.0,0.0,0.0,0.0,0.0,0.0,0.0,0.0,0.0,0.0,0.0,0.0,0.011764705882352941,0.0,0.0,0.0,0.08235294117647059,0.011764705882352941,0.0,0.0,0.0,0.0,0.0,0.0,0.0,0.0,0.0,0.03529411764705882,0.10588235294117647,0.011764705882352941,0.011764705882352941,0.011764705882352941,0.011764705882352941,0.0,0.023529411764705882,0.047058823529411764,0.0,0.0,0.011764705882352941,0.21176470588235294,0.10588235294117647,0.058823529411764705,0.0,0.1411764705882353,0.07058823529411765,0.011764705882352941
S4_NA_W3_P1,0.0,0.0,0.0,0.0,0.0,0.0,0.0,0.0,0.0,0.0,0.0,0.0,0.0,0.0,0.0,0.0,0.0,0.0,0.0,0.0,0.0,0.0,0.0,0.0018975332068311196,0.0018975332068311196,0.0,0.0,0.0,0.015180265654648957,0.0,0.0,0.0,0.0,0.0,0.0,0.0,0.0,0.0,0.0,0.0,0.0,0.0,0.0,0.0,0.0,0.0,0.0018975332068311196,0.0018975332068311196,0.0,0.0,0.0,0.011385199240986717,0.0,0.0,0.0,0.0018975332068311196,0.003795066413662239,0.0,0.0,0.0,0.0,0.0,0.0,0.0,0.0,0.0,0.0,0.0,0.0,0.0,0.0,0.0,0.0,0.0,0.003795066413662239,0.003795066413662239,0.0,0.0,0.0,0.0,0.0,0.0,0.0,0.0,0.0,0.0018975332068311196,0.003795066413662239,0.0,0.0018975332068311196,0.0018975332068311196,0.0018975332068311196,0.0,0.0018975332068311196,0.007590132827324478,0.003795066413662239,0.0,0.0,0.009487666034155597,0.03795066413662239,0.009487666034155597,0.0,0.0,0.003795066413662239,0.017077798861480076,0.0,0.0,0.007590132827324478,0.011385199240986717,0.08159392789373814,0.1252371916508539,0.003795066413662239,0.013282732447817837,0.06261859582542695,0.013282732447817837,0.0018975332068311196,0.028462998102466792,0.06072106261859583,0.08538899430740038,0.011385199240986717,0.022770398481973434,0.0777988614800759,0.05502846299810247,0.009487666034155597,0.0,0.07210626185958255,0.10436432637571158,0.0018975332068311196
S4_NA_W3_P2,0.0,0.0,0.0,0.0,0.0,0.0,0.0,0.0,0.0,0.0,0.0,0.0,0.0,0.0,0.0,0.0,0.0,0.0,0.0,0.0,0.0,0.0,0.0,0.0,0.0,0.0,0.0,0.0,0.0,0.0353356890459364,0.0,0.0,0.0,0.0,0.0,0.0,0.0,0.0,0.0035335689045936395,0.0,0.0,0.0,0.0,0.0035335689045936395,0.0,0.0,0.0,0.0,0.0,0.0,0.0,0.0035335689045936395,0.007067137809187279,0.0,0.0,0.0,0.0,0.0,0.0,0.0,0.0,0.0,0.0,0.0,0.0,0.0035335689045936395,0.0,0.0,0.0,0.0,0.007067137809187279,0.0,0.0,0.0,0.0,0.01060070671378092,0.0,0.0,0.0,0.0035335689045936395,0.0,0.0,0.0,0.0,0.0,0.0035335689045936395,0.007067137809187279,0.0,0.0,0.0,0.007067137809187279,0.0035335689045936395,0.0,0.0,0.0176678445229682,0.0035335689045936395,0.0,0.0,0.0176678445229682,0.0176678445229682,0.0,0.0,0.007067137809187279,0.007067137809187279,0.0,0.0,0.01060070671378092,0.01060070671378092,0.0706713780918728,0.13074204946996468,0.0,0.0035335689045936395,0.04946996466431095,0.03180212014134275,0.0,0.053003533568904596,0.10954063604240283,0.038869257950530034,0.01060070671378092,0.02120141342756184,0.09187279151943463,0.0636042402826855,0.007067137809187279,0.007067137809187279,0.06007067137809187,0.06007067137809187,0.0
S4_NA_W3_P3,0.0,0.0,0.0,0.0,0.0,0.0,0.0,0.0,0.0,0.0,0.0,0.0,0.0,0.0,0.0,0.0,0.0,0.0,0.0,0.0,0.0,0.02631578947368421,0.0,0.0,0.0,0.0,0.0,0.0,0.0,0.02631578947368421,0.0,0.0,0.0,0.0,0.0,0.0,0.0,0.0,0.0,0.0,0.0,0.0,0.0,0.0,0.0,0.0,0.0,0.0,0.0,0.0,0.0,0.0,0.0,0.0,0.0,0.0,0.0,0.0,0.0,0.0,0.0,0.0,0.0,0.0,0.0,0.0,0.0,0.0,0.0,0.0,0.0,0.0,0.0,0.0,0.0,0.02631578947368421,0.0,0.0,0.0,0.0,0.0,0.0,0.0,0.0,0.0,0.0,0.0,0.0,0.0,0.0,0.0,0.02631578947368421,0.0,0.0,0.0,0.02631578947368421,0.05263157894736842,0.0,0.0,0.0,0.0,0.0,0.0,0.0,0.02631578947368421,0.0,0.0,0.0,0.10526315789473684,0.13157894736842105,0.0,0.02631578947368421,0.0,0.0,0.0,0.0,0.05263157894736842,0.07894736842105263,0.02631578947368421,0.13157894736842105,0.18421052631578946,0.0,0.0,0.0,0.0,0.05263157894736842,0.0
S4_NA_W3_P4,0.0,0.0,0.0,0.0,0.0,0.0,0.0,0.0,0.0,0.0,0.0,0.0,0.0,0.0,0.0,0.0,0.0,0.0,0.0,0.0,0.0,0.0,0.0,0.0,0.0,0.0,0.0,0.0,0.0,0.0,0.0,0.0,0.0,0.0,0.0,0.0,0.0,0.0,0.0,0.0,0.0,0.0,0.0,0.0,0.0,0.0,0.0,0.0,0.0,0.0,0.0,0.0,0.0,0.0,0.1,0.0,0.0,0.0,0.0,0.0,0.0,0.0,0.0,0.0,0.0,0.0,0.0,0.0,0.0,0.0,0.0,0.0,0.0,0.0,0.0,0.0,0.0,0.0,0.0,0.0,0.0,0.0,0.0,0.0,0.0,0.0,0.0,0.0,0.0,0.0,0.0,0.0,0.0,0.0,0.0,0.0,0.0,0.0,0.0,0.1,0.0,0.0,0.0,0.0,0.0,0.0,0.0,0.1,0.1,0.0,0.0,0.0,0.0,0.0,0.0,0.0,0.2,0.1,0.0,0.0,0.1,0.1,0.0,0.0,0.0,0.1,0.0
S4_NA_W4_P0,0.0,0.0,0.0,0.0,0.0,0.0,0.0,0.0,0.0,0.0,0.0,0.0,0.0,0.0,0.0,0.0,0.0,0.0,0.0,0.0,0.0,0.0,0.0,0.0,0.0,0.0044444444444444444,0.0,0.0,0.0044444444444444444,0.0,0.0,0.0,0.02,0.0022222222222222222,0.0,0.0,0.0,0.0,0.0,0.0,0.0,0.0,0.0,0.0,0.0,0.0,0.0,0.0,0.0,0.0,0.0022222222222222222,0.0,0.0,0.0,0.0,0.011111111111111112,0.0,0.0,0.0,0.0,0.0,0.0,0.0,0.0,0.0,0.0,0.0,0.0,0.0,0.0,0.0,0.006666666666666667,0.0,0.0022222222222222222,0.008888888888888889,0.0,0.0,0.0,0.017777777777777778,0.0022222222222222222,0.0,0.0,0.0,0.0,0.0,0.0022222222222222222,0.03333333333333333,0.0,0.0,0.0,0.0,0.0022222222222222222,0.0,0.0,0.006666666666666667,0.0,0.0,0.0022222222222222222,0.006666666666666667,0.0044444444444444444,0.0,0.0,0.017777777777777778,0.006666666666666667,0.0,0.0,0.0,0.04666666666666667,0.06222222222222222,0.10444444444444445,0.0,0.03333333333333333,0.05333333333333334,0.024444444444444446,0.0022222222222222222,0.028888888888888888,0.06888888888888889,0.05555555555555555,0.022222222222222223,0.022222222222222223,0.08,0.028888888888888888,0.0,0.0,0.11333333333333333,0.08444444444444445,0.0044444444444444444
S4_NA_W4_P1,0.0,0.0,0.0,0.0,0.0,0.0,0.0,0.0,0.0,0.0,0.0,0.0,0.0,0.0,0.0,0.0,0.0,0.0,0.0,0.0,0.0,0.0,0.0,0.0,0.0,0.0,0.0,0.0,0.008108108108108109,0.0,0.0,0.0,0.002702702702702703,0.013513513513513514,0.0,0.0,0.0,0.0,0.0,0.0,0.0,0.0,0.0,0.0,0.0,0.0,0.0,0.0,0.0,0.0,0.0,0.002702702702702703,0.0,0.0,0.0,0.0,0.013513513513513514,0.0,0.0,0.0,0.0,0.002702702702702703,0.0,0.0,0.0,0.0,0.0,0.0,0.0,0.0,0.0,0.0,0.0,0.0,0.0,0.0,0.0,0.0,0.002702702702702703,0.01891891891891892,0.0,0.0,0.0,0.0,0.0,0.002702702702702703,0.002702702702702703,0.0,0.0,0.0,0.002702702702702703,0.0,0.0,0.0,0.008108108108108109,0.002702702702702703,0.0,0.002702702702702703,0.016216216216216217,0.002702702702702703,0.0,0.0,0.013513513513513514,0.008108108108108109,0.0,0.0,0.010810810810810811,0.03783783783783784,0.06486486486486487,0.12702702702702703,0.02702702702702703,0.021621621621621623,0.04594594594594595,0.01891891891891892,0.0,0.08108108108108109,0.062162162162162166,0.07837837837837838,0.013513513513513514,0.008108108108108109,0.10810810810810811,0.04864864864864865,0.008108108108108109,0.0,0.06756756756756757,0.043243243243243246,0.0
S4_NA_W4_P2,0.0,0.0,0.0,0.0,0.0,0.0,0.0,0.0,0.0,0.0,0.0,0.0,0.0,0.0,0.0,0.0,0.0,0.0,0.0,0.0,0.0,0.0,0.0,0.0,0.0,0.0,0.0,0.0,0.0,0.0,0.0,0.0,0.0,0.0,0.0,0.0,0.0,0.0,0.0,0.0,0.0,0.0,0.0,0.0,0.0,0.0,0.0,0.0,0.0,0.0,0.0,0.0,0.0,0.0,0.0,0.0,0.0,0.0,0.0,0.0,0.0,0.0,0.0,0.0,0.0,0.0,0.0,0.0,0.0,0.0,0.0,0.0,0.1111111111111111,0.0,0.0,0.0,0.1111111111111111,0.0,0.0,0.0,0.0,0.0,0.0,0.0,0.0,0.0,0.0,0.0,0.0,0.0,0.0,0.0,0.0,0.0,0.0,0.0,0.1111111111111111,0.0,0.1111111111111111,0.0,0.0,0.0,0.0,0.0,0.0,0.0,0.0,0.0,0.0,0.0,0.0,0.0,0.0,0.0,0.0,0.2222222222222222,0.1111111111111111,0.1111111111111111,0.0,0.0,0.0,0.0,0.0,0.0,0.1111111111111111,0.0,0.0
