atributo,pos_teste,cluster_a,cluster_b,estatistica,p_bruto,p_ajustado,significativo,dif_mediana_a_minus_b,n_a,n_b
Seminal plasma anti-Müllerian hormone (AMH) (pmol/L),Dunn + FDR(pares),0_0,0_1,-1.1718098143026816,0.241273421500658,0.3815486665591801,False,0.0,25,89
Seminal plasma anti-Müllerian hormone (AMH) (pmol/L),Dunn + FDR(pares),0_0,0_3,1.0834633283048916,0.27860281963156264,0.41637344472409366,False,30.0,25,20
Seminal plasma anti-Müllerian hormone (AMH) (pmol/L),Dunn + FDR(pares),0_0,1_1,-0.17729209728286266,0.8592789579221999,0.9059064982745674,False,9.0,25,69
Seminal plasma anti-Müllerian hormone (AMH) (pmol/L),Dunn + FDR(pares),0_0,1_3,0.4971914146411205,0.619054075116098,0.7517085197838334,False,9.0,25,125
Seminal plasma anti-Müllerian hormone (AMH) (pmol/L),Dunn + FDR(pares),0_0,1_4,-0.6780076442048185,0.4977668464491368,0.6447265820674534,False,-15.0,25,36
Seminal plasma anti-Müllerian hormone (AMH) (pmol/L),Dunn + FDR(pares),0_0,2_1,1.677350594016686,0.09347394448148082,0.20178502300764112,False,20.0,25,28
Seminal plasma anti-Müllerian hormone (AMH) (pmol/L),Dunn + FDR(pares),0_0,2_3,1.4860385498813042,0.13726892459534176,0.2531158223716942,False,26.0,25,16
Seminal plasma anti-Müllerian hormone (AMH) (pmol/L),Dunn + FDR(pares),0_0,2_4,2.839268500598123,0.004521709153266926,0.027952383856559175,True,36.0,25,52
Seminal plasma anti-Müllerian hormone (AMH) (pmol/L),Dunn + FDR(pares),0_0,3_0,-1.847288098968203,0.06470539685592892,0.16296174022974694,False,-32.0,25,11
Seminal plasma anti-Müllerian hormone (AMH) (pmol/L),Dunn + FDR(pares),0_0,3_1,-0.5168224371679099,0.6052801158040657,0.7470126130630346,False,9.0,25,109
Seminal plasma anti-Müllerian hormone (AMH) (pmol/L),Dunn + FDR(pares),0_0,3_3,0.0787165451361233,0.937258085200095,0.9656598453576737,False,9.0,25,47
Seminal plasma anti-Müllerian hormone (AMH) (pmol/L),Dunn + FDR(pares),0_0,3_4,-0.8274140404074379,0.4080024252200587,0.5548832982992797,False,-47.0,25,4
Seminal plasma anti-Müllerian hormone (AMH) (pmol/L),Dunn + FDR(pares),0_0,4_0,1.6401402357190804,0.10097601218311422,0.20496623368512737,False,30.0,25,103
Seminal plasma anti-Müllerian hormone (AMH) (pmol/L),Dunn + FDR(pares),0_0,4_1,1.272887763331089,0.20305787205447468,0.3351038656153377,False,10.0,25,19
Seminal plasma anti-Müllerian hormone (AMH) (pmol/L),Dunn + FDR(pares),0_0,4_2,-2.3386249893730224,0.019354850338047284,0.06926999068353765,False,-22.0,25,26
Seminal plasma anti-Müllerian hormone (AMH) (pmol/L),Dunn + FDR(pares),0_0,4_3,0.02691335879969102,0.9785288385960528,0.9785288385960528,False,9.0,25,27
Seminal plasma anti-Müllerian hormone (AMH) (pmol/L),Dunn + FDR(pares),0_1,0_3,2.38537448067429,0.017061743618407805,0.06271343600279626,False,30.0,89,20
Seminal plasma anti-Müllerian hormone (AMH) (pmol/L),Dunn + FDR(pares),0_1,1_1,1.3956015284147512,0.16283452193847348,0.2827806118385186,False,9.0,89,69
Seminal plasma anti-Müllerian hormone (AMH) (pmol/L),Dunn + FDR(pares),0_1,1_3,2.697832963346174,0.006979245054535344,0.03389919026488596,True,9.0,89,125
Seminal plasma anti-Müllerian hormone (AMH) (pmol/L),Dunn + FDR(pares),0_1,1_4,0.4492214426304921,0.6532719207179528,0.7529235696410304,False,-15.0,89,36
Seminal plasma anti-Müllerian hormone (AMH) (pmol/L),Dunn + FDR(pares),0_1,2_1,3.3541945048408057,0.0007959639079159572,0.0072115596682893225,True,20.0,89,28
Seminal plasma anti-Müllerian hormone (AMH) (pmol/L),Dunn + FDR(pares),0_1,2_3,2.72887192936288,0.006355137989896515,0.03294569943752871,True,26.0,89,16
Seminal plasma anti-Müllerian hormone (AMH) (pmol/L),Dunn + FDR(pares),0_1,2_4,5.478442138157297,4.29086854234378e-08,2.9177906087937703e-06,True,36.0,89,52
Seminal plasma anti-Müllerian hormone (AMH) (pmol/L),Dunn + FDR(pares),0_1,3_0,-1.2613543700243437,0.20718120044248756,0.335436229287837,False,-32.0,89,11
Seminal plasma anti-Müllerian hormone (AMH) (pmol/L),Dunn + FDR(pares),0_1,3_1,1.05440147748359,0.2916991461185664,0.42657079432392503,False,9.0,89,109
Seminal plasma anti-Müllerian hormone (AMH) (pmol/L),Dunn + FDR(pares),0_1,3_3,1.5790872100336724,0.11431605492239863,0.2232954395050158,False,9.0,89,47
Seminal plasma anti-Müllerian hormone (AMH) (pmol/L),Dunn + FDR(pares),0_1,3_4,-0.3528239499026425,0.7242204275855353,0.8073276897674819,False,-47.0,89,4
Seminal plasma anti-Müllerian hormone (AMH) (pmol/L),Dunn + FDR(pares),0_1,4_0,4.359507057125175,1.3035575021017165e-05,0.00035456764057166686,True,30.0,89,103
Seminal plasma anti-Müllerian hormone (AMH) (pmol/L),Dunn + FDR(pares),0_1,4_1,2.582508824846084,0.009808485365590296,0.04168606280375876,True,10.0,89,19
Seminal plasma anti-Müllerian hormone (AMH) (pmol/L),Dunn + FDR(pares),0_1,4_2,-1.7486641720921625,0.0803490865932801,0.1884047547704499,False,-22.0,89,26
Seminal plasma anti-Müllerian hormone (AMH) (pmol/L),Dunn + FDR(pares),0_1,4_3,1.2412356843939416,0.21451869601845208,0.3432299136295233,False,9.0,89,27
Seminal plasma anti-Müllerian hormone (AMH) (pmol/L),Dunn + FDR(pares),0_3,1_1,-1.4428800655806497,0.1490542595701485,0.27028505735386926,False,-21.0,20,69
Seminal plasma anti-Müllerian hormone (AMH) (pmol/L),Dunn + FDR(pares),0_3,1_3,-0.8973471735767562,0.3695336916548577,0.5214394247653945,False,-21.0,20,125
Seminal plasma anti-Müllerian hormone (AMH) (pmol/L),Dunn + FDR(pares),0_3,1_4,-1.79841016194935,0.07211203359012679,0.17512922443316506,False,-45.0,20,36
Seminal plasma anti-Müllerian hormone (AMH) (pmol/L),Dunn + FDR(pares),0_3,2_1,0.4662520801656442,0.6410350748543128,0.7529235696410304,False,-10.0,20,28
Seminal plasma anti-Müllerian hormone (AMH) (pmol/L),Dunn + FDR(pares),0_3,2_3,0.4493765420682485,0.6531600504028626,0.7529235696410304,False,-4.0,20,16
Seminal plasma anti-Müllerian hormone (AMH) (pmol/L),Dunn + FDR(pares),0_3,2_4,1.390878520813348,0.1642622671709042,0.2827806118385186,False,6.0,20,52
Seminal plasma anti-Müllerian hormone (AMH) (pmol/L),Dunn + FDR(pares),0_3,3_0,-2.6464294696185373,0.00813464667469893,0.036877064925301815,True,-62.0,20,11
Seminal plasma anti-Müllerian hormone (AMH) (pmol/L),Dunn + FDR(pares),0_3,3_1,-1.807325390280467,0.07071155944593675,0.1748504015390436,False,-21.0,20,109
Seminal plasma anti-Müllerian hormone (AMH) (pmol/L),Dunn + FDR(pares),0_3,3_3,-1.1444944005325335,0.2524186587636279,0.3943621965127347,False,-21.0,20,47
Seminal plasma anti-Müllerian hormone (AMH) (pmol/L),Dunn + FDR(pares),0_3,3_4,-1.406944236758606,0.15944392474965574,0.2816152437136777,False,-77.0,20,4
Seminal plasma anti-Müllerian hormone (AMH) (pmol/L),Dunn + FDR(pares),0_3,4_0,0.1663070834031956,0.8679152919250883,0.9079729207831693,False,0.0,20,103
Seminal plasma anti-Müllerian hormone (AMH) (pmol/L),Dunn + FDR(pares),0_3,4_1,0.1946860670508915,0.8456387200853008,0.8984911400906321,False,-20.0,20,19
Seminal plasma anti-Müllerian hormone (AMH) (pmol/L),Dunn + FDR(pares),0_3,4_2,-3.2953230139556795,0.0009830860726899946,0.007864688581519957,True,-52.0,20,26
Seminal plasma anti-Müllerian hormone (AMH) (pmol/L),Dunn + FDR(pares),0_3,4_3,-1.076430807833903,0.28173463030556367,0.4164772795821376,False,-21.0,20,27
Seminal plasma anti-Müllerian hormone (AMH) (pmol/L),Dunn + FDR(pares),1_1,1_3,1.0022659848931872,0.3162151462932067,0.45750276484974584,False,0.0,69,125
Seminal plasma anti-Müllerian hormone (AMH) (pmol/L),Dunn + FDR(pares),1_1,1_4,-0.6572395524894141,0.5110268971501528,0.6553630124934415,False,-24.0,69,36
Seminal plasma anti-Müllerian hormone (AMH) (pmol/L),Dunn + FDR(pares),1_1,2_1,2.2445296826220584,0.024798341320462422,0.08647626716879205,False,11.0,69,28
Seminal plasma anti-Müllerian hormone (AMH) (pmol/L),Dunn + FDR(pares),1_1,2_3,1.8637704604814807,0.062353945687258036,0.16296174022974694,False,17.0,69,16
Seminal plasma anti-Müllerian hormone (AMH) (pmol/L),Dunn + FDR(pares),1_1,2_4,3.9881900900844784,6.65793063939215e-05,0.0010060872966192584,True,27.0,69,52
Seminal plasma anti-Müllerian hormone (AMH) (pmol/L),Dunn + FDR(pares),1_1,3_0,-1.9312333881749493,0.05345419676531536,0.15211200255808124,False,-41.0,69,11
Seminal plasma anti-Müllerian hormone (AMH) (pmol/L),Dunn + FDR(pares),1_1,3_1,-0.4759479414607764,0.6341114662149477,0.7529235696410304,False,0.0,69,109
Seminal plasma anti-Müllerian hormone (AMH) (pmol/L),Dunn + FDR(pares),1_1,3_3,0.32185677790907374,0.7475611984248677,0.8199058305305,False,0.0,69,47
Seminal plasma anti-Müllerian hormone (AMH) (pmol/L),Dunn + FDR(pares),1_1,3_4,-0.7859198122381267,0.43191446671931955,0.5815877967705688,False,-56.0,69,4
Seminal plasma anti-Müllerian hormone (AMH) (pmol/L),Dunn + FDR(pares),1_1,4_0,2.6166210913958734,0.008880485938552311,0.03895955121429401,True,21.0,69,103
Seminal plasma anti-Müllerian hormone (AMH) (pmol/L),Dunn + FDR(pares),1_1,4_1,1.6550464197109975,0.09791508217572423,0.20466578454448023,False,1.0,69,19
Seminal plasma anti-Müllerian hormone (AMH) (pmol/L),Dunn + FDR(pares),1_1,4_2,-2.6668293825187366,0.007657053324528017,0.035908939728821046,True,-31.0,69,26
Seminal plasma anti-Müllerian hormone (AMH) (pmol/L),Dunn + FDR(pares),1_1,4_3,0.215225022994028,0.8295918825179122,0.8883818584443783,False,0.0,69,27
Seminal plasma anti-Müllerian hormone (AMH) (pmol/L),Dunn + FDR(pares),1_3,1_4,-1.509080589744,0.13127818921682102,0.24796991296510637,False,-24.0,125,36
Seminal plasma anti-Müllerian hormone (AMH) (pmol/L),Dunn + FDR(pares),1_3,2_1,1.6865080208486827,0.09169799150730683,0.20178502300764112,False,11.0,125,28
Seminal plasma anti-Müllerian hormone (AMH) (pmol/L),Dunn + FDR(pares),1_3,2_3,1.3815816361553397,0.16710019574924428,0.2840703327737153,False,17.0,125,16
Seminal plasma anti-Müllerian hormone (AMH) (pmol/L),Dunn + FDR(pares),1_3,2_4,3.5273484952483076,0.00041974390081527804,0.0047570975425731505,True,27.0,125,52
Seminal plasma anti-Müllerian hormone (AMH) (pmol/L),Dunn + FDR(pares),1_3,3_0,-2.471566670992062,0.013452246489518573,0.052271586359272176,False,-41.0,125,11
Seminal plasma anti-Müllerian hormone (AMH) (pmol/L),Dunn + FDR(pares),1_3,3_1,-1.7057203340613445,0.08806016188445707,0.20178502300764112,False,0.0,125,109
Seminal plasma anti-Müllerian hormone (AMH) (pmol/L),Dunn + FDR(pares),1_3,3_3,-0.5227439178430467,0.6011524715861694,0.7470126130630346,False,0.0,125,47
Seminal plasma anti-Müllerian hormone (AMH) (pmol/L),Dunn + FDR(pares),1_3,3_4,-1.0916812007789247,0.27497325102908066,0.41551513488838854,False,-56.0,125,4
Seminal plasma anti-Müllerian hormone (AMH) (pmol/L),Dunn + FDR(pares),1_3,4_0,1.9293567491860213,0.05368658913814632,0.15211200255808124,False,21.0,125,103
Seminal plasma anti-Müllerian hormone (AMH) (pmol/L),Dunn + FDR(pares),1_3,4_1,1.1309520807463183,0.25807526095318667,0.3943621965127347,False,1.0,125,19
Seminal plasma anti-Müllerian hormone (AMH) (pmol/L),Dunn + FDR(pares),1_3,4_2,-3.5444365137360534,0.00039345324691503317,0.0047570975425731505,True,-31.0,125,26
Seminal plasma anti-Müllerian hormone (AMH) (pmol/L),Dunn + FDR(pares),1_3,4_3,-0.4780867006384132,0.6325884974342055,0.7529235696410304,False,0.0,125,27
Seminal plasma anti-Müllerian hormone (AMH) (pmol/L),Dunn + FDR(pares),1_4,2_1,2.5322112601181113,0.011334567795356925,0.046712158186925506,True,35.0,36,28
Seminal plasma anti-Müllerian hormone (AMH) (pmol/L),Dunn + FDR(pares),1_4,2_3,2.1709127590372748,0.0299377676746614,0.09694134294652262,False,41.0,36,16
Seminal plasma anti-Müllerian hormone (AMH) (pmol/L),Dunn + FDR(pares),1_4,2_4,4.001193640657503,6.302375484551325e-05,0.0010060872966192584,True,51.0,36,52
Seminal plasma anti-Müllerian hormone (AMH) (pmol/L),Dunn + FDR(pares),1_4,3_0,-1.4277115667564253,0.1533748955177832,0.274460339347612,False,-17.0,36,11
Seminal plasma anti-Müllerian hormone (AMH) (pmol/L),Dunn + FDR(pares),1_4,3_1,0.32204670748289427,0.7474173103811447,0.8199058305305,False,24.0,36,109
Seminal plasma anti-Müllerian hormone (AMH) (pmol/L),Dunn + FDR(pares),1_4,3_3,0.8849433303843648,0.3761871964789226,0.5220557012360559,False,24.0,36,47
Seminal plasma anti-Müllerian hormone (AMH) (pmol/L),Dunn + FDR(pares),1_4,3_4,-0.5105101321273976,0.6096941180146827,0.7470126130630346,False,-32.0,36,4
Seminal plasma anti-Müllerian hormone (AMH) (pmol/L),Dunn + FDR(pares),1_4,4_0,2.8003626346278456,0.005104522740872455,0.030175556405643837,True,45.0,36,103
Seminal plasma anti-Müllerian hormone (AMH) (pmol/L),Dunn + FDR(pares),1_4,4_1,1.988685876899731,0.04673588582216715,0.14124623270699407,False,25.0,36,19
Seminal plasma anti-Müllerian hormone (AMH) (pmol/L),Dunn + FDR(pares),1_4,4_2,-1.8594176010311811,0.06296796886682716,0.16296174022974694,False,-7.0,36,26
Seminal plasma anti-Müllerian hormone (AMH) (pmol/L),Dunn + FDR(pares),1_4,4_3,0.7226731663506243,0.46988070513062874,0.6144593836323607,False,24.0,36,27
Seminal plasma anti-Müllerian hormone (AMH) (pmol/L),Dunn + FDR(pares),2_1,2_3,0.04537723183589195,0.9638066286528214,0.977687548639518,False,6.0,28,16
Seminal plasma anti-Müllerian hormone (AMH) (pmol/L),Dunn + FDR(pares),2_1,2_4,0.9789086059752357,0.3276251395627964,0.4690212524267401,False,16.0,28,52
Seminal plasma anti-Müllerian hormone (AMH) (pmol/L),Dunn + FDR(pares),2_1,3_0,-3.175337065770984,0.0014966254405571675,0.010712687363988145,True,-52.0,28,11
Seminal plasma anti-Müllerian hormone (AMH) (pmol/L),Dunn + FDR(pares),2_1,3_1,-2.719367452391395,0.0065406903295093756,0.03294569943752871,True,-11.0,28,109
Seminal plasma anti-Müllerian hormone (AMH) (pmol/L),Dunn + FDR(pares),2_1,3_3,-1.8517255400508907,0.06406524459724522,0.16296174022974694,False,-11.0,28,47
Seminal plasma anti-Müllerian hormone (AMH) (pmol/L),Dunn + FDR(pares),2_1,3_4,-1.6970656142420344,0.08968425625590785,0.20178502300764112,False,-67.0,28,4
Seminal plasma anti-Müllerian hormone (AMH) (pmol/L),Dunn + FDR(pares),2_1,4_0,-0.44981151091845484,0.6528463571312341,0.7529235696410304,False,10.0,28,103
Seminal plasma anti-Müllerian hormone (AMH) (pmol/L),Dunn + FDR(pares),2_1,4_1,-0.24941830894252345,0.8030372240905677,0.8667703371136285,False,-10.0,28,19
Seminal plasma anti-Müllerian hormone (AMH) (pmol/L),Dunn + FDR(pares),2_1,4_2,-4.099892678755348,4.133417738519052e-05,0.0008164200469106868,True,-42.0,28,26
Seminal plasma anti-Müllerian hormone (AMH) (pmol/L),Dunn + FDR(pares),2_1,4_3,-1.6834719417717898,0.09228376660276746,0.20178502300764112,False,-11.0,28,27
Seminal plasma anti-Müllerian hormone (AMH) (pmol/L),Dunn + FDR(pares),2_3,2_4,0.752883740122538,0.4515197797971813,0.5961814568195791,False,10.0,16,52
Seminal plasma anti-Müllerian hormone (AMH) (pmol/L),Dunn + FDR(pares),2_3,3_0,-2.9211444584435378,0.0034874807952916926,0.023714869407983508,True,-58.0,16,11
Seminal plasma anti-Müllerian hormone (AMH) (pmol/L),Dunn + FDR(pares),2_3,3_1,-2.205177099243299,0.02744166952527747,0.09330167638594339,False,-17.0,16,109
Seminal plasma anti-Müllerian hormone (AMH) (pmol/L),Dunn + FDR(pares),2_3,3_3,-1.5764094314242922,0.11493147621581694,0.2232954395050158,False,-17.0,16,47
Seminal plasma anti-Müllerian hormone (AMH) (pmol/L),Dunn + FDR(pares),2_3,3_4,-1.6481441158841943,0.09932310132305658,0.20466578454448023,False,-73.0,16,4
Seminal plasma anti-Müllerian hormone (AMH) (pmol/L),Dunn + FDR(pares),2_3,4_0,-0.4096792833504668,0.6820412289810752,0.7794756902640859,False,4.0,16,103
Seminal plasma anti-Müllerian hormone (AMH) (pmol/L),Dunn + FDR(pares),2_3,4_1,-0.26039730876564654,0.7945573186665662,0.8644783627092241,False,-16.0,16,19
Seminal plasma anti-Müllerian hormone (AMH) (pmol/L),Dunn + FDR(pares),2_3,4_2,-3.5589493212024044,0.0003723413631377665,0.0047570975425731505,True,-48.0,16,26
Seminal plasma anti-Müllerian hormone (AMH) (pmol/L),Dunn + FDR(pares),2_3,4_3,-1.4843172138216347,0.13772478570224536,0.2531158223716942,False,-17.0,16,27
Seminal plasma anti-Müllerian hormone (AMH) (pmol/L),Dunn + FDR(pares),2_4,3_0,-4.096073701105392,4.2021620061579464e-05,0.0008164200469106868,True,-68.0,52,11
Seminal plasma anti-Müllerian hormone (AMH) (pmol/L),Dunn + FDR(pares),2_4,3_1,-4.779989330653035,1.7530449756299132e-06,7.947137222855606e-05,True,-27.0,52,109
Seminal plasma anti-Müllerian hormone (AMH) (pmol/L),Dunn + FDR(pares),2_4,3_3,-3.336495250049959,0.0008484187845046262,0.0072115596682893225,True,-27.0,52,47
Seminal plasma anti-Müllerian hormone (AMH) (pmol/L),Dunn + FDR(pares),2_4,3_4,-2.190470713710707,0.028490116494572507,0.09450380105516734,False,-83.0,52,4
Seminal plasma anti-Müllerian hormone (AMH) (pmol/L),Dunn + FDR(pares),2_4,4_0,-1.9123791593520307,0.05582757912044256,0.15495001551796303,False,-6.0,52,103
Seminal plasma anti-Müllerian hormone (AMH) (pmol/L),Dunn + FDR(pares),2_4,4_1,-1.1325126341504663,0.2574189757896599,0.3943621965127347,False,-26.0,52,19
Seminal plasma anti-Müllerian hormone (AMH) (pmol/L),Dunn + FDR(pares),2_4,4_2,-5.604158307141642,2.0926937858169084e-08,2.8460635487109953e-06,True,-58.0,52,26
Seminal plasma anti-Müllerian hormone (AMH) (pmol/L),Dunn + FDR(pares),2_4,4_3,-2.881573800776779,0.003956945576187502,0.025625933255309537,True,-27.0,52,27
Seminal plasma anti-Müllerian hormone (AMH) (pmol/L),Dunn + FDR(pares),3_0,3_1,1.7504356856362002,0.08004316280597261,0.1884047547704499,False,41.0,11,109
Seminal plasma anti-Müllerian hormone (AMH) (pmol/L),Dunn + FDR(pares),3_0,3_3,2.053671867055073,0.0400074612029989,0.12653522613041512,False,41.0,11,47
Seminal plasma anti-Müllerian hormone (AMH) (pmol/L),Dunn + FDR(pares),3_0,3_4,0.381585420316337,0.7027689002799697,0.7898890118849247,False,-15.0,11,4
Seminal plasma anti-Müllerian hormone (AMH) (pmol/L),Dunn + FDR(pares),3_0,4_0,3.2599007407643716,0.0011145121044919336,0.008420758122827943,True,62.0,11,103
Seminal plasma anti-Müllerian hormone (AMH) (pmol/L),Dunn + FDR(pares),3_0,4_1,2.7866803222034804,0.0053250981892312655,0.030175556405643837,True,42.0,11,19
Seminal plasma anti-Müllerian hormone (AMH) (pmol/L),Dunn + FDR(pares),3_0,4_2,0.03698286316579191,0.970498669605404,0.977687548639518,False,10.0,11,26
Seminal plasma anti-Müllerian hormone (AMH) (pmol/L),Dunn + FDR(pares),3_0,4_3,1.8894388690083028,0.058833046768781296,0.1600258872110851,False,41.0,11,27
Seminal plasma anti-Müllerian hormone (AMH) (pmol/L),Dunn + FDR(pares),3_1,3_3,0.7684295900752156,0.4422320064457411,0.5896426752609881,False,0.0,109,47
Seminal plasma anti-Müllerian hormone (AMH) (pmol/L),Dunn + FDR(pares),3_1,3_4,-0.6501172495494101,0.5156164877705753,0.6553630124934415,False,-56.0,109,4
Seminal plasma anti-Müllerian hormone (AMH) (pmol/L),Dunn + FDR(pares),3_1,4_0,3.4951166359261188,0.00047385463393238093,0.0049572484780618315,True,21.0,109,103
Seminal plasma anti-Müllerian hormone (AMH) (pmol/L),Dunn + FDR(pares),3_1,4_1,2.0193073723641315,0.04345528210495787,0.1343163265062334,False,1.0,109,19
Seminal plasma anti-Müllerian hormone (AMH) (pmol/L),Dunn + FDR(pares),3_1,4_2,-2.4762854128594016,0.01327574031535053,0.052271586359272176,False,-31.0,109,26
Seminal plasma anti-Müllerian hormone (AMH) (pmol/L),Dunn + FDR(pares),3_1,4_3,0.5678828416782153,0.5701145235351227,0.7179219925997842,False,0.0,109,27
Seminal plasma anti-Müllerian hormone (AMH) (pmol/L),Dunn + FDR(pares),3_3,3_4,-0.8929032220651932,0.37190900148708284,0.5214394247653945,False,-56.0,47,4
Seminal plasma anti-Müllerian hormone (AMH) (pmol/L),Dunn + FDR(pares),3_3,4_0,1.9666990173856131,0.0492179202502804,0.14551385117474205,False,21.0,47,103
Seminal plasma anti-Müllerian hormone (AMH) (pmol/L),Dunn + FDR(pares),3_3,4_1,1.3533531280701379,0.17594284394802917,0.2954102071226169,False,1.0,47,19
Seminal plasma anti-Müllerian hormone (AMH) (pmol/L),Dunn + FDR(pares),3_3,4_2,-2.7598988155913062,0.005781926648967301,0.03145368097038211,True,-31.0,47,26
Seminal plasma anti-Müllerian hormone (AMH) (pmol/L),Dunn + FDR(pares),3_3,4_3,-0.049757838530773826,0.9603153650169375,0.977687548639518,False,0.0,47,27
Seminal plasma anti-Müllerian hormone (AMH) (pmol/L),Dunn + FDR(pares),3_4,4_0,1.591889632369714,0.11140950548781096,0.22281901097562193,False,77.0,4,103
Seminal plasma anti-Müllerian hormone (AMH) (pmol/L),Dunn + FDR(pares),3_4,4_1,1.514188980948196,0.129977915616286,0.24796991296510637,False,57.0,4,19
Seminal plasma anti-Müllerian hormone (AMH) (pmol/L),Dunn + FDR(pares),3_4,4_2,-0.3900600286960163,0.6964921589061355,0.7893577800936202,False,25.0,4,26
Seminal plasma anti-Müllerian hormone (AMH) (pmol/L),Dunn + FDR(pares),3_4,4_3,0.8456163591954591,0.3977667964089574,0.5464271142587698,False,56.0,4,27
Seminal plasma anti-Müllerian hormone (AMH) (pmol/L),Dunn + FDR(pares),4_0,4_1,0.08704003650344194,0.9306396883215555,0.9656598453576737,False,-20.0,103,19
Seminal plasma anti-Müllerian hormone (AMH) (pmol/L),Dunn + FDR(pares),4_0,4_2,-4.650817121648209,3.3062241890792507e-06,0.00011241162242869453,True,-52.0,103,26
Seminal plasma anti-Müllerian hormone (AMH) (pmol/L),Dunn + FDR(pares),4_0,4_3,-1.6567716214137724,0.09756565653746241,0.20466578454448023,False,-21.0,103,27
Seminal plasma anti-Müllerian hormone (AMH) (pmol/L),Dunn + FDR(pares),4_1,4_2,-3.4540237358385038,0.0005522887645262802,0.005365090855398151,True,-32.0,19,26
Seminal plasma anti-Müllerian hormone (AMH) (pmol/L),Dunn + FDR(pares),4_1,4_3,-1.2688013655393873,0.20451191798583113,0.3351038656153377,False,-1.0,19,27
Seminal plasma anti-Müllerian hormone (AMH) (pmol/L),Dunn + FDR(pares),4_2,4_3,2.4112595591694235,0.015897530151881143,0.06005733612932876,False,31.0,26,27
Serum total testosterone (nmol/L),Dunn + FDR(pares),0_0,0_1,0.16466443741303116,0.8692081096509193,0.9476696692451486,False,5.099999999999998,25,89
Serum total testosterone (nmol/L),Dunn + FDR(pares),0_0,0_3,-1.9169923112575646,0.055238908451262794,0.21464261569633544,False,-4.149999999999999,25,20
Serum total testosterone (nmol/L),Dunn + FDR(pares),0_0,1_1,-0.6896018943975473,0.49044457573888567,0.7940531226248625,False,0.0,25,69
Serum total testosterone (nmol/L),Dunn + FDR(pares),0_0,1_3,-0.2730576081986503,0.7848089325596528,0.9455099526328914,False,3.599999999999998,25,125
Serum total testosterone (nmol/L),Dunn + FDR(pares),0_0,1_4,-0.27201883866534,0.7856075341729172,0.9455099526328914,False,3.599999999999998,25,36
Serum total testosterone (nmol/L),Dunn + FDR(pares),0_0,2_1,-0.5949185135440694,0.5518979413724023,0.8339791114071857,False,1.799999999999999,25,28
Serum total testosterone (nmol/L),Dunn + FDR(pares),0_0,2_3,-0.7109807837715685,0.47709614380060494,0.7912814092302717,False,0.5,25,16
Serum total testosterone (nmol/L),Dunn + FDR(pares),0_0,2_4,0.11049691624793857,0.9120152953731916,0.9615044974477059,False,3.599999999999998,25,52
Serum total testosterone (nmol/L),Dunn + FDR(pares),0_0,3_0,-0.8113328224287512,0.41717456589272184,0.7666992021812186,False,0.0,25,11
Serum total testosterone (nmol/L),Dunn + FDR(pares),0_0,3_1,-2.8152408999081184,0.0048740682338299325,0.03899254587063946,True,-2.0,25,109
Serum total testosterone (nmol/L),Dunn + FDR(pares),0_0,3_3,-3.5017023200001853,0.0004622958228305441,0.005715657445904908,True,-8.700000000000003,25,47
Serum total testosterone (nmol/L),Dunn + FDR(pares),0_0,3_4,-0.8512684952857267,0.3946202214676331,0.755892255205607,False,-4.700000000000003,25,4
Serum total testosterone (nmol/L),Dunn + FDR(pares),0_0,4_0,-2.4864404883676827,0.012902814814468151,0.07624615890955873,False,-0.8000000000000007,25,103
Serum total testosterone (nmol/L),Dunn + FDR(pares),0_0,4_1,-1.9297332489512264,0.05363989801167324,0.21455959204669295,False,-0.8000000000000007,25,19
Serum total testosterone (nmol/L),Dunn + FDR(pares),0_0,4_2,-0.18911665963879504,0.8500013845870891,0.9476696692451486,False,-1.3999999999999986,25,26
Serum total testosterone (nmol/L),Dunn + FDR(pares),0_0,4_3,-1.8708300198738288,0.061368645220176016,0.2318371041651094,False,-0.8000000000000007,25,27
Serum total testosterone (nmol/L),Dunn + FDR(pares),0_1,0_3,-2.4746325279291597,0.013337332695052674,0.07624615890955873,False,-9.249999999999996,89,20
Serum total testosterone (nmol/L),Dunn + FDR(pares),0_1,1_1,-1.2359648100587786,0.21647164442934996,0.5352753389525744,False,-5.099999999999998,89,69
Serum total testosterone (nmol/L),Dunn + FDR(pares),0_1,1_3,-0.7000770902972454,0.4838791622480806,0.792862241755891,False,-1.5,89,125
Serum total testosterone (nmol/L),Dunn + FDR(pares),0_1,1_4,-0.5472397861364307,0.58421400571125,0.8452457954971277,False,-1.5,89,36
Serum total testosterone (nmol/L),Dunn + FDR(pares),0_1,2_1,-0.9275036474345312,0.3536650988970712,0.7002885402236139,False,-3.299999999999999,89,28
Serum total testosterone (nmol/L),Dunn + FDR(pares),0_1,2_3,-0.9755238302059408,0.32930048691649083,0.6887879860562823,False,-4.599999999999998,89,16
Serum total testosterone (nmol/L),Dunn + FDR(pares),0_1,2_4,-0.0594701228349805,0.9525776618688079,0.9751618451554069,False,-1.5,89,52
Serum total testosterone (nmol/L),Dunn + FDR(pares),0_1,3_0,-1.0351133126936025,0.30061599609921674,0.6611961944342983,False,-5.099999999999998,89,11
Serum total testosterone (nmol/L),Dunn + FDR(pares),0_1,3_1,-4.630681264571684,3.644645546609196e-06,0.00016522393144628353,True,-7.099999999999998,89,109
Serum total testosterone (nmol/L),Dunn + FDR(pares),0_1,3_3,-5.014007801512703,5.330782367394056e-07,7.249864019655916e-05,True,-13.8,89,47
Serum total testosterone (nmol/L),Dunn + FDR(pares),0_1,3_4,-0.9698344970629487,0.3321289945658481,0.6887879860562823,False,-9.8,89,4
Serum total testosterone (nmol/L),Dunn + FDR(pares),0_1,4_0,-4.088060678883735,4.349943869121827e-05,0.0009859872770009474,True,-5.899999999999999,89,103
Serum total testosterone (nmol/L),Dunn + FDR(pares),0_1,4_1,-2.4714880580326954,0.01345520451345154,0.07624615890955873,False,-5.899999999999999,89,19
Serum total testosterone (nmol/L),Dunn + FDR(pares),0_1,4_2,-0.40481808846175127,0.6856112316718418,0.8796521462959479,False,-6.4999999999999964,89,26
Serum total testosterone (nmol/L),Dunn + FDR(pares),0_1,4_3,-2.533014246146593,0.011308635673437886,0.07624615890955873,False,-5.899999999999999,89,27
Serum total testosterone (nmol/L),Dunn + FDR(pares),0_3,1_1,1.6306844131815263,0.10295692715266408,0.2979179168672833,False,4.149999999999999,20,69
Serum total testosterone (nmol/L),Dunn + FDR(pares),0_3,1_3,2.1395578691930397,0.032390514500894745,0.1334881809733844,False,7.7499999999999964,20,125
Serum total testosterone (nmol/L),Dunn + FDR(pares),0_3,1_4,1.8081891419459915,0.07057706796549514,0.24611490367454716,False,7.7499999999999964,20,36
Serum total testosterone (nmol/L),Dunn + FDR(pares),0_3,2_1,1.4051935724590328,0.1599637249379824,0.4183666652224155,False,5.9499999999999975,20,28
Serum total testosterone (nmol/L),Dunn + FDR(pares),0_3,2_3,1.035963672028587,0.3002190908155067,0.6611961944342983,False,4.649999999999999,20,16
Serum total testosterone (nmol/L),Dunn + FDR(pares),0_3,2_4,2.2879130230629103,0.022142586752200325,0.10852691182229304,False,7.7499999999999964,20,52
Serum total testosterone (nmol/L),Dunn + FDR(pares),0_3,3_0,0.7500332612863885,0.4532346725668558,0.7758367358764031,False,4.149999999999999,20,11
Serum total testosterone (nmol/L),Dunn + FDR(pares),0_3,3_1,-0.2022131502300803,0.8397500930895812,0.9476696692451486,False,2.1499999999999986,20,109
Serum total testosterone (nmol/L),Dunn + FDR(pares),0_3,3_3,-1.0926701510124979,0.2745386498364093,0.6550395855745906,False,-4.550000000000004,20,47
Serum total testosterone (nmol/L),Dunn + FDR(pares),0_3,3_4,0.21301948870832277,0.831311761741868,0.9476696692451486,False,-0.5500000000000043,20,4
Serum total testosterone (nmol/L),Dunn + FDR(pares),0_3,4_0,0.08485419174143206,0.9323773100736186,0.9751618451554069,False,3.349999999999998,20,103
Serum total testosterone (nmol/L),Dunn + FDR(pares),0_3,4_1,-0.03816013233516594,0.9695600075151689,0.9818659057295757,False,3.349999999999998,20,19
Serum total testosterone (nmol/L),Dunn + FDR(pares),0_3,4_2,1.7554829711401012,0.0791767309199483,0.250419428025883,False,2.75,20,26
Serum total testosterone (nmol/L),Dunn + FDR(pares),0_3,4_3,0.1892702812794903,0.8498809864256271,0.9476696692451486,False,3.349999999999998,20,27
Serum total testosterone (nmol/L),Dunn + FDR(pares),1_1,1_3,0.6744723235611692,0.5000110756177232,0.796362740769499,False,3.599999999999998,69,125
Serum total testosterone (nmol/L),Dunn + FDR(pares),1_1,1_4,0.43852883760975003,0.6610029703106213,0.8796521462959479,False,3.599999999999998,69,36
Serum total testosterone (nmol/L),Dunn + FDR(pares),1_1,2_1,-0.012142049420090402,0.9903122842740842,0.9903122842740842,False,1.799999999999999,69,28
Serum total testosterone (nmol/L),Dunn + FDR(pares),1_1,2_3,-0.2401883795678008,0.8101842218056343,0.9476696692451486,False,0.5,69,16
Serum total testosterone (nmol/L),Dunn + FDR(pares),1_1,2_4,1.0230389849569237,0.30628941359824113,0.6611961944342983,False,3.599999999999998,69,52
Serum total testosterone (nmol/L),Dunn + FDR(pares),1_1,3_0,-0.40834783543967057,0.6830183248995492,0.8796521462959479,False,0.0,69,11
Serum total testosterone (nmol/L),Dunn + FDR(pares),1_1,3_1,-3.0116093907305976,0.002598667518261536,0.02524419874882635,True,-2.0,69,109
Serum total testosterone (nmol/L),Dunn + FDR(pares),1_1,3_3,-3.732061165708514,0.00018991936880512428,0.0030552712932108476,True,-8.700000000000003,69,47
Serum total testosterone (nmol/L),Dunn + FDR(pares),1_1,3_4,-0.5783593878711805,0.563021506860965,0.8414387355284751,False,-4.700000000000003,69,4
Serum total testosterone (nmol/L),Dunn + FDR(pares),1_1,4_0,-2.5286951942565197,0.011448740545519804,0.07624615890955873,False,-0.8000000000000007,69,103
Serum total testosterone (nmol/L),Dunn + FDR(pares),1_1,4_1,-1.6455854004179062,0.0998491469694373,0.2952061736487711,False,-0.8000000000000007,69,19
Serum total testosterone (nmol/L),Dunn + FDR(pares),1_1,4_2,0.4693463328664667,0.6388221021866077,0.8687980589737865,False,-1.3999999999999986,69,26
Serum total testosterone (nmol/L),Dunn + FDR(pares),1_1,4_3,-1.5783166086718383,0.11449289220888978,0.3243965279251877,False,-0.8000000000000007,69,27
Serum total testosterone (nmol/L),Dunn + FDR(pares),1_3,1_4,-0.05812266342967404,0.9536509221005082,0.9751618451554069,False,0.0,125,36
Serum total testosterone (nmol/L),Dunn + FDR(pares),1_3,2_1,-0.49682134458503124,0.6193150419434217,0.8587800184824742,False,-1.799999999999999,125,28
Serum total testosterone (nmol/L),Dunn + FDR(pares),1_3,2_3,-0.6319750891946259,0.5274031550882996,0.8068880005315526,False,-3.099999999999998,125,16
Serum total testosterone (nmol/L),Dunn + FDR(pares),1_3,2_4,0.5254956608007365,0.5992386689813228,0.852479237350606,False,0.0,125,52
Serum total testosterone (nmol/L),Dunn + FDR(pares),1_3,3_0,-0.7431755329642266,0.45737541438837426,0.7758367358764031,False,-3.599999999999998,125,11
Serum total testosterone (nmol/L),Dunn + FDR(pares),1_3,3_1,-4.3072127767393065,1.65324561467788e-05,0.0004496828071923833,True,-5.599999999999998,125,109
Serum total testosterone (nmol/L),Dunn + FDR(pares),1_3,3_3,-4.716377659805569,2.4008061649289134e-06,0.0001632548192151661,True,-12.3,125,47
Serum total testosterone (nmol/L),Dunn + FDR(pares),1_3,3_4,-0.7847394194676217,0.43260636561523347,0.7737997144609876,False,-8.3,125,4
Serum total testosterone (nmol/L),Dunn + FDR(pares),1_3,4_0,-3.7162680626401703,0.00020218707087424727,0.0030552712932108476,True,-4.399999999999999,125,103
Serum total testosterone (nmol/L),Dunn + FDR(pares),1_3,4_1,-2.142259346057589,0.03217261830293379,0.1334881809733844,False,-4.399999999999999,125,19
Serum total testosterone (nmol/L),Dunn + FDR(pares),1_3,4_2,0.03178149569054474,0.9746463034815641,0.9818659057295757,False,-4.9999999999999964,125,26
Serum total testosterone (nmol/L),Dunn + FDR(pares),1_3,4_3,-2.1649074574392864,0.030394773001044068,0.1333448105852256,False,-4.399999999999999,125,27
Serum total testosterone (nmol/L),Dunn + FDR(pares),1_4,2_1,-0.3686112538277321,0.7124175060626414,0.900590258113936,False,-1.799999999999999,36,28
Serum total testosterone (nmol/L),Dunn + FDR(pares),1_4,2_3,-0.5218855068140171,0.6017500498945455,0.852479237350606,False,-3.099999999999998,36,16
Serum total testosterone (nmol/L),Dunn + FDR(pares),1_4,2_4,0.4506610971367827,0.652233824823937,0.8782554472876775,False,0.0,36,52
Serum total testosterone (nmol/L),Dunn + FDR(pares),1_4,3_0,-0.6465231198447496,0.5179406291724897,0.8068880005315526,False,-3.599999999999998,36,11
Serum total testosterone (nmol/L),Dunn + FDR(pares),1_4,3_1,-2.8792170137840962,0.00398663901219565,0.033886431603663024,True,-5.599999999999998,36,109
Serum total testosterone (nmol/L),Dunn + FDR(pares),1_4,3_3,-3.593956247120736,0.0003256945526763385,0.004429445916398204,True,-12.3,36,47
Serum total testosterone (nmol/L),Dunn + FDR(pares),1_4,3_4,-0.735427412124177,0.46207923239697535,0.7758367358764031,False,-8.3,36,4
Serum total testosterone (nmol/L),Dunn + FDR(pares),1_4,4_0,-2.497466883209532,0.012508414798975813,0.07624615890955873,False,-4.399999999999999,36,103
Serum total testosterone (nmol/L),Dunn + FDR(pares),1_4,4_1,-1.8214663519225152,0.06853599700988286,0.24528672614063338,False,-4.399999999999999,36,19
Serum total testosterone (nmol/L),Dunn + FDR(pares),1_4,4_2,0.06933361425319919,0.9447240698016955,0.9751618451554069,False,-4.9999999999999964,36,26
Serum total testosterone (nmol/L),Dunn + FDR(pares),1_4,4_3,-1.7614423182433556,0.07816356780344554,0.250419428025883,False,-4.399999999999999,36,27
Serum total testosterone (nmol/L),Dunn + FDR(pares),2_1,2_3,-0.2039805056526633,0.8383687328707088,0.9476696692451486,False,-1.299999999999999,28,16
Serum total testosterone (nmol/L),Dunn + FDR(pares),2_1,2_4,0.8130897894381003,0.4161665801421869,0.7666992021812186,False,1.799999999999999,28,52
Serum total testosterone (nmol/L),Dunn + FDR(pares),2_1,3_0,-0.3649153217574693,0.7151746167375373,0.900590258113936,False,-1.799999999999999,28,11
Serum total testosterone (nmol/L),Dunn + FDR(pares),2_1,3_1,-2.173927386963186,0.0297105888995979,0.1333448105852256,False,-3.799999999999999,28,109
Serum total testosterone (nmol/L),Dunn + FDR(pares),2_1,3_3,-2.9452648601296647,0.0032267831009722826,0.029256166782148697,True,-10.500000000000002,28,47
Serum total testosterone (nmol/L),Dunn + FDR(pares),2_1,3_4,-0.5513761959986754,0.5813758150909261,0.8452457954971277,False,-6.500000000000002,28,4
Serum total testosterone (nmol/L),Dunn + FDR(pares),2_1,4_0,-1.8330128167702477,0.06680066508480477,0.24528672614063338,False,-2.5999999999999996,28,103
Serum total testosterone (nmol/L),Dunn + FDR(pares),2_1,4_1,-1.425236805498844,0.15408876048174597,0.41090336128465593,False,-2.5999999999999996,28,19
Serum total testosterone (nmol/L),Dunn + FDR(pares),2_1,4_2,0.40655306114665946,0.6843362780288912,0.8796521462959479,False,-3.1999999999999975,28,26
Serum total testosterone (nmol/L),Dunn + FDR(pares),2_1,4_3,-1.318233669882113,0.1874254375599601,0.4720344353361958,False,-2.5999999999999996,28,27
Serum total testosterone (nmol/L),Dunn + FDR(pares),2_3,2_4,0.8902745012449951,0.37331850931735755,0.7253045323880091,False,3.099999999999998,16,52
Serum total testosterone (nmol/L),Dunn + FDR(pares),2_3,3_0,-0.16831912151415898,0.8663322316761318,0.9476696692451486,False,-0.5,16,11
Serum total testosterone (nmol/L),Dunn + FDR(pares),2_3,3_1,-1.4816293836045384,0.1384389361436242,0.38423867990883454,False,-2.5,16,109
Serum total testosterone (nmol/L),Dunn + FDR(pares),2_3,3_3,-2.2083547482802395,0.02721955363806231,0.1276503205095336,False,-9.200000000000003,16,47
Serum total testosterone (nmol/L),Dunn + FDR(pares),2_3,3_4,-0.4128625821755707,0.6797072969039231,0.8796521462959479,False,-5.200000000000003,16,4
Serum total testosterone (nmol/L),Dunn + FDR(pares),2_3,4_0,-1.2159206212509346,0.22401516183022152,0.5440368215876809,False,-1.3000000000000007,16,103
Serum total testosterone (nmol/L),Dunn + FDR(pares),2_3,4_1,-1.0600847258857788,0.2891060559264763,0.6611961944342983,False,-1.3000000000000007,16,19
Serum total testosterone (nmol/L),Dunn + FDR(pares),2_3,4_2,0.5496601725582898,0.5825524788216094,0.8452457954971277,False,-1.8999999999999986,16,26
Serum total testosterone (nmol/L),Dunn + FDR(pares),2_3,4_3,-0.9243704958579935,0.3552934505546276,0.7002885402236139,False,-1.3000000000000007,16,27
Serum total testosterone (nmol/L),Dunn + FDR(pares),2_4,3_0,-0.9655592830134857,0.33426475793907817,0.6887879860562823,False,-3.599999999999998,52,11
Serum total testosterone (nmol/L),Dunn + FDR(pares),2_4,3_1,-3.8636946843326285,0.00011168480297233306,0.0021698761720338995,True,-5.599999999999998,52,109
Serum total testosterone (nmol/L),Dunn + FDR(pares),2_4,3_3,-4.440463478908147,8.976533837022395e-06,0.0003052021504587614,True,-12.3,52,47
Serum total testosterone (nmol/L),Dunn + FDR(pares),2_4,3_4,-0.9353208529054471,0.34962297183391633,0.7002885402236139,False,-8.3,52,4
Serum total testosterone (nmol/L),Dunn + FDR(pares),2_4,4_0,-3.4168141954738247,0.0006335850582116883,0.007180630659732467,True,-4.399999999999999,52,103
Serum total testosterone (nmol/L),Dunn + FDR(pares),2_4,4_1,-2.2912346158365544,0.021949847903300516,0.10852691182229304,False,-4.399999999999999,52,19
Serum total testosterone (nmol/L),Dunn + FDR(pares),2_4,4_2,-0.3325065443065937,0.7395067989139351,0.920559999022305,False,-4.9999999999999964,52,26
Serum total testosterone (nmol/L),Dunn + FDR(pares),2_4,4_3,-2.302411027915613,0.021312003651800807,0.10852691182229304,False,-4.399999999999999,52,27
Serum total testosterone (nmol/L),Dunn + FDR(pares),3_0,3_1,-1.0454442663150028,0.2958176867956489,0.6611961944342983,False,-2.0,11,109
Serum total testosterone (nmol/L),Dunn + FDR(pares),3_0,3_3,-1.711535572356093,0.08698229026381225,0.2688543517245106,False,-8.700000000000003,11,47
Serum total testosterone (nmol/L),Dunn + FDR(pares),3_0,3_4,-0.282373928667558,0.7776568038278553,0.9455099526328914,False,-4.700000000000003,11,4
Serum total testosterone (nmol/L),Dunn + FDR(pares),3_0,4_0,-0.8222238922618011,0.41094948316570223,0.7666992021812186,False,-0.8000000000000007,11,103
Serum total testosterone (nmol/L),Dunn + FDR(pares),3_0,4_1,-0.7753934721397467,0.4381071912757062,0.7737997144609876,False,-0.8000000000000007,11,19
Serum total testosterone (nmol/L),Dunn + FDR(pares),3_0,4_2,0.6688638669269393,0.5035823213689479,0.796362740769499,False,-1.3999999999999986,11,26
Serum total testosterone (nmol/L),Dunn + FDR(pares),3_0,4_3,-0.6310053897311583,0.5280370003478543,0.8068880005315526,False,-0.8000000000000007,11,27
Serum total testosterone (nmol/L),Dunn + FDR(pares),3_1,3_3,-1.3898282028073137,0.16458105179496707,0.4223211895116136,False,-6.700000000000003,109,47
Serum total testosterone (nmol/L),Dunn + FDR(pares),3_1,3_4,0.32580672879377626,0.7445705874445114,0.920559999022305,False,-2.700000000000003,109,4
Serum total testosterone (nmol/L),Dunn + FDR(pares),3_1,4_0,0.5088529921691985,0.6108552717554692,0.8564568758633382,False,1.1999999999999993,109,103
Serum total testosterone (nmol/L),Dunn + FDR(pares),3_1,4_1,0.1486874063329651,0.8818002990592384,0.9517844497782255,False,1.1999999999999993,109,19
Serum total testosterone (nmol/L),Dunn + FDR(pares),3_1,4_2,2.617628589199388,0.00885431203691545,0.06689924650113895,False,0.6000000000000014,109,26
Serum total testosterone (nmol/L),Dunn + FDR(pares),3_1,4_3,0.48857680604531123,0.6251413369835658,0.8587800184824742,False,1.1999999999999993,109,27
Serum total testosterone (nmol/L),Dunn + FDR(pares),3_3,3_4,0.7841014571574867,0.43298058047933163,0.7737997144609876,False,4.0,47,4
Serum total testosterone (nmol/L),Dunn + FDR(pares),3_3,4_0,1.7750279637525093,0.07589327002437564,0.250419428025883,False,7.900000000000002,47,103
Serum total testosterone (nmol/L),Dunn + FDR(pares),3_3,4_1,1.028072939647042,0.3039155185603869,0.6611961944342983,False,7.900000000000002,47,19
Serum total testosterone (nmol/L),Dunn + FDR(pares),3_3,4_2,3.3297694471321466,0.0008691792123325055,0.009092951759786212,True,7.300000000000004,47,26
Serum total testosterone (nmol/L),Dunn + FDR(pares),3_3,4_3,1.4392621979515852,0.1500762488789579,0.40820739695076547,False,7.900000000000002,47,27
Serum total testosterone (nmol/L),Dunn + FDR(pares),3_4,4_0,-0.18826153859205824,0.850671633975044,0.9476696692451486,False,3.900000000000002,4,103
Serum total testosterone (nmol/L),Dunn + FDR(pares),3_4,4_1,-0.2343138122271905,0.8147413637583428,0.9476696692451486,False,3.900000000000002,4,19
Serum total testosterone (nmol/L),Dunn + FDR(pares),3_4,4_2,0.7549043433280533,0.4503063795450949,0.7758367358764031,False,3.3000000000000043,4,26
Serum total testosterone (nmol/L),Dunn + FDR(pares),3_4,4_3,-0.11355302620153498,0.9095921260616194,0.9615044974477059,False,3.900000000000002,4,27
Serum total testosterone (nmol/L),Dunn + FDR(pares),4_0,4_1,-0.13200665959542027,0.8949790242536739,0.9584027346338555,False,0.0,103,19
Serum total testosterone (nmol/L),Dunn + FDR(pares),4_0,4_2,2.284472517265254,0.022343775963413273,0.10852691182229304,False,-0.5999999999999979,103,26
Serum total testosterone (nmol/L),Dunn + FDR(pares),4_0,4_3,0.16236311343818474,0.8710199165856145,0.9476696692451486,False,0.0,103,27
Serum total testosterone (nmol/L),Dunn + FDR(pares),4_1,4_2,1.770445070012383,0.0766530273256259,0.250419428025883,False,-0.5999999999999979,19,26
Serum total testosterone (nmol/L),Dunn + FDR(pares),4_1,4_3,0.22729763519948565,0.8201923118276059,0.9476696692451486,False,0.0,19,27
Serum total testosterone (nmol/L),Dunn + FDR(pares),4_2,4_3,-1.6970032631971679,0.08969604359662056,0.27108137620311995,False,0.5999999999999979,26,27
"Serum Luteinizing hormone, LH (IU/L)",Dunn + FDR(pares),0_0,0_1,-1.741117952470631,0.08166290513521168,0.23630117230614445,False,-0.040000000000000036,25,89
"Serum Luteinizing hormone, LH (IU/L)",Dunn + FDR(pares),0_0,0_3,-2.324474875106834,0.020100056636875998,0.10124472972648652,False,-0.5899999999999999,25,20
"Serum Luteinizing hormone, LH (IU/L)",Dunn + FDR(pares),0_0,1_1,-2.487758985487506,0.012855081751888812,0.07284546326070326,False,-1.1399999999999997,25,69
"Serum Luteinizing hormone, LH (IU/L)",Dunn + FDR(pares),0_0,1_3,-2.2963085807868326,0.021658243827207817,0.10519718430358083,False,-1.1399999999999997,25,125
"Serum Luteinizing hormone, LH (IU/L)",Dunn + FDR(pares),0_0,1_4,-2.5559296827139986,0.01059045176337032,0.06614393579188715,False,-1.58,25,36
"Serum Luteinizing hormone, LH (IU/L)",Dunn + FDR(pares),0_0,2_1,-0.5046411265041374,0.6138109185470643,0.7658558249761536,False,-0.6900000000000004,25,28
"Serum Luteinizing hormone, LH (IU/L)",Dunn + FDR(pares),0_0,2_3,-2.4375694443223246,0.01478637381802903,0.08043787357007792,False,-1.1399999999999997,25,16
"Serum Luteinizing hormone, LH (IU/L)",Dunn + FDR(pares),0_0,2_4,0.9859530083970205,0.3241561729322554,0.5651953784459838,False,0.27,25,52
"Serum Luteinizing hormone, LH (IU/L)",Dunn + FDR(pares),0_0,3_0,-0.34255055957175307,0.7319366016765452,0.8364989733446231,False,-0.040000000000000036,25,11
"Serum Luteinizing hormone, LH (IU/L)",Dunn + FDR(pares),0_0,3_1,-3.767932652293921,0.00016460509411172513,0.00248736586657718,True,-1.58,25,109
"Serum Luteinizing hormone, LH (IU/L)",Dunn + FDR(pares),0_0,3_3,-2.1126702512727173,0.034629001218588674,0.15101809439391825,False,-0.6900000000000004,25,47
"Serum Luteinizing hormone, LH (IU/L)",Dunn + FDR(pares),0_0,3_4,-0.7919295988042836,0.42840172721571124,0.645590004278957,False,-0.3650000000000002,25,4
"Serum Luteinizing hormone, LH (IU/L)",Dunn + FDR(pares),0_0,4_0,-2.6270441852149085,0.008613014917446133,0.05856850143863371,False,-1.1399999999999997,25,103
"Serum Luteinizing hormone, LH (IU/L)",Dunn + FDR(pares),0_0,4_1,-3.4035510571482357,0.0006651598064244906,0.006958594897979287,True,-1.58,25,19
"Serum Luteinizing hormone, LH (IU/L)",Dunn + FDR(pares),0_0,4_2,-1.5621174558157251,0.11826032139496835,0.29784080943917957,False,0.0,25,26
"Serum Luteinizing hormone, LH (IU/L)",Dunn + FDR(pares),0_0,4_3,-3.0537374786908673,0.002260097617149472,0.019210829745770513,True,-1.1399999999999997,25,27
"Serum Luteinizing hormone, LH (IU/L)",Dunn + FDR(pares),0_1,0_3,-1.2253914350681288,0.22042777243879486,0.46120272387194,False,-0.5499999999999998,89,20
"Serum Luteinizing hormone, LH (IU/L)",Dunn + FDR(pares),0_1,1_1,-1.1634928560274382,0.24462959494979597,0.46858626638270773,False,-1.0999999999999996,89,69
"Serum Luteinizing hormone, LH (IU/L)",Dunn + FDR(pares),0_1,1_3,-0.7858153633022722,0.43197566462783143,0.645590004278957,False,-1.0999999999999996,89,125
"Serum Luteinizing hormone, LH (IU/L)",Dunn + FDR(pares),0_1,1_4,-1.373572753872162,0.16957436032436402,0.38436855006855847,False,-1.54,89,36
"Serum Luteinizing hormone, LH (IU/L)",Dunn + FDR(pares),0_1,2_1,1.178004751727878,0.23879471188629497,0.4658649752598486,False,-0.6500000000000004,89,28
"Serum Luteinizing hormone, LH (IU/L)",Dunn + FDR(pares),0_1,2_3,-1.4225877456468687,0.15485569846874686,0.3631099136508547,False,-1.0999999999999996,89,16
"Serum Luteinizing hormone, LH (IU/L)",Dunn + FDR(pares),0_1,2_4,3.632618511572817,0.0002805596509494585,0.0038156112529126357,True,0.31000000000000005,89,52
"Serum Luteinizing hormone, LH (IU/L)",Dunn + FDR(pares),0_1,3_0,0.8453307258785369,0.39792621043741483,0.6366819366998637,False,0.0,89,11
"Serum Luteinizing hormone, LH (IU/L)",Dunn + FDR(pares),0_1,3_1,-3.0899302178928623,0.0020020352666712876,0.018151786417819674,True,-1.54,89,109
"Serum Luteinizing hormone, LH (IU/L)",Dunn + FDR(pares),0_1,3_3,-0.7146730341610333,0.47481110409532157,0.6726490641350389,False,-0.6500000000000004,89,47
"Serum Luteinizing hormone, LH (IU/L)",Dunn + FDR(pares),0_1,3_4,-0.06331055318634426,0.949519212395971,0.976915016215964,False,-0.3250000000000002,89,4
"Serum Luteinizing hormone, LH (IU/L)",Dunn + FDR(pares),0_1,4_0,-1.323932002013643,0.18552562876009593,0.40695944373182336,False,-1.0999999999999996,89,103
"Serum Luteinizing hormone, LH (IU/L)",Dunn + FDR(pares),0_1,4_1,-2.5394769268291215,0.01110183679051368,0.06614393579188715,False,-1.54,89,19
"Serum Luteinizing hormone, LH (IU/L)",Dunn + FDR(pares),0_1,4_2,-0.19493255813352897,0.8454457453784561,0.9053592233974017,False,0.040000000000000036,89,26
"Serum Luteinizing hormone, LH (IU/L)",Dunn + FDR(pares),0_1,4_3,-2.0639516512699894,0.03902230074866808,0.15608920299467233,False,-1.0999999999999996,89,27
"Serum Luteinizing hormone, LH (IU/L)",Dunn + FDR(pares),0_3,1_1,0.4591689164001674,0.6461128701439038,0.7826392809191843,False,-0.5499999999999998,20,69
"Serum Luteinizing hormone, LH (IU/L)",Dunn + FDR(pares),0_3,1_3,0.8065645201106041,0.419917421793055,0.645590004278957,False,-0.5499999999999998,20,125
"Serum Luteinizing hormone, LH (IU/L)",Dunn + FDR(pares),0_3,1_4,0.11448197230984734,0.9088557364490994,0.9435448866952483,False,-0.9900000000000002,20,36
"Serum Luteinizing hormone, LH (IU/L)",Dunn + FDR(pares),0_3,2_1,1.9075868869821955,0.05644463129593001,0.19683256041657646,False,-0.10000000000000053,20,28
"Serum Luteinizing hormone, LH (IU/L)",Dunn + FDR(pares),0_3,2_3,-0.24763867578278234,0.8044139836199916,0.8822604981638618,False,-0.5499999999999998,20,16
"Serum Luteinizing hormone, LH (IU/L)",Dunn + FDR(pares),0_3,2_4,3.5622786506253914,0.0003676498542710053,0.004166698348404726,True,0.8599999999999999,20,52
"Serum Luteinizing hormone, LH (IU/L)",Dunn + FDR(pares),0_3,3_0,1.5275325010833043,0.12662865176692792,0.31311812073276724,False,0.5499999999999998,20,11
"Serum Luteinizing hormone, LH (IU/L)",Dunn + FDR(pares),0_3,3_1,-0.5681514467129632,0.5699321368757447,0.7452958712990508,False,-0.9900000000000002,20,109
"Serum Luteinizing hormone, LH (IU/L)",Dunn + FDR(pares),0_3,3_3,0.653127035962835,0.5136743839308295,0.7060330489613843,False,-0.10000000000000053,20,47
"Serum Luteinizing hormone, LH (IU/L)",Dunn + FDR(pares),0_3,3_4,0.4945484137899465,0.6209189237710091,0.7676815784805203,False,0.22499999999999964,20,4
"Serum Luteinizing hormone, LH (IU/L)",Dunn + FDR(pares),0_3,4_0,0.4568417151411774,0.6477848197989347,0.7826392809191843,False,-0.5499999999999998,20,103
"Serum Luteinizing hormone, LH (IU/L)",Dunn + FDR(pares),0_3,4_1,-1.0567531041495748,0.29062428200003476,0.5200645046316411,False,-0.9900000000000002,20,19
"Serum Luteinizing hormone, LH (IU/L)",Dunn + FDR(pares),0_3,4_2,0.8734238300127842,0.38243210685392404,0.627950013035875,False,0.5899999999999999,20,26
"Serum Luteinizing hormone, LH (IU/L)",Dunn + FDR(pares),0_3,4_3,-0.5092497593056202,0.6105771687574937,0.7658558249761536,False,-0.5499999999999998,20,27
"Serum Luteinizing hormone, LH (IU/L)",Dunn + FDR(pares),1_1,1_3,0.5176738215137855,0.6046858661771172,0.7658558249761536,False,0.0,69,125
"Serum Luteinizing hormone, LH (IU/L)",Dunn + FDR(pares),1_1,1_4,-0.41187365920116986,0.6804320284654588,0.8048691969537345,False,-0.4400000000000004,69,36
"Serum Luteinizing hormone, LH (IU/L)",Dunn + FDR(pares),1_1,2_1,1.9720524669212234,0.048603617378618194,0.17394978851294932,False,0.4499999999999993,69,28
"Serum Luteinizing hormone, LH (IU/L)",Dunn + FDR(pares),1_1,2_3,-0.7195889281243373,0.47177813100012866,0.6726490641350389,False,0.0,69,16
"Serum Luteinizing hormone, LH (IU/L)",Dunn + FDR(pares),1_1,2_4,4.469021827812977,7.857811259490203e-06,0.0001781103885484446,True,1.4099999999999997,69,52
"Serum Luteinizing hormone, LH (IU/L)",Dunn + FDR(pares),1_1,3_0,1.4070105246543698,0.15942426795061782,0.3674864481573563,False,1.0999999999999996,69,11
"Serum Luteinizing hormone, LH (IU/L)",Dunn + FDR(pares),1_1,3_1,-1.6563532675992991,0.09765029904676152,0.27102940143590953,False,-0.4400000000000004,69,109
"Serum Luteinizing hormone, LH (IU/L)",Dunn + FDR(pares),1_1,3_3,0.30541166114215795,0.7600526414968937,0.8449752449786245,False,0.4499999999999993,69,47
"Serum Luteinizing hormone, LH (IU/L)",Dunn + FDR(pares),1_1,3_4,0.29996277193175785,0.7642055524439031,0.8449752449786245,False,0.7749999999999995,69,4
"Serum Luteinizing hormone, LH (IU/L)",Dunn + FDR(pares),1_1,4_0,-0.031991873617368584,0.9744785314957883,0.9816968909883497,False,0.0,69,103
"Serum Luteinizing hormone, LH (IU/L)",Dunn + FDR(pares),1_1,4_1,-1.7567726236992134,0.07895657313394251,0.23630117230614445,False,-0.4400000000000004,69,19
"Serum Luteinizing hormone, LH (IU/L)",Dunn + FDR(pares),1_1,4_2,0.6221593216035218,0.533837111164228,0.7060330489613843,False,1.1399999999999997,69,26
"Serum Luteinizing hormone, LH (IU/L)",Dunn + FDR(pares),1_1,4_3,-1.1755282468564099,0.23978344314845146,0.4658649752598486,False,0.0,69,27
"Serum Luteinizing hormone, LH (IU/L)",Dunn + FDR(pares),1_3,1_4,-0.8581487549498129,0.3908103285161443,0.6327405318832812,False,-0.4400000000000004,125,36
"Serum Luteinizing hormone, LH (IU/L)",Dunn + FDR(pares),1_3,2_1,1.7421009423541227,0.08149078273993574,0.23630117230614445,False,0.4499999999999993,125,28
"Serum Luteinizing hormone, LH (IU/L)",Dunn + FDR(pares),1_3,2_3,-1.0443985681569024,0.29630102581103124,0.5233368767571461,False,0.0,125,16
"Serum Luteinizing hormone, LH (IU/L)",Dunn + FDR(pares),1_3,2_4,4.502862672724694,6.704420843806858e-06,0.0001781103885484446,True,1.4099999999999997,125,52
"Serum Luteinizing hormone, LH (IU/L)",Dunn + FDR(pares),1_3,3_0,1.2055922713097729,0.22797474067753465,0.46275469749469716,False,1.0999999999999996,125,11
"Serum Luteinizing hormone, LH (IU/L)",Dunn + FDR(pares),1_3,3_1,-2.5368305997977307,0.011186106788333858,0.06614393579188715,False,-0.4400000000000004,125,109
"Serum Luteinizing hormone, LH (IU/L)",Dunn + FDR(pares),1_3,3_3,-0.11616740004821174,0.9075198727861745,0.9435448866952483,False,0.4499999999999993,125,47
"Serum Luteinizing hormone, LH (IU/L)",Dunn + FDR(pares),1_3,3_4,0.15086292661555586,0.8800838459761473,0.9278403337422949,False,0.7749999999999995,125,4
"Serum Luteinizing hormone, LH (IU/L)",Dunn + FDR(pares),1_3,4_0,-0.620822821006087,0.5347162061986954,0.7060330489613843,False,0.0,125,103
"Serum Luteinizing hormone, LH (IU/L)",Dunn + FDR(pares),1_3,4_1,-2.163746166139934,0.030483835773920012,0.13819338884177074,False,-0.4400000000000004,125,19
"Serum Luteinizing hormone, LH (IU/L)",Dunn + FDR(pares),1_3,4_2,0.30402075836958925,0.761112076344153,0.8449752449786245,False,1.1399999999999997,125,26
"Serum Luteinizing hormone, LH (IU/L)",Dunn + FDR(pares),1_3,4_3,-1.6232524813363747,0.10453544305709901,0.2814539295854405,False,0.0,125,27
"Serum Luteinizing hormone, LH (IU/L)",Dunn + FDR(pares),1_4,2_1,2.089707349183102,0.0366440964338184,0.15101809439391825,False,0.8899999999999997,36,28
"Serum Luteinizing hormone, LH (IU/L)",Dunn + FDR(pares),1_4,2_3,-0.3827033088079294,0.701939760830751,0.8229638575257081,False,0.4400000000000004,36,16
"Serum Luteinizing hormone, LH (IU/L)",Dunn + FDR(pares),1_4,2_4,4.17578082586318,2.969656444957625e-05,0.0005769618235917671,True,1.85,36,52
"Serum Luteinizing hormone, LH (IU/L)",Dunn + FDR(pares),1_4,3_0,1.5717283365606345,0.1160135675600785,0.29769519222963536,False,1.54,36,11
"Serum Luteinizing hormone, LH (IU/L)",Dunn + FDR(pares),1_4,3_1,-0.8850614714639072,0.3761234780695435,0.627950013035875,False,0.0,36,109
"Serum Luteinizing hormone, LH (IU/L)",Dunn + FDR(pares),1_4,3_3,0.6431317610799261,0.5201386070917051,0.7060330489613843,False,0.8899999999999997,36,47
"Serum Luteinizing hormone, LH (IU/L)",Dunn + FDR(pares),1_4,3_4,0.4533716220256628,0.6502811672343223,0.7826392809191843,False,1.2149999999999999,36,4
"Serum Luteinizing hormone, LH (IU/L)",Dunn + FDR(pares),1_4,4_0,0.41166098679651025,0.6805879238947019,0.8048691969537345,False,0.4400000000000004,36,103
"Serum Luteinizing hormone, LH (IU/L)",Dunn + FDR(pares),1_4,4_1,-1.3064732306885674,0.1913916766315349,0.4131629844744245,False,0.0,36,19
"Serum Luteinizing hormone, LH (IU/L)",Dunn + FDR(pares),1_4,4_2,0.8853030725798589,0.3759931932589795,0.627950013035875,False,1.58,36,26
"Serum Luteinizing hormone, LH (IU/L)",Dunn + FDR(pares),1_4,4_3,-0.7155360623113914,0.4742778656522576,0.6726490641350389,False,0.4400000000000004,36,27
"Serum Luteinizing hormone, LH (IU/L)",Dunn + FDR(pares),2_1,2_3,-2.0471027996628655,0.04064799215949762,0.15794648381976217,False,-0.4499999999999993,28,16
"Serum Luteinizing hormone, LH (IU/L)",Dunn + FDR(pares),2_1,2_4,1.616072609862913,0.10607861536146847,0.2814539295854405,False,0.9600000000000004,28,52
"Serum Luteinizing hormone, LH (IU/L)",Dunn + FDR(pares),2_1,3_0,0.041925239558946316,0.9665582958253744,0.9809845390466486,False,0.6500000000000004,28,11
"Serum Luteinizing hormone, LH (IU/L)",Dunn + FDR(pares),2_1,3_1,-3.288307901148987,0.0010079154218133799,0.009791178383329976,True,-0.8899999999999997,28,109
"Serum Luteinizing hormone, LH (IU/L)",Dunn + FDR(pares),2_1,3_3,-1.6090073348725884,0.10761473778266843,0.2814539295854405,False,0.0,28,47
"Serum Luteinizing hormone, LH (IU/L)",Dunn + FDR(pares),2_1,3_4,-0.5380670436523068,0.5905307638413813,0.7648779417374081,False,0.3250000000000002,28,4
"Serum Luteinizing hormone, LH (IU/L)",Dunn + FDR(pares),2_1,4_0,-2.0966548096724007,0.03602414359624661,0.15101809439391825,False,-0.4499999999999993,28,103
"Serum Luteinizing hormone, LH (IU/L)",Dunn + FDR(pares),2_1,4_1,-3.017953895183795,0.002544876187637554,0.020359009501100433,True,-0.8899999999999997,28,19
"Serum Luteinizing hormone, LH (IU/L)",Dunn + FDR(pares),2_1,4_2,-1.0967640403647985,0.27274455345556026,0.5014834189647362,False,0.6900000000000004,28,26
"Serum Luteinizing hormone, LH (IU/L)",Dunn + FDR(pares),2_1,4_3,-2.627581998651706,0.008599411331843531,0.05856850143863371,False,-0.4499999999999993,28,27
"Serum Luteinizing hormone, LH (IU/L)",Dunn + FDR(pares),2_3,2_4,3.569108936606809,0.0003581974689353578,0.004166698348404726,True,1.4099999999999997,16,52
"Serum Luteinizing hormone, LH (IU/L)",Dunn + FDR(pares),2_3,3_0,1.6760426453264545,0.09372983976264831,0.26556787932750353,False,1.0999999999999996,16,11
"Serum Luteinizing hormone, LH (IU/L)",Dunn + FDR(pares),2_3,3_1,-0.20598595735072284,0.836801880503284,0.9032147281622748,False,-0.4400000000000004,16,109
"Serum Luteinizing hormone, LH (IU/L)",Dunn + FDR(pares),2_3,3_3,0.8894023659666517,0.3737868738784602,0.627950013035875,False,0.4499999999999993,16,47
"Serum Luteinizing hormone, LH (IU/L)",Dunn + FDR(pares),2_3,3_4,0.6331397122249353,0.5266424110779775,0.7060330489613843,False,0.7749999999999995,16,4
"Serum Luteinizing hormone, LH (IU/L)",Dunn + FDR(pares),2_3,4_0,0.7245229217959244,0.4687447600741371,0.6726490641350389,False,0.0,16,103
"Serum Luteinizing hormone, LH (IU/L)",Dunn + FDR(pares),2_3,4_1,-0.7529465155721482,0.45148205445331535,0.6674082544092488,False,-0.4400000000000004,16,19
"Serum Luteinizing hormone, LH (IU/L)",Dunn + FDR(pares),2_3,4_2,1.0789755076283682,0.28059864620193664,0.5088188784461785,False,1.1399999999999997,16,26
"Serum Luteinizing hormone, LH (IU/L)",Dunn + FDR(pares),2_3,4_3,-0.212930635535219,0.8313810665805149,0.9032147281622748,False,0.0,16,27
"Serum Luteinizing hormone, LH (IU/L)",Dunn + FDR(pares),2_4,3_0,-1.0964863858638791,0.27286597796610645,0.5014834189647362,False,-0.31000000000000005,52,11
"Serum Luteinizing hormone, LH (IU/L)",Dunn + FDR(pares),2_4,3_1,-6.381375632694265,1.7550422200923853e-10,2.386857419325644e-08,True,-1.85,52,109
"Serum Luteinizing hormone, LH (IU/L)",Dunn + FDR(pares),2_4,3_3,-3.790673918198933,0.0001502390894377087,0.00248736586657718,True,-0.9600000000000004,52,47
"Serum Luteinizing hormone, LH (IU/L)",Dunn + FDR(pares),2_4,3_4,-1.2843609917758463,0.199015675118555,0.4229083096269294,False,-0.6350000000000002,52,4
"Serum Luteinizing hormone, LH (IU/L)",Dunn + FDR(pares),2_4,4_0,-4.85354570986444,1.2127337265596764e-06,8.2465893406058e-05,True,-1.4099999999999997,52,103
"Serum Luteinizing hormone, LH (IU/L)",Dunn + FDR(pares),2_4,4_1,-4.759329146013527,1.942374642205688e-06,8.805431711332451e-05,True,-1.85,52,19
"Serum Luteinizing hormone, LH (IU/L)",Dunn + FDR(pares),2_4,4_2,-2.820738905451199,0.004791318191918431,0.0362010707833837,True,-0.27,52,26
"Serum Luteinizing hormone, LH (IU/L)",Dunn + FDR(pares),2_4,4_3,-4.584731260820665,4.545707151786621e-06,0.0001545540431607451,True,-1.4099999999999997,52,27
"Serum Luteinizing hormone, LH (IU/L)",Dunn + FDR(pares),3_0,3_1,-2.2493712924834286,0.024488883464259162,0.11484441900480159,False,-1.54,11,109
"Serum Luteinizing hormone, LH (IU/L)",Dunn + FDR(pares),3_0,3_3,-1.1913527491715818,0.23351513404096624,0.4658649752598486,False,-0.6500000000000004,11,47
"Serum Luteinizing hormone, LH (IU/L)",Dunn + FDR(pares),3_0,3_4,-0.5181384629603565,0.6043616659596129,0.7658558249761536,False,-0.3250000000000002,11,4
"Serum Luteinizing hormone, LH (IU/L)",Dunn + FDR(pares),3_0,4_0,-1.4557612643132634,0.1454586273144621,0.34705918096082183,False,-1.0999999999999996,11,103
"Serum Luteinizing hormone, LH (IU/L)",Dunn + FDR(pares),3_0,4_1,-2.407031177396047,0.016082796806342187,0.08412539867932838,False,-1.54,11,19
"Serum Luteinizing hormone, LH (IU/L)",Dunn + FDR(pares),3_0,4_2,-0.8719526686275505,0.3832341991321885,0.627950013035875,False,0.040000000000000036,11,26
"Serum Luteinizing hormone, LH (IU/L)",Dunn + FDR(pares),3_0,4_3,-2.023066863198709,0.043066254388123046,0.16269473879957594,False,-1.0999999999999996,11,27
"Serum Luteinizing hormone, LH (IU/L)",Dunn + FDR(pares),3_1,3_3,1.7912526592887952,0.07325275927157529,0.22641761956668724,False,0.8899999999999997,109,47
"Serum Luteinizing hormone, LH (IU/L)",Dunn + FDR(pares),3_1,3_4,0.8035538140214711,0.4216547058649689,0.645590004278957,False,1.2149999999999999,109,4
"Serum Luteinizing hormone, LH (IU/L)",Dunn + FDR(pares),3_1,4_0,1.8181208720857083,0.06904566052896728,0.22357642456998927,False,0.4400000000000004,109,103
"Serum Luteinizing hormone, LH (IU/L)",Dunn + FDR(pares),3_1,4_1,-0.8058309182760042,0.42034034798641795,0.645590004278957,False,0.0,109,19
"Serum Luteinizing hormone, LH (IU/L)",Dunn + FDR(pares),3_1,4_2,1.8234754600630496,0.06823141050728147,0.22357642456998927,False,1.58,109,26
"Serum Luteinizing hormone, LH (IU/L)",Dunn + FDR(pares),3_1,4_3,-0.05597035894269184,0.9553654202700236,0.976915016215964,False,0.4400000000000004,109,27
"Serum Luteinizing hormone, LH (IU/L)",Dunn + FDR(pares),3_3,3_4,0.18528755119358883,0.8530035016813678,0.9063162205364533,False,0.3250000000000002,47,4
"Serum Luteinizing hormone, LH (IU/L)",Dunn + FDR(pares),3_3,4_0,-0.356416627165525,0.7215285792186104,0.8364989733446231,False,-0.4499999999999993,47,103
"Serum Luteinizing hormone, LH (IU/L)",Dunn + FDR(pares),3_3,4_1,-1.8866762609206387,0.059203882521841174,0.20129320057425998,False,-0.8899999999999997,47,19
"Serum Luteinizing hormone, LH (IU/L)",Dunn + FDR(pares),3_3,4_2,0.34944090881052253,0.7267583258261809,0.8364989733446231,False,0.6900000000000004,47,26
"Serum Luteinizing hormone, LH (IU/L)",Dunn + FDR(pares),3_3,4_3,-1.3442351890113946,0.17887234594687962,0.3987973614553382,False,-0.4499999999999993,47,27
"Serum Luteinizing hormone, LH (IU/L)",Dunn + FDR(pares),3_4,4_0,-0.3124789429808517,0.7546765635244281,0.8449752449786245,False,-0.7749999999999995,4,103
"Serum Luteinizing hormone, LH (IU/L)",Dunn + FDR(pares),3_4,4_1,-1.1077926917853913,0.2679513570353055,0.5014834189647362,False,-1.2149999999999999,4,19
"Serum Luteinizing hormone, LH (IU/L)",Dunn + FDR(pares),3_4,4_2,-0.020662187211226375,0.9835151328097703,0.9835151328097703,False,0.3650000000000002,4,26
"Serum Luteinizing hormone, LH (IU/L)",Dunn + FDR(pares),3_4,4_3,-0.7860155051374215,0.431858403489084,0.645590004278957,False,-0.7749999999999995,4,27
"Serum Luteinizing hormone, LH (IU/L)",Dunn + FDR(pares),4_0,4_1,-1.8030012459787037,0.07138801899741119,0.2257853624104168,False,-0.4400000000000004,103,19
"Serum Luteinizing hormone, LH (IU/L)",Dunn + FDR(pares),4_0,4_2,0.67499914972746,0.49967630515107697,0.7005770876344997,False,1.1399999999999997,103,26
"Serum Luteinizing hormone, LH (IU/L)",Dunn + FDR(pares),4_0,4_3,-1.211196563814436,0.2258200793852828,0.46275469749469716,False,0.0,103,27
"Serum Luteinizing hormone, LH (IU/L)",Dunn + FDR(pares),4_1,4_2,1.982401136555978,0.04743436249896941,0.17394978851294932,False,1.58,19,26
"Serum Luteinizing hormone, LH (IU/L)",Dunn + FDR(pares),4_1,4_3,0.6288390641466328,0.5294544226994795,0.7060330489613843,False,0.4400000000000004,19,27
"Serum Luteinizing hormone, LH (IU/L)",Dunn + FDR(pares),4_2,4_3,-1.4922187799944495,0.13564180065832965,0.3294158015988006,False,-1.1399999999999997,26,27
"Serum sex hormone-binding globulin, SHBG (nmol/L)",Dunn + FDR(pares),0_0,0_1,-0.7832382923064357,0.43348719231125743,0.6624073949924832,False,0.0,25,89
"Serum sex hormone-binding globulin, SHBG (nmol/L)",Dunn + FDR(pares),0_0,0_3,-1.4753169271286801,0.14012735766315174,0.4142895791780138,False,-3.5,25,20
"Serum sex hormone-binding globulin, SHBG (nmol/L)",Dunn + FDR(pares),0_0,1_1,-1.0200876232713398,0.30768690604779114,0.5921486053059389,False,0.0,25,69
"Serum sex hormone-binding globulin, SHBG (nmol/L)",Dunn + FDR(pares),0_0,1_3,-0.27657152165700455,0.782109134409623,0.8740842499216407,False,0.0,25,125
"Serum sex hormone-binding globulin, SHBG (nmol/L)",Dunn + FDR(pares),0_0,1_4,-1.360185537124035,0.17377121815632945,0.47045537194931014,False,0.0,25,36
"Serum sex hormone-binding globulin, SHBG (nmol/L)",Dunn + FDR(pares),0_0,2_1,-1.0266397886632674,0.30459011111573586,0.5921486053059389,False,-5.0,25,28
"Serum sex hormone-binding globulin, SHBG (nmol/L)",Dunn + FDR(pares),0_0,2_3,0.11318819341925417,0.9098813557992368,0.9374535180961834,False,2.0,25,16
"Serum sex hormone-binding globulin, SHBG (nmol/L)",Dunn + FDR(pares),0_0,2_4,0.49989471363333904,0.6171492147613963,0.7844139552107467,False,1.0,25,52
"Serum sex hormone-binding globulin, SHBG (nmol/L)",Dunn + FDR(pares),0_0,3_0,-2.0399793168190956,0.041352385824048446,0.23274573790076958,False,-7.0,25,11
"Serum sex hormone-binding globulin, SHBG (nmol/L)",Dunn + FDR(pares),0_0,3_1,-2.7295093622842517,0.006342864802260465,0.07188580109228526,False,-7.0,25,109
"Serum sex hormone-binding globulin, SHBG (nmol/L)",Dunn + FDR(pares),0_0,3_3,-3.0787345413731173,0.002078818242846328,0.03533991012838758,True,-7.0,25,47
"Serum sex hormone-binding globulin, SHBG (nmol/L)",Dunn + FDR(pares),0_0,3_4,-1.1005355711344316,0.2710988399519735,0.5852292418010856,False,-8.0,25,4
"Serum sex hormone-binding globulin, SHBG (nmol/L)",Dunn + FDR(pares),0_0,4_0,-2.146133512252489,0.031862328261703,0.20718971368537434,False,-7.0,25,103
"Serum sex hormone-binding globulin, SHBG (nmol/L)",Dunn + FDR(pares),0_0,4_1,-0.6945034128723452,0.4873665612643743,0.7023270327588388,False,1.0,25,19
"Serum sex hormone-binding globulin, SHBG (nmol/L)",Dunn + FDR(pares),0_0,4_2,-0.5138991303896349,0.607322515526356,0.7844139552107467,False,-6.0,25,26
"Serum sex hormone-binding globulin, SHBG (nmol/L)",Dunn + FDR(pares),0_0,4_3,-1.5696457513147815,0.11649754840293786,0.39450051715596934,False,-6.0,25,27
"Serum sex hormone-binding globulin, SHBG (nmol/L)",Dunn + FDR(pares),0_1,0_3,-1.0721221279180164,0.2836651811522799,0.585709356658304,False,-3.5,89,20
"Serum sex hormone-binding globulin, SHBG (nmol/L)",Dunn + FDR(pares),0_1,1_1,-0.3792803020257229,0.7044797255554638,0.8478694042083458,False,0.0,89,69
"Serum sex hormone-binding globulin, SHBG (nmol/L)",Dunn + FDR(pares),0_1,1_3,0.8413863730380281,0.4001315170091758,0.6624073949924832,False,0.0,89,125
"Serum sex hormone-binding globulin, SHBG (nmol/L)",Dunn + FDR(pares),0_1,1_4,-0.8952262519600128,0.3706661540740047,0.6546830773255148,False,0.0,89,36
"Serum sex hormone-binding globulin, SHBG (nmol/L)",Dunn + FDR(pares),0_1,2_1,-0.48552576349958776,0.6273034418555679,0.7899376675218263,False,-5.0,89,28
"Serum sex hormone-binding globulin, SHBG (nmol/L)",Dunn + FDR(pares),0_1,2_3,0.7863439763768759,0.43166599538926165,0.6624073949924832,False,2.0,89,16
"Serum sex hormone-binding globulin, SHBG (nmol/L)",Dunn + FDR(pares),0_1,2_4,1.7127175537315156,0.08676451415377819,0.34705805661511274,False,1.0,89,52
"Serum sex hormone-binding globulin, SHBG (nmol/L)",Dunn + FDR(pares),0_1,3_0,-1.7546966331859477,0.07931121223411473,0.33707265199498765,False,-7.0,89,11
"Serum sex hormone-binding globulin, SHBG (nmol/L)",Dunn + FDR(pares),0_1,3_1,-2.9957586495180113,0.0027376301861990605,0.041368633924785805,True,-7.0,89,109
"Serum sex hormone-binding globulin, SHBG (nmol/L)",Dunn + FDR(pares),0_1,3_3,-3.243396556635427,0.0011811369150277159,0.026772436740628226,True,-7.0,89,47
"Serum sex hormone-binding globulin, SHBG (nmol/L)",Dunn + FDR(pares),0_1,3_4,-0.8126738371269925,0.41640508527722553,0.6624073949924832,False,-8.0,89,4
"Serum sex hormone-binding globulin, SHBG (nmol/L)",Dunn + FDR(pares),0_1,4_0,-2.0812299195060926,0.03741286620895351,0.221223904539899,False,-7.0,89,103
"Serum sex hormone-binding globulin, SHBG (nmol/L)",Dunn + FDR(pares),0_1,4_1,-0.13487771604460067,0.892708558554966,0.9267814043013387,False,1.0,89,19
"Serum sex hormone-binding globulin, SHBG (nmol/L)",Dunn + FDR(pares),0_1,4_2,0.14955677514048224,0.8811143129645891,0.9239758052195272,False,-6.0,89,26
"Serum sex hormone-binding globulin, SHBG (nmol/L)",Dunn + FDR(pares),0_1,4_3,-1.1759755468676651,0.23960464778612034,0.5618315879122822,False,-6.0,89,27
"Serum sex hormone-binding globulin, SHBG (nmol/L)",Dunn + FDR(pares),0_3,1_1,0.8051413545216874,0.4207381139654448,0.6624073949924832,False,3.5,20,69
"Serum sex hormone-binding globulin, SHBG (nmol/L)",Dunn + FDR(pares),0_3,1_3,1.5861740368728168,0.11269983565372124,0.39450051715596934,False,3.5,20,125
"Serum sex hormone-binding globulin, SHBG (nmol/L)",Dunn + FDR(pares),0_3,1_4,0.3172690949104519,0.7510394255879647,0.8730030929911383,False,3.5,20,36
"Serum sex hormone-binding globulin, SHBG (nmol/L)",Dunn + FDR(pares),0_3,2_1,0.5468542239577573,0.5844788867735489,0.7717391126330354,False,-1.5,20,28
"Serum sex hormone-binding globulin, SHBG (nmol/L)",Dunn + FDR(pares),0_3,2_3,1.4276041282898257,0.15340583470153082,0.44389773445549346,False,5.5,20,16
"Serum sex hormone-binding globulin, SHBG (nmol/L)",Dunn + FDR(pares),0_3,2_4,2.1445039494583935,0.031992529319065155,0.20718971368537434,False,4.5,20,52
"Serum sex hormone-binding globulin, SHBG (nmol/L)",Dunn + FDR(pares),0_3,3_0,-0.7871978116975834,0.4311660780525245,0.6624073949924832,False,-3.5,20,11
"Serum sex hormone-binding globulin, SHBG (nmol/L)",Dunn + FDR(pares),0_3,3_1,-0.6687611857839807,0.5036478300085729,0.713501092512145,False,-3.5,20,109
"Serum sex hormone-binding globulin, SHBG (nmol/L)",Dunn + FDR(pares),0_3,3_3,-1.1968017068315975,0.23138385285154828,0.5618315879122822,False,-3.5,20,47
"Serum sex hormone-binding globulin, SHBG (nmol/L)",Dunn + FDR(pares),0_3,3_4,-0.27397349711539276,0.7841049889002953,0.8740842499216407,False,-4.5,20,4
"Serum sex hormone-binding globulin, SHBG (nmol/L)",Dunn + FDR(pares),0_3,4_0,-0.1468984609176962,0.8832121667539599,0.9239758052195272,False,-3.5,20,103
"Serum sex hormone-binding globulin, SHBG (nmol/L)",Dunn + FDR(pares),0_3,4_1,0.7217466334781653,0.47045026538859214,0.6954482184005275,False,4.5,20,19
"Serum sex hormone-binding globulin, SHBG (nmol/L)",Dunn + FDR(pares),0_3,4_2,1.0041086520878075,0.3153262455195822,0.5956162415369887,False,-2.5,20,26
"Serum sex hormone-binding globulin, SHBG (nmol/L)",Dunn + FDR(pares),0_3,4_3,0.023494372653850355,0.9812559272191482,0.9812559272191482,False,-2.5,20,27
"Serum sex hormone-binding globulin, SHBG (nmol/L)",Dunn + FDR(pares),1_1,1_3,1.183738878049318,0.2365164439809172,0.5618315879122822,False,0.0,69,125
"Serum sex hormone-binding globulin, SHBG (nmol/L)",Dunn + FDR(pares),1_1,1_4,-0.5641443125831117,0.572655922774024,0.7635412303653654,False,0.0,69,36
"Serum sex hormone-binding globulin, SHBG (nmol/L)",Dunn + FDR(pares),1_1,2_1,-0.19800364939255669,0.8430422084587392,0.8957323464874104,False,-5.0,69,28
"Serum sex hormone-binding globulin, SHBG (nmol/L)",Dunn + FDR(pares),1_1,2_3,0.9887854793490533,0.3227681101604325,0.6013214107098469,False,2.0,69,16
"Serum sex hormone-binding globulin, SHBG (nmol/L)",Dunn + FDR(pares),1_1,2_4,1.95920243417231,0.05008908418769122,0.24328983748307167,False,1.0,69,52
"Serum sex hormone-binding globulin, SHBG (nmol/L)",Dunn + FDR(pares),1_1,3_0,-1.5399853792209708,0.1235639173528214,0.39450051715596934,False,-7.0,69,11
"Serum sex hormone-binding globulin, SHBG (nmol/L)",Dunn + FDR(pares),1_1,3_1,-2.3865567325325037,0.01700698311266545,0.14455935645765633,False,-7.0,69,109
"Serum sex hormone-binding globulin, SHBG (nmol/L)",Dunn + FDR(pares),1_1,3_3,-2.770545264243136,0.005596252132878205,0.07184860503898441,False,-7.0,69,47
"Serum sex hormone-binding globulin, SHBG (nmol/L)",Dunn + FDR(pares),1_1,3_4,-0.6893610485120982,0.49059608905948293,0.7023270327588388,False,-8.0,69,4
"Serum sex hormone-binding globulin, SHBG (nmol/L)",Dunn + FDR(pares),1_1,4_0,-1.5450722533285892,0.1223287875380409,0.39450051715596934,False,-7.0,69,103
"Serum sex hormone-binding globulin, SHBG (nmol/L)",Dunn + FDR(pares),1_1,4_1,0.10325189404723352,0.9177630544671074,0.9384644767483203,False,1.0,69,19
"Serum sex hormone-binding globulin, SHBG (nmol/L)",Dunn + FDR(pares),1_1,4_2,0.40925874951238483,0.6823497843023697,0.8360321681542547,False,-6.0,69,26
"Serum sex hormone-binding globulin, SHBG (nmol/L)",Dunn + FDR(pares),1_1,4_3,-0.8702036222765134,0.38418913675792576,0.6624073949924832,False,-6.0,69,27
"Serum sex hormone-binding globulin, SHBG (nmol/L)",Dunn + FDR(pares),1_3,1_4,-1.5517787142389523,0.12071518076707928,0.39450051715596934,False,0.0,125,36
"Serum sex hormone-binding globulin, SHBG (nmol/L)",Dunn + FDR(pares),1_3,2_1,-1.0613123129044404,0.28854799188313507,0.585709356658304,False,-5.0,125,28
"Serum sex hormone-binding globulin, SHBG (nmol/L)",Dunn + FDR(pares),1_3,2_3,0.36468923413943083,0.715343395862813,0.853392121380198,False,2.0,125,16
"Serum sex hormone-binding globulin, SHBG (nmol/L)",Dunn + FDR(pares),1_3,2_4,1.1044588759094378,0.26939413324748873,0.5852292418010856,False,1.0,125,52
"Serum sex hormone-binding globulin, SHBG (nmol/L)",Dunn + FDR(pares),1_3,3_0,-2.154220900814246,0.031222852529981356,0.20718971368537434,False,-7.0,125,11
"Serum sex hormone-binding globulin, SHBG (nmol/L)",Dunn + FDR(pares),1_3,3_1,-4.156270775607389,3.234844109131546e-05,0.0014049607649991968,True,-7.0,125,109
"Serum sex hormone-binding globulin, SHBG (nmol/L)",Dunn + FDR(pares),1_3,3_3,-4.09995876732487,4.1322375441152846e-05,0.0014049607649991968,True,-7.0,125,47
"Serum sex hormone-binding globulin, SHBG (nmol/L)",Dunn + FDR(pares),1_3,3_4,-1.0474975322545328,0.2948701697393179,0.5897403394786358,False,-8.0,125,4
"Serum sex hormone-binding globulin, SHBG (nmol/L)",Dunn + FDR(pares),1_3,4_0,-3.140327241469777,0.0016875920921801785,0.0327875035052149,True,-7.0,125,103
"Serum sex hormone-binding globulin, SHBG (nmol/L)",Dunn + FDR(pares),1_3,4_1,-0.6123478783865094,0.5403076186414841,0.7498146544412433,False,1.0,125,19
"Serum sex hormone-binding globulin, SHBG (nmol/L)",Dunn + FDR(pares),1_3,4_2,-0.38670689047872076,0.6989732144255931,0.8478694042083458,False,-6.0,125,26
"Serum sex hormone-binding globulin, SHBG (nmol/L)",Dunn + FDR(pares),1_3,4_3,-1.7673696525498557,0.0771663418633205,0.33707265199498765,False,-6.0,125,27
"Serum sex hormone-binding globulin, SHBG (nmol/L)",Dunn + FDR(pares),1_4,2_1,0.2842346507734654,0.7762305625656678,0.8740842499216407,False,-5.0,36,28
"Serum sex hormone-binding globulin, SHBG (nmol/L)",Dunn + FDR(pares),1_4,2_3,1.299166186008547,0.19388690313982382,0.49752110994369886,False,2.0,36,16
"Serum sex hormone-binding globulin, SHBG (nmol/L)",Dunn + FDR(pares),1_4,2_4,2.194383187439099,0.028207873543527964,0.20718971368537434,False,1.0,36,52
"Serum sex hormone-binding globulin, SHBG (nmol/L)",Dunn + FDR(pares),1_4,3_0,-1.114567856071324,0.26503565125398065,0.5852292418010856,False,-7.0,36,11
"Serum sex hormone-binding globulin, SHBG (nmol/L)",Dunn + FDR(pares),1_4,3_1,-1.3065827291468175,0.1913544653703385,0.49752110994369886,False,-7.0,36,109
"Serum sex hormone-binding globulin, SHBG (nmol/L)",Dunn + FDR(pares),1_4,3_3,-1.8421360335539698,0.0654552541890009,0.2967304856568041,False,-7.0,36,47
"Serum sex hormone-binding globulin, SHBG (nmol/L)",Dunn + FDR(pares),1_4,3_4,-0.45260463492263214,0.650833460670331,0.8120490885427982,False,-8.0,36,4
"Serum sex hormone-binding globulin, SHBG (nmol/L)",Dunn + FDR(pares),1_4,4_0,-0.6423971631780426,0.520615341163772,0.7299349113224018,False,-7.0,36,103
"Serum sex hormone-binding globulin, SHBG (nmol/L)",Dunn + FDR(pares),1_4,4_1,0.5033681545746261,0.6147054569244882,0.7844139552107467,False,1.0,36,19
"Serum sex hormone-binding globulin, SHBG (nmol/L)",Dunn + FDR(pares),1_4,4_2,0.8165859975949176,0.4141650597711256,0.6624073949924832,False,-6.0,36,26
"Serum sex hormone-binding globulin, SHBG (nmol/L)",Dunn + FDR(pares),1_4,4_3,-0.3203251986524767,0.748721822951453,0.8730030929911383,False,-6.0,36,27
"Serum sex hormone-binding globulin, SHBG (nmol/L)",Dunn + FDR(pares),2_1,2_3,1.017035789228446,0.3091364042406005,0.5921486053059389,False,7.0,28,16
"Serum sex hormone-binding globulin, SHBG (nmol/L)",Dunn + FDR(pares),2_1,2_4,1.7241790062306859,0.08467553283407706,0.34705805661511274,False,6.0,28,52
"Serum sex hormone-binding globulin, SHBG (nmol/L)",Dunn + FDR(pares),2_1,3_0,-1.2803435432386383,0.20042434008088328,0.5047724120555579,False,-2.0,28,11
"Serum sex hormone-binding globulin, SHBG (nmol/L)",Dunn + FDR(pares),2_1,3_1,-1.5235045618992211,0.12763252025634303,0.39450051715596934,False,-2.0,28,109
"Serum sex hormone-binding globulin, SHBG (nmol/L)",Dunn + FDR(pares),2_1,3_3,-2.009071076650599,0.04452959649886956,0.2329240432248562,False,-2.0,28,47
"Serum sex hormone-binding globulin, SHBG (nmol/L)",Dunn + FDR(pares),2_1,3_4,-0.5802636877405661,0.5617368109612244,0.7635412303653654,False,-3.0,28,4
"Serum sex hormone-binding globulin, SHBG (nmol/L)",Dunn + FDR(pares),2_1,4_0,-0.9196296654472544,0.3577663188871122,0.6487495915819634,False,-2.0,28,103
"Serum sex hormone-binding globulin, SHBG (nmol/L)",Dunn + FDR(pares),2_1,4_1,0.2392670095516233,0.8108985450910985,0.8885562550944911,False,6.0,28,19
"Serum sex hormone-binding globulin, SHBG (nmol/L)",Dunn + FDR(pares),2_1,4_2,0.5086951405541499,0.6109659291140804,0.7844139552107467,False,-1.0,28,26
"Serum sex hormone-binding globulin, SHBG (nmol/L)",Dunn + FDR(pares),2_1,4_3,-0.5678801374505291,0.5701163598858692,0.7635412303653654,False,-1.0,28,27
"Serum sex hormone-binding globulin, SHBG (nmol/L)",Dunn + FDR(pares),2_3,2_4,0.2988021561414688,0.7650910056961344,0.8740842499216407,False,-1.0,16,52
"Serum sex hormone-binding globulin, SHBG (nmol/L)",Dunn + FDR(pares),2_3,3_0,-1.9769725746887008,0.04804473030547478,0.24200308598313222,False,-9.0,16,11
"Serum sex hormone-binding globulin, SHBG (nmol/L)",Dunn + FDR(pares),2_3,3_1,-2.3962083174151707,0.016565672400843306,0.14455935645765633,False,-9.0,16,109
"Serum sex hormone-binding globulin, SHBG (nmol/L)",Dunn + FDR(pares),2_3,3_3,-2.758243778570089,0.005811284231094328,0.07184860503898441,False,-9.0,16,47
"Serum sex hormone-binding globulin, SHBG (nmol/L)",Dunn + FDR(pares),2_3,3_4,-1.125000585365332,0.26058878622321313,0.5852292418010856,False,-10.0,16,4
"Serum sex hormone-binding globulin, SHBG (nmol/L)",Dunn + FDR(pares),2_3,4_0,-1.9155039704318042,0.055428263281589715,0.25993944159642074,False,-9.0,16,103
"Serum sex hormone-binding globulin, SHBG (nmol/L)",Dunn + FDR(pares),2_3,4_1,-0.7297536829387178,0.4655407606284856,0.6954482184005275,False,-1.0,16,19
"Serum sex hormone-binding globulin, SHBG (nmol/L)",Dunn + FDR(pares),2_3,4_2,-0.5670787277631115,0.5706606946660102,0.7635412303653654,False,-8.0,16,26
"Serum sex hormone-binding globulin, SHBG (nmol/L)",Dunn + FDR(pares),2_3,4_3,-1.495750486026542,0.13471868865501269,0.40714981460181615,False,-8.0,16,27
"Serum sex hormone-binding globulin, SHBG (nmol/L)",Dunn + FDR(pares),2_4,3_0,-2.5906080171141563,0.009580654944952211,0.10022839019334621,False,-8.0,52,11
"Serum sex hormone-binding globulin, SHBG (nmol/L)",Dunn + FDR(pares),2_4,3_1,-4.313195391669757,1.609117881531461e-05,0.0010942001594413935,True,-8.0,52,109
"Serum sex hormone-binding globulin, SHBG (nmol/L)",Dunn + FDR(pares),2_4,3_3,-4.391111898535089,1.1277248189150323e-05,0.0010942001594413935,True,-8.0,52,47
"Serum sex hormone-binding globulin, SHBG (nmol/L)",Dunn + FDR(pares),2_4,3_4,-1.376667673201641,0.16861501766308773,0.46799270208530475,False,-9.0,52,4
"Serum sex hormone-binding globulin, SHBG (nmol/L)",Dunn + FDR(pares),2_4,4_0,-3.527892404648053,0.00041888238472197284,0.01139360086443766,True,-8.0,52,103
"Serum sex hormone-binding globulin, SHBG (nmol/L)",Dunn + FDR(pares),2_4,4_1,-1.242341458026904,0.21411060520301706,0.5294371328656422,False,0.0,52,19
"Serum sex hormone-binding globulin, SHBG (nmol/L)",Dunn + FDR(pares),2_4,4_2,-1.1058203457911435,0.2688042868998938,0.5852292418010856,False,-7.0,52,26
"Serum sex hormone-binding globulin, SHBG (nmol/L)",Dunn + FDR(pares),2_4,4_3,-2.3495166679210038,0.018797802467671324,0.1503824197413706,False,-7.0,52,27
"Serum sex hormone-binding globulin, SHBG (nmol/L)",Dunn + FDR(pares),3_0,3_1,0.4198257086949862,0.6746127825719521,0.8340667129980499,False,0.0,11,109
"Serum sex hormone-binding globulin, SHBG (nmol/L)",Dunn + FDR(pares),3_0,3_3,-0.07171717204835777,0.9428269900336205,0.9568990346609879,False,0.0,11,47
"Serum sex hormone-binding globulin, SHBG (nmol/L)",Dunn + FDR(pares),3_0,3_4,0.2490874633264972,0.8032931267133054,0.8881940262846304,False,-1.0,11,4
"Serum sex hormone-binding globulin, SHBG (nmol/L)",Dunn + FDR(pares),3_0,4_0,0.8184093938212159,0.41312345957503527,0.6624073949924832,False,0.0,11,103
"Serum sex hormone-binding globulin, SHBG (nmol/L)",Dunn + FDR(pares),3_0,4_1,1.3902406073540172,0.16445582635816514,0.46595817468146783,False,8.0,11,19
"Serum sex hormone-binding globulin, SHBG (nmol/L)",Dunn + FDR(pares),3_0,4_2,1.6518626045715963,0.09856256285480945,0.3829859585215453,False,1.0,11,26
"Serum sex hormone-binding globulin, SHBG (nmol/L)",Dunn + FDR(pares),3_0,4_3,0.8454913789556529,0.3978365440512357,0.6624073949924832,False,1.0,11,27
"Serum sex hormone-binding globulin, SHBG (nmol/L)",Dunn + FDR(pares),3_1,3_3,-0.8987693291765488,0.3687755400688456,0.6546830773255148,False,0.0,109,47
"Serum sex hormone-binding globulin, SHBG (nmol/L)",Dunn + FDR(pares),3_1,3_4,0.024788950754149178,0.9802233043726389,0.9812559272191482,False,-1.0,109,4
"Serum sex hormone-binding globulin, SHBG (nmol/L)",Dunn + FDR(pares),3_1,4_0,0.922647202403589,0.35619108855547,0.6487495915819634,False,0.0,109,103
"Serum sex hormone-binding globulin, SHBG (nmol/L)",Dunn + FDR(pares),3_1,4_1,1.5844276737349945,0.11309642848331057,0.39450051715596934,False,8.0,109,19
"Serum sex hormone-binding globulin, SHBG (nmol/L)",Dunn + FDR(pares),3_1,4_2,2.1136983868262766,0.03454103638506011,0.21352640674400797,False,1.0,109,26
"Serum sex hormone-binding globulin, SHBG (nmol/L)",Dunn + FDR(pares),3_1,4_3,0.7890124744923176,0.4301047156168212,0.6624073949924832,False,1.0,109,27
"Serum sex hormone-binding globulin, SHBG (nmol/L)",Dunn + FDR(pares),3_3,3_4,0.32535149808116653,0.7449150592038168,0.8730030929911383,False,-1.0,47,4
"Serum sex hormone-binding globulin, SHBG (nmol/L)",Dunn + FDR(pares),3_3,4_0,1.6112519820532956,0.10712481203063506,0.39450051715596934,False,0.0,47,103
"Serum sex hormone-binding globulin, SHBG (nmol/L)",Dunn + FDR(pares),3_3,4_1,2.025811129421541,0.042784142996465,0.23274573790076958,False,8.0,47,19
"Serum sex hormone-binding globulin, SHBG (nmol/L)",Dunn + FDR(pares),3_3,4_2,2.5291737475609577,0.011433141315996752,0.11106480135539702,False,1.0,47,26
"Serum sex hormone-binding globulin, SHBG (nmol/L)",Dunn + FDR(pares),3_3,4_3,1.3518579409962437,0.1764207644809913,0.47045537194931014,False,1.0,47,27
"Serum sex hormone-binding globulin, SHBG (nmol/L)",Dunn + FDR(pares),3_4,4_0,0.22402401120056448,0.8227386197789868,0.8885562550944911,False,1.0,4,103
"Serum sex hormone-binding globulin, SHBG (nmol/L)",Dunn + FDR(pares),3_4,4_1,0.6930881850992696,0.48825421174820494,0.7023270327588388,False,9.0,4,19
"Serum sex hormone-binding globulin, SHBG (nmol/L)",Dunn + FDR(pares),3_4,4_2,0.8354494342927347,0.4034647061921386,0.6624073949924832,False,2.0,4,26
"Serum sex hormone-binding globulin, SHBG (nmol/L)",Dunn + FDR(pares),3_4,4_3,0.2930290797461239,0.7694999243800734,0.8740842499216407,False,2.0,4,27
"Serum sex hormone-binding globulin, SHBG (nmol/L)",Dunn + FDR(pares),4_0,4_1,1.069828015040646,0.2846967296825774,0.585709356658304,False,8.0,103,19
"Serum sex hormone-binding globulin, SHBG (nmol/L)",Dunn + FDR(pares),4_0,4_2,1.5242673194273986,0.12744194737651818,0.39450051715596934,False,1.0,103,26
"Serum sex hormone-binding globulin, SHBG (nmol/L)",Dunn + FDR(pares),4_0,4_3,0.19808037081253874,0.8429821823707665,0.8957323464874104,False,1.0,103,27
"Serum sex hormone-binding globulin, SHBG (nmol/L)",Dunn + FDR(pares),4_1,4_2,0.22340381381639443,0.8232212363375433,0.8885562550944911,False,-7.0,19,26
"Serum sex hormone-binding globulin, SHBG (nmol/L)",Dunn + FDR(pares),4_1,4_3,-0.749008928170203,0.45385182420092207,0.68582053434806,False,-7.0,19,27
"Serum sex hormone-binding globulin, SHBG (nmol/L)",Dunn + FDR(pares),4_2,4_3,-1.0616715703073254,0.2883848100355624,0.585709356658304,False,0.0,26,27
"Serum anti-Müllerian hormone, AMH (pmol/L)",Dunn + FDR(pares),0_0,0_1,0.09371177836162191,0.925338113675305,0.9831717457800117,False,0.0,25,89
"Serum anti-Müllerian hormone, AMH (pmol/L)",Dunn + FDR(pares),0_0,0_3,-0.750856554766956,0.45273898908052224,0.8320608447966356,False,-1.0,25,20
"Serum anti-Müllerian hormone, AMH (pmol/L)",Dunn + FDR(pares),0_0,1_1,-0.033955336224433585,0.9729127666743337,0.9874338527440998,False,2.0,25,69
"Serum anti-Müllerian hormone, AMH (pmol/L)",Dunn + FDR(pares),0_0,1_3,-0.46191169989898545,0.6441446434285253,0.8934460003582951,False,0.0,25,125
"Serum anti-Müllerian hormone, AMH (pmol/L)",Dunn + FDR(pares),0_0,1_4,1.9951667572965914,0.046024695370378246,0.21765873342714348,False,6.0,25,36
"Serum anti-Müllerian hormone, AMH (pmol/L)",Dunn + FDR(pares),0_0,2_1,-1.271472358415008,0.20356065500860532,0.5767551891910484,False,-1.0,25,28
"Serum anti-Müllerian hormone, AMH (pmol/L)",Dunn + FDR(pares),0_0,2_3,-0.9956515348945344,0.31941948581314206,0.7124521782985416,False,1.0,25,16
"Serum anti-Müllerian hormone, AMH (pmol/L)",Dunn + FDR(pares),0_0,2_4,-1.490989266666619,0.13596431291636926,0.4300266641075865,False,-8.0,25,52
"Serum anti-Müllerian hormone, AMH (pmol/L)",Dunn + FDR(pares),0_0,3_0,-0.5490292652369227,0.5829853662881176,0.8783965452295601,False,-2.0,25,11
"Serum anti-Müllerian hormone, AMH (pmol/L)",Dunn + FDR(pares),0_0,3_1,-1.055715109493731,0.29109839198166654,0.7069532376697616,False,-2.0,25,109
"Serum anti-Müllerian hormone, AMH (pmol/L)",Dunn + FDR(pares),0_0,3_3,-1.2927780661981108,0.19608782854956197,0.5767551891910484,False,-2.0,25,47
"Serum anti-Müllerian hormone, AMH (pmol/L)",Dunn + FDR(pares),0_0,3_4,-0.9846533482120385,0.3247943754008057,0.7124521782985416,False,-4.0,25,4
"Serum anti-Müllerian hormone, AMH (pmol/L)",Dunn + FDR(pares),0_0,4_0,-0.81001049514784,0.41793414381072524,0.820476383831025,False,1.0,25,103
"Serum anti-Müllerian hormone, AMH (pmol/L)",Dunn + FDR(pares),0_0,4_1,-0.6242373395490383,0.5324717281493065,0.8783965452295601,False,2.0,25,19
"Serum anti-Müllerian hormone, AMH (pmol/L)",Dunn + FDR(pares),0_0,4_2,1.707175757460833,0.08778938952032231,0.3226853236422658,False,5.5,25,26
"Serum anti-Müllerian hormone, AMH (pmol/L)",Dunn + FDR(pares),0_0,4_3,-1.6108016610320384,0.10722295896244029,0.36455806047229694,False,-3.0,25,27
"Serum anti-Müllerian hormone, AMH (pmol/L)",Dunn + FDR(pares),0_1,0_3,-0.9959992106932117,0.3192505286866538,0.7124521782985416,False,-1.0,89,20
"Serum anti-Müllerian hormone, AMH (pmol/L)",Dunn + FDR(pares),0_1,1_1,-0.1816590669079044,0.8558502912682404,0.9701299669458541,False,2.0,89,69
"Serum anti-Müllerian hormone, AMH (pmol/L)",Dunn + FDR(pares),0_1,1_3,-0.882604918721345,0.37744977006726654,0.8148122020499722,False,0.0,89,125
"Serum anti-Müllerian hormone, AMH (pmol/L)",Dunn + FDR(pares),0_1,1_4,2.522355632505723,0.011657178885803893,0.08403138198549596,False,6.0,89,36
"Serum anti-Müllerian hormone, AMH (pmol/L)",Dunn + FDR(pares),0_1,2_1,-1.71254002173862,0.08679719570715931,0.3226853236422658,False,-1.0,89,28
"Serum anti-Müllerian hormone, AMH (pmol/L)",Dunn + FDR(pares),0_1,2_3,-1.2520124111411963,0.2105653415604375,0.5844262541269285,False,1.0,89,16
"Serum anti-Müllerian hormone, AMH (pmol/L)",Dunn + FDR(pares),0_1,2_4,-2.200434111770215,0.027776109854334458,0.16424134522562983,False,-8.0,89,52
"Serum anti-Müllerian hormone, AMH (pmol/L)",Dunn + FDR(pares),0_1,3_0,-0.6879139795511466,0.49150695266997313,0.8589605936387326,False,-2.0,89,11
"Serum anti-Müllerian hormone, AMH (pmol/L)",Dunn + FDR(pares),0_1,3_1,-1.787146481446882,0.0739138165906684,0.2872079730380258,False,-2.0,89,109
"Serum anti-Müllerian hormone, AMH (pmol/L)",Dunn + FDR(pares),0_1,3_3,-1.892425362969458,0.05843432938243762,0.2417274452698059,False,-2.0,89,47
"Serum anti-Müllerian hormone, AMH (pmol/L)",Dunn + FDR(pares),0_1,3_4,-1.0789485469243878,0.28061066545176594,0.7021660108718903,False,-4.0,89,4
"Serum anti-Müllerian hormone, AMH (pmol/L)",Dunn + FDR(pares),0_1,4_0,-1.3944417643006806,0.16318424371598028,0.4931790476749626,False,1.0,89,103
"Serum anti-Müllerian hormone, AMH (pmol/L)",Dunn + FDR(pares),0_1,4_1,-0.83571198676038,0.4033169502277788,0.8186732124026554,False,2.0,89,19
"Serum anti-Müllerian hormone, AMH (pmol/L)",Dunn + FDR(pares),0_1,4_2,2.049908570934828,0.040373353664866676,0.20336207771932846,False,5.5,89,26
"Serum anti-Müllerian hormone, AMH (pmol/L)",Dunn + FDR(pares),0_1,4_3,-2.1314293457681273,0.03305378741505921,0.18730479535200217,False,-3.0,89,27
"Serum anti-Müllerian hormone, AMH (pmol/L)",Dunn + FDR(pares),0_3,1_1,0.855786240886983,0.39211602718015015,0.8186732124026554,False,3.0,20,69
"Serum anti-Müllerian hormone, AMH (pmol/L)",Dunn + FDR(pares),0_3,1_3,0.5151194161796658,0.6064695756415344,0.8783965452295601,False,1.0,20,125
"Serum anti-Müllerian hormone, AMH (pmol/L)",Dunn + FDR(pares),0_3,1_4,2.6701956354966545,0.007580706414417739,0.06443600452255079,False,7.0,20,36
"Serum anti-Müllerian hormone, AMH (pmol/L)",Dunn + FDR(pares),0_3,2_1,-0.42560463771214746,0.6703959603346845,0.8934460003582951,False,0.0,20,28
"Serum anti-Müllerian hormone, AMH (pmol/L)",Dunn + FDR(pares),0_3,2_3,-0.27878418207567685,0.780410454262852,0.9149639808598955,False,2.0,20,16
"Serum anti-Müllerian hormone, AMH (pmol/L)",Dunn + FDR(pares),0_3,2_4,-0.5230009109454992,0.600973619324666,0.8783965452295601,False,-7.0,20,52
"Serum anti-Müllerian hormone, AMH (pmol/L)",Dunn + FDR(pares),0_3,3_0,0.07089030725374725,0.9434850576589112,0.9874338527440998,False,-1.0,20,11
"Serum anti-Müllerian hormone, AMH (pmol/L)",Dunn + FDR(pares),0_3,3_1,-0.03638459538990005,0.9709756971448751,0.9874338527440998,False,-1.0,20,109
"Serum anti-Müllerian hormone, AMH (pmol/L)",Dunn + FDR(pares),0_3,3_3,-0.3549325169940605,0.722640147348621,0.8934460003582951,False,-1.0,20,47
"Serum anti-Müllerian hormone, AMH (pmol/L)",Dunn + FDR(pares),0_3,3_4,-0.5568423012574192,0.5776351792823338,0.8783965452295601,False,-3.0,20,4
"Serum anti-Müllerian hormone, AMH (pmol/L)",Dunn + FDR(pares),0_3,4_0,0.18277368628606808,0.8549755960933585,0.9701299669458541,False,2.0,20,103
"Serum anti-Müllerian hormone, AMH (pmol/L)",Dunn + FDR(pares),0_3,4_1,0.11008686355283712,0.9123404861988923,0.9831717457800117,False,3.0,20,19
"Serum anti-Müllerian hormone, AMH (pmol/L)",Dunn + FDR(pares),0_3,4_2,2.3651478856767407,0.018022872516445965,0.11671955534460243,False,6.5,20,26
"Serum anti-Müllerian hormone, AMH (pmol/L)",Dunn + FDR(pares),0_3,4_3,-0.7519135605511769,0.45210304264888723,0.8320608447966356,False,-2.0,20,27
"Serum anti-Müllerian hormone, AMH (pmol/L)",Dunn + FDR(pares),1_1,1_3,-0.6219225365722213,0.5339928053718211,0.8783965452295601,False,-2.0,69,125
"Serum anti-Müllerian hormone, AMH (pmol/L)",Dunn + FDR(pares),1_1,1_4,2.564964066106457,0.01031864907363375,0.08254919258907,False,4.0,69,36
"Serum anti-Müllerian hormone, AMH (pmol/L)",Dunn + FDR(pares),1_1,2_1,-1.5260227968717237,0.12700418719030168,0.4112516537590721,False,-3.0,69,28
"Serum anti-Müllerian hormone, AMH (pmol/L)",Dunn + FDR(pares),1_1,2_3,-1.1202336595024782,0.26261420385240475,0.6852126413608919,False,-1.0,69,16
"Serum anti-Müllerian hormone, AMH (pmol/L)",Dunn + FDR(pares),1_1,2_4,-1.9328133864953423,0.053259190671194806,0.23365322358975787,False,-10.0,69,52
"Serum anti-Müllerian hormone, AMH (pmol/L)",Dunn + FDR(pares),1_1,3_0,-0.5874511519842517,0.5569007481710004,0.8783965452295601,False,-4.0,69,11
"Serum anti-Müllerian hormone, AMH (pmol/L)",Dunn + FDR(pares),1_1,3_1,-1.4702278000759315,0.14150006782336513,0.4373638459994922,False,-4.0,69,109
"Serum anti-Müllerian hormone, AMH (pmol/L)",Dunn + FDR(pares),1_1,3_3,-1.6501496336307564,0.09891233530123832,0.35400204213074765,False,-4.0,69,47
"Serum anti-Müllerian hormone, AMH (pmol/L)",Dunn + FDR(pares),1_1,3_4,-1.015627490256227,0.30980680890146484,0.7124521782985416,False,-6.0,69,4
"Serum anti-Müllerian hormone, AMH (pmol/L)",Dunn + FDR(pares),1_1,4_0,-1.1099248829431692,0.2670313970009358,0.6852126413608919,False,-1.0,69,103
"Serum anti-Müllerian hormone, AMH (pmol/L)",Dunn + FDR(pares),1_1,4_1,-0.7027187529118404,0.48223103857238125,0.8589605936387326,False,0.0,69,19
"Serum anti-Müllerian hormone, AMH (pmol/L)",Dunn + FDR(pares),1_1,4_2,2.1124953785245775,0.0346439819399636,0.18846326175340194,False,3.5,69,26
"Serum anti-Müllerian hormone, AMH (pmol/L)",Dunn + FDR(pares),1_1,4_3,-1.9346123849012782,0.053037879084642886,0.23365322358975787,False,-5.0,69,27
"Serum anti-Müllerian hormone, AMH (pmol/L)",Dunn + FDR(pares),1_3,1_4,3.2811225002385744,0.0010339482750637802,0.013600118797662908,True,6.0,125,36
"Serum anti-Müllerian hormone, AMH (pmol/L)",Dunn + FDR(pares),1_3,2_1,-1.189314709679284,0.2343158490720767,0.6248422641922046,False,-1.0,125,28
"Serum anti-Müllerian hormone, AMH (pmol/L)",Dunn + FDR(pares),1_3,2_3,-0.819394334674005,0.4125614661818954,0.820476383831025,False,1.0,125,16
"Serum anti-Müllerian hormone, AMH (pmol/L)",Dunn + FDR(pares),1_3,2_4,-1.5856976108070424,0.11280792141447395,0.3741921295699624,False,-8.0,125,52
"Serum anti-Müllerian hormone, AMH (pmol/L)",Dunn + FDR(pares),1_3,3_0,-0.309847536720671,0.756676900209319,0.89770523152958,False,-2.0,125,11
"Serum anti-Müllerian hormone, AMH (pmol/L)",Dunn + FDR(pares),1_3,3_1,-1.0141717380360757,0.310500811755136,0.7124521782985416,False,-2.0,125,109
"Serum anti-Müllerian hormone, AMH (pmol/L)",Dunn + FDR(pares),1_3,3_3,-1.2788471169255826,0.2009508981872733,0.5767551891910484,False,-2.0,125,47
"Serum anti-Müllerian hormone, AMH (pmol/L)",Dunn + FDR(pares),1_3,3_4,-0.8446958370939843,0.3982806843524044,0.8186732124026554,False,-4.0,125,4
"Serum anti-Müllerian hormone, AMH (pmol/L)",Dunn + FDR(pares),1_3,4_0,-0.5966277840091897,0.5507559170634253,0.8783965452295601,False,1.0,125,103
"Serum anti-Müllerian hormone, AMH (pmol/L)",Dunn + FDR(pares),1_3,4_1,-0.3605890550795106,0.7184066724104443,0.8934460003582951,False,2.0,125,19
"Serum anti-Müllerian hormone, AMH (pmol/L)",Dunn + FDR(pares),1_3,4_2,2.6879991018476797,0.0071881589998996865,0.06443600452255079,False,5.5,125,26
"Serum anti-Müllerian hormone, AMH (pmol/L)",Dunn + FDR(pares),1_3,4_3,-1.6298564810891865,0.10313183320154834,0.3596392132156558,False,-3.0,125,27
"Serum anti-Müllerian hormone, AMH (pmol/L)",Dunn + FDR(pares),1_4,2_1,-3.449872904421899,0.0005608505334253167,0.010896524649406153,True,-7.0,36,28
"Serum anti-Müllerian hormone, AMH (pmol/L)",Dunn + FDR(pares),1_4,2_3,-2.789661753347287,0.00527631328126275,0.05125561473226672,False,-5.0,36,16
"Serum anti-Müllerian hormone, AMH (pmol/L)",Dunn + FDR(pares),1_4,2_4,-4.069342422879941,4.714601347272106e-05,0.005119856622278896,True,-14.0,36,52
"Serum anti-Müllerian hormone, AMH (pmol/L)",Dunn + FDR(pares),1_4,3_0,-2.084328758903073,0.03713027311643971,0.1942198901475308,False,-8.0,36,11
"Serum anti-Müllerian hormone, AMH (pmol/L)",Dunn + FDR(pares),1_4,3_1,-3.919969330832249,8.856023792037941e-05,0.005119856622278896,True,-8.0,36,109
"Serum anti-Müllerian hormone, AMH (pmol/L)",Dunn + FDR(pares),1_4,3_3,-3.7901043383561523,0.00015058401830232045,0.005119856622278896,True,-8.0,36,47
"Serum anti-Müllerian hormone, AMH (pmol/L)",Dunn + FDR(pares),1_4,3_4,-1.9916222152316991,0.04641252403961148,0.21765873342714348,False,-10.0,36,4
"Serum anti-Müllerian hormone, AMH (pmol/L)",Dunn + FDR(pares),1_4,4_0,-3.6155407014951186,0.00029972137673243434,0.008152421447122214,True,-5.0,36,103
"Serum anti-Müllerian hormone, AMH (pmol/L)",Dunn + FDR(pares),1_4,4_1,-2.501766029146397,0.012357556174337642,0.08403138198549596,False,-4.0,36,19
"Serum anti-Müllerian hormone, AMH (pmol/L)",Dunn + FDR(pares),1_4,4_2,-0.16019054475108585,0.8727309774082357,0.9701299669458541,False,-0.5,36,26
"Serum anti-Müllerian hormone, AMH (pmol/L)",Dunn + FDR(pares),1_4,4_3,-3.79638307994614,0.00014682256057120473,0.005119856622278896,True,-9.0,36,27
"Serum anti-Müllerian hormone, AMH (pmol/L)",Dunn + FDR(pares),2_1,2_3,0.09922800494156604,0.9209572398532732,0.9831717457800117,False,2.0,28,16
"Serum anti-Müllerian hormone, AMH (pmol/L)",Dunn + FDR(pares),2_1,2_4,-0.05548704439433095,0.9557504511250832,0.9874338527440998,False,-7.0,28,52
"Serum anti-Müllerian hormone, AMH (pmol/L)",Dunn + FDR(pares),2_1,3_0,0.42495004558669286,0.670873091081903,0.8934460003582951,False,-1.0,28,11
"Serum anti-Müllerian hormone, AMH (pmol/L)",Dunn + FDR(pares),2_1,3_1,0.5463436621776311,0.584829728460221,0.8783965452295601,False,-1.0,28,109
"Serum anti-Müllerian hormone, AMH (pmol/L)",Dunn + FDR(pares),2_1,3_3,0.12501921998091267,0.9005083343724781,0.9831717457800117,False,-1.0,28,47
"Serum anti-Müllerian hormone, AMH (pmol/L)",Dunn + FDR(pares),2_1,3_4,-0.33748030388508465,0.7357548573974244,0.89770523152958,False,-3.0,28,4
"Serum anti-Müllerian hormone, AMH (pmol/L)",Dunn + FDR(pares),2_1,4_0,0.794201975581701,0.42707785860183833,0.820476383831025,False,2.0,28,103
"Serum anti-Müllerian hormone, AMH (pmol/L)",Dunn + FDR(pares),2_1,4_1,0.5378720636991454,0.590665376273296,0.8783965452295601,False,3.0,28,19
"Serum anti-Müllerian hormone, AMH (pmol/L)",Dunn + FDR(pares),2_1,4_2,3.0403919842890845,0.0023627042414896336,0.026777314736882513,True,6.5,28,26
"Serum anti-Müllerian hormone, AMH (pmol/L)",Dunn + FDR(pares),2_1,4_3,-0.3604624341997797,0.7185013442568355,0.8934460003582951,False,-2.0,28,27
"Serum anti-Müllerian hormone, AMH (pmol/L)",Dunn + FDR(pares),2_3,2_4,-0.15426986714556723,0.8773969553995592,0.9701299669458541,False,-9.0,16,52
"Serum anti-Müllerian hormone, AMH (pmol/L)",Dunn + FDR(pares),2_3,3_0,0.30667733566663335,0.7590889825433949,0.89770523152958,False,-3.0,16,11
"Serum anti-Müllerian hormone, AMH (pmol/L)",Dunn + FDR(pares),2_3,3_1,0.316211112097796,0.7518422739252444,0.89770523152958,False,-3.0,16,109
"Serum anti-Müllerian hormone, AMH (pmol/L)",Dunn + FDR(pares),2_3,3_3,-0.004324459514039645,0.9965495912742542,0.9965495912742542,False,-3.0,16,47
"Serum anti-Müllerian hormone, AMH (pmol/L)",Dunn + FDR(pares),2_3,3_4,-0.37832129286572536,0.7051919294355884,0.8934460003582951,False,-5.0,16,4
"Serum anti-Müllerian hormone, AMH (pmol/L)",Dunn + FDR(pares),2_3,4_0,0.5141787490850713,0.6071270239086666,0.8783965452295601,False,0.0,16,103
"Serum anti-Müllerian hormone, AMH (pmol/L)",Dunn + FDR(pares),2_3,4_1,0.3795187169901654,0.704302707921424,0.8934460003582951,False,1.0,16,19
"Serum anti-Müllerian hormone, AMH (pmol/L)",Dunn + FDR(pares),2_3,4_2,2.5081816192594406,0.012135427456011197,0.08403138198549596,False,4.5,16,26
"Serum anti-Müllerian hormone, AMH (pmol/L)",Dunn + FDR(pares),2_3,4_3,-0.40673487771101646,0.6842027211724745,0.8934460003582951,False,-4.0,16,27
"Serum anti-Müllerian hormone, AMH (pmol/L)",Dunn + FDR(pares),2_4,3_0,0.49483151307783374,0.6207190577511068,0.8818817212302972,False,6.0,52,11
"Serum anti-Müllerian hormone, AMH (pmol/L)",Dunn + FDR(pares),2_4,3_1,0.7639805618354569,0.44487882638593823,0.8320608447966356,False,6.0,52,109
"Serum anti-Müllerian hormone, AMH (pmol/L)",Dunn + FDR(pares),2_4,3_3,0.21291347415515768,0.8313944524851524,0.9664072268203481,False,6.0,52,47
"Serum anti-Müllerian hormone, AMH (pmol/L)",Dunn + FDR(pares),2_4,3_4,-0.3225913770452456,0.7470047250049519,0.89770523152958,False,4.0,52,4
"Serum anti-Müllerian hormone, AMH (pmol/L)",Dunn + FDR(pares),2_4,4_0,1.0714565542360421,0.28396419557319097,0.7021660108718903,False,9.0,52,103
"Serum anti-Müllerian hormone, AMH (pmol/L)",Dunn + FDR(pares),2_4,4_1,0.6448959620292026,0.5189946086710147,0.8783965452295601,False,10.0,52,19
"Serum anti-Müllerian hormone, AMH (pmol/L)",Dunn + FDR(pares),2_4,4_2,3.5016302729220334,0.0004624208398984774,0.01048153903769882,True,13.5,52,26
"Serum anti-Müllerian hormone, AMH (pmol/L)",Dunn + FDR(pares),2_4,4_3,-0.35504312375610136,0.722557284924037,0.8934460003582951,False,5.0,52,27
"Serum anti-Müllerian hormone, AMH (pmol/L)",Dunn + FDR(pares),3_0,3_1,-0.11209249278013016,0.91075006980624,0.9831717457800117,False,0.0,11,109
"Serum anti-Müllerian hormone, AMH (pmol/L)",Dunn + FDR(pares),3_0,3_3,-0.36236031337162405,0.7170827924970335,0.8934460003582951,False,0.0,11,47
"Serum anti-Müllerian hormone, AMH (pmol/L)",Dunn + FDR(pares),3_0,3_4,-0.5679404721438038,0.5700753892802726,0.8783965452295601,False,-2.0,11,4
"Serum anti-Müllerian hormone, AMH (pmol/L)",Dunn + FDR(pares),3_0,4_0,0.056905885027531286,0.9546201663378668,0.9874338527440998,False,3.0,11,103
"Serum anti-Müllerian hormone, AMH (pmol/L)",Dunn + FDR(pares),3_0,4_1,0.022849416246657532,0.9817703898344547,0.9890427630924877,False,4.0,11,19
"Serum anti-Müllerian hormone, AMH (pmol/L)",Dunn + FDR(pares),3_0,4_2,1.8817855163403459,0.05986514311639996,0.2417274452698059,False,7.5,11,26
"Serum anti-Müllerian hormone, AMH (pmol/L)",Dunn + FDR(pares),3_0,4_3,-0.6945586083474337,0.48733195955925246,0.8589605936387326,False,-1.0,11,27
"Serum anti-Müllerian hormone, AMH (pmol/L)",Dunn + FDR(pares),3_1,3_3,-0.49230358750503805,0.6225047443978569,0.8818817212302972,False,0.0,109,47
"Serum anti-Müllerian hormone, AMH (pmol/L)",Dunn + FDR(pares),3_1,3_4,-0.5817110807991536,0.5607613064877988,0.8783965452295601,False,-2.0,109,4
"Serum anti-Müllerian hormone, AMH (pmol/L)",Dunn + FDR(pares),3_1,4_0,0.38941909538083685,0.6969661486048349,0.8934460003582951,False,3.0,109,103
"Serum anti-Müllerian hormone, AMH (pmol/L)",Dunn + FDR(pares),3_1,4_1,0.17746193944461244,0.8591455586219002,0.9701299669458541,False,4.0,109,19
"Serum anti-Müllerian hormone, AMH (pmol/L)",Dunn + FDR(pares),3_1,4_2,3.2636138949463223,0.0011000096086344999,0.013600118797662908,True,7.5,109,26
"Serum anti-Müllerian hormone, AMH (pmol/L)",Dunn + FDR(pares),3_1,4_3,-0.9907463353427108,0.321809459477874,0.7124521782985416,False,-1.0,109,27
"Serum anti-Müllerian hormone, AMH (pmol/L)",Dunn + FDR(pares),3_3,3_4,-0.40364692608065256,0.6864723730233744,0.8934460003582951,False,-2.0,47,4
"Serum anti-Müllerian hormone, AMH (pmol/L)",Dunn + FDR(pares),3_3,4_0,0.7920407161292637,0.428336935676491,0.820476383831025,False,3.0,47,103
"Serum anti-Müllerian hormone, AMH (pmol/L)",Dunn + FDR(pares),3_3,4_1,0.4782831887913841,0.6324486600278221,0.8867321418946783,False,4.0,47,19
"Serum anti-Müllerian hormone, AMH (pmol/L)",Dunn + FDR(pares),3_3,4_2,3.265823327122032,0.001091463230060037,0.013600118797662908,True,7.5,47,26
"Serum anti-Müllerian hormone, AMH (pmol/L)",Dunn + FDR(pares),3_3,4_3,-0.526213216365201,0.5987400722711478,0.8783965452295601,False,-1.0,47,27
"Serum anti-Müllerian hormone, AMH (pmol/L)",Dunn + FDR(pares),3_4,4_0,0.6861172657953675,0.4926391639986848,0.8589605936387326,False,5.0,4,103
"Serum anti-Müllerian hormone, AMH (pmol/L)",Dunn + FDR(pares),3_4,4_1,0.6185249437849195,0.53622936048142,0.8783965452295601,False,6.0,4,19
"Serum anti-Müllerian hormone, AMH (pmol/L)",Dunn + FDR(pares),3_4,4_2,1.8776295431206085,0.06043186131745148,0.2417274452698059,False,9.5,4,26
"Serum anti-Müllerian hormone, AMH (pmol/L)",Dunn + FDR(pares),3_4,4_3,0.15522902294627228,0.8766407685978315,0.9701299669458541,False,1.0,4,27
"Serum anti-Müllerian hormone, AMH (pmol/L)",Dunn + FDR(pares),4_0,4_1,-0.03762337843102852,0.9699879678232695,0.9874338527440998,False,1.0,103,19
"Serum anti-Müllerian hormone, AMH (pmol/L)",Dunn + FDR(pares),4_0,4_2,3.001642425235178,0.002685273917146422,0.02809209636399334,True,4.5,103,26
"Serum anti-Müllerian hormone, AMH (pmol/L)",Dunn + FDR(pares),4_0,4_3,-1.2325705980476618,0.2177360121191877,0.5922419529641905,False,-4.0,103,27
"Serum anti-Müllerian hormone, AMH (pmol/L)",Dunn + FDR(pares),4_1,4_2,2.2138830622482666,0.026836824184142696,0.16424134522562983,False,3.5,19,26
"Serum anti-Müllerian hormone, AMH (pmol/L)",Dunn + FDR(pares),4_1,4_3,-0.8585736044998823,0.3905758059546407,0.8186732124026554,False,-5.0,19,27
"Serum anti-Müllerian hormone, AMH (pmol/L)",Dunn + FDR(pares),4_2,4_3,-3.3674835140736574,0.0007585756170964778,0.012895785490640122,True,-8.5,26,27
Serum inhibin B (ng/L),Dunn + FDR(pares),0_0,0_1,-0.32420334466382317,0.7457840900477735,0.8867549031787684,False,0.0,25,89
Serum inhibin B (ng/L),Dunn + FDR(pares),0_0,0_3,0.01650931623907278,0.986828069817593,0.986828069817593,False,8.0,25,20
Serum inhibin B (ng/L),Dunn + FDR(pares),0_0,1_1,0.8267486956069611,0.4083795146032787,0.6738269226118655,False,31.0,25,69
Serum inhibin B (ng/L),Dunn + FDR(pares),0_0,1_3,0.3663402049587592,0.714111232403786,0.8867549031787684,False,16.0,25,125
Serum inhibin B (ng/L),Dunn + FDR(pares),0_0,1_4,1.2021096322295428,0.22932105493643495,0.4920183687671434,False,52.0,25,36
Serum inhibin B (ng/L),Dunn + FDR(pares),0_0,2_1,-0.8130537934164591,0.41618721690732874,0.6738269226118655,False,3.5,25,28
Serum inhibin B (ng/L),Dunn + FDR(pares),0_0,2_3,1.9392064391282708,0.05247620586617953,0.23493476918181252,False,52.0,25,16
Serum inhibin B (ng/L),Dunn + FDR(pares),0_0,2_4,-0.28381903659905855,0.7765490650838311,0.8867549031787684,False,0.0,25,52
Serum inhibin B (ng/L),Dunn + FDR(pares),0_0,3_0,-0.9592982501562197,0.3374085166515528,0.6285966885563176,False,7.0,25,11
Serum inhibin B (ng/L),Dunn + FDR(pares),0_0,3_1,-0.3478056802513096,0.7279861234747886,0.8867549031787684,False,16.0,25,109
Serum inhibin B (ng/L),Dunn + FDR(pares),0_0,3_3,-1.1964062695991073,0.23153805589042042,0.4920183687671434,False,-2.0,25,47
Serum inhibin B (ng/L),Dunn + FDR(pares),0_0,3_4,-0.028990887652340428,0.9768718581412037,0.986828069817593,False,8.0,25,4
Serum inhibin B (ng/L),Dunn + FDR(pares),0_0,4_0,1.3028553689615565,0.19262414348254087,0.48805403376805817,False,31.0,25,103
Serum inhibin B (ng/L),Dunn + FDR(pares),0_0,4_1,0.4677125359522512,0.6399901751443825,0.828939655425105,False,31.0,25,19
Serum inhibin B (ng/L),Dunn + FDR(pares),0_0,4_2,-1.5937107893151168,0.11100082654522757,0.343093463867067,False,0.0,25,26
Serum inhibin B (ng/L),Dunn + FDR(pares),0_0,4_3,1.2373227018209025,0.21596730303952827,0.48805403376805817,False,31.0,25,27
Serum inhibin B (ng/L),Dunn + FDR(pares),0_1,0_3,0.3165671571029643,0.7515720597889015,0.8867549031787684,False,8.0,89,20
Serum inhibin B (ng/L),Dunn + FDR(pares),0_1,1_1,1.6606942058569065,0.09677487768968018,0.31336627061420247,False,31.0,89,69
Serum inhibin B (ng/L),Dunn + FDR(pares),0_1,1_3,1.1078056418050353,0.2679457630248969,0.5160596314325127,False,16.0,89,125
Serum inhibin B (ng/L),Dunn + FDR(pares),0_1,1_4,1.9559835759733406,0.05046708890013986,0.23493476918181252,False,52.0,89,36
Serum inhibin B (ng/L),Dunn + FDR(pares),0_1,2_1,-0.6938209242970641,0.48779451875366264,0.7292672898241704,False,3.5,89,28
Serum inhibin B (ng/L),Dunn + FDR(pares),0_1,2_3,2.5566187172994774,0.010569499821549554,0.10267514112362423,False,52.0,89,16
Serum inhibin B (ng/L),Dunn + FDR(pares),0_1,2_4,0.02469532921942609,0.9802979806887968,0.986828069817593,False,0.0,89,52
Serum inhibin B (ng/L),Dunn + FDR(pares),0_1,3_0,-0.8563873062967132,0.3917835836123421,0.6689063885915437,False,7.0,89,11
Serum inhibin B (ng/L),Dunn + FDR(pares),0_1,3_1,-0.026194702386802153,0.9791020413171002,0.986828069817593,False,16.0,89,109
Serum inhibin B (ng/L),Dunn + FDR(pares),0_1,3_3,-1.2354955272461383,0.21664614006418648,0.48805403376805817,False,-2.0,89,47
Serum inhibin B (ng/L),Dunn + FDR(pares),0_1,3_4,0.11303290182101818,0.9100044704790058,0.9593845580243783,False,8.0,89,4
Serum inhibin B (ng/L),Dunn + FDR(pares),0_1,4_0,2.514200335149591,0.011930264247298865,0.10816772917550971,False,31.0,89,103
Serum inhibin B (ng/L),Dunn + FDR(pares),0_1,4_1,0.8536511501109266,0.3932983083130456,0.6689063885915437,False,31.0,89,19
Serum inhibin B (ng/L),Dunn + FDR(pares),0_1,4_2,-1.673308289807073,0.09426662135513039,0.31336627061420247,False,0.0,89,26
Serum inhibin B (ng/L),Dunn + FDR(pares),0_1,4_3,1.897082895304045,0.05781699833207306,0.23827611433824047,False,31.0,89,27
Serum inhibin B (ng/L),Dunn + FDR(pares),0_3,1_1,0.7404515213570297,0.459026066622376,0.701433090569024,False,23.0,20,69
Serum inhibin B (ng/L),Dunn + FDR(pares),0_3,1_3,0.3127007898592717,0.7545079954214257,0.8867549031787684,False,8.0,20,125
Serum inhibin B (ng/L),Dunn + FDR(pares),0_3,1_4,1.1044142454912735,0.2694134840566794,0.5160596314325127,False,44.0,20,36
Serum inhibin B (ng/L),Dunn + FDR(pares),0_3,2_1,-0.7810722453978127,0.43476000471636156,0.6796248349589101,False,-4.5,20,28
Serum inhibin B (ng/L),Dunn + FDR(pares),0_3,2_3,1.8362476719970828,0.06632103504040542,0.25770459329986106,False,44.0,20,16
Serum inhibin B (ng/L),Dunn + FDR(pares),0_3,2_4,-0.28134547143118815,0.7784454370046987,0.8867549031787684,False,-8.0,20,52
Serum inhibin B (ng/L),Dunn + FDR(pares),0_3,3_0,-0.9378264083584925,0.3483336272946742,0.6401807204334553,False,-1.0,20,11
Serum inhibin B (ng/L),Dunn + FDR(pares),0_3,3_1,-0.33741863874171957,0.7358013359703125,0.8867549031787684,False,8.0,20,109
Serum inhibin B (ng/L),Dunn + FDR(pares),0_3,3_3,-1.127860366907699,0.2593788941398715,0.5112395594640945,False,-10.0,20,47
Serum inhibin B (ng/L),Dunn + FDR(pares),0_3,3_4,-0.03754613605233021,0.9700495548099726,0.986828069817593,False,0.0,20,4
Serum inhibin B (ng/L),Dunn + FDR(pares),0_3,4_0,1.1684895276673497,0.24260936102230368,0.50761343229282,False,23.0,20,103
Serum inhibin B (ng/L),Dunn + FDR(pares),0_3,4_1,0.4288826763136376,0.6680086079422506,0.8570676479259064,False,23.0,20,19
Serum inhibin B (ng/L),Dunn + FDR(pares),0_3,4_2,-1.5175830871923877,0.1291195331328532,0.3658386772097507,False,-8.0,20,26
Serum inhibin B (ng/L),Dunn + FDR(pares),0_3,4_3,1.147286369871776,0.2512632853832566,0.5112395594640945,False,23.0,20,27
Serum inhibin B (ng/L),Dunn + FDR(pares),1_1,1_3,-0.7516708994841038,0.45224899475852864,0.698930264626817,False,-15.0,69,125
Serum inhibin B (ng/L),Dunn + FDR(pares),1_1,1_4,0.5834960760173608,0.5595593978422038,0.7460791971229384,False,21.0,69,36
Serum inhibin B (ng/L),Dunn + FDR(pares),1_1,2_1,-1.8597611877024556,0.06291932081809332,0.25167728327237326,False,-27.5,69,28
Serum inhibin B (ng/L),Dunn + FDR(pares),1_1,2_3,1.5419563656307986,0.12308419732081284,0.3561585284176712,False,21.0,69,16
Serum inhibin B (ng/L),Dunn + FDR(pares),1_1,2_4,-1.427075707511491,0.15355807374406774,0.41767796058386425,False,-31.0,69,52
Serum inhibin B (ng/L),Dunn + FDR(pares),1_1,3_0,-1.663545184250619,0.09620335406845659,0.31336627061420247,False,-24.0,69,11
Serum inhibin B (ng/L),Dunn + FDR(pares),1_1,3_1,-1.7558415127422697,0.07911547390313821,0.29080282299531884,False,-15.0,69,109
Serum inhibin B (ng/L),Dunn + FDR(pares),1_1,3_3,-2.5863630267681335,0.009699471304392103,0.10147139210748662,False,-33.0,69,47
Serum inhibin B (ng/L),Dunn + FDR(pares),1_1,3_4,-0.4056198594879699,0.6850219345662849,0.8706820850562126,False,-23.0,69,4
Serum inhibin B (ng/L),Dunn + FDR(pares),1_1,4_0,0.6266312980048501,0.5309009475199475,0.7446368556601307,False,0.0,69,103
Serum inhibin B (ng/L),Dunn + FDR(pares),1_1,4_1,-0.19547063360245742,0.8450245252230824,0.9325746372058276,False,0.0,69,19
Serum inhibin B (ng/L),Dunn + FDR(pares),1_1,4_2,-2.7786080426670323,0.005459235478740678,0.09993543784935555,False,-31.0,69,26
Serum inhibin B (ng/L),Dunn + FDR(pares),1_1,4_3,0.6626913259168048,0.5075282662760594,0.7292672898241704,False,0.0,69,27
Serum inhibin B (ng/L),Dunn + FDR(pares),1_3,1_4,1.230229525934001,0.21861116621520638,0.48805403376805817,False,36.0,125,36
Serum inhibin B (ng/L),Dunn + FDR(pares),1_3,2_1,-1.4539096029738827,0.14597137007284242,0.4051450271409504,False,-12.5,125,28
Serum inhibin B (ng/L),Dunn + FDR(pares),1_3,2_3,2.035971704817234,0.041753196625204346,0.2308205858733895,False,36.0,125,16
Serum inhibin B (ng/L),Dunn + FDR(pares),1_3,2_4,-0.904966018468076,0.3654833900174427,0.662743213898296,False,-16.0,125,52
Serum inhibin B (ng/L),Dunn + FDR(pares),1_3,3_0,-1.3588260346077696,0.1742017213906264,0.45560450209856135,False,-9.0,125,11
Serum inhibin B (ng/L),Dunn + FDR(pares),1_3,3_1,-1.200969457502072,0.22976304916825252,0.4920183687671434,False,0.0,125,109
Serum inhibin B (ng/L),Dunn + FDR(pares),1_3,3_3,-2.199952845699701,0.027810240759743334,0.18910963716625467,False,-18.0,125,47
Serum inhibin B (ng/L),Dunn + FDR(pares),1_3,3_4,-0.1887501553010036,0.8502886398053133,0.9325746372058276,False,-8.0,125,4
Serum inhibin B (ng/L),Dunn + FDR(pares),1_3,4_0,1.5796936042793193,0.11417705102298704,0.34350216062760885,False,15.0,125,103
Serum inhibin B (ng/L),Dunn + FDR(pares),1_3,4_1,0.2521545806533052,0.8009215833042014,0.8990914807095343,False,15.0,125,19
Serum inhibin B (ng/L),Dunn + FDR(pares),1_3,4_2,-2.443408646862056,0.014549252520897643,0.11336121496559134,False,-16.0,125,26
Serum inhibin B (ng/L),Dunn + FDR(pares),1_3,4_3,1.2400594359644057,0.21495341110798105,0.48805403376805817,False,15.0,125,27
Serum inhibin B (ng/L),Dunn + FDR(pares),1_4,2_1,-2.129886513214238,0.033180983862146095,0.20987025476405563,False,-48.5,36,28
Serum inhibin B (ng/L),Dunn + FDR(pares),1_4,2_3,1.024719112994827,0.30549574199155083,0.5770475126507071,False,0.0,36,16
Serum inhibin B (ng/L),Dunn + FDR(pares),1_4,2_4,-1.7620280389464948,0.07806456023285395,0.29080282299531884,False,-52.0,36,52
Serum inhibin B (ng/L),Dunn + FDR(pares),1_4,3_0,-1.9159012312780568,0.055377668747635576,0.2353550921774512,False,-45.0,36,11
Serum inhibin B (ng/L),Dunn + FDR(pares),1_4,3_1,-2.029275328461849,0.04243025475613778,0.2308205858733895,False,-36.0,36,109
Serum inhibin B (ng/L),Dunn + FDR(pares),1_4,3_3,-2.7501933866669925,0.005956010257711684,0.09993543784935555,False,-54.0,36,47
Serum inhibin B (ng/L),Dunn + FDR(pares),1_4,3_4,-0.6234201767557072,0.5330084423848629,0.7446368556601307,False,-44.0,36,4
Serum inhibin B (ng/L),Dunn + FDR(pares),1_4,4_0,-0.11611567510587308,0.9075608659094535,0.9593845580243783,False,-21.0,36,103
Serum inhibin B (ng/L),Dunn + FDR(pares),1_4,4_1,-0.6016560511873013,0.5474031101463551,0.7446368556601307,False,-21.0,36,19
Serum inhibin B (ng/L),Dunn + FDR(pares),1_4,4_2,-2.9505122418306438,0.003172474722043472,0.08629131243958243,False,-52.0,36,26
Serum inhibin B (ng/L),Dunn + FDR(pares),1_4,4_3,0.11966990927921815,0.9047446379381713,0.9593845580243783,False,-21.0,36,27
Serum inhibin B (ng/L),Dunn + FDR(pares),2_1,2_3,2.6949374865433833,0.007040183805201757,0.09993543784935555,False,48.5,28,16
Serum inhibin B (ng/L),Dunn + FDR(pares),2_1,2_4,0.6597494133980062,0.5094146509801191,0.7292672898241704,False,-3.5,28,52
Serum inhibin B (ng/L),Dunn + FDR(pares),2_1,3_0,-0.3466861613032911,0.7288271078643205,0.8867549031787684,False,3.5,28,11
Serum inhibin B (ng/L),Dunn + FDR(pares),2_1,3_1,0.6919117512249319,0.4889927504566626,0.7292672898241704,False,12.5,28,109
Serum inhibin B (ng/L),Dunn + FDR(pares),2_1,3_3,-0.30343357975583646,0.761559458244756,0.8867549031787684,False,-5.5,28,47
Serum inhibin B (ng/L),Dunn + FDR(pares),2_1,3_4,0.38933754708756796,0.6970264645385051,0.8777370294188583,False,4.5,28,4
Serum inhibin B (ng/L),Dunn + FDR(pares),2_1,4_0,2.4126451841534817,0.01583722856136938,0.11336121496559134,False,27.5,28,103
Serum inhibin B (ng/L),Dunn + FDR(pares),2_1,4_1,1.2316108659095648,0.21809448001479792,0.48805403376805817,False,27.5,28,19
Serum inhibin B (ng/L),Dunn + FDR(pares),2_1,4_2,-0.8176626481831525,0.4135498441894536,0.6738269226118655,False,-3.5,28,26
Serum inhibin B (ng/L),Dunn + FDR(pares),2_1,4_3,2.102691292993235,0.03549276367333294,0.20987025476405563,False,27.5,28,27
Serum inhibin B (ng/L),Dunn + FDR(pares),2_3,2_4,-2.4132809380155695,0.0158096283110941,0.11336121496559134,False,-52.0,16,52
Serum inhibin B (ng/L),Dunn + FDR(pares),2_3,3_0,-2.471275499511239,0.013463205477610493,0.11336121496559134,False,-45.0,16,11
Serum inhibin B (ng/L),Dunn + FDR(pares),2_3,3_1,-2.607105746403386,0.009131115597641544,0.10147139210748662,False,-36.0,16,109
Serum inhibin B (ng/L),Dunn + FDR(pares),2_3,3_3,-3.1681964759695975,0.0015338782114405326,0.05215185918897811,False,-54.0,16,47
Serum inhibin B (ng/L),Dunn + FDR(pares),2_3,3_4,-1.1385361532547797,0.2548966714154596,0.5112395594640945,False,-44.0,16,4
Serum inhibin B (ng/L),Dunn + FDR(pares),2_3,4_0,-1.2294407794224962,0.21890658867537904,0.48805403376805817,False,-21.0,16,103
Serum inhibin B (ng/L),Dunn + FDR(pares),2_3,4_1,-1.4102089734867795,0.15847798693116688,0.42260796514977833,False,-21.0,16,19
Serum inhibin B (ng/L),Dunn + FDR(pares),2_3,4_2,-3.3588724891169512,0.0007826116962894472,0.03899513124653883,True,-52.0,16,26
Serum inhibin B (ng/L),Dunn + FDR(pares),2_3,4_3,-0.87932736989648,0.37922379991164545,0.6689063885915437,False,-21.0,16,27
Serum inhibin B (ng/L),Dunn + FDR(pares),2_4,3_0,-0.837708561741297,0.4021944037346783,0.6738269226118655,False,7.0,52,11
Serum inhibin B (ng/L),Dunn + FDR(pares),2_4,3_1,-0.0477802653553118,0.961891364555398,0.986828069817593,False,16.0,52,109
Serum inhibin B (ng/L),Dunn + FDR(pares),2_4,3_3,-1.1282949676000713,0.2591953680752819,0.5112395594640945,False,-2.0,52,47
Serum inhibin B (ng/L),Dunn + FDR(pares),2_4,3_4,0.1030345925253565,0.9179355161824686,0.9603017707755056,False,8.0,52,4
Serum inhibin B (ng/L),Dunn + FDR(pares),2_4,4_0,2.113565531637759,0.034552392409006,0.20987025476405563,False,31.0,52,103
Serum inhibin B (ng/L),Dunn + FDR(pares),2_4,4_1,0.78868667171936,0.43029515977688026,0.6796248349589101,False,31.0,52,19
Serum inhibin B (ng/L),Dunn + FDR(pares),2_4,4_2,-1.5709917964224893,0.11618455432992653,0.34350216062760885,False,0.0,52,26
Serum inhibin B (ng/L),Dunn + FDR(pares),2_4,4_3,1.7389765468282137,0.08203888836994819,0.29361286363981454,False,31.0,52,27
Serum inhibin B (ng/L),Dunn + FDR(pares),3_0,3_1,0.8533335746789916,0.39347434623031985,0.6689063885915437,False,9.0,11,109
Serum inhibin B (ng/L),Dunn + FDR(pares),3_0,3_3,0.15204885329652706,0.8791484042014447,0.9565134637711719,False,-9.0,11,47
Serum inhibin B (ng/L),Dunn + FDR(pares),3_0,3_4,0.567716626124313,0.5702274002090064,0.7529216158099502,False,1.0,11,4
Serum inhibin B (ng/L),Dunn + FDR(pares),3_0,4_0,2.0099571779176144,0.04443572127697513,0.23243300360263913,False,24.0,11,103
Serum inhibin B (ng/L),Dunn + FDR(pares),3_0,4_1,1.2918431085611812,0.1964114830417929,0.48805403376805817,False,24.0,11,19
Serum inhibin B (ng/L),Dunn + FDR(pares),3_0,4_2,-0.2761526844719957,0.7824307969224427,0.8867549031787684,False,-7.0,11,26
Serum inhibin B (ng/L),Dunn + FDR(pares),3_0,4_3,1.9304483610183767,0.05355130768114844,0.23493476918181252,False,24.0,11,27
Serum inhibin B (ng/L),Dunn + FDR(pares),3_1,3_3,-1.2551889295194234,0.20941018334841166,0.48805403376805817,False,-18.0,109,47
Serum inhibin B (ng/L),Dunn + FDR(pares),3_1,3_4,0.120832502715306,0.9038237052712302,0.9593845580243783,False,-8.0,109,4
Serum inhibin B (ng/L),Dunn + FDR(pares),3_1,4_0,2.6751286968312544,0.007470056821918719,0.09993543784935555,False,15.0,109,103
Serum inhibin B (ng/L),Dunn + FDR(pares),3_1,4_1,0.8828248647093048,0.3773309039417917,0.6689063885915437,False,15.0,109,19
Serum inhibin B (ng/L),Dunn + FDR(pares),3_1,4_2,-1.691988196364766,0.09064822421890868,0.31336627061420247,False,-16.0,109,26
Serum inhibin B (ng/L),Dunn + FDR(pares),3_1,4_3,1.9563473544882477,0.050424249330226,0.23493476918181252,False,15.0,109,27
Serum inhibin B (ng/L),Dunn + FDR(pares),3_3,3_4,0.5386423238412564,0.5901336778095605,0.771713270981733,False,10.0,47,4
Serum inhibin B (ng/L),Dunn + FDR(pares),3_3,4_0,3.3326642749314686,0.0008601867186736507,0.03899513124653883,True,33.0,47,103
Serum inhibin B (ng/L),Dunn + FDR(pares),3_3,4_1,1.6129961732585276,0.10674533917651087,0.3376131657675693,False,33.0,47,19
Serum inhibin B (ng/L),Dunn + FDR(pares),3_3,4_2,-0.6147539984335731,0.5387171930768929,0.7446368556601307,False,2.0,47,26
Serum inhibin B (ng/L),Dunn + FDR(pares),3_3,4_3,2.6485824346621003,0.008083013355462581,0.09993543784935555,False,33.0,47,27
Serum inhibin B (ng/L),Dunn + FDR(pares),3_4,4_0,0.6006276548032647,0.5480880142369855,0.7446368556601307,False,23.0,4,103
Serum inhibin B (ng/L),Dunn + FDR(pares),3_4,4_1,0.287141961568637,0.7740036236736129,0.8867549031787684,False,23.0,4,19
Serum inhibin B (ng/L),Dunn + FDR(pares),3_4,4_2,-0.8021097629907098,0.4224894680156944,0.6759831488251111,False,-8.0,4,26
Serum inhibin B (ng/L),Dunn + FDR(pares),3_4,4_3,0.6701486471678776,0.5027630361636315,0.7292672898241704,False,23.0,4,27
Serum inhibin B (ng/L),Dunn + FDR(pares),4_0,4_1,-0.5932671631472521,0.5530023707475971,0.7446368556601307,False,0.0,103,19
Serum inhibin B (ng/L),Dunn + FDR(pares),4_0,4_2,-3.35748498452037,0.00078655015484031,0.03899513124653883,True,-31.0,103,26
Serum inhibin B (ng/L),Dunn + FDR(pares),4_0,4_3,0.2448947253387833,0.8065379459306117,0.8990914807095343,False,0.0,103,27
Serum inhibin B (ng/L),Dunn + FDR(pares),4_1,4_2,-1.950737408385182,0.05108829094048802,0.23493476918181252,False,-31.0,19,26
Serum inhibin B (ng/L),Dunn + FDR(pares),4_1,4_3,0.6714884598645061,0.5019094086389422,0.7292672898241704,False,0.0,19,27
Serum inhibin B (ng/L),Dunn + FDR(pares),4_2,4_3,2.874548463560725,0.004046056700630243,0.09171061854761883,False,31.0,26,27
"Serum follicle-stimulating hormone, FSH (IU/L)",Dunn + FDR(pares),0_0,0_1,-1.4236627339501464,0.15454412628762626,0.4569130690242863,False,0.0,25,89
"Serum follicle-stimulating hormone, FSH (IU/L)",Dunn + FDR(pares),0_0,0_3,-1.064356878079894,0.2871670606196717,0.6851705306013218,False,-0.1200000000000001,25,20
"Serum follicle-stimulating hormone, FSH (IU/L)",Dunn + FDR(pares),0_0,1_1,-0.9153665214017681,0.3599992476687044,0.7902424562834971,False,-0.1200000000000001,25,69
"Serum follicle-stimulating hormone, FSH (IU/L)",Dunn + FDR(pares),0_0,1_3,-0.980177747078155,0.3269983869655354,0.7667548384019451,False,0.0,25,125
"Serum follicle-stimulating hormone, FSH (IU/L)",Dunn + FDR(pares),0_0,1_4,-1.7780522622864523,0.07539527178759067,0.23845946425842632,False,-1.3399999999999999,25,36
"Serum follicle-stimulating hormone, FSH (IU/L)",Dunn + FDR(pares),0_0,2_1,1.1124657954384845,0.2659379288485588,0.6697695985815556,False,0.08000000000000007,25,28
"Serum follicle-stimulating hormone, FSH (IU/L)",Dunn + FDR(pares),0_0,2_3,-0.7102212303549043,0.477566957461238,0.9147761438694136,False,-0.1200000000000001,25,16
"Serum follicle-stimulating hormone, FSH (IU/L)",Dunn + FDR(pares),0_0,2_4,1.2906609505756537,0.19682127091066692,0.5248567224284452,False,0.08000000000000007,25,52
"Serum follicle-stimulating hormone, FSH (IU/L)",Dunn + FDR(pares),0_0,3_0,1.3383262981912545,0.1807900926956466,0.5122385959709987,False,0.5800000000000001,25,11
"Serum follicle-stimulating hormone, FSH (IU/L)",Dunn + FDR(pares),0_0,3_1,-0.9612884415899898,0.3364071579178801,0.7754470080818932,False,-0.1200000000000001,25,109
"Serum follicle-stimulating hormone, FSH (IU/L)",Dunn + FDR(pares),0_0,3_3,-0.8738656455546435,0.38219142557831376,0.8100972959856203,False,-0.1200000000000001,25,47
"Serum follicle-stimulating hormone, FSH (IU/L)",Dunn + FDR(pares),0_0,3_4,0.035802165887885276,0.9714401060469902,0.9973453915903192,False,0.0,25,4
"Serum follicle-stimulating hormone, FSH (IU/L)",Dunn + FDR(pares),0_0,4_0,-0.884049573661503,0.3766694525637828,0.8100972959856203,False,-1.1000000000000005,25,103
"Serum follicle-stimulating hormone, FSH (IU/L)",Dunn + FDR(pares),0_0,4_1,-0.9422822571800107,0.346048149616639,0.784375805797715,False,-0.1200000000000001,25,19
"Serum follicle-stimulating hormone, FSH (IU/L)",Dunn + FDR(pares),0_0,4_2,1.0886706271175146,0.2762991591548948,0.6769888197957801,False,0.0,25,26
"Serum follicle-stimulating hormone, FSH (IU/L)",Dunn + FDR(pares),0_0,4_3,-0.6742978301318472,0.5001219832948182,0.9262676405463081,False,-0.1200000000000001,25,27
"Serum follicle-stimulating hormone, FSH (IU/L)",Dunn + FDR(pares),0_1,0_3,0.011897447694134198,0.990507434116701,0.9973453915903192,False,-0.1200000000000001,89,20
"Serum follicle-stimulating hormone, FSH (IU/L)",Dunn + FDR(pares),0_1,1_1,0.6768689347283374,0.4984891158221155,0.9262676405463081,False,-0.1200000000000001,89,69
"Serum follicle-stimulating hormone, FSH (IU/L)",Dunn + FDR(pares),0_1,1_3,0.7751251398370196,0.4382657177006599,0.8765314354013198,False,0.0,89,125
"Serum follicle-stimulating hormone, FSH (IU/L)",Dunn + FDR(pares),0_1,1_4,-0.7120829737305375,0.47641339693702245,0.9147761438694136,False,-1.3399999999999999,89,36
"Serum follicle-stimulating hormone, FSH (IU/L)",Dunn + FDR(pares),0_1,2_1,2.899943264410084,0.0037323020972136454,0.061233117452740876,False,0.08000000000000007,89,28
"Serum follicle-stimulating hormone, FSH (IU/L)",Dunn + FDR(pares),0_1,2_3,0.34937091852485014,0.7268108630980059,0.9786760136765228,False,-0.1200000000000001,89,16
"Serum follicle-stimulating hormone, FSH (IU/L)",Dunn + FDR(pares),0_1,2_4,3.6457998913264196,0.0002665613499271147,0.023029351215538986,True,0.08000000000000007,89,52
"Serum follicle-stimulating hormone, FSH (IU/L)",Dunn + FDR(pares),0_1,3_0,2.5233803828017365,0.011623259671809487,0.12159717810508387,False,0.5800000000000001,89,11
"Serum follicle-stimulating hormone, FSH (IU/L)",Dunn + FDR(pares),0_1,3_1,0.7635400642868455,0.44514137824383937,0.8773801078429299,False,-0.1200000000000001,89,109
"Serum follicle-stimulating hormone, FSH (IU/L)",Dunn + FDR(pares),0_1,3_3,0.5875000782451993,0.5568678979282642,0.9498440823483948,False,-0.1200000000000001,89,47
"Serum follicle-stimulating hormone, FSH (IU/L)",Dunn + FDR(pares),0_1,3_4,0.6682115416465865,0.5039985691207852,0.9262676405463081,False,0.0,89,4
"Serum follicle-stimulating hormone, FSH (IU/L)",Dunn + FDR(pares),0_1,4_0,0.8647448359644054,0.3871788546990097,0.8100972959856203,False,-1.1000000000000005,89,103
"Serum follicle-stimulating hormone, FSH (IU/L)",Dunn + FDR(pares),0_1,4_1,0.1403269984886789,0.8884016336621889,0.9973453915903192,False,-0.1200000000000001,89,19
"Serum follicle-stimulating hormone, FSH (IU/L)",Dunn + FDR(pares),0_1,4_2,2.813441074874426,0.004901436843397832,0.0666595410702105,False,0.0,89,26
"Serum follicle-stimulating hormone, FSH (IU/L)",Dunn + FDR(pares),0_1,4_3,0.6148806799596245,0.5386335227217592,0.9498440823483948,False,-0.1200000000000001,89,27
"Serum follicle-stimulating hormone, FSH (IU/L)",Dunn + FDR(pares),0_3,1_1,0.4159285007135789,0.677462323439664,0.9498440823483948,False,0.0,20,69
"Serum follicle-stimulating hormone, FSH (IU/L)",Dunn + FDR(pares),0_3,1_3,0.43416541623316923,0.6641683248450923,0.9498440823483948,False,0.1200000000000001,20,125
"Serum follicle-stimulating hormone, FSH (IU/L)",Dunn + FDR(pares),0_3,1_4,-0.5148829949955022,0.6066347844893409,0.9498440823483948,False,-1.2199999999999998,20,36
"Serum follicle-stimulating hormone, FSH (IU/L)",Dunn + FDR(pares),0_3,2_1,2.1362012919475823,0.03266301019970786,0.14454663761422454,False,0.20000000000000018,20,28
"Serum follicle-stimulating hormone, FSH (IU/L)",Dunn + FDR(pares),0_3,2_3,0.27406836657833983,0.7840320832033094,0.9973453915903192,False,0.0,20,16
"Serum follicle-stimulating hormone, FSH (IU/L)",Dunn + FDR(pares),0_3,2_4,2.4073664859874517,0.016068036274689553,0.12854429019751643,False,0.20000000000000018,20,52
"Serum follicle-stimulating hormone, FSH (IU/L)",Dunn + FDR(pares),0_3,3_0,2.1405901783718417,0.03230710152481785,0.14454663761422454,False,0.7000000000000002,20,11
"Serum follicle-stimulating hormone, FSH (IU/L)",Dunn + FDR(pares),0_3,3_1,0.43632181182827645,0.6626032586654387,0.9498440823483948,False,0.0,20,109
"Serum follicle-stimulating hormone, FSH (IU/L)",Dunn + FDR(pares),0_3,3_3,0.3857616564830725,0.6996731950603028,0.9616229274362504,False,0.0,20,47
"Serum follicle-stimulating hormone, FSH (IU/L)",Dunn + FDR(pares),0_3,3_4,0.6181726773169056,0.5364615186543011,0.9498440823483948,False,0.1200000000000001,20,4
"Serum follicle-stimulating hormone, FSH (IU/L)",Dunn + FDR(pares),0_3,4_0,0.5001117983462479,0.6169963590096992,0.9498440823483948,False,-0.9800000000000004,20,103
"Serum follicle-stimulating hormone, FSH (IU/L)",Dunn + FDR(pares),0_3,4_1,0.10150824069867935,0.9191470162185934,0.9973453915903192,False,0.0,20,19
"Serum follicle-stimulating hormone, FSH (IU/L)",Dunn + FDR(pares),0_3,4_2,2.098864503232174,0.035828846752785096,0.1459196243905226,False,0.1200000000000001,20,26
"Serum follicle-stimulating hormone, FSH (IU/L)",Dunn + FDR(pares),0_3,4_3,0.4479419527803797,0.6541950899299558,0.9498440823483948,False,0.0,20,27
"Serum follicle-stimulating hormone, FSH (IU/L)",Dunn + FDR(pares),1_1,1_3,-0.007107317167548369,0.994329229105504,0.9973453915903192,False,0.1200000000000001,69,125
"Serum follicle-stimulating hormone, FSH (IU/L)",Dunn + FDR(pares),1_1,1_4,-1.2121753585781019,0.2254452618955055,0.5896260695728606,False,-1.2199999999999998,69,36
"Serum follicle-stimulating hormone, FSH (IU/L)",Dunn + FDR(pares),1_1,2_1,2.319768732605493,0.020353391381189488,0.13840306139208852,False,0.20000000000000018,69,28
"Serum follicle-stimulating hormone, FSH (IU/L)",Dunn + FDR(pares),1_1,2_3,-0.04937902866403737,0.9606172404729209,0.9973453915903192,False,0.0,69,16
"Serum follicle-stimulating hormone, FSH (IU/L)",Dunn + FDR(pares),1_1,2_4,2.8740699851516704,0.004052191596137264,0.061233117452740876,False,0.20000000000000018,69,52
"Serum follicle-stimulating hormone, FSH (IU/L)",Dunn + FDR(pares),1_1,3_0,2.149671816125341,0.03158118331405838,0.14454663761422454,False,0.7000000000000002,69,11
"Serum follicle-stimulating hormone, FSH (IU/L)",Dunn + FDR(pares),1_1,3_1,0.003327064386956817,0.9973453915903192,0.9973453915903192,False,0.0,69,109
"Serum follicle-stimulating hormone, FSH (IU/L)",Dunn + FDR(pares),1_1,3_3,-0.013945080370083407,0.9888737962847526,0.9973453915903192,False,0.0,69,47
"Serum follicle-stimulating hormone, FSH (IU/L)",Dunn + FDR(pares),1_1,3_4,0.4529758584461564,0.6505661254147803,0.9498440823483948,False,0.1200000000000001,69,4
"Serum follicle-stimulating hormone, FSH (IU/L)",Dunn + FDR(pares),1_1,4_0,0.10656009524651294,0.9151379776484853,0.9973453915903192,False,-0.9800000000000004,69,103
"Serum follicle-stimulating hormone, FSH (IU/L)",Dunn + FDR(pares),1_1,4_1,-0.28217705320608194,0.7778077525624326,0.9973453915903192,False,0.0,69,19
"Serum follicle-stimulating hormone, FSH (IU/L)",Dunn + FDR(pares),1_1,4_2,2.2537465750459287,0.024212115505911697,0.14454663761422454,False,0.1200000000000001,69,26
"Serum follicle-stimulating hormone, FSH (IU/L)",Dunn + FDR(pares),1_1,4_3,0.11685024988235393,0.9069787228167301,0.9973453915903192,False,0.0,69,27
"Serum follicle-stimulating hormone, FSH (IU/L)",Dunn + FDR(pares),1_3,1_4,-1.3119465688411287,0.18953816326767225,0.5248567224284452,False,-1.3399999999999999,125,36
"Serum follicle-stimulating hormone, FSH (IU/L)",Dunn + FDR(pares),1_3,2_1,2.4911793467940067,0.012731983321065649,0.12368212369035202,False,0.08000000000000007,125,28
"Serum follicle-stimulating hormone, FSH (IU/L)",Dunn + FDR(pares),1_3,2_3,-0.04758824843772001,0.9620443978075718,0.9973453915903192,False,-0.1200000000000001,125,16
"Serum follicle-stimulating hormone, FSH (IU/L)",Dunn + FDR(pares),1_3,2_4,3.204867393656703,0.0013512471846306988,0.0553764950861725,False,0.08000000000000007,125,52
"Serum follicle-stimulating hormone, FSH (IU/L)",Dunn + FDR(pares),1_3,3_0,2.222495880692557,0.026249812110381708,0.14454663761422454,False,0.5800000000000001,125,11
"Serum follicle-stimulating hormone, FSH (IU/L)",Dunn + FDR(pares),1_3,3_1,0.012039338513529913,0.9903942297308066,0.9973453915903192,False,-0.1200000000000001,125,109
"Serum follicle-stimulating hormone, FSH (IU/L)",Dunn + FDR(pares),1_3,3_3,-0.009184337818592094,0.9926720616746093,0.9973453915903192,False,-0.1200000000000001,125,47
"Serum follicle-stimulating hormone, FSH (IU/L)",Dunn + FDR(pares),1_3,3_4,0.460738712720999,0.6449860769806233,0.9498440823483948,False,0.0,125,4
"Serum follicle-stimulating hormone, FSH (IU/L)",Dunn + FDR(pares),1_3,4_0,0.13258242116523952,0.8945236355514795,0.9973453915903192,False,-1.1000000000000005,125,103
"Serum follicle-stimulating hormone, FSH (IU/L)",Dunn + FDR(pares),1_3,4_1,-0.2925724994814789,0.7698489366220767,0.9973453915903192,False,-0.1200000000000001,125,19
"Serum follicle-stimulating hormone, FSH (IU/L)",Dunn + FDR(pares),1_3,4_2,2.411018547576027,0.015908039424030827,0.12854429019751643,False,0.0,125,26
"Serum follicle-stimulating hormone, FSH (IU/L)",Dunn + FDR(pares),1_3,4_3,0.13001237092717258,0.8965566391818848,0.9973453915903192,False,-0.1200000000000001,125,27
"Serum follicle-stimulating hormone, FSH (IU/L)",Dunn + FDR(pares),1_4,2_1,3.0519126557941285,0.0022738825693165462,0.0553764950861725,False,1.42,36,28
"Serum follicle-stimulating hormone, FSH (IU/L)",Dunn + FDR(pares),1_4,2_3,0.7838557163019468,0.43312477669517335,0.8765314354013198,False,1.2199999999999998,36,16
"Serum follicle-stimulating hormone, FSH (IU/L)",Dunn + FDR(pares),1_4,2_4,3.5837726229718667,0.0003386669296402792,0.023029351215538986,True,1.42,36,52
"Serum follicle-stimulating hormone, FSH (IU/L)",Dunn + FDR(pares),1_4,3_0,2.749199811617263,0.005974095618656324,0.07386154583066,False,1.92,36,11
"Serum follicle-stimulating hormone, FSH (IU/L)",Dunn + FDR(pares),1_4,3_1,1.29913960925969,0.19389602201309908,0.5248567224284452,False,1.2199999999999998,36,109
"Serum follicle-stimulating hormone, FSH (IU/L)",Dunn + FDR(pares),1_4,3_3,1.1133327471839007,0.26556554708318014,0.6697695985815556,False,1.2199999999999998,36,47
"Serum follicle-stimulating hormone, FSH (IU/L)",Dunn + FDR(pares),1_4,3_4,0.9148743627890994,0.3602575903645354,0.7902424562834971,False,1.3399999999999999,36,4
"Serum follicle-stimulating hormone, FSH (IU/L)",Dunn + FDR(pares),1_4,4_0,1.3728227559212782,0.1698074546273337,0.4913577410493061,False,0.23999999999999932,36,103
"Serum follicle-stimulating hormone, FSH (IU/L)",Dunn + FDR(pares),1_4,4_1,0.6210677691147729,0.5345550347812982,0.9498440823483948,False,1.2199999999999998,36,19
"Serum follicle-stimulating hormone, FSH (IU/L)",Dunn + FDR(pares),1_4,4_2,2.9834419717364296,0.0028502607764941726,0.0553764950861725,False,1.3399999999999999,36,26
"Serum follicle-stimulating hormone, FSH (IU/L)",Dunn + FDR(pares),1_4,4_3,1.0831088701984504,0.2787601022688506,0.6769888197957801,False,1.2199999999999998,36,27
"Serum follicle-stimulating hormone, FSH (IU/L)",Dunn + FDR(pares),2_1,2_3,-1.7023123764512573,0.08869682595113573,0.2741538256671468,False,-0.20000000000000018,28,16
"Serum follicle-stimulating hormone, FSH (IU/L)",Dunn + FDR(pares),2_1,2_4,0.03414762001234772,0.9727594353287636,0.9973453915903192,False,0.0,28,52
"Serum follicle-stimulating hormone, FSH (IU/L)",Dunn + FDR(pares),2_1,3_0,0.5005484050732031,0.6166889815853873,0.9498440823483948,False,0.5,28,11
"Serum follicle-stimulating hormone, FSH (IU/L)",Dunn + FDR(pares),2_1,3_1,-2.450931167905151,0.01424871976947565,0.12854429019751643,False,-0.20000000000000018,28,109
"Serum follicle-stimulating hormone, FSH (IU/L)",Dunn + FDR(pares),2_1,3_3,-2.188378016090589,0.028642078276537593,0.14454663761422454,False,-0.20000000000000018,28,47
"Serum follicle-stimulating hormone, FSH (IU/L)",Dunn + FDR(pares),2_1,3_4,-0.5366071360385938,0.5915390138522674,0.9498440823483948,False,-0.08000000000000007,28,4
"Serum follicle-stimulating hormone, FSH (IU/L)",Dunn + FDR(pares),2_1,4_0,-2.361090087402688,0.018221303614884134,0.13042617324338118,False,-1.1800000000000006,28,103
"Serum follicle-stimulating hormone, FSH (IU/L)",Dunn + FDR(pares),2_1,4_1,-1.9947371035650612,0.04607156039608279,0.17404811705186832,False,-0.20000000000000018,28,19
"Serum follicle-stimulating hormone, FSH (IU/L)",Dunn + FDR(pares),2_1,4_2,-0.004263774992944663,0.9965980100702984,0.9973453915903192,False,-0.08000000000000007,28,26
"Serum follicle-stimulating hormone, FSH (IU/L)",Dunn + FDR(pares),2_1,4_3,-1.8287683444019847,0.06743431907590995,0.22927668485809383,False,-0.20000000000000018,28,27
"Serum follicle-stimulating hormone, FSH (IU/L)",Dunn + FDR(pares),2_3,2_4,1.8940935139869601,0.058212598498233126,0.20833982620420277,False,0.20000000000000018,16,52
"Serum follicle-stimulating hormone, FSH (IU/L)",Dunn + FDR(pares),2_3,3_0,1.8168300521490786,0.06924313971365292,0.22968456100138532,False,0.7000000000000002,16,11
"Serum follicle-stimulating hormone, FSH (IU/L)",Dunn + FDR(pares),2_3,3_1,0.05309012240648838,0.9576601015328192,0.9973453915903192,False,0.0,16,109
"Serum follicle-stimulating hormone, FSH (IU/L)",Dunn + FDR(pares),2_3,3_3,0.03822555581587122,0.969507845188306,0.9973453915903192,False,0.0,16,47
"Serum follicle-stimulating hormone, FSH (IU/L)",Dunn + FDR(pares),2_3,3_4,0.4412420329956263,0.659037786366161,0.9498440823483948,False,0.1200000000000001,16,4
"Serum follicle-stimulating hormone, FSH (IU/L)",Dunn + FDR(pares),2_3,4_0,0.11267939669511122,0.9102847362605309,0.9973453915903192,False,-0.9800000000000004,16,103
"Serum follicle-stimulating hormone, FSH (IU/L)",Dunn + FDR(pares),2_3,4_1,-0.17507854279081164,0.8610179182240634,0.9973453915903192,False,0.0,16,19
"Serum follicle-stimulating hormone, FSH (IU/L)",Dunn + FDR(pares),2_3,4_2,1.6753372629165406,0.09386807824889709,0.28369019204111123,False,0.1200000000000001,16,26
"Serum follicle-stimulating hormone, FSH (IU/L)",Dunn + FDR(pares),2_3,4_3,0.12750345188431209,0.8985419412733949,0.9973453915903192,False,0.0,16,27
"Serum follicle-stimulating hormone, FSH (IU/L)",Dunn + FDR(pares),2_4,3_0,0.5125803544904587,0.6082448983188038,0.9498440823483948,False,0.5,52,11
"Serum follicle-stimulating hormone, FSH (IU/L)",Dunn + FDR(pares),2_4,3_1,-3.1285595005802516,0.0017566544053046259,0.0553764950861725,False,-0.20000000000000018,52,109
"Serum follicle-stimulating hormone, FSH (IU/L)",Dunn + FDR(pares),2_4,3_3,-2.63549133621642,0.008401557054682315,0.09521764661973289,False,-0.20000000000000018,52,47
"Serum follicle-stimulating hormone, FSH (IU/L)",Dunn + FDR(pares),2_4,3_4,-0.5682161919210038,0.5698881781161825,0.9498440823483948,False,-0.08000000000000007,52,4
"Serum follicle-stimulating hormone, FSH (IU/L)",Dunn + FDR(pares),2_4,4_0,-3.0050987276447363,0.0026549465697868866,0.0553764950861725,False,-1.1800000000000006,52,103
"Serum follicle-stimulating hormone, FSH (IU/L)",Dunn + FDR(pares),2_4,4_1,-2.2415683824457577,0.024989281338832867,0.14454663761422454,False,-0.20000000000000018,52,19
"Serum follicle-stimulating hormone, FSH (IU/L)",Dunn + FDR(pares),2_4,4_2,-0.03815933126578368,0.9695606462108687,0.9973453915903192,False,-0.08000000000000007,52,26
"Serum follicle-stimulating hormone, FSH (IU/L)",Dunn + FDR(pares),2_4,4_3,-2.113197060481479,0.03458390480055358,0.1459196243905226,False,-0.20000000000000018,52,27
"Serum follicle-stimulating hormone, FSH (IU/L)",Dunn + FDR(pares),3_0,3_1,-2.204431513991838,0.02749401142561287,0.14454663761422454,False,-0.7000000000000002,11,109
"Serum follicle-stimulating hormone, FSH (IU/L)",Dunn + FDR(pares),3_0,3_3,-2.0915375268241427,0.03647990609763065,0.1459196243905226,False,-0.7000000000000002,11,47
"Serum follicle-stimulating hormone, FSH (IU/L)",Dunn + FDR(pares),3_0,3_4,-0.7963095665794191,0.4258521265037142,0.8765314354013198,False,-0.5800000000000001,11,4
"Serum follicle-stimulating hormone, FSH (IU/L)",Dunn + FDR(pares),3_0,4_0,-2.147921905033284,0.031719959907119684,0.14454663761422454,False,-1.6800000000000006,11,103
"Serum follicle-stimulating hormone, FSH (IU/L)",Dunn + FDR(pares),3_0,4_1,-2.0350443273910965,0.04184641295780379,0.16260320463603758,False,-0.7000000000000002,11,19
"Serum follicle-stimulating hormone, FSH (IU/L)",Dunn + FDR(pares),3_0,4_2,-0.49843373398011454,0.6181783648711601,0.9498440823483948,False,-0.5800000000000001,11,26
"Serum follicle-stimulating hormone, FSH (IU/L)",Dunn + FDR(pares),3_0,4_3,-1.8769583981509335,0.06052379592460066,0.21105733963450488,False,-0.7000000000000002,11,27
"Serum follicle-stimulating hormone, FSH (IU/L)",Dunn + FDR(pares),3_1,3_3,-0.01804703906008216,0.985601327767407,0.9973453915903192,False,0.0,109,47
"Serum follicle-stimulating hormone, FSH (IU/L)",Dunn + FDR(pares),3_1,3_4,0.4565945536593529,0.6479624945812941,0.9498440823483948,False,0.1200000000000001,109,4
"Serum follicle-stimulating hormone, FSH (IU/L)",Dunn + FDR(pares),3_1,4_0,0.11691198926558817,0.9069297972509016,0.9973453915903192,False,-0.9800000000000004,109,103
"Serum follicle-stimulating hormone, FSH (IU/L)",Dunn + FDR(pares),3_1,4_1,-0.2961261303364809,0.7671337592978686,0.9973453915903192,False,0.0,109,19
"Serum follicle-stimulating hormone, FSH (IU/L)",Dunn + FDR(pares),3_1,4_2,2.3738861155508655,0.017601978593584134,0.13042617324338118,False,0.1200000000000001,109,26
"Serum follicle-stimulating hormone, FSH (IU/L)",Dunn + FDR(pares),3_1,4_3,0.12101029360812102,0.9036828819936129,0.9973453915903192,False,0.0,109,27
"Serum follicle-stimulating hormone, FSH (IU/L)",Dunn + FDR(pares),3_3,3_4,0.4523399206511679,0.6510241211184364,0.9498440823483948,False,0.1200000000000001,47,4
"Serum follicle-stimulating hormone, FSH (IU/L)",Dunn + FDR(pares),3_3,4_0,0.10915841131829726,0.9130768460934143,0.9973453915903192,False,-0.9800000000000004,47,103
"Serum follicle-stimulating hormone, FSH (IU/L)",Dunn + FDR(pares),3_3,4_1,-0.2592139505710361,0.7954701678814184,0.9973453915903192,False,0.0,47,19
"Serum follicle-stimulating hormone, FSH (IU/L)",Dunn + FDR(pares),3_3,4_2,2.132714781060959,0.03294813063265412,0.14454663761422454,False,0.1200000000000001,47,26
"Serum follicle-stimulating hormone, FSH (IU/L)",Dunn + FDR(pares),3_3,4_3,0.12076508552756728,0.9038771053632514,0.9973453915903192,False,0.0,47,27
"Serum follicle-stimulating hormone, FSH (IU/L)",Dunn + FDR(pares),3_4,4_0,-0.4245997603765887,0.6711284677264164,0.9498440823483948,False,-1.1000000000000005,4,103
"Serum follicle-stimulating hormone, FSH (IU/L)",Dunn + FDR(pares),3_4,4_1,-0.5563658724678129,0.5779607640508557,0.9498440823483948,False,-0.1200000000000001,4,19
"Serum follicle-stimulating hormone, FSH (IU/L)",Dunn + FDR(pares),3_4,4_2,0.5318836222902449,0.5948066011440413,0.9498440823483948,False,0.0,4,26
"Serum follicle-stimulating hormone, FSH (IU/L)",Dunn + FDR(pares),3_4,4_3,-0.3853138180193859,0.7000049251190352,0.9616229274362504,False,-0.1200000000000001,4,27
"Serum follicle-stimulating hormone, FSH (IU/L)",Dunn + FDR(pares),4_0,4_1,-0.3591984748518409,0.7194466174926737,0.9784473997900361,False,0.9800000000000004,103,19
"Serum follicle-stimulating hormone, FSH (IU/L)",Dunn + FDR(pares),4_0,4_2,2.2874817593605563,0.022167718923353848,0.14356237017029158,False,1.1000000000000005,103,26
"Serum follicle-stimulating hormone, FSH (IU/L)",Dunn + FDR(pares),4_0,4_3,0.046010564470379364,0.9633018295986487,0.9973453915903192,False,0.9800000000000004,103,27
"Serum follicle-stimulating hormone, FSH (IU/L)",Dunn + FDR(pares),4_1,4_2,1.9605799240176922,0.04992804619376515,0.1835193049284341,False,0.1200000000000001,19,26
"Serum follicle-stimulating hormone, FSH (IU/L)",Dunn + FDR(pares),4_1,4_3,0.3327220079415209,0.73934413524877,0.9857921803316932,False,0.0,19,27
"Serum follicle-stimulating hormone, FSH (IU/L)",Dunn + FDR(pares),4_2,4_3,-1.7909610273256633,0.07329954926667609,0.23735092143495112,False,-0.1200000000000001,26,27
Serum oestradiol (nmol/L),Dunn + FDR(pares),0_0,0_1,0.416955968313681,0.6767106146833637,0.8656635856365125,False,0.0,25,89
Serum oestradiol (nmol/L),Dunn + FDR(pares),0_0,0_3,-0.09340302167442065,0.9255833900651546,0.9792149186400294,False,0.0,25,20
Serum oestradiol (nmol/L),Dunn + FDR(pares),0_0,1_1,0.23594908036738482,0.813472182600911,0.9223144294810337,False,0.0,25,69
Serum oestradiol (nmol/L),Dunn + FDR(pares),0_0,1_3,0.4552404396069244,0.6489362701828871,0.8652483602438495,False,0.0,25,125
Serum oestradiol (nmol/L),Dunn + FDR(pares),0_0,1_4,1.2230757613305618,0.22130108258958348,0.5101177496980229,False,0.0,25,36
Serum oestradiol (nmol/L),Dunn + FDR(pares),0_0,2_1,0.3848471903023985,0.7003506339535848,0.8738319836485093,False,0.0,25,28
Serum oestradiol (nmol/L),Dunn + FDR(pares),0_0,2_3,-2.038635488375667,0.04148642061638734,0.2564615092649399,False,-0.009999999999999981,25,16
Serum oestradiol (nmol/L),Dunn + FDR(pares),0_0,2_4,-0.18287872463144872,0.8548931766465687,0.9452477400319784,False,0.0,25,52
Serum oestradiol (nmol/L),Dunn + FDR(pares),0_0,3_0,-1.1831244142637451,0.23675984330831856,0.5133699621550718,False,-0.009999999999999981,25,11
Serum oestradiol (nmol/L),Dunn + FDR(pares),0_0,3_1,-0.591984523279251,0.5538609521866149,0.8099471988965551,False,0.0,25,109
Serum oestradiol (nmol/L),Dunn + FDR(pares),0_0,3_3,-1.283387852889435,0.19935622742118864,0.4777881851017063,False,-0.009999999999999981,25,47
Serum oestradiol (nmol/L),Dunn + FDR(pares),0_0,3_4,-1.9079794165075035,0.05639387670145411,0.28253129071670346,False,-0.02999999999999997,25,4
Serum oestradiol (nmol/L),Dunn + FDR(pares),0_0,4_0,0.20712238643877925,0.8359142793155494,0.9318388687452026,False,0.0,25,103
Serum oestradiol (nmol/L),Dunn + FDR(pares),0_0,4_1,0.22765814706226425,0.81991201184128,0.9223144294810337,False,0.0,25,19
Serum oestradiol (nmol/L),Dunn + FDR(pares),0_0,4_2,-1.1362625218984406,0.25584671098207123,0.5133699621550718,False,-0.009999999999999981,25,26
Serum oestradiol (nmol/L),Dunn + FDR(pares),0_0,4_3,-0.5286058609888018,0.597078893662432,0.8285992810009262,False,0.0,25,27
Serum oestradiol (nmol/L),Dunn + FDR(pares),0_1,0_3,-0.49462898983568754,0.6208620348244597,0.8443723673612651,False,0.0,89,20
Serum oestradiol (nmol/L),Dunn + FDR(pares),0_1,1_1,-0.24501161248753925,0.8064474398942942,0.9223144294810337,False,0.0,89,69
Serum oestradiol (nmol/L),Dunn + FDR(pares),0_1,1_3,0.03863689781757953,0.9691798840403094,0.983645255443896,False,0.0,89,125
Serum oestradiol (nmol/L),Dunn + FDR(pares),0_1,1_4,1.134261243541549,0.2566849810775359,0.5133699621550718,False,0.0,89,36
Serum oestradiol (nmol/L),Dunn + FDR(pares),0_1,2_1,0.053147243744803424,0.9576145895523817,0.9792149186400294,False,0.0,89,28
Serum oestradiol (nmol/L),Dunn + FDR(pares),0_1,2_3,-2.751164670327271,0.005938378355193053,0.2019048640765638,False,-0.009999999999999981,89,16
Serum oestradiol (nmol/L),Dunn + FDR(pares),0_1,2_4,-0.7957009043881726,0.42620590107070666,0.6740000296001873,False,0.0,89,52
Serum oestradiol (nmol/L),Dunn + FDR(pares),0_1,3_0,-1.6346925558209606,0.10211351381999374,0.3471859469879787,False,-0.009999999999999981,89,11
Serum oestradiol (nmol/L),Dunn + FDR(pares),0_1,3_1,-1.5794946530699685,0.11422264198337079,0.3612623095288006,False,0.0,89,109
Serum oestradiol (nmol/L),Dunn + FDR(pares),0_1,3_3,-2.2853159025325094,0.02229431113548485,0.24000381760456557,False,-0.009999999999999981,89,47
Serum oestradiol (nmol/L),Dunn + FDR(pares),0_1,3_4,-2.1949334397419906,0.028168372659805836,0.24000381760456557,False,-0.02999999999999997,89,4
Serum oestradiol (nmol/L),Dunn + FDR(pares),0_1,4_0,-0.33305464579539584,0.7390930341363183,0.8979227640011622,False,0.0,89,103
Serum oestradiol (nmol/L),Dunn + FDR(pares),0_1,4_1,-0.09928264423728966,0.920913858219643,0.9792149186400294,False,0.0,89,19
Serum oestradiol (nmol/L),Dunn + FDR(pares),0_1,4_2,-1.8510700329737086,0.06415947858386274,0.28916390764364336,False,-0.009999999999999981,89,26
Serum oestradiol (nmol/L),Dunn + FDR(pares),0_1,4_3,-1.0973358740398569,0.27249459430242473,0.5294180689304252,False,0.0,89,27
Serum oestradiol (nmol/L),Dunn + FDR(pares),0_3,1_1,0.32722475283926744,0.7434979004684295,0.8979227640011622,False,0.0,20,69
Serum oestradiol (nmol/L),Dunn + FDR(pares),0_3,1_3,0.5304907452699342,0.5957717239594047,0.8285992810009262,False,0.0,20,125
Serum oestradiol (nmol/L),Dunn + FDR(pares),0_3,1_4,1.2422195317093707,0.21415557518235695,0.5021579004275957,False,0.0,20,36
Serum oestradiol (nmol/L),Dunn + FDR(pares),0_3,2_1,0.4574113829600291,0.6473753841634068,0.8652483602438495,False,0.0,20,28
Serum oestradiol (nmol/L),Dunn + FDR(pares),0_3,2_3,-1.8623790067466972,0.06254968611772056,0.28916390764364336,False,-0.009999999999999981,20,16
Serum oestradiol (nmol/L),Dunn + FDR(pares),0_3,2_4,-0.06266012538462619,0.9500371502987169,0.9792149186400294,False,0.0,20,52
Serum oestradiol (nmol/L),Dunn + FDR(pares),0_3,3_0,-1.065723023322207,0.28654886683810454,0.5338444642463318,False,-0.009999999999999981,20,11
Serum oestradiol (nmol/L),Dunn + FDR(pares),0_3,3_1,-0.42446067017295125,0.6712298824582077,0.8656635856365125,False,0.0,20,109
Serum oestradiol (nmol/L),Dunn + FDR(pares),0_3,3_3,-1.08500201394048,0.27792076328794346,0.5323552648895818,False,-0.009999999999999981,20,47
Serum oestradiol (nmol/L),Dunn + FDR(pares),0_3,3_4,-1.8247513096803032,0.06803856650438667,0.28916390764364336,False,-0.02999999999999997,20,4
Serum oestradiol (nmol/L),Dunn + FDR(pares),0_3,4_0,0.30365729487656323,0.7613889962803477,0.8979227640011622,False,0.0,20,103
Serum oestradiol (nmol/L),Dunn + FDR(pares),0_3,4_1,0.3037494057176009,0.7613188148725127,0.8979227640011622,False,0.0,20,19
Serum oestradiol (nmol/L),Dunn + FDR(pares),0_3,4_2,-0.9759017915504359,0.3291131342365564,0.5889392928443641,False,-0.009999999999999981,20,26
Serum oestradiol (nmol/L),Dunn + FDR(pares),0_3,4_3,-0.4023333283602378,0.6874387297701716,0.8656635856365125,False,0.0,20,27
Serum oestradiol (nmol/L),Dunn + FDR(pares),1_1,1_3,0.29777447313317235,0.7658752987068737,0.8979227640011622,False,0.0,69,125
Serum oestradiol (nmol/L),Dunn + FDR(pares),1_1,1_4,1.2808411701448443,0.20024945993233279,0.4777881851017063,False,0.0,69,36
Serum oestradiol (nmol/L),Dunn + FDR(pares),1_1,2_1,0.2267880282026526,0.8205885732882726,0.9223144294810337,False,0.0,69,28
Serum oestradiol (nmol/L),Dunn + FDR(pares),1_1,2_3,-2.550713697920219,0.010750259630846548,0.2088621871135901,False,-0.009999999999999981,69,16
Serum oestradiol (nmol/L),Dunn + FDR(pares),1_1,2_4,-0.542296169991376,0.587614493650503,0.8285992810009262,False,0.0,69,52
Serum oestradiol (nmol/L),Dunn + FDR(pares),1_1,3_0,-1.4881874269609312,0.13670147208909353,0.39556170647056854,False,-0.009999999999999981,69,11
Serum oestradiol (nmol/L),Dunn + FDR(pares),1_1,3_1,-1.2113376332391264,0.2257660311551447,0.5117363372849947,False,0.0,69,109
Serum oestradiol (nmol/L),Dunn + FDR(pares),1_1,3_3,-1.9709969485467416,0.048724224848322804,0.2744266306646067,False,-0.009999999999999981,69,47
Serum oestradiol (nmol/L),Dunn + FDR(pares),1_1,3_4,-2.1049612755274327,0.03529467905949494,0.24000381760456557,False,-0.02999999999999997,69,4
Serum oestradiol (nmol/L),Dunn + FDR(pares),1_1,4_0,-0.05721168589853532,0.9543765694079609,0.9792149186400294,False,0.0,69,103
Serum oestradiol (nmol/L),Dunn + FDR(pares),1_1,4_1,0.054845397424100766,0.9562616328924698,0.9792149186400294,False,0.0,69,19
Serum oestradiol (nmol/L),Dunn + FDR(pares),1_1,4_2,-1.6224613350978099,0.10470460546491366,0.3473128376397136,False,-0.009999999999999981,69,26
Serum oestradiol (nmol/L),Dunn + FDR(pares),1_1,4_3,-0.8889652141017527,0.3740217751702847,0.6336433695518523,False,0.0,69,27
Serum oestradiol (nmol/L),Dunn + FDR(pares),1_3,1_4,1.156115341652541,0.24763398158540384,0.5133699621550718,False,0.0,125,36
Serum oestradiol (nmol/L),Dunn + FDR(pares),1_3,2_1,0.02944931255533524,0.9765062441085735,0.9837396236945628,False,0.0,125,28
Serum oestradiol (nmol/L),Dunn + FDR(pares),1_3,2_3,-2.833777655926599,0.0046001326268741895,0.2019048640765638,False,-0.009999999999999981,125,16
Serum oestradiol (nmol/L),Dunn + FDR(pares),1_3,2_4,-0.8741259283171846,0.38204967870038153,0.6336433695518523,False,0.0,125,52
Serum oestradiol (nmol/L),Dunn + FDR(pares),1_3,3_0,-1.6782569007996762,0.09329695790982148,0.3460672059019939,False,-0.009999999999999981,125,11
Serum oestradiol (nmol/L),Dunn + FDR(pares),1_3,3_1,-1.762770014500314,0.07793928667270503,0.30440795702859663,False,0.0,125,109
Serum oestradiol (nmol/L),Dunn + FDR(pares),1_3,3_3,-2.439623282549804,0.014702585044376267,0.21076494292266842,False,-0.009999999999999981,125,47
Serum oestradiol (nmol/L),Dunn + FDR(pares),1_3,3_4,-2.2192054034063324,0.026472753640252002,0.24000381760456557,False,-0.02999999999999997,125,4
Serum oestradiol (nmol/L),Dunn + FDR(pares),1_3,4_0,-0.40247703149230946,0.6873329887106341,0.8656635856365125,False,0.0,125,103
Serum oestradiol (nmol/L),Dunn + FDR(pares),1_3,4_1,-0.12366014879466114,0.9015843660573056,0.9792149186400294,False,0.0,125,19
Serum oestradiol (nmol/L),Dunn + FDR(pares),1_3,4_2,-1.939307430192211,0.05246391468588069,0.2744266306646067,False,-0.009999999999999981,125,26
Serum oestradiol (nmol/L),Dunn + FDR(pares),1_3,4_3,-1.1613251660827222,0.245509688931821,0.5133699621550718,False,0.0,125,27
Serum oestradiol (nmol/L),Dunn + FDR(pares),1_4,2_1,-0.8434210753813104,0.39899298910077785,0.645988649020307,False,0.0,36,28
Serum oestradiol (nmol/L),Dunn + FDR(pares),1_4,2_3,-3.2320141141418923,0.0012292098450390687,0.16717253892531334,False,-0.009999999999999981,36,16
Serum oestradiol (nmol/L),Dunn + FDR(pares),1_4,2_4,-1.6738980531192462,0.09415063689980716,0.3460672059019939,False,0.0,36,52
Serum oestradiol (nmol/L),Dunn + FDR(pares),1_4,3_0,-2.1668135671600193,0.03024907252576034,0.24000381760456557,False,-0.009999999999999981,36,11
Serum oestradiol (nmol/L),Dunn + FDR(pares),1_4,3_1,-2.339351443056174,0.019317252350155658,0.2388314836019245,False,0.0,36,109
Serum oestradiol (nmol/L),Dunn + FDR(pares),1_4,3_3,-2.872053613489366,0.004078137734645333,0.2019048640765638,False,-0.009999999999999981,36,47
Serum oestradiol (nmol/L),Dunn + FDR(pares),1_4,3_4,-2.5536579786565032,0.010659790907155787,0.2088621871135901,False,-0.02999999999999997,36,4
Serum oestradiol (nmol/L),Dunn + FDR(pares),1_4,4_0,-1.40608736222143,0.15969818461612884,0.443243940975378,False,0.0,36,103
Serum oestradiol (nmol/L),Dunn + FDR(pares),1_4,4_1,-0.8785584785147669,0.37964071727099014,0.6336433695518523,False,0.0,36,19
Serum oestradiol (nmol/L),Dunn + FDR(pares),1_4,4_2,-2.4738544421605235,0.013366414279165267,0.21076494292266842,False,-0.009999999999999981,36,26
Serum oestradiol (nmol/L),Dunn + FDR(pares),1_4,4_3,-1.8270140710155465,0.06769765377397316,0.28916390764364336,False,0.0,36,27
Serum oestradiol (nmol/L),Dunn + FDR(pares),2_1,2_3,-2.420541217797996,0.01549742227372562,0.21076494292266842,False,-0.009999999999999981,28,16
Serum oestradiol (nmol/L),Dunn + FDR(pares),2_1,2_4,-0.6416424505064754,0.5211053635256602,0.7787948290053823,False,0.0,28,52
Serum oestradiol (nmol/L),Dunn + FDR(pares),2_1,3_0,-1.5005712502775452,0.13346649200032187,0.39556170647056854,False,-0.009999999999999981,28,11
Serum oestradiol (nmol/L),Dunn + FDR(pares),2_1,3_1,-1.119415020670032,0.26296312584443815,0.5183041320991825,False,0.0,28,109
Serum oestradiol (nmol/L),Dunn + FDR(pares),2_1,3_3,-1.7743512691822496,0.07600506505269577,0.30440795702859663,False,-0.009999999999999981,28,47
Serum oestradiol (nmol/L),Dunn + FDR(pares),2_1,3_4,-2.1203482155482787,0.033976690344244505,0.24000381760456557,False,-0.02999999999999997,28,4
Serum oestradiol (nmol/L),Dunn + FDR(pares),2_1,4_0,-0.28019263053001886,0.7793297203080982,0.9058875381359089,False,0.0,28,103
Serum oestradiol (nmol/L),Dunn + FDR(pares),2_1,4_1,-0.12315931698246688,0.9019809405886349,0.9792149186400294,False,0.0,28,19
Serum oestradiol (nmol/L),Dunn + FDR(pares),2_1,4_2,-1.5574446775189963,0.11936494570050624,0.36894619580156474,False,-0.009999999999999981,28,26
Serum oestradiol (nmol/L),Dunn + FDR(pares),2_1,4_3,-0.9365587895544135,0.3489855585485594,0.6084876405462062,False,0.0,28,27
Serum oestradiol (nmol/L),Dunn + FDR(pares),2_3,2_4,2.1273307271891,0.033392613419789496,0.24000381760456557,False,0.009999999999999981,16,52
Serum oestradiol (nmol/L),Dunn + FDR(pares),2_3,3_0,0.5734638488409466,0.5663306698114063,0.8193720329186305,False,0.0,16,11
Serum oestradiol (nmol/L),Dunn + FDR(pares),2_3,3_1,1.947581201174045,0.051465094936428285,0.2744266306646067,False,0.009999999999999981,16,109
Serum oestradiol (nmol/L),Dunn + FDR(pares),2_3,3_3,1.1573673718853505,0.24712229869156888,0.5133699621550718,False,0.0,16,47
Serum oestradiol (nmol/L),Dunn + FDR(pares),2_3,3_4,-0.6704564424288111,0.5025668643806601,0.7594343728418864,False,-0.01999999999999999,16,4
Serum oestradiol (nmol/L),Dunn + FDR(pares),2_3,4_0,2.600732829566232,0.009302487000198707,0.2088621871135901,False,0.009999999999999981,16,103
Serum oestradiol (nmol/L),Dunn + FDR(pares),2_3,4_1,2.1277581455724808,0.03335714121720769,0.24000381760456557,False,0.009999999999999981,16,19
Serum oestradiol (nmol/L),Dunn + FDR(pares),2_3,4_2,1.0524289717672852,0.2926027822755084,0.537756464722556,False,0.0,16,26
Serum oestradiol (nmol/L),Dunn + FDR(pares),2_3,4_3,1.6037164339691934,0.1087765717620549,0.35222889903903487,False,0.009999999999999981,16,27
Serum oestradiol (nmol/L),Dunn + FDR(pares),2_4,3_0,-1.1557503740355837,0.24778327698520386,0.5133699621550718,False,-0.009999999999999981,52,11
Serum oestradiol (nmol/L),Dunn + FDR(pares),2_4,3_1,-0.5148175687713504,0.6066805072582704,0.8334196867386341,False,0.0,52,109
Serum oestradiol (nmol/L),Dunn + FDR(pares),2_4,3_3,-1.3573356361198472,0.17467458914132084,0.46579890437685556,False,-0.009999999999999981,52,47
Serum oestradiol (nmol/L),Dunn + FDR(pares),2_4,3_4,-1.8944281198490653,0.05816820691226248,0.28253129071670346,False,-0.02999999999999997,52,4
Serum oestradiol (nmol/L),Dunn + FDR(pares),2_4,4_0,0.5330872673870761,0.5939731725387813,0.8285992810009262,False,0.0,52,103
Serum oestradiol (nmol/L),Dunn + FDR(pares),2_4,4_1,0.42450096942770504,0.6712004984778387,0.8656635856365125,False,0.0,52,19
Serum oestradiol (nmol/L),Dunn + FDR(pares),2_4,4_2,-1.139797356082335,0.25437073549071687,0.5133699621550718,False,-0.009999999999999981,52,26
Serum oestradiol (nmol/L),Dunn + FDR(pares),2_4,4_3,-0.430885193327205,0.6665518501027514,0.8656635856365125,False,0.0,52,27
Serum oestradiol (nmol/L),Dunn + FDR(pares),3_0,3_1,0.9381611128522335,0.3481616193727193,0.6084876405462062,False,0.009999999999999981,11,109
Serum oestradiol (nmol/L),Dunn + FDR(pares),3_0,3_3,0.32954811440878296,0.741741432931039,0.8979227640011622,False,0.0,11,47
Serum oestradiol (nmol/L),Dunn + FDR(pares),3_0,3_4,-1.0266044171453264,0.30460677325598184,0.5523536155041804,False,-0.01999999999999999,11,4
Serum oestradiol (nmol/L),Dunn + FDR(pares),3_0,4_0,1.4950968287525375,0.1348891734101527,0.39556170647056854,False,0.009999999999999981,11,103
Serum oestradiol (nmol/L),Dunn + FDR(pares),3_0,4_1,1.3127521333279843,0.1892664841882047,0.4777881851017063,False,0.009999999999999981,11,19
Serum oestradiol (nmol/L),Dunn + FDR(pares),3_0,4_2,0.305248500169008,0.7601768960980952,0.8979227640011622,False,0.0,11,26
Serum oestradiol (nmol/L),Dunn + FDR(pares),3_0,4_3,0.7865712882194993,0.4315328723678623,0.6745801223221756,False,0.009999999999999981,11,27
Serum oestradiol (nmol/L),Dunn + FDR(pares),3_1,3_3,-1.0682807496269748,0.28539388932584697,0.5338444642463318,False,-0.009999999999999981,109,47
Serum oestradiol (nmol/L),Dunn + FDR(pares),3_1,3_4,-1.7603983845964555,0.07834028305883001,0.30440795702859663,False,-0.02999999999999997,109,4
Serum oestradiol (nmol/L),Dunn + FDR(pares),3_1,4_0,1.2913606949431826,0.1965786332389231,0.4777881851017063,False,0.0,109,103
Serum oestradiol (nmol/L),Dunn + FDR(pares),3_1,4_1,0.8067442007606527,0.4198138728762615,0.6717021966020184,False,0.0,109,19
Serum oestradiol (nmol/L),Dunn + FDR(pares),3_1,4_2,-0.8568093360876468,0.39155026517377667,0.6415763381160677,False,-0.009999999999999981,109,26
Serum oestradiol (nmol/L),Dunn + FDR(pares),3_1,4_3,-0.07183949514628034,0.9427296414220155,0.9792149186400294,False,0.0,109,27
Serum oestradiol (nmol/L),Dunn + FDR(pares),3_3,3_4,-1.3627680764127734,0.1729556151283942,0.46579890437685556,False,-0.01999999999999999,47,4
Serum oestradiol (nmol/L),Dunn + FDR(pares),3_3,4_0,2.06713246216386,0.03872167399577036,0.2507689363535604,False,0.009999999999999981,47,103
Serum oestradiol (nmol/L),Dunn + FDR(pares),3_3,4_1,1.4234501778676374,0.15460569525880127,0.4380494698999369,False,0.009999999999999981,47,19
Serum oestradiol (nmol/L),Dunn + FDR(pares),3_3,4_2,-0.002402097726246925,0.998083405153837,0.998083405153837,False,0.0,47,26
Serum oestradiol (nmol/L),Dunn + FDR(pares),3_3,4_3,0.7080183251787221,0.47893387760798733,0.7318540152211941,False,0.009999999999999981,47,27
Serum oestradiol (nmol/L),Dunn + FDR(pares),3_4,4_0,2.106795475786527,0.03513531183907294,0.24000381760456557,False,0.02999999999999997,4,103
Serum oestradiol (nmol/L),Dunn + FDR(pares),3_4,4_1,1.993688468506051,0.04618611036292619,0.27310047866773746,False,0.02999999999999997,4,19
Serum oestradiol (nmol/L),Dunn + FDR(pares),3_4,4_2,1.3204585664656148,0.18668196086188937,0.4777881851017063,False,0.01999999999999999,4,26
Serum oestradiol (nmol/L),Dunn + FDR(pares),3_4,4_3,1.6439517408486148,0.10018617123193371,0.3471859469879787,False,0.02999999999999997,4,27
Serum oestradiol (nmol/L),Dunn + FDR(pares),4_0,4_1,0.09255779140493595,0.9262548773218046,0.9792149186400294,False,0.0,103,19
Serum oestradiol (nmol/L),Dunn + FDR(pares),4_0,4_2,-1.660569274197271,0.09679998418587975,0.3464420486652538,False,-0.009999999999999981,103,26
Serum oestradiol (nmol/L),Dunn + FDR(pares),4_0,4_3,-0.8921806060141263,0.3722961355853551,0.6336433695518523,False,0.0,103,27
Serum oestradiol (nmol/L),Dunn + FDR(pares),4_1,4_2,-1.2841155842493515,0.1991015159565791,0.4777881851017063,False,-0.009999999999999981,19,26
Serum oestradiol (nmol/L),Dunn + FDR(pares),4_1,4_3,-0.7213499025553112,0.4706942611776974,0.7274365854564414,False,0.0,19,27
Serum oestradiol (nmol/L),Dunn + FDR(pares),4_2,4_3,0.6243799307936231,0.5323781019624432,0.7869937159444812,False,0.009999999999999981,26,27
